subtask_id,period_ms,core,priority,latency_us
1,1,0,80,1.591
1,1,0,80,45.449
1,1,0,80,7.626
1,1,0,80,10.703
1,1,0,80,7.195
1,1,0,80,7.659
1,1,0,80,6.838
1,1,0,80,7.835
1,1,0,80,10.084
1,1,0,80,6.888
1,1,0,80,6.736
1,1,0,80,27.873
1,1,0,80,6.982
1,1,0,80,8.141
1,1,0,80,7.984
1,1,0,80,7.245
1,1,0,80,108.990
1,1,0,80,25.451
1,1,0,80,8.856
1,1,0,80,10.077
1,1,0,80,8.472
1,1,0,80,7.413
1,1,0,80,7.171
1,1,0,80,44.991
1,1,0,80,4.549
1,1,0,80,7.240
1,1,0,80,7.592
1,1,0,80,8.121
1,1,0,80,5.588
1,1,0,80,11.839
1,1,0,80,8.968
1,1,0,80,8.913
1,1,0,80,41.712
1,1,0,80,7.000
1,1,0,80,9.075
1,1,0,80,8.801
1,1,0,80,6.919
1,1,0,80,7.000
1,1,0,80,6.866
1,1,0,80,12.644
1,1,0,80,7.633
1,1,0,80,7.133
1,1,0,80,7.074
1,1,0,80,6.911
1,1,0,80,7.589
1,1,0,80,7.763
1,1,0,80,7.383
1,1,0,80,66.903
1,1,0,80,7.056
1,1,0,80,7.003
1,1,0,80,6.910
1,1,0,80,7.092
1,1,0,80,9.159
1,1,0,80,9.772
1,1,0,80,6.879
1,1,0,80,6.867
1,1,0,80,6.909
1,1,0,80,8.797
1,1,0,80,7.120
1,1,0,80,13.968
1,1,0,80,7.428
1,1,0,80,7.296
1,1,0,80,6.959
1,1,0,80,7.011
1,1,0,80,8.686
1,1,0,80,9.339
1,1,0,80,6.872
1,1,0,80,6.911
1,1,0,80,6.893
1,1,0,80,7.026
1,1,0,80,7.095
1,1,0,80,39.442
1,1,0,80,6.986
1,1,0,80,7.282
1,1,0,80,7.420
1,1,0,80,9.079
1,1,0,80,7.348
1,1,0,80,9.757
1,1,0,80,7.936
1,1,0,80,6.901
1,1,0,80,6.994
1,1,0,80,7.326
1,1,0,80,6.916
1,1,0,80,14.942
1,1,0,80,6.878
1,1,0,80,7.156
1,1,0,80,7.037
1,1,0,80,7.193
1,1,0,80,6.741
1,1,0,80,9.844
1,1,0,80,12.755
1,1,0,80,7.889
1,1,0,80,7.755
1,1,0,80,7.672
1,1,0,80,9.343
1,1,0,80,81.122
1,1,0,80,11.288
1,1,0,80,8.870
1,1,0,80,7.938
1,1,0,80,13.341
1,1,0,80,7.555
1,1,0,80,11.887
1,1,0,80,7.471
1,1,0,80,7.408
1,1,0,80,7.105
1,1,0,80,6.995
1,1,0,80,7.399
1,1,0,80,14.685
1,1,0,80,7.250
1,1,0,80,7.697
1,1,0,80,7.142
1,1,0,80,8.652
1,1,0,80,7.019
1,1,0,80,9.182
1,1,0,80,7.072
1,1,0,80,7.094
1,1,0,80,7.171
1,1,0,80,6.994
1,1,0,80,7.117
1,1,0,80,22.825
1,1,0,80,7.003
1,1,0,80,7.288
1,1,0,80,7.006
1,1,0,80,7.027
1,1,0,80,7.871
1,1,0,80,14.336
1,1,0,80,7.309
1,1,0,80,7.040
1,1,0,80,7.701
1,1,0,80,6.980
1,1,0,80,7.214
1,1,0,80,7.705
1,1,0,80,7.358
1,1,0,80,7.210
1,1,0,80,6.900
1,1,0,80,7.328
1,1,0,80,6.955
1,1,0,80,12.233
1,1,0,80,7.590
1,1,0,80,7.776
1,1,0,80,7.615
1,1,0,80,7.849
1,1,0,80,7.128
1,1,0,80,18.536
1,1,0,80,7.831
1,1,0,80,7.365
1,1,0,80,6.988
1,1,0,80,6.988
1,1,0,80,7.044
1,1,0,80,9.420
1,1,0,80,6.870
1,1,0,80,7.081
1,1,0,80,7.107
1,1,0,80,7.047
1,1,0,80,7.175
1,1,0,80,8.095
1,1,0,80,6.918
1,1,0,80,8.636
1,1,0,80,6.963
1,1,0,80,8.521
1,1,0,80,10.176
1,1,0,80,9.147
1,1,0,80,7.116
1,1,0,80,7.104
1,1,0,80,7.426
1,1,0,80,7.407
1,1,0,80,7.529
1,1,0,80,15.292
1,1,0,80,7.587
1,1,0,80,7.056
1,1,0,80,6.923
1,1,0,80,8.364
1,1,0,80,7.005
1,1,0,80,63.807
1,1,0,80,5.074
1,1,0,80,7.521
1,1,0,80,10.397
1,1,0,80,7.526
1,1,0,80,8.862
1,1,0,80,11.390
1,1,0,80,8.822
1,1,0,80,8.571
1,1,0,80,7.643
1,1,0,80,7.781
1,1,0,80,6.858
1,1,0,80,8.969
1,1,0,80,6.914
1,1,0,80,6.883
1,1,0,80,6.958
1,1,0,80,7.265
1,1,0,80,7.282
1,1,0,80,18.448
1,1,0,80,8.017
1,1,0,80,10.837
1,1,0,80,8.937
1,1,0,80,9.426
1,1,0,80,7.585
1,1,0,80,10.721
1,1,0,80,7.141
1,1,0,80,7.143
1,1,0,80,7.081
1,1,0,80,7.030
1,1,0,80,7.094
1,1,0,80,15.187
1,1,0,80,7.062
1,1,0,80,6.979
1,1,0,80,6.789
1,1,0,80,6.586
1,1,0,80,8.685
1,1,0,80,7.866
1,1,0,80,8.357
1,1,0,80,9.635
1,1,0,80,8.682
1,1,0,80,7.175
1,1,0,80,7.309
1,1,0,80,12.433
1,1,0,80,6.910
1,1,0,80,9.568
1,1,0,80,9.049
1,1,0,80,9.852
1,1,0,80,8.627
1,1,0,80,8.275
1,1,0,80,7.250
1,1,0,80,7.345
1,1,0,80,10.267
1,1,0,80,7.639
1,1,0,80,9.501
1,1,0,80,8.124
1,1,0,80,9.193
1,1,0,80,8.884
1,1,0,80,7.613
1,1,0,80,7.841
1,1,0,80,8.137
1,1,0,80,7.379
1,1,0,80,6.922
1,1,0,80,7.052
1,1,0,80,7.089
1,1,0,80,7.048
1,1,0,80,6.751
1,1,0,80,17.512
1,1,0,80,8.491
1,1,0,80,8.140
1,1,0,80,130.133
1,1,0,80,10.317
1,1,0,80,2.366
1,1,0,80,0.579
1,1,0,80,1.505
1,1,0,80,7.127
1,1,0,80,7.022
1,1,0,80,7.198
1,1,0,80,6.776
1,1,0,80,15.597
1,1,0,80,6.840
1,1,0,80,6.953
1,1,0,80,6.974
1,1,0,80,7.878
1,1,0,80,1.253
1,1,0,80,11.361
1,1,0,80,13.228
1,1,0,80,7.751
1,1,0,80,4.405
1,1,0,80,6.983
1,1,0,80,8.147
1,1,0,80,16.061
1,1,0,80,6.890
1,1,0,80,6.983
1,1,0,80,7.092
1,1,0,80,7.077
1,1,0,80,6.868
1,1,0,80,11.837
1,1,0,80,7.008
1,1,0,80,7.328
1,1,0,80,6.889
1,1,0,80,10.212
1,1,0,80,9.933
1,1,0,80,10.258
1,1,0,80,9.725
1,1,0,80,9.360
1,1,0,80,7.741
1,1,0,80,6.940
1,1,0,80,7.064
1,1,0,80,7.482
1,1,0,80,6.865
1,1,0,80,7.022
1,1,0,80,6.988
1,1,0,80,8.426
1,1,0,80,7.324
1,1,0,80,19.142
1,1,0,80,7.083
1,1,0,80,7.049
1,1,0,80,18.453
1,1,0,80,8.022
1,1,0,80,8.593
1,1,0,80,16.808
1,1,0,80,8.935
1,1,0,80,12.853
1,1,0,80,8.760
1,1,0,80,9.817
1,1,0,80,10.653
1,1,0,80,13.532
1,1,0,80,8.699
1,1,0,80,7.474
1,1,0,80,7.065
1,1,0,80,7.285
1,1,0,80,7.010
1,1,0,80,10.432
1,1,0,80,7.000
1,1,0,80,6.157
1,1,0,80,7.786
1,1,0,80,7.943
1,1,0,80,8.731
1,1,0,80,22.569
1,1,0,80,9.342
1,1,0,80,7.980
1,1,0,80,7.606
1,1,0,80,8.143
1,1,0,80,6.927
1,1,0,80,9.188
1,1,0,80,6.874
1,1,0,80,6.806
1,1,0,80,7.368
1,1,0,80,8.792
1,1,0,80,7.928
1,1,0,80,5.903
1,1,0,80,7.429
1,1,0,80,10.337
1,1,0,80,7.584
1,1,0,80,10.920
1,1,0,80,8.600
1,1,0,80,10.300
1,1,0,80,6.889
1,1,0,80,6.950
1,1,0,80,7.745
1,1,0,80,6.957
1,1,0,80,7.324
1,1,0,80,24.922
1,1,0,80,8.258
1,1,0,80,7.073
1,1,0,80,6.862
1,1,0,80,9.114
1,1,0,80,6.154
1,1,0,80,11.107
1,1,0,80,7.143
1,1,0,80,10.163
1,1,0,80,9.279
1,1,0,80,9.734
1,1,0,80,9.861
1,1,0,80,11.398
1,1,0,80,7.181
1,1,0,80,7.035
1,1,0,80,6.943
1,1,0,80,8.721
1,1,0,80,6.854
1,1,0,80,10.571
1,1,0,80,6.877
1,1,0,80,6.995
1,1,0,80,7.313
1,1,0,80,10.922
1,1,0,80,7.704
1,1,0,80,21.816
1,1,0,80,8.220
1,1,0,80,8.780
1,1,0,80,7.017
1,1,0,80,8.842
1,1,0,80,6.770
1,1,0,80,7.426
1,1,0,80,6.999
1,1,0,80,7.001
1,1,0,80,7.077
1,1,0,80,7.417
1,1,0,80,7.883
1,1,0,80,7.415
1,1,0,80,6.976
1,1,0,80,7.447
1,1,0,80,8.415
1,1,0,80,7.316
1,1,0,80,9.119
1,1,0,80,8.603
1,1,0,80,8.502
1,1,0,80,9.831
1,1,0,80,9.389
1,1,0,80,8.740
1,1,0,80,8.892
1,1,0,80,27.060
1,1,0,80,7.111
1,1,0,80,7.515
1,1,0,80,6.877
1,1,0,80,4.014
1,1,0,80,7.967
1,1,0,80,7.809
1,1,0,80,7.077
1,1,0,80,8.523
1,1,0,80,9.364
1,1,0,80,9.912
1,1,0,80,9.537
1,1,0,80,14.438
1,1,0,80,8.253
1,1,0,80,7.790
1,1,0,80,6.919
1,1,0,80,6.998
1,1,0,80,6.969
1,1,0,80,8.050
1,1,0,80,6.911
1,1,0,80,7.303
1,1,0,80,6.988
1,1,0,80,6.974
1,1,0,80,6.988
1,1,0,80,17.565
1,1,0,80,10.590
1,1,0,80,10.909
1,1,0,80,8.620
1,1,0,80,9.642
1,1,0,80,7.931
1,1,0,80,8.666
1,1,0,80,6.746
1,1,0,80,8.234
1,1,0,80,7.474
1,1,0,80,7.041
1,1,0,80,7.239
1,1,0,80,12.081
1,1,0,80,7.094
1,1,0,80,6.963
1,1,0,80,7.663
1,1,0,80,7.219
1,1,0,80,8.602
1,1,0,80,8.704
1,1,0,80,7.621
1,1,0,80,9.661
1,1,0,80,9.145
1,1,0,80,10.972
1,1,0,80,7.676
1,1,0,80,19.119
1,1,0,80,8.859
1,1,0,80,6.900
1,1,0,80,7.025
1,1,0,80,7.048
1,1,0,80,6.933
1,1,0,80,11.714
1,1,0,80,6.885
1,1,0,80,6.973
1,1,0,80,9.248
1,1,0,80,9.323
1,1,0,80,12.094
1,1,0,80,15.230
1,1,0,80,9.004
1,1,0,80,7.924
1,1,0,80,7.170
1,1,0,80,9.320
1,1,0,80,7.447
1,1,0,80,9.219
1,1,0,80,7.101
1,1,0,80,6.957
1,1,0,80,7.729
1,1,0,80,7.113
1,1,0,80,7.802
1,1,0,80,16.734
1,1,0,80,12.959
1,1,0,80,10.615
1,1,0,80,8.696
1,1,0,80,109.529
1,1,0,80,28.883
1,1,0,80,24.775
1,1,0,80,8.128
1,1,0,80,1.195
1,1,0,80,7.246
1,1,0,80,7.235
1,1,0,80,6.790
1,1,0,80,9.091
1,1,0,80,6.818
1,1,0,80,7.098
1,1,0,80,6.530
1,1,0,80,7.358
1,1,0,80,6.850
1,1,0,80,7.399
1,1,0,80,9.144
1,1,0,80,10.441
1,1,0,80,15.619
1,1,0,80,7.486
1,1,0,80,11.293
1,1,0,80,32.452
1,1,0,80,8.152
1,1,0,80,7.380
1,1,0,80,6.615
1,1,0,80,7.003
1,1,0,80,6.863
1,1,0,80,7.244
1,1,0,80,7.301
1,1,0,80,11.102
1,1,0,80,7.775
1,1,0,80,7.027
1,1,0,80,13.451
1,1,0,80,18.578
1,1,0,80,14.437
1,1,0,80,15.796
1,1,0,80,9.048
1,1,0,80,9.284
1,1,0,80,10.323
1,1,0,80,11.465
1,1,0,80,8.906
1,1,0,80,8.662
1,1,0,80,8.065
1,1,0,80,7.934
1,1,0,80,7.295
1,1,0,80,14.268
1,1,0,80,7.864
1,1,0,80,8.729
1,1,0,80,7.363
1,1,0,80,12.674
1,1,0,80,9.323
1,1,0,80,8.913
1,1,0,80,9.197
1,1,0,80,12.316
1,1,0,80,9.163
1,1,0,80,8.519
1,1,0,80,8.039
1,1,0,80,8.141
1,1,0,80,6.848
1,1,0,80,7.230
1,1,0,80,7.140
1,1,0,80,8.817
1,1,0,80,7.005
1,1,0,80,12.667
1,1,0,80,7.056
1,1,0,80,7.395
1,1,0,80,7.354
1,1,0,80,7.708
1,1,0,80,10.883
1,1,0,80,42.647
1,1,0,80,9.167
1,1,0,80,9.277
1,1,0,80,7.870
1,1,0,80,9.354
1,1,0,80,8.626
1,1,0,80,10.684
1,1,0,80,6.904
1,1,0,80,1.473
1,1,0,80,7.291
1,1,0,80,9.406
1,1,0,80,8.519
1,1,0,80,8.626
1,1,0,80,9.038
1,1,0,80,9.989
1,1,0,80,14.639
1,1,0,80,13.007
1,1,0,80,11.920
1,1,0,80,10.199
1,1,0,80,8.600
1,1,0,80,8.555
1,1,0,80,6.908
1,1,0,80,7.020
1,1,0,80,6.902
1,1,0,80,17.468
1,1,0,80,6.903
1,1,0,80,6.920
1,1,0,80,8.028
1,1,0,80,7.855
1,1,0,80,7.321
1,1,0,80,8.122
1,1,0,80,8.447
1,1,0,80,7.767
1,1,0,80,11.506
1,1,0,80,10.624
1,1,0,80,8.111
1,1,0,80,23.713
1,1,0,80,9.492
1,1,0,80,9.577
1,1,0,80,8.331
1,1,0,80,7.159
1,1,0,80,6.828
1,1,0,80,9.140
1,1,0,80,8.254
1,1,0,80,6.968
1,1,0,80,6.800
1,1,0,80,9.573
1,1,0,80,9.993
1,1,0,80,43.143
1,1,0,80,8.214
1,1,0,80,9.320
1,1,0,80,7.561
1,1,0,80,9.263
1,1,0,80,7.682
1,1,0,80,8.803
1,1,0,80,5.800
1,1,0,80,7.369
1,1,0,80,7.319
1,1,0,80,7.382
1,1,0,80,7.043
1,1,0,80,16.218
1,1,0,80,6.957
1,1,0,80,6.962
1,1,0,80,8.708
1,1,0,80,21.419
1,1,0,80,10.812
1,1,0,80,10.387
1,1,0,80,8.694
1,1,0,80,8.957
1,1,0,80,7.725
1,1,0,80,7.581
1,1,0,80,7.163
1,1,0,80,14.886
1,1,0,80,7.105
1,1,0,80,6.779
1,1,0,80,7.866
1,1,0,80,6.880
1,1,0,80,7.303
1,1,0,80,14.246
1,1,0,80,4.680
1,1,0,80,15.403
1,1,0,80,9.216
1,1,0,80,9.816
1,1,0,80,7.996
1,1,0,80,9.516
1,1,0,80,7.869
1,1,0,80,7.606
1,1,0,80,8.483
1,1,0,80,8.492
1,1,0,80,12.280
1,1,0,80,7.452
1,1,0,80,8.510
1,1,0,80,7.327
1,1,0,80,8.092
1,1,0,80,7.004
1,1,0,80,7.154
1,1,0,80,29.784
1,1,0,80,10.931
1,1,0,80,8.707
1,1,0,80,8.332
1,1,0,80,8.133
1,1,0,80,6.878
1,1,0,80,13.693
1,1,0,80,6.890
1,1,0,80,7.160
1,1,0,80,12.782
1,1,0,80,7.011
1,1,0,80,6.848
1,1,0,80,7.072
1,1,0,80,7.337
1,1,0,80,7.289
1,1,0,80,6.645
1,1,0,80,17.304
1,1,0,80,15.038
1,1,0,80,9.629
1,1,0,80,7.177
1,1,0,80,7.861
1,1,0,80,7.743
1,1,0,80,6.767
1,1,0,80,6.923
1,1,0,80,12.420
1,1,0,80,9.268
1,1,0,80,7.123
1,1,0,80,7.099
1,1,0,80,6.884
1,1,0,80,7.051
1,1,0,80,11.809
1,1,0,80,6.874
1,1,0,80,6.950
1,1,0,80,8.842
1,1,0,80,18.269
1,1,0,80,8.571
1,1,0,80,32.102
1,1,0,80,10.052
1,1,0,80,10.421
1,1,0,80,17.109
1,1,0,80,7.063
1,1,0,80,7.032
1,1,0,80,11.784
1,1,0,80,6.919
1,1,0,80,7.163
1,1,0,80,6.777
1,1,0,80,7.020
1,1,0,80,6.872
1,1,0,80,19.348
1,1,0,80,6.913
1,1,0,80,7.104
1,1,0,80,12.060
1,1,0,80,10.479
1,1,0,80,7.035
1,1,0,80,8.666
1,1,0,80,13.121
1,1,0,80,4.671
1,1,0,80,7.279
1,1,0,80,7.222
1,1,0,80,7.011
1,1,0,80,8.056
1,1,0,80,7.082
1,1,0,80,7.015
1,1,0,80,6.861
1,1,0,80,7.046
1,1,0,80,6.874
1,1,0,80,8.275
1,1,0,80,15.955
1,1,0,80,7.835
1,1,0,80,8.147
1,1,0,80,7.815
1,1,0,80,7.231
1,1,0,80,16.554
1,1,0,80,11.132
1,1,0,80,7.638
1,1,0,80,7.889
1,1,0,80,6.988
1,1,0,80,7.048
1,1,0,80,11.383
1,1,0,80,6.984
1,1,0,80,7.259
1,1,0,80,6.979
1,1,0,80,7.026
1,1,0,80,6.832
1,1,0,80,0.887
1,1,0,80,13.045
1,1,0,80,7.233
1,1,0,80,9.084
1,1,0,80,9.477
1,1,0,80,7.130
1,1,0,80,12.849
1,1,0,80,10.057
1,1,0,80,7.125
1,1,0,80,6.881
1,1,0,80,6.948
1,1,0,80,7.058
1,1,0,80,19.515
1,1,0,80,7.052
1,1,0,80,7.832
1,1,0,80,7.429
1,1,0,80,13.239
1,1,0,80,318.752
1,1,0,80,1.979
1,1,0,80,8.159
1,1,0,80,9.489
1,1,0,80,8.178
1,1,0,80,7.589
1,1,0,80,6.931
1,1,0,80,15.032
1,1,0,80,7.275
1,1,0,80,7.673
1,1,0,80,6.729
1,1,0,80,7.719
1,1,0,80,7.310
1,1,0,80,11.336
1,1,0,80,10.763
1,1,0,80,7.887
1,1,0,80,7.758
1,1,0,80,9.051
1,1,0,80,6.905
1,1,0,80,19.655
1,1,0,80,8.314
1,1,0,80,8.580
1,1,0,80,8.363
1,1,0,80,11.861
1,1,0,80,7.025
1,1,0,80,11.389
1,1,0,80,1009.976
1,1,0,80,16.570
1,1,0,80,7.065
1,1,0,80,6.987
1,1,0,80,6.985
1,1,0,80,14.655
1,1,0,80,6.885
1,1,0,80,6.231
1,1,0,80,5.045
1,1,0,80,20.730
1,1,0,80,6.099
1,1,0,80,9.810
1,1,0,80,9.849
1,1,0,80,8.084
1,1,0,80,8.210
1,1,0,80,6.981
1,1,0,80,7.074
1,1,0,80,18.747
1,1,0,80,7.036
1,1,0,80,6.981
1,1,0,80,6.835
1,1,0,80,7.103
1,1,0,80,6.834
1,1,0,80,8.795
1,1,0,80,9.057
1,1,0,80,8.441
1,1,0,80,8.766
1,1,0,80,8.701
1,1,0,80,8.418
1,1,0,80,13.329
1,1,0,80,10.354
1,1,0,80,6.882
1,1,0,80,6.906
1,1,0,80,6.791
1,1,0,80,6.906
1,1,0,80,11.125
1,1,0,80,6.834
1,1,0,80,7.070
1,1,0,80,6.939
1,1,0,80,6.941
1,1,0,80,7.460
1,1,0,80,8.704
1,1,0,80,7.694
1,1,0,80,10.232
1,1,0,80,7.755
1,1,0,80,8.922
1,1,0,80,6.873
1,1,0,80,10.739
1,1,0,80,6.834
1,1,0,80,7.024
1,1,0,80,7.030
1,1,0,80,7.040
1,1,0,80,6.894
1,1,0,80,8.047
1,1,0,80,7.125
1,1,0,80,7.065
1,1,0,80,8.122
1,1,0,80,16.317
1,1,0,80,8.304
1,1,0,80,8.995
1,1,0,80,9.021
1,1,0,80,9.304
1,1,0,80,12.344
1,1,0,80,9.768
1,1,0,80,8.030
1,1,0,80,52.173
1,1,0,80,9.032
1,1,0,80,7.313
1,1,0,80,8.854
1,1,0,80,7.789
1,1,0,80,8.112
1,1,0,80,8.837
1,1,0,80,7.541
1,1,0,80,8.068
1,1,0,80,7.616
1,1,0,80,1.558
1,1,0,80,8.973
1,1,0,80,7.800
1,1,0,80,7.464
1,1,0,80,7.329
1,1,0,80,6.817
1,1,0,80,6.961
1,1,0,80,7.239
1,1,0,80,12.251
1,1,0,80,6.886
1,1,0,80,6.994
1,1,0,80,8.035
1,1,0,80,7.804
1,1,0,80,6.895
1,1,0,80,11.438
1,1,0,80,7.990
1,1,0,80,7.190
1,1,0,80,4.349
1,1,0,80,9.111
1,1,0,80,7.823
1,1,0,80,11.658
1,1,0,80,7.327
1,1,0,80,6.973
1,1,0,80,7.084
1,1,0,80,8.754
1,1,0,80,6.940
1,1,0,80,8.324
1,1,0,80,6.976
1,1,0,80,7.120
1,1,0,80,6.802
1,1,0,80,7.149
1,1,0,80,1.815
1,1,0,80,19.336
1,1,0,80,13.612
1,1,0,80,7.666
1,1,0,80,14.804
1,1,0,80,7.044
1,1,0,80,7.054
1,1,0,80,25.213
1,1,0,80,7.389
1,1,0,80,7.375
1,1,0,80,6.815
1,1,0,80,7.161
1,1,0,80,6.844
1,1,0,80,7.828
1,1,0,80,7.055
1,1,0,80,7.304
1,1,0,80,6.901
1,1,0,80,7.111
1,1,0,80,3.109
1,1,0,80,8.805
1,1,0,80,7.436
1,1,0,80,7.504
1,1,0,80,7.605
1,1,0,80,7.493
1,1,0,80,7.002
1,1,0,80,12.922
1,1,0,80,6.904
1,1,0,80,7.008
1,1,0,80,6.923
1,1,0,80,7.041
1,1,0,80,6.758
1,1,0,80,11.602
1,1,0,80,6.830
1,1,0,80,8.006
1,1,0,80,9.170
1,1,0,80,7.473
1,1,0,80,8.130
1,1,0,80,7.738
1,1,0,80,7.431
1,1,0,80,10.331
1,1,0,80,9.131
1,1,0,80,7.463
1,1,0,80,9.814
1,1,0,80,12.222
1,1,0,80,7.700
1,1,0,80,10.534
1,1,0,80,10.496
1,1,0,80,10.603
1,1,0,80,8.798
1,1,0,80,7.884
1,1,0,80,7.683
1,1,0,80,16.514
1,1,0,80,8.254
1,1,0,80,13.885
1,1,0,80,4.357
1,1,0,80,27.245
1,1,0,80,8.165
1,1,0,80,7.680
1,1,0,80,6.882
1,1,0,80,6.926
1,1,0,80,6.846
1,1,0,80,7.653
1,1,0,80,6.880
1,1,0,80,7.023
1,1,0,80,6.797
1,1,0,80,7.363
1,1,0,80,6.917
1,1,0,80,7.101
1,1,0,80,11.305
1,1,0,80,7.754
1,1,0,80,7.653
1,1,0,80,7.155
1,1,0,80,8.005
1,1,0,80,9.089
1,1,0,80,6.920
1,1,0,80,7.018
1,1,0,80,6.983
1,1,0,80,7.366
1,1,0,80,6.713
1,1,0,80,27.412
1,1,0,80,7.535
1,1,0,80,10.943
1,1,0,80,7.098
1,1,0,80,7.198
1,1,0,80,5.241
1,1,0,80,6.458
1,1,0,80,9.550
1,1,0,80,8.224
1,1,0,80,7.944
1,1,0,80,7.471
1,1,0,80,6.893
1,1,0,80,7.480
1,1,0,80,6.884
1,1,0,80,6.989
1,1,0,80,6.719
1,1,0,80,8.292
1,1,0,80,6.926
1,1,0,80,12.093
1,1,0,80,7.009
1,1,0,80,6.933
1,1,0,80,6.902
1,1,0,80,7.513
1,1,0,80,7.991
1,1,0,80,19.628
1,1,0,80,7.504
1,1,0,80,7.160
1,1,0,80,7.098
1,1,0,80,8.734
1,1,0,80,7.006
1,1,0,80,7.911
1,1,0,80,6.929
1,1,0,80,6.859
1,1,0,80,6.937
1,1,0,80,7.469
1,1,0,80,7.099
1,1,0,80,8.270
1,1,0,80,6.868
1,1,0,80,7.242
1,1,0,80,7.358
1,1,0,80,10.845
1,1,0,80,8.487
1,1,0,80,12.566
1,1,0,80,12.553
1,1,0,80,7.122
1,1,0,80,6.962
1,1,0,80,8.514
1,1,0,80,10.492
1,1,0,80,23.373
1,1,0,80,6.814
1,1,0,80,7.221
1,1,0,80,7.036
1,1,0,80,7.906
1,1,0,80,7.025
1,1,0,80,9.913
1,1,0,80,7.497
1,1,0,80,14.780
1,1,0,80,7.096
1,1,0,80,9.367
1,1,0,80,7.653
1,1,0,80,8.422
1,1,0,80,6.850
1,1,0,80,6.971
1,1,0,80,6.894
1,1,0,80,7.014
1,1,0,80,6.892
1,1,0,80,12.212
1,1,0,80,7.039
1,1,0,80,7.031
1,1,0,80,7.025
1,1,0,80,4.686
1,1,0,80,6.886
1,1,0,80,18.160
1,1,0,80,7.017
1,1,0,80,7.249
1,1,0,80,7.115
1,1,0,80,7.011
1,1,0,80,6.894
1,1,0,80,10.768
1,1,0,80,6.927
1,1,0,80,8.415
1,1,0,80,7.544
1,1,0,80,11.041
1,1,0,80,7.159
1,1,0,80,18.883
1,1,0,80,7.090
1,1,0,80,6.931
1,1,0,80,7.642
1,1,0,80,8.636
1,1,0,80,7.103
1,1,0,80,11.085
1,1,0,80,6.920
1,1,0,80,6.894
1,1,0,80,6.950
1,1,0,80,7.262
1,1,0,80,7.055
1,1,0,80,11.258
1,1,0,80,6.872
1,1,0,80,7.759
1,1,0,80,6.921
1,1,0,80,8.680
1,1,0,80,6.872
1,1,0,80,11.622
1,1,0,80,6.932
1,1,0,80,7.951
1,1,0,80,7.407
1,1,0,80,7.146
1,1,0,80,7.320
1,1,0,80,7.311
1,1,0,80,6.890
1,1,0,80,6.908
1,1,0,80,8.086
1,1,0,80,10.240
1,1,0,80,7.860
1,1,0,80,9.704
1,1,0,80,7.067
1,1,0,80,6.927
1,1,0,80,6.866
1,1,0,80,7.099
1,1,0,80,6.828
1,1,0,80,28.266
1,1,0,80,7.129
1,1,0,80,11.810
1,1,0,80,8.039
1,1,0,80,7.835
1,1,0,80,7.331
1,1,0,80,10.279
1,1,0,80,7.782
1,1,0,80,7.518
1,1,0,80,6.819
1,1,0,80,7.024
1,1,0,80,7.169
1,1,0,80,12.625
1,1,0,80,6.354
1,1,0,80,7.126
1,1,0,80,6.879
1,1,0,80,10.900
1,1,0,80,6.736
1,1,0,80,11.113
1,1,0,80,7.080
1,1,0,80,7.014
1,1,0,80,7.406
1,1,0,80,6.959
1,1,0,80,7.171
1,1,0,80,12.042
1,1,0,80,6.960
1,1,0,80,7.674
1,1,0,80,7.602
1,1,0,80,8.511
1,1,0,80,7.011
1,1,0,80,7.461
1,1,0,80,6.907
1,1,0,80,6.993
1,1,0,80,6.781
1,1,0,80,6.944
1,1,0,80,6.915
1,1,0,80,8.199
1,1,0,80,7.012
1,1,0,80,7.123
1,1,0,80,7.141
1,1,0,80,10.880
1,1,0,80,7.274
1,1,0,80,9.273
1,1,0,80,7.222
1,1,0,80,7.108
1,1,0,80,6.826
1,1,0,80,7.257
1,1,0,80,6.991
1,1,0,80,35.622
1,1,0,80,7.258
1,1,0,80,7.131
1,1,0,80,7.075
1,1,0,80,6.941
1,1,0,80,6.832
1,1,0,80,11.038
1,1,0,80,6.995
1,1,0,80,7.311
1,1,0,80,6.834
1,1,0,80,7.121
1,1,0,80,6.954
1,1,0,80,14.751
1,1,0,80,6.984
1,1,0,80,7.322
1,1,0,80,7.174
1,1,0,80,6.946
1,1,0,80,7.000
1,1,0,80,11.189
1,1,0,80,6.800
1,1,0,80,14.722
1,1,0,80,7.396
1,1,0,80,10.441
1,1,0,80,6.877
1,1,0,80,25.061
1,1,0,80,6.884
1,1,0,80,6.962
1,1,0,80,6.812
1,1,0,80,6.986
1,1,0,80,6.887
1,1,0,80,14.079
1,1,0,80,7.091
1,1,0,80,10.059
1,1,0,80,7.311
1,1,0,80,8.195
1,1,0,80,7.297
1,1,0,80,12.584
1,1,0,80,6.927
1,1,0,80,7.284
1,1,0,80,6.730
1,1,0,80,6.912
1,1,0,80,7.057
1,1,0,80,11.495
1,1,0,80,6.790
1,1,0,80,6.946
1,1,0,80,6.897
1,1,0,80,7.069
1,1,0,80,6.804
1,1,0,80,30.585
1,1,0,80,7.022
1,1,0,80,7.103
1,1,0,80,6.764
1,1,0,80,6.943
1,1,0,80,6.878
1,1,0,80,7.648
1,1,0,80,8.758
1,1,0,80,7.596
1,1,0,80,8.041
1,1,0,80,9.939
1,1,0,80,9.497
1,1,0,80,12.178
1,1,0,80,8.391
1,1,0,80,8.656
1,1,0,80,7.264
1,1,0,80,9.790
1,1,0,80,7.980
1,1,0,80,8.169
1,1,0,80,7.906
1,1,0,80,7.443
1,1,0,80,6.970
1,1,0,80,6.975
1,1,0,80,8.960
1,1,0,80,18.109
1,1,0,80,10.723
1,1,0,80,8.378
1,1,0,80,6.394
1,1,0,80,7.866
1,1,0,80,7.619
1,1,0,80,7.133
1,1,0,80,6.882
1,1,0,80,6.912
1,1,0,80,9.963
1,1,0,80,6.862
1,1,0,80,7.127
1,1,0,80,9.701
1,1,0,80,6.758
1,1,0,80,6.983
1,1,0,80,7.127
1,1,0,80,7.287
1,1,0,80,7.394
1,1,0,80,12.358
1,1,0,80,6.646
1,1,0,80,6.940
1,1,0,80,6.792
1,1,0,80,7.024
1,1,0,80,6.784
1,1,0,80,22.451
1,1,0,80,6.883
1,1,0,80,6.968
1,1,0,80,6.855
1,1,0,80,6.878
1,1,0,80,6.761
1,1,0,80,10.144
1,1,0,80,6.982
1,1,0,80,7.227
1,1,0,80,7.371
1,1,0,80,8.255
1,1,0,80,6.996
1,1,0,80,14.874
1,1,0,80,6.999
1,1,0,80,6.906
1,1,0,80,7.256
1,1,0,80,8.811
1,1,0,80,8.964
1,1,0,80,7.595
1,1,0,80,7.160
1,1,0,80,6.908
1,1,0,80,7.034
1,1,0,80,6.983
1,1,0,80,9.208
1,1,0,80,23.427
1,1,0,80,7.987
1,1,0,80,8.676
1,1,0,80,6.736
1,1,0,80,8.163
1,1,0,80,8.026
1,1,0,80,11.120
1,1,0,80,6.971
1,1,0,80,19.392
1,1,0,80,6.982
1,1,0,80,12.662
1,1,0,80,6.917
1,1,0,80,14.033
1,1,0,80,7.088
1,1,0,80,7.079
1,1,0,80,6.791
1,1,0,80,8.442
1,1,0,80,7.573
1,1,0,80,11.108
1,1,0,80,8.574
1,1,0,80,23.943
1,1,0,80,8.455
1,1,0,80,7.778
1,1,0,80,6.869
1,1,0,80,18.494
1,1,0,80,7.177
1,1,0,80,6.955
1,1,0,80,6.961
1,1,0,80,7.050
1,1,0,80,7.096
1,1,0,80,10.737
1,1,0,80,6.951
1,1,0,80,7.276
1,1,0,80,10.837
1,1,0,80,11.809
1,1,0,80,8.449
1,1,0,80,6.988
1,1,0,80,9.994
1,1,0,80,4.142
1,1,0,80,6.769
1,1,0,80,8.701
1,1,0,80,7.108
1,1,0,80,7.736
1,1,0,80,6.886
1,1,0,80,6.907
1,1,0,80,6.873
1,1,0,80,7.154
1,1,0,80,6.926
1,1,0,80,12.679
1,1,0,80,7.345
1,1,0,80,7.074
1,1,0,80,7.903
1,1,0,80,8.384
1,1,0,80,8.311
1,1,0,80,8.264
1,1,0,80,6.756
1,1,0,80,6.968
1,1,0,80,6.998
1,1,0,80,7.036
1,1,0,80,6.993
1,1,0,80,7.832
1,1,0,80,7.052
1,1,0,80,7.034
1,1,0,80,6.934
1,1,0,80,6.945
1,1,0,80,6.821
1,1,0,80,7.695
1,1,0,80,6.977
1,1,0,80,7.277
1,1,0,80,10.338
1,1,0,80,8.471
1,1,0,80,7.302
1,1,0,80,45.401
1,1,0,80,11.806
1,1,0,80,9.983
1,1,0,80,7.528
1,1,0,80,7.104
1,1,0,80,6.986
1,1,0,80,7.365
1,1,0,80,6.995
1,1,0,80,6.899
1,1,0,80,6.884
1,1,0,80,7.131
1,1,0,80,7.112
1,1,0,80,15.494
1,1,0,80,8.820
1,1,0,80,6.885
1,1,0,80,7.640
1,1,0,80,6.811
1,1,0,80,6.838
1,1,0,80,11.994
1,1,0,80,6.869
1,1,0,80,6.797
1,1,0,80,6.881
1,1,0,80,7.001
1,1,0,80,6.817
1,1,0,80,13.095
1,1,0,80,6.842
1,1,0,80,7.042
1,1,0,80,7.248
1,1,0,80,8.692
1,1,0,80,15.317
1,1,0,80,7.297
1,1,0,80,7.600
1,1,0,80,8.695
1,1,0,80,8.621
1,1,0,80,8.021
1,1,0,80,7.259
1,1,0,80,7.593
1,1,0,80,6.879
1,1,0,80,10.638
1,1,0,80,7.201
1,1,0,80,11.925
1,1,0,80,11.399
1,1,0,80,9.200
1,1,0,80,6.911
1,1,0,80,6.958
1,1,0,80,3.989
1,1,0,80,70.630
1,1,0,80,8.304
1,1,0,80,24.216
1,1,0,80,7.867
1,1,0,80,8.114
1,1,0,80,7.066
1,1,0,80,4.299
1,1,0,80,6.920
1,1,0,80,7.156
1,1,0,80,4.690
1,1,0,80,6.864
1,1,0,80,6.704
1,1,0,80,6.943
1,1,0,80,6.761
1,1,0,80,7.038
1,1,0,80,6.562
1,1,0,80,7.191
1,1,0,80,8.444
1,1,0,80,7.751
1,1,0,80,12.205
1,1,0,80,8.632
1,1,0,80,6.902
1,1,0,80,7.015
1,1,0,80,6.943
1,1,0,80,7.093
1,1,0,80,6.910
1,1,0,80,12.729
1,1,0,80,6.980
1,1,0,80,8.105
1,1,0,80,8.216
1,1,0,80,7.376
1,1,0,80,7.228
1,1,0,80,7.614
1,1,0,80,37.578
1,1,0,80,16.613
1,1,0,80,7.254
1,1,0,80,7.054
1,1,0,80,7.367
1,1,0,80,15.224
1,1,0,80,7.048
1,1,0,80,7.131
1,1,0,80,6.764
1,1,0,80,6.860
1,1,0,80,6.841
1,1,0,80,7.474
1,1,0,80,6.876
1,1,0,80,6.935
1,1,0,80,6.876
1,1,0,80,7.042
1,1,0,80,8.841
1,1,0,80,39.253
1,1,0,80,8.469
1,1,0,80,9.454
1,1,0,80,5.464
1,1,0,80,7.882
1,1,0,80,6.898
1,1,0,80,7.631
1,1,0,80,6.729
1,1,0,80,7.035
1,1,0,80,6.900
1,1,0,80,7.175
1,1,0,80,7.181
1,1,0,80,7.188
1,1,0,80,6.874
1,1,0,80,7.105
1,1,0,80,6.901
1,1,0,80,362.098
1,1,0,80,8.861
1,1,0,80,7.553
1,1,0,80,8.805
1,1,0,80,6.973
1,1,0,80,7.377
1,1,0,80,6.933
1,1,0,80,6.718
1,1,0,80,25.605
1,1,0,80,7.060
1,1,0,80,7.142
1,1,0,80,7.183
1,1,0,80,7.204
1,1,0,80,7.189
1,1,0,80,6.893
1,1,0,80,8.392
1,1,0,80,8.190
1,1,0,80,8.272
1,1,0,80,9.723
1,1,0,80,9.303
1,1,0,80,12.129
1,1,0,80,7.311
1,1,0,80,7.083
1,1,0,80,6.746
1,1,0,80,7.109
1,1,0,80,6.923
1,1,0,80,7.371
1,1,0,80,7.205
1,1,0,80,6.887
1,1,0,80,7.129
1,1,0,80,7.303
1,1,0,80,7.162
1,1,0,80,21.990
1,1,0,80,8.804
1,1,0,80,8.692
1,1,0,80,7.877
1,1,0,80,8.221
1,1,0,80,7.668
1,1,0,80,7.626
1,1,0,80,6.813
1,1,0,80,7.085
1,1,0,80,6.764
1,1,0,80,6.943
1,1,0,80,6.955
1,1,0,80,16.954
1,1,0,80,7.346
1,1,0,80,7.689
1,1,0,80,7.031
1,1,0,80,6.923
1,1,0,80,9.004
1,1,0,80,11.211
1,1,0,80,10.017
1,1,0,80,8.023
1,1,0,80,7.886
1,1,0,80,7.371
1,1,0,80,7.061
1,1,0,80,14.915
1,1,0,80,6.988
1,1,0,80,7.100
1,1,0,80,7.073
1,1,0,80,7.115
1,1,0,80,6.978
1,1,0,80,7.365
1,1,0,80,6.966
1,1,0,80,7.096
1,1,0,80,7.320
1,1,0,80,7.959
1,1,0,80,8.490
1,1,0,80,6.523
1,1,0,80,9.169
1,1,0,80,7.968
1,1,0,80,11.645
1,1,0,80,8.098
1,1,0,80,7.111
1,1,0,80,7.518
1,1,0,80,7.091
1,1,0,80,7.165
1,1,0,80,6.810
1,1,0,80,7.042
1,1,0,80,6.947
1,1,0,80,19.916
1,1,0,80,7.007
1,1,0,80,7.407
1,1,0,80,2.275
1,1,0,80,7.509
1,1,0,80,8.831
1,1,0,80,9.078
1,1,0,80,7.616
1,1,0,80,7.882
1,1,0,80,7.818
1,1,0,80,8.293
1,1,0,80,7.758
1,1,0,80,9.323
1,1,0,80,79.601
1,1,0,80,14.537
1,1,0,80,0.236
1,1,0,80,12.559
1,1,0,80,1.059
1,1,0,80,10.093
1,1,0,80,9.620
1,1,0,80,7.344
1,1,0,80,9.978
1,1,0,80,8.666
1,1,0,80,8.901
1,1,0,80,18.962
1,1,0,80,8.023
1,1,0,80,9.009
1,1,0,80,6.709
1,1,0,80,6.979
1,1,0,80,6.767
1,1,0,80,7.383
1,1,0,80,6.804
1,1,0,80,6.828
1,1,0,80,6.841
1,1,0,80,6.917
1,1,0,80,7.475
1,1,0,80,6.826
1,1,0,80,7.287
1,1,0,80,7.700
1,1,0,80,9.258
1,1,0,80,8.082
1,1,0,80,8.734
1,1,0,80,8.216
1,1,0,80,7.467
1,1,0,80,7.741
1,1,0,80,7.331
1,1,0,80,7.496
1,1,0,80,74.993
1,1,0,80,40.588
1,1,0,80,1.500
1,1,0,80,14.020
1,1,0,80,1.355
1,1,0,80,7.142
1,1,0,80,8.793
1,1,0,80,9.661
1,1,0,80,6.759
1,1,0,80,9.507
1,1,0,80,8.535
1,1,0,80,8.407
1,1,0,80,7.377
1,1,0,80,10.391
1,1,0,80,6.915
1,1,0,80,7.703
1,1,0,80,6.900
1,1,0,80,6.956
1,1,0,80,6.577
1,1,0,80,7.473
1,1,0,80,7.039
1,1,0,80,7.032
1,1,0,80,7.106
1,1,0,80,10.282
1,1,0,80,8.341
1,1,0,80,18.324
1,1,0,80,9.338
1,1,0,80,8.261
1,1,0,80,6.683
1,1,0,80,7.089
1,1,0,80,6.849
1,1,0,80,11.260
1,1,0,80,6.775
1,1,0,80,7.036
1,1,0,80,6.956
1,1,0,80,7.765
1,1,0,80,8.122
1,1,0,80,11.122
1,1,0,80,7.512
1,1,0,80,8.936
1,1,0,80,7.965
1,1,0,80,9.095
1,1,0,80,8.248
1,1,0,80,13.464
1,1,0,80,8.399
1,1,0,80,8.096
1,1,0,80,7.615
1,1,0,80,7.819
1,1,0,80,6.807
1,1,0,80,23.647
1,1,0,80,6.823
1,1,0,80,7.148
1,1,0,80,6.750
1,1,0,80,6.980
1,1,0,80,6.975
1,1,0,80,10.632
1,1,0,80,7.502
1,1,0,80,7.774
1,1,0,80,10.095
1,1,0,80,7.931
1,1,0,80,6.962
1,1,0,80,8.945
1,1,0,80,6.985
1,1,0,80,7.442
1,1,0,80,7.187
1,1,0,80,3.976
1,1,0,80,7.290
1,1,0,80,7.572
1,1,0,80,8.528
1,1,0,80,7.038
1,1,0,80,6.907
1,1,0,80,18.279
1,1,0,80,7.223
1,1,0,80,13.456
1,1,0,80,8.465
1,1,0,80,9.308
1,1,0,80,7.530
1,1,0,80,7.145
1,1,0,80,6.922
1,1,0,80,12.864
1,1,0,80,6.737
1,1,0,80,6.967
1,1,0,80,6.994
1,1,0,80,7.728
1,1,0,80,7.045
1,1,0,80,6.993
1,1,0,80,6.876
1,1,0,80,7.055
1,1,0,80,7.483
1,1,0,80,10.522
1,1,0,80,7.154
1,1,0,80,12.761
1,1,0,80,7.950
1,1,0,80,10.018
1,1,0,80,8.076
1,1,0,80,8.305
1,1,0,80,6.769
1,1,0,80,29.308
1,1,0,80,6.954
1,1,0,80,7.083
1,1,0,80,7.489
1,1,0,80,6.962
1,1,0,80,6.763
1,1,0,80,10.665
1,1,0,80,7.027
1,1,0,80,7.189
1,1,0,80,7.355
1,1,0,80,7.503
1,1,0,80,7.986
1,1,0,80,9.045
1,1,0,80,8.565
1,1,0,80,7.832
1,1,0,80,6.857
1,1,0,80,8.224
1,1,0,80,6.671
1,1,0,80,7.251
1,1,0,80,7.050
1,1,0,80,6.998
1,1,0,80,7.093
1,1,0,80,6.963
1,1,0,80,6.863
1,1,0,80,17.540
1,1,0,80,6.951
1,1,0,80,7.312
1,1,0,80,7.060
1,1,0,80,7.416
1,1,0,80,8.183
1,1,0,80,9.943
1,1,0,80,7.947
1,1,0,80,7.264
1,1,0,80,6.860
1,1,0,80,7.242
1,1,0,80,6.955
1,1,0,80,10.190
1,1,0,80,6.932
1,1,0,80,6.861
1,1,0,80,6.849
1,1,0,80,6.981
1,1,0,80,8.708
1,1,0,80,11.059
1,1,0,80,7.126
1,1,0,80,8.084
1,1,0,80,7.199
1,1,0,80,8.282
1,1,0,80,8.023
1,1,0,80,31.376
1,1,0,80,10.066
1,1,0,80,10.388
1,1,0,80,7.943
1,1,0,80,9.916
1,1,0,80,7.670
1,1,0,80,7.509
1,1,0,80,6.833
1,1,0,80,7.069
1,1,0,80,7.040
1,1,0,80,7.090
1,1,0,80,65.205
1,1,0,80,2.420
1,1,0,80,1.147
1,1,0,80,8.725
1,1,0,80,10.604
1,1,0,80,7.778
1,1,0,80,8.487
1,1,0,80,8.865
1,1,0,80,7.124
1,1,0,80,7.424
1,1,0,80,6.854
1,1,0,80,7.061
1,1,0,80,6.891
1,1,0,80,24.356
1,1,0,80,6.869
1,1,0,80,7.116
1,1,0,80,6.903
1,1,0,80,7.734
1,1,0,80,7.245
1,1,0,80,13.371
1,1,0,80,9.643
1,1,0,80,8.179
1,1,0,80,8.477
1,1,0,80,7.830
1,1,0,80,6.830
1,1,0,80,8.533
1,1,0,80,6.758
1,1,0,80,7.129
1,1,0,80,6.901
1,1,0,80,13.175
1,1,0,80,6.947
1,1,0,80,7.784
1,1,0,80,6.890
1,1,0,80,22.187
1,1,0,80,7.116
1,1,0,80,9.949
1,1,0,80,11.426
1,1,0,80,23.253
1,1,0,80,8.239
1,1,0,80,7.529
1,1,0,80,7.000
1,1,0,80,7.080
1,1,0,80,7.000
1,1,0,80,6.523
1,1,0,80,6.306
1,1,0,80,12.818
1,1,0,80,7.960
1,1,0,80,7.585
1,1,0,80,7.090
1,1,0,80,12.993
1,1,0,80,9.615
1,1,0,80,7.755
1,1,0,80,7.774
1,1,0,80,7.285
1,1,0,80,8.060
1,1,0,80,8.905
1,1,0,80,7.798
1,1,0,80,6.833
1,1,0,80,7.051
1,1,0,80,7.175
1,1,0,80,6.995
1,1,0,80,25.329
1,1,0,80,7.044
1,1,0,80,7.077
1,1,0,80,7.018
1,1,0,80,7.083
1,1,0,80,7.552
1,1,0,80,7.574
1,1,0,80,7.270
1,1,0,80,9.550
1,1,0,80,7.794
1,1,0,80,200.726
1,1,0,80,9.400
1,1,0,80,25.281
1,1,0,80,9.758
1,1,0,80,8.239
1,1,0,80,7.280
1,1,0,80,6.885
1,1,0,80,6.814
1,1,0,80,10.028
1,1,0,80,6.964
1,1,0,80,6.965
1,1,0,80,6.895
1,1,0,80,7.109
1,1,0,80,8.188
1,1,0,80,24.279
1,1,0,80,7.655
1,1,0,80,7.452
1,1,0,80,8.269
1,1,0,80,10.495
1,1,0,80,7.553
1,1,0,80,7.724
1,1,0,80,7.315
1,1,0,80,6.941
1,1,0,80,10.234
1,1,0,80,7.196
1,1,0,80,6.953
1,1,0,80,8.015
1,1,0,80,6.821
1,1,0,80,7.283
1,1,0,80,7.334
1,1,0,80,7.059
1,1,0,80,12.170
1,1,0,80,11.429
1,1,0,80,7.234
1,1,0,80,7.856
1,1,0,80,9.097
1,1,0,80,8.727
1,1,0,80,7.655
1,1,0,80,13.847
1,1,0,80,7.013
1,1,0,80,7.006
1,1,0,80,6.887
1,1,0,80,7.087
1,1,0,80,6.769
1,1,0,80,7.409
1,1,0,80,7.185
1,1,0,80,7.555
1,1,0,80,7.079
1,1,0,80,7.636
1,1,0,80,7.452
1,1,0,80,7.818
1,1,0,80,6.934
1,1,0,80,7.125
1,1,0,80,7.264
1,1,0,80,9.504
1,1,0,80,12.264
1,1,0,80,7.463
1,1,0,80,7.358
1,1,0,80,7.363
1,1,0,80,7.398
1,1,0,80,17.060
1,1,0,80,18.727
1,1,0,80,16.443
1,1,0,80,9.650
1,1,0,80,9.172
1,1,0,80,7.179
1,1,0,80,7.247
1,1,0,80,6.875
1,1,0,80,11.693
1,1,0,80,6.955
1,1,0,80,6.929
1,1,0,80,7.083
1,1,0,80,7.024
1,1,0,80,11.865
1,1,0,80,9.067
1,1,0,80,7.957
1,1,0,80,7.391
1,1,0,80,7.660
1,1,0,80,11.536
1,1,0,80,7.681
1,1,0,80,9.092
1,1,0,80,11.656
1,1,0,80,8.656
1,1,0,80,12.535
1,1,0,80,12.009
1,1,0,80,8.213
1,1,0,80,31.449
1,1,0,80,7.034
1,1,0,80,7.497
1,1,0,80,6.935
1,1,0,80,7.035
1,1,0,80,6.976
1,1,0,80,9.343
1,1,0,80,6.950
1,1,0,80,7.970
1,1,0,80,7.540
1,1,0,80,15.625
1,1,0,80,8.283
1,1,0,80,16.137
1,1,0,80,8.143
1,1,0,80,8.196
1,1,0,80,7.624
1,1,0,80,13.452
1,1,0,80,7.060
1,1,0,80,8.209
1,1,0,80,8.047
1,1,0,80,7.092
1,1,0,80,6.928
1,1,0,80,7.136
1,1,0,80,7.060
1,1,0,80,26.565
1,1,0,80,6.987
1,1,0,80,6.901
1,1,0,80,14.611
1,1,0,80,8.943
1,1,0,80,5.711
1,1,0,80,7.667
1,1,0,80,7.031
1,1,0,80,7.071
1,1,0,80,6.953
1,1,0,80,7.041
1,1,0,80,7.046
1,1,0,80,7.271
1,1,0,80,6.832
1,1,0,80,7.108
1,1,0,80,6.796
1,1,0,80,7.064
1,1,0,80,6.854
1,1,0,80,11.546
1,1,0,80,13.665
1,1,0,80,7.703
1,1,0,80,7.532
1,1,0,80,7.145
1,1,0,80,7.444
1,1,0,80,1081.390
1,1,0,80,84.485
1,1,0,80,8.354
1,1,0,80,7.306
1,1,0,80,51.979
1,1,0,80,3.609
1,1,0,80,2.700
1,1,0,80,1.152
1,1,0,80,9.113
1,1,0,80,7.772
1,1,0,80,7.153
1,1,0,80,7.526
1,1,0,80,6.096
1,1,0,80,8.390
1,1,0,80,1.136
1,1,0,80,7.597
1,1,0,80,7.058
1,1,0,80,7.011
1,1,0,80,7.441
1,1,0,80,6.891
1,1,0,80,6.885
1,1,0,80,6.724
1,1,0,80,12.553
1,1,0,80,6.936
1,1,0,80,19.662
2,1,1,80,1.025
2,1,1,80,41.082
2,1,1,80,0.878
2,1,1,80,4.176
2,1,1,80,1.411
2,1,1,80,1.668
2,1,1,80,33.748
2,1,1,80,7.554
2,1,1,80,11.150
2,1,1,80,0.833
2,1,1,80,1.155
2,1,1,80,23.046
2,1,1,80,10.930
2,1,1,80,1.364
2,1,1,80,3.279
2,1,1,80,0.578
2,1,1,80,101.612
2,1,1,80,18.907
2,1,1,80,4.093
2,1,1,80,5.790
2,1,1,80,2.942
2,1,1,80,1.502
2,1,1,80,1.539
2,1,1,80,37.348
2,1,1,80,1.476
2,1,1,80,3.331
2,1,1,80,2.635
2,1,1,80,3.667
2,1,1,80,4.933
2,1,1,80,9.083
2,1,1,80,8.226
2,1,1,80,3.628
2,1,1,80,39.765
2,1,1,80,2.451
2,1,1,80,6.515
2,1,1,80,2.977
2,1,1,80,2.816
2,1,1,80,1.139
2,1,1,80,3.033
2,1,1,80,7.551
2,1,1,80,6.793
2,1,1,80,0.606
2,1,1,80,5.195
2,1,1,80,0.817
2,1,1,80,4.058
2,1,1,80,3.408
2,1,1,80,6.181
2,1,1,80,59.228
2,1,1,80,3.295
2,1,1,80,6.204
2,1,1,80,5.152
2,1,1,80,2.885
2,1,1,80,5.371
2,1,1,80,8.767
2,1,1,80,4.646
2,1,1,80,2.790
2,1,1,80,4.845
2,1,1,80,3.762
2,1,1,80,0.882
2,1,1,80,14.375
2,1,1,80,1.567
2,1,1,80,1.181
2,1,1,80,5.144
2,1,1,80,7.097
2,1,1,80,7.350
2,1,1,80,4.032
2,1,1,80,3.436
2,1,1,80,4.161
2,1,1,80,4.728
2,1,1,80,1.636
2,1,1,80,10.081
2,1,1,80,33.461
2,1,1,80,0.793
2,1,1,80,0.721
2,1,1,80,3.417
2,1,1,80,3.249
2,1,1,80,1.415
2,1,1,80,7.157
2,1,1,80,7.353
2,1,1,80,1.052
2,1,1,80,2.396
2,1,1,80,1.308
2,1,1,80,2.087
2,1,1,80,8.960
2,1,1,80,2.642
2,1,1,80,1.393
2,1,1,80,1.030
2,1,1,80,0.655
2,1,1,80,2.106
2,1,1,80,4.297
2,1,1,80,6.821
2,1,1,80,3.150
2,1,1,80,3.747
2,1,1,80,1.018
2,1,1,80,3.769
2,1,1,80,74.707
2,1,1,80,6.899
2,1,1,80,10.767
2,1,1,80,2.238
2,1,1,80,11.235
2,1,1,80,1.912
2,1,1,80,8.063
2,1,1,80,1.200
2,1,1,80,0.193
2,1,1,80,1.872
2,1,1,80,1.149
2,1,1,80,1.048
2,1,1,80,12.176
2,1,1,80,0.824
2,1,1,80,1.558
2,1,1,80,3.181
2,1,1,80,2.471
2,1,1,80,0.844
2,1,1,80,2.673
2,1,1,80,0.350
2,1,1,80,0.533
2,1,1,80,1.127
2,1,1,80,1.636
2,1,1,80,0.739
2,1,1,80,17.968
2,1,1,80,1.321
2,1,1,80,2.533
2,1,1,80,3.203
2,1,1,80,0.539
2,1,1,80,5.882
2,1,1,80,13.020
2,1,1,80,3.177
2,1,1,80,1.125
2,1,1,80,1.859
2,1,1,80,0.681
2,1,1,80,2.676
2,1,1,80,7.117
2,1,1,80,5.680
2,1,1,80,0.754
2,1,1,80,0.704
2,1,1,80,2.887
2,1,1,80,0.777
2,1,1,80,41.134
2,1,1,80,4.684
2,1,1,80,1.641
2,1,1,80,0.754
2,1,1,80,2.140
2,1,1,80,0.386
2,1,1,80,15.331
2,1,1,80,2.042
2,1,1,80,1.787
2,1,1,80,0.890
2,1,1,80,0.926
2,1,1,80,2.130
2,1,1,80,6.953
2,1,1,80,1.953
2,1,1,80,0.948
2,1,1,80,2.125
2,1,1,80,0.584
2,1,1,80,1.613
2,1,1,80,2.878
2,1,1,80,3.802
2,1,1,80,3.808
2,1,1,80,0.532
2,1,1,80,1.918
2,1,1,80,5.864
2,1,1,80,3.173
2,1,1,80,2.198
2,1,1,80,0.809
2,1,1,80,6.368
2,1,1,80,4.761
2,1,1,80,6.005
2,1,1,80,8.832
2,1,1,80,9.959
2,1,1,80,1.236
2,1,1,80,7.658
2,1,1,80,2.329
2,1,1,80,0.697
2,1,1,80,55.091
2,1,1,80,3.412
2,1,1,80,1.625
2,1,1,80,8.668
2,1,1,80,2.431
2,1,1,80,3.553
2,1,1,80,4.298
2,1,1,80,3.324
2,1,1,80,2.660
2,1,1,80,1.854
2,1,1,80,4.931
2,1,1,80,0.523
2,1,1,80,6.487
2,1,1,80,0.720
2,1,1,80,9.116
2,1,1,80,0.670
2,1,1,80,2.005
2,1,1,80,1.312
2,1,1,80,11.552
2,1,1,80,1.564
2,1,1,80,8.666
2,1,1,80,3.766
2,1,1,80,3.143
2,1,1,80,2.235
2,1,1,80,8.288
2,1,1,80,2.619
2,1,1,80,1.917
2,1,1,80,0.982
2,1,1,80,0.613
2,1,1,80,1.637
2,1,1,80,9.459
2,1,1,80,3.223
2,1,1,80,1.098
2,1,1,80,0.674
2,1,1,80,2.329
2,1,1,80,12.747
2,1,1,80,1.916
2,1,1,80,3.984
2,1,1,80,3.829
2,1,1,80,4.825
2,1,1,80,1.028
2,1,1,80,3.326
2,1,1,80,5.717
2,1,1,80,2.108
2,1,1,80,2.671
2,1,1,80,4.379
2,1,1,80,4.360
2,1,1,80,3.385
2,1,1,80,2.256
2,1,1,80,0.649
2,1,1,80,1.019
2,1,1,80,6.773
2,1,1,80,1.025
2,1,1,80,3.501
2,1,1,80,3.968
2,1,1,80,3.945
2,1,1,80,3.425
2,1,1,80,3.545
2,1,1,80,1.997
2,1,1,80,2.746
2,1,1,80,4.113
2,1,1,80,0.920
2,1,1,80,0.434
2,1,1,80,1.625
2,1,1,80,0.631
2,1,1,80,1.084
2,1,1,80,12.571
2,1,1,80,3.110
2,1,1,80,2.472
2,1,1,80,125.384
2,1,1,80,5.419
2,1,1,80,1.188
2,1,1,80,17.987
2,1,1,80,32.390
2,1,1,80,5.285
2,1,1,80,4.554
2,1,1,80,0.584
2,1,1,80,0.842
2,1,1,80,10.832
2,1,1,80,0.697
2,1,1,80,2.196
2,1,1,80,1.604
2,1,1,80,1.912
2,1,1,80,9.095
2,1,1,80,11.275
2,1,1,80,12.520
2,1,1,80,1.297
2,1,1,80,7.042
2,1,1,80,0.828
2,1,1,80,2.164
2,1,1,80,11.687
2,1,1,80,1.065
2,1,1,80,0.745
2,1,1,80,1.105
2,1,1,80,0.464
2,1,1,80,0.728
2,1,1,80,6.184
2,1,1,80,1.703
2,1,1,80,1.585
2,1,1,80,2.217
2,1,1,80,8.988
2,1,1,80,6.980
2,1,1,80,4.446
2,1,1,80,4.005
2,1,1,80,3.577
2,1,1,80,3.834
2,1,1,80,0.178
2,1,1,80,0.922
2,1,1,80,1.584
2,1,1,80,2.114
2,1,1,80,0.159
2,1,1,80,0.702
2,1,1,80,2.702
2,1,1,80,0.859
2,1,1,80,12.778
2,1,1,80,6.983
2,1,1,80,4.003
2,1,1,80,15.368
2,1,1,80,3.007
2,1,1,80,2.514
2,1,1,80,14.547
2,1,1,80,3.561
2,1,1,80,12.950
2,1,1,80,4.709
2,1,1,80,6.769
2,1,1,80,4.593
2,1,1,80,6.999
2,1,1,80,3.087
2,1,1,80,1.336
2,1,1,80,0.452
2,1,1,80,0.914
2,1,1,80,2.218
2,1,1,80,4.617
2,1,1,80,2.642
2,1,1,80,16.859
2,1,1,80,3.789
2,1,1,80,1.954
2,1,1,80,4.758
2,1,1,80,19.390
2,1,1,80,5.271
2,1,1,80,1.556
2,1,1,80,3.821
2,1,1,80,2.154
2,1,1,80,2.425
2,1,1,80,6.324
2,1,1,80,2.557
2,1,1,80,0.368
2,1,1,80,5.224
2,1,1,80,4.395
2,1,1,80,3.030
2,1,1,80,1.063
2,1,1,80,2.947
2,1,1,80,5.105
2,1,1,80,3.932
2,1,1,80,5.268
2,1,1,80,2.814
2,1,1,80,6.052
2,1,1,80,2.285
2,1,1,80,0.515
2,1,1,80,3.734
2,1,1,80,1.324
2,1,1,80,4.513
2,1,1,80,19.507
2,1,1,80,3.565
2,1,1,80,2.224
2,1,1,80,1.223
2,1,1,80,3.818
2,1,1,80,11.663
2,1,1,80,4.865
2,1,1,80,7.308
2,1,1,80,8.524
2,1,1,80,8.733
2,1,1,80,4.307
2,1,1,80,4.980
2,1,1,80,5.603
2,1,1,80,1.238
2,1,1,80,7.256
2,1,1,80,1.720
2,1,1,80,2.676
2,1,1,80,2.518
2,1,1,80,6.678
2,1,1,80,0.761
2,1,1,80,0.442
2,1,1,80,1.550
2,1,1,80,5.465
2,1,1,80,3.052
2,1,1,80,17.094
2,1,1,80,4.485
2,1,1,80,2.936
2,1,1,80,2.118
2,1,1,80,2.117
2,1,1,80,0.697
2,1,1,80,2.388
2,1,1,80,2.346
2,1,1,80,0.385
2,1,1,80,2.926
2,1,1,80,2.320
2,1,1,80,3.357
2,1,1,80,2.378
2,1,1,80,1.353
2,1,1,80,0.427
2,1,1,80,4.669
2,1,1,80,1.062
2,1,1,80,5.426
2,1,1,80,2.794
2,1,1,80,4.357
2,1,1,80,20.854
2,1,1,80,5.711
2,1,1,80,4.415
2,1,1,80,2.978
2,1,1,80,21.632
2,1,1,80,1.316
2,1,1,80,1.472
2,1,1,80,2.416
2,1,1,80,12.592
2,1,1,80,7.439
2,1,1,80,1.848
2,1,1,80,3.676
2,1,1,80,3.467
2,1,1,80,5.129
2,1,1,80,10.953
2,1,1,80,4.138
2,1,1,80,8.344
2,1,1,80,4.064
2,1,1,80,1.538
2,1,1,80,2.068
2,1,1,80,4.824
2,1,1,80,6.909
2,1,1,80,3.996
2,1,1,80,6.582
2,1,1,80,3.224
2,1,1,80,7.103
2,1,1,80,0.691
2,1,1,80,3.724
2,1,1,80,10.793
2,1,1,80,4.790
2,1,1,80,4.839
2,1,1,80,4.680
2,1,1,80,3.906
2,1,1,80,1.954
2,1,1,80,2.993
2,1,1,80,0.643
2,1,1,80,3.806
2,1,1,80,2.653
2,1,1,80,2.367
2,1,1,80,1.672
2,1,1,80,6.539
2,1,1,80,0.488
2,1,1,80,0.314
2,1,1,80,1.877
2,1,1,80,0.806
2,1,1,80,4.286
2,1,1,80,4.161
2,1,1,80,1.444
2,1,1,80,3.029
2,1,1,80,3.325
2,1,1,80,4.713
2,1,1,80,1.963
2,1,1,80,14.897
2,1,1,80,6.581
2,1,1,80,1.023
2,1,1,80,1.080
2,1,1,80,0.690
2,1,1,80,0.494
2,1,1,80,8.419
2,1,1,80,0.433
2,1,1,80,0.329
2,1,1,80,3.777
2,1,1,80,3.475
2,1,1,80,7.624
2,1,1,80,8.405
2,1,1,80,4.380
2,1,1,80,2.969
2,1,1,80,2.422
2,1,1,80,4.021
2,1,1,80,0.946
2,1,1,80,5.055
2,1,1,80,0.931
2,1,1,80,0.529
2,1,1,80,1.979
2,1,1,80,0.656
2,1,1,80,2.122
2,1,1,80,10.637
2,1,1,80,35.677
2,1,1,80,9.369
2,1,1,80,5.887
2,1,1,80,104.840
2,1,1,80,24.908
2,1,1,80,19.913
2,1,1,80,3.801
2,1,1,80,9.104
2,1,1,80,3.715
2,1,1,80,1.533
2,1,1,80,0.801
2,1,1,80,4.778
2,1,1,80,0.763
2,1,1,80,0.198
2,1,1,80,10.419
2,1,1,80,1.589
2,1,1,80,0.712
2,1,1,80,1.499
2,1,1,80,5.580
2,1,1,80,4.421
2,1,1,80,19.343
2,1,1,80,1.938
2,1,1,80,6.133
2,1,1,80,28.287
2,1,1,80,3.946
2,1,1,80,3.165
2,1,1,80,0.254
2,1,1,80,0.645
2,1,1,80,3.308
2,1,1,80,1.115
2,1,1,80,58.450
2,1,1,80,5.300
2,1,1,80,1.413
2,1,1,80,9.335
2,1,1,80,11.071
2,1,1,80,16.339
2,1,1,80,15.808
2,1,1,80,12.264
2,1,1,80,6.530
2,1,1,80,8.107
2,1,1,80,8.215
2,1,1,80,6.534
2,1,1,80,3.251
2,1,1,80,2.488
2,1,1,80,2.200
2,1,1,80,1.673
2,1,1,80,1.129
2,1,1,80,7.334
2,1,1,80,0.105
2,1,1,80,2.726
2,1,1,80,1.845
2,1,1,80,8.645
2,1,1,80,4.416
2,1,1,80,1.648
2,1,1,80,3.877
2,1,1,80,6.891
2,1,1,80,3.307
2,1,1,80,2.561
2,1,1,80,4.014
2,1,1,80,2.578
2,1,1,80,2.553
2,1,1,80,0.855
2,1,1,80,2.980
2,1,1,80,2.014
2,1,1,80,0.848
2,1,1,80,7.751
2,1,1,80,1.323
2,1,1,80,1.229
2,1,1,80,2.380
2,1,1,80,1.935
2,1,1,80,10.532
2,1,1,80,36.986
2,1,1,80,3.250
2,1,1,80,3.392
2,1,1,80,3.728
2,1,1,80,3.826
2,1,1,80,5.029
2,1,1,80,5.356
2,1,1,80,2.194
2,1,1,80,2.271
2,1,1,80,3.082
2,1,1,80,3.554
2,1,1,80,2.900
2,1,1,80,3.054
2,1,1,80,3.711
2,1,1,80,4.759
2,1,1,80,15.829
2,1,1,80,10.153
2,1,1,80,9.483
2,1,1,80,5.661
2,1,1,80,3.062
2,1,1,80,3.362
2,1,1,80,2.328
2,1,1,80,0.791
2,1,1,80,1.243
2,1,1,80,11.516
2,1,1,80,2.241
2,1,1,80,0.595
2,1,1,80,2.196
2,1,1,80,1.719
2,1,1,80,3.990
2,1,1,80,6.300
2,1,1,80,9.379
2,1,1,80,30.088
2,1,1,80,7.202
2,1,1,80,6.523
2,1,1,80,4.481
2,1,1,80,15.290
2,1,1,80,5.453
2,1,1,80,3.989
2,1,1,80,6.245
2,1,1,80,1.230
2,1,1,80,0.827
2,1,1,80,0.439
2,1,1,80,3.309
2,1,1,80,2.110
2,1,1,80,2.506
2,1,1,80,5.795
2,1,1,80,7.167
2,1,1,80,36.753
2,1,1,80,2.114
2,1,1,80,6.191
2,1,1,80,1.972
2,1,1,80,0.554
2,1,1,80,2.800
2,1,1,80,4.254
2,1,1,80,12.940
2,1,1,80,1.290
2,1,1,80,1.763
2,1,1,80,2.203
2,1,1,80,1.319
2,1,1,80,10.476
2,1,1,80,3.304
2,1,1,80,3.684
2,1,1,80,3.788
2,1,1,80,17.353
2,1,1,80,7.884
2,1,1,80,3.212
2,1,1,80,3.011
2,1,1,80,3.800
2,1,1,80,4.147
2,1,1,80,1.610
2,1,1,80,6.480
2,1,1,80,13.315
2,1,1,80,3.647
2,1,1,80,2.279
2,1,1,80,6.300
2,1,1,80,2.263
2,1,1,80,2.373
2,1,1,80,13.033
2,1,1,80,2.896
2,1,1,80,10.160
2,1,1,80,3.768
2,1,1,80,8.364
2,1,1,80,4.155
2,1,1,80,3.858
2,1,1,80,2.309
2,1,1,80,1.322
2,1,1,80,2.726
2,1,1,80,2.783
2,1,1,80,7.745
2,1,1,80,2.414
2,1,1,80,3.355
2,1,1,80,2.858
2,1,1,80,2.832
2,1,1,80,1.087
2,1,1,80,1.524
2,1,1,80,23.047
2,1,1,80,5.658
2,1,1,80,3.045
2,1,1,80,5.135
2,1,1,80,5.470
2,1,1,80,0.980
2,1,1,80,10.922
2,1,1,80,1.096
2,1,1,80,1.374
2,1,1,80,12.562
2,1,1,80,1.117
2,1,1,80,1.665
2,1,1,80,2.339
2,1,1,80,1.523
2,1,1,80,4.798
2,1,1,80,0.548
2,1,1,80,15.731
2,1,1,80,10.206
2,1,1,80,3.640
2,1,1,80,4.144
2,1,1,80,4.061
2,1,1,80,1.719
2,1,1,80,0.743
2,1,1,80,1.219
2,1,1,80,8.665
2,1,1,80,3.234
2,1,1,80,0.107
2,1,1,80,1.651
2,1,1,80,0.589
2,1,1,80,3.277
2,1,1,80,6.288
2,1,1,80,1.288
2,1,1,80,1.420
2,1,1,80,10.056
2,1,1,80,15.717
2,1,1,80,4.307
2,1,1,80,27.501
2,1,1,80,6.980
2,1,1,80,4.953
2,1,1,80,17.976
2,1,1,80,4.438
2,1,1,80,1.106
2,1,1,80,7.861
2,1,1,80,1.164
2,1,1,80,1.073
2,1,1,80,0.512
2,1,1,80,0.143
2,1,1,80,0.545
2,1,1,80,12.983
2,1,1,80,1.261
2,1,1,80,0.897
2,1,1,80,8.610
2,1,1,80,4.616
2,1,1,80,0.497
2,1,1,80,2.819
2,1,1,80,13.628
2,1,1,80,13.864
2,1,1,80,6.035
2,1,1,80,3.486
2,1,1,80,4.050
2,1,1,80,3.769
2,1,1,80,1.992
2,1,1,80,1.182
2,1,1,80,1.177
2,1,1,80,0.791
2,1,1,80,0.574
2,1,1,80,2.366
2,1,1,80,11.295
2,1,1,80,1.527
2,1,1,80,3.881
2,1,1,80,2.149
2,1,1,80,1.215
2,1,1,80,18.723
2,1,1,80,9.764
2,1,1,80,1.889
2,1,1,80,2.263
2,1,1,80,0.492
2,1,1,80,1.258
2,1,1,80,5.955
2,1,1,80,1.105
2,1,1,80,1.158
2,1,1,80,1.488
2,1,1,80,1.212
2,1,1,80,1.101
2,1,1,80,19.296
2,1,1,80,8.955
2,1,1,80,2.539
2,1,1,80,3.495
2,1,1,80,3.406
2,1,1,80,4.777
2,1,1,80,9.974
2,1,1,80,3.615
2,1,1,80,0.938
2,1,1,80,2.287
2,1,1,80,0.581
2,1,1,80,0.841
2,1,1,80,12.504
2,1,1,80,0.905
2,1,1,80,2.840
2,1,1,80,1.947
2,1,1,80,8.340
2,1,1,80,313.943
2,1,1,80,25.594
2,1,1,80,5.070
2,1,1,80,6.599
2,1,1,80,2.640
2,1,1,80,2.503
2,1,1,80,0.752
2,1,1,80,9.381
2,1,1,80,1.482
2,1,1,80,2.248
2,1,1,80,1.933
2,1,1,80,24.249
2,1,1,80,3.467
2,1,1,80,6.598
2,1,1,80,7.846
2,1,1,80,3.591
2,1,1,80,4.301
2,1,1,80,3.740
2,1,1,80,0.464
2,1,1,80,14.863
2,1,1,80,6.817
2,1,1,80,2.989
2,1,1,80,2.627
2,1,1,80,6.224
2,1,1,80,0.929
2,1,1,80,6.404
2,1,1,80,1006.310
2,1,1,80,8.108
2,1,1,80,1.520
2,1,1,80,0.392
2,1,1,80,2.145
2,1,1,80,9.729
2,1,1,80,0.860
2,1,1,80,1.475
2,1,1,80,3.420
2,1,1,80,23.262
2,1,1,80,1.540
2,1,1,80,5.074
2,1,1,80,4.570
2,1,1,80,2.449
2,1,1,80,3.077
2,1,1,80,0.830
2,1,1,80,5.255
2,1,1,80,11.933
2,1,1,80,1.163
2,1,1,80,2.309
2,1,1,80,1.449
2,1,1,80,1.592
2,1,1,80,2.517
2,1,1,80,3.125
2,1,1,80,6.374
2,1,1,80,4.337
2,1,1,80,4.690
2,1,1,80,5.542
2,1,1,80,2.637
2,1,1,80,7.552
2,1,1,80,5.753
2,1,1,80,5.462
2,1,1,80,2.827
2,1,1,80,0.819
2,1,1,80,1.150
2,1,1,80,5.890
2,1,1,80,0.451
2,1,1,80,0.679
2,1,1,80,1.206
2,1,1,80,0.485
2,1,1,80,1.155
2,1,1,80,3.220
2,1,1,80,1.548
2,1,1,80,6.866
2,1,1,80,2.642
2,1,1,80,3.240
2,1,1,80,1.009
2,1,1,80,5.377
2,1,1,80,0.700
2,1,1,80,2.124
2,1,1,80,1.329
2,1,1,80,1.006
2,1,1,80,3.048
2,1,1,80,2.349
2,1,1,80,0.809
2,1,1,80,1.690
2,1,1,80,2.763
2,1,1,80,15.629
2,1,1,80,6.259
2,1,1,80,3.705
2,1,1,80,4.812
2,1,1,80,8.579
2,1,1,80,8.677
2,1,1,80,5.088
2,1,1,80,2.604
2,1,1,80,45.726
2,1,1,80,3.946
2,1,1,80,1.778
2,1,1,80,2.845
2,1,1,80,1.894
2,1,1,80,2.809
2,1,1,80,3.452
2,1,1,80,3.255
2,1,1,80,2.311
2,1,1,80,150.958
2,1,1,80,15.644
2,1,1,80,4.062
2,1,1,80,2.874
2,1,1,80,5.039
2,1,1,80,1.854
2,1,1,80,1.100
2,1,1,80,0.923
2,1,1,80,0.544
2,1,1,80,10.522
2,1,1,80,2.156
2,1,1,80,0.530
2,1,1,80,3.992
2,1,1,80,1.853
2,1,1,80,0.932
2,1,1,80,6.339
2,1,1,80,1.693
2,1,1,80,4.053
2,1,1,80,16.082
2,1,1,80,6.162
2,1,1,80,2.457
2,1,1,80,6.294
2,1,1,80,3.142
2,1,1,80,0.580
2,1,1,80,0.679
2,1,1,80,2.394
2,1,1,80,1.221
2,1,1,80,2.231
2,1,1,80,0.974
2,1,1,80,0.866
2,1,1,80,9.905
2,1,1,80,1.324
2,1,1,80,0.191
2,1,1,80,38.422
2,1,1,80,11.180
2,1,1,80,5.203
2,1,1,80,18.261
2,1,1,80,1.105
2,1,1,80,1.137
2,1,1,80,19.436
2,1,1,80,1.339
2,1,1,80,1.647
2,1,1,80,0.604
2,1,1,80,1.384
2,1,1,80,2.292
2,1,1,80,5.180
2,1,1,80,0.927
2,1,1,80,1.760
2,1,1,80,0.913
2,1,1,80,0.846
2,1,1,80,10.089
2,1,1,80,2.579
2,1,1,80,4.259
2,1,1,80,3.227
2,1,1,80,1.584
2,1,1,80,1.150
2,1,1,80,1.052
2,1,1,80,8.416
2,1,1,80,0.757
2,1,1,80,0.555
2,1,1,80,2.087
2,1,1,80,2.441
2,1,1,80,2.205
2,1,1,80,7.973
2,1,1,80,2.162
2,1,1,80,2.198
2,1,1,80,4.277
2,1,1,80,6.926
2,1,1,80,4.997
2,1,1,80,3.813
2,1,1,80,1.774
2,1,1,80,7.116
2,1,1,80,4.393
2,1,1,80,1.503
2,1,1,80,4.579
2,1,1,80,6.984
2,1,1,80,2.515
2,1,1,80,5.593
2,1,1,80,4.612
2,1,1,80,4.914
2,1,1,80,2.923
2,1,1,80,2.549
2,1,1,80,2.461
2,1,1,80,392.941
2,1,1,80,8.144
2,1,1,80,11.688
2,1,1,80,15.400
2,1,1,80,21.519
2,1,1,80,2.456
2,1,1,80,2.137
2,1,1,80,0.812
2,1,1,80,0.882
2,1,1,80,0.786
2,1,1,80,1.925
2,1,1,80,0.831
2,1,1,80,0.493
2,1,1,80,0.626
2,1,1,80,1.345
2,1,1,80,2.074
2,1,1,80,2.083
2,1,1,80,225.950
2,1,1,80,3.124
2,1,1,80,2.623
2,1,1,80,1.109
2,1,1,80,1.774
2,1,1,80,3.762
2,1,1,80,0.497
2,1,1,80,3.742
2,1,1,80,2.881
2,1,1,80,1.789
2,1,1,80,2.360
2,1,1,80,22.867
2,1,1,80,1.577
2,1,1,80,5.739
2,1,1,80,0.791
2,1,1,80,0.785
2,1,1,80,9.637
2,1,1,80,2.301
2,1,1,80,5.049
2,1,1,80,2.230
2,1,1,80,2.354
2,1,1,80,1.784
2,1,1,80,0.577
2,1,1,80,1.245
2,1,1,80,0.791
2,1,1,80,0.969
2,1,1,80,0.309
2,1,1,80,2.062
2,1,1,80,2.672
2,1,1,80,7.465
2,1,1,80,0.719
2,1,1,80,1.787
2,1,1,80,1.991
2,1,1,80,1.618
2,1,1,80,2.392
2,1,1,80,14.630
2,1,1,80,2.068
2,1,1,80,1.394
2,1,1,80,1.423
2,1,1,80,2.653
2,1,1,80,2.715
2,1,1,80,2.726
2,1,1,80,2.434
2,1,1,80,0.811
2,1,1,80,0.566
2,1,1,80,3.689
2,1,1,80,1.619
2,1,1,80,2.955
2,1,1,80,0.836
2,1,1,80,1.062
2,1,1,80,2.273
2,1,1,80,7.812
2,1,1,80,4.896
2,1,1,80,11.818
2,1,1,80,7.068
2,1,1,80,0.791
2,1,1,80,0.694
2,1,1,80,4.174
2,1,1,80,7.425
2,1,1,80,16.317
2,1,1,80,2.829
2,1,1,80,2.192
2,1,1,80,6.667
2,1,1,80,5.479
2,1,1,80,4.407
2,1,1,80,4.059
2,1,1,80,1.221
2,1,1,80,15.808
2,1,1,80,6.232
2,1,1,80,5.212
2,1,1,80,4.265
2,1,1,80,5.136
2,1,1,80,2.671
2,1,1,80,1.350
2,1,1,80,2.117
2,1,1,80,0.642
2,1,1,80,0.595
2,1,1,80,6.857
2,1,1,80,6.621
2,1,1,80,0.353
2,1,1,80,0.974
2,1,1,80,8.645
2,1,1,80,2.060
2,1,1,80,11.726
2,1,1,80,1.240
2,1,1,80,1.766
2,1,1,80,2.770
2,1,1,80,3.501
2,1,1,80,2.308
2,1,1,80,5.965
2,1,1,80,0.576
2,1,1,80,5.436
2,1,1,80,1.401
2,1,1,80,4.955
2,1,1,80,0.926
2,1,1,80,13.514
2,1,1,80,0.864
2,1,1,80,0.925
2,1,1,80,1.684
2,1,1,80,2.786
2,1,1,80,0.605
2,1,1,80,5.793
2,1,1,80,3.011
2,1,1,80,0.314
2,1,1,80,0.921
2,1,1,80,1.672
2,1,1,80,0.941
2,1,1,80,4.735
2,1,1,80,2.469
2,1,1,80,2.145
2,1,1,80,0.545
2,1,1,80,2.314
2,1,1,80,2.231
2,1,1,80,7.475
2,1,1,80,2.074
2,1,1,80,1.514
2,1,1,80,1.476
2,1,1,80,1.272
2,1,1,80,2.762
2,1,1,80,2.057
2,1,1,80,1.239
2,1,1,80,0.586
2,1,1,80,3.476
2,1,1,80,4.678
2,1,1,80,1.759
2,1,1,80,4.563
2,1,1,80,1.046
2,1,1,80,0.647
2,1,1,80,2.561
2,1,1,80,0.843
2,1,1,80,1.006
2,1,1,80,22.478
2,1,1,80,7.167
2,1,1,80,29.380
2,1,1,80,13.627
2,1,1,80,10.263
2,1,1,80,1.127
2,1,1,80,5.366
2,1,1,80,1.916
2,1,1,80,1.500
2,1,1,80,0.826
2,1,1,80,0.942
2,1,1,80,1.796
2,1,1,80,8.620
2,1,1,80,11.667
2,1,1,80,2.045
2,1,1,80,0.835
2,1,1,80,5.051
2,1,1,80,0.626
2,1,1,80,7.786
2,1,1,80,0.980
2,1,1,80,1.189
2,1,1,80,7.507
2,1,1,80,1.416
2,1,1,80,2.553
2,1,1,80,7.639
2,1,1,80,1.347
2,1,1,80,1.971
2,1,1,80,1.428
2,1,1,80,2.271
2,1,1,80,0.928
2,1,1,80,2.665
2,1,1,80,2.305
2,1,1,80,9.392
2,1,1,80,2.424
2,1,1,80,0.578
2,1,1,80,0.622
2,1,1,80,3.014
2,1,1,80,2.651
2,1,1,80,3.674
2,1,1,80,1.084
2,1,1,80,6.743
2,1,1,80,4.835
2,1,1,80,4.126
2,1,1,80,3.325
2,1,1,80,0.585
2,1,1,80,1.226
2,1,1,80,1.276
2,1,1,80,0.817
2,1,1,80,30.605
2,1,1,80,1.071
2,1,1,80,2.579
2,1,1,80,7.278
2,1,1,80,1.514
2,1,1,80,1.632
2,1,1,80,4.439
2,1,1,80,4.235
2,1,1,80,2.777
2,1,1,80,0.514
2,1,1,80,0.731
2,1,1,80,1.243
2,1,1,80,9.441
2,1,1,80,0.511
2,1,1,80,3.559
2,1,1,80,2.954
2,1,1,80,0.355
2,1,1,80,0.804
2,1,1,80,8.370
2,1,1,80,0.837
2,1,1,80,10.408
2,1,1,80,2.316
2,1,1,80,6.523
2,1,1,80,3.438
2,1,1,80,19.203
2,1,1,80,1.402
2,1,1,80,1.194
2,1,1,80,1.070
2,1,1,80,1.184
2,1,1,80,4.092
2,1,1,80,9.364
2,1,1,80,0.946
2,1,1,80,7.583
2,1,1,80,2.742
2,1,1,80,5.759
2,1,1,80,5.750
2,1,1,80,6.628
2,1,1,80,1.189
2,1,1,80,1.410
2,1,1,80,4.749
2,1,1,80,4.379
2,1,1,80,2.355
2,1,1,80,7.571
2,1,1,80,3.492
2,1,1,80,0.576
2,1,1,80,0.566
2,1,1,80,0.966
2,1,1,80,0.869
2,1,1,80,32.544
2,1,1,80,0.985
2,1,1,80,1.261
2,1,1,80,0.519
2,1,1,80,0.547
2,1,1,80,3.021
2,1,1,80,2.863
2,1,1,80,3.041
2,1,1,80,3.736
2,1,1,80,4.391
2,1,1,80,3.596
2,1,1,80,4.705
2,1,1,80,6.541
2,1,1,80,3.192
2,1,1,80,2.658
2,1,1,80,0.913
2,1,1,80,4.033
2,1,1,80,3.573
2,1,1,80,3.220
2,1,1,80,2.482
2,1,1,80,1.673
2,1,1,80,1.722
2,1,1,80,0.600
2,1,1,80,9.342
2,1,1,80,13.236
2,1,1,80,14.035
2,1,1,80,4.962
2,1,1,80,3.563
2,1,1,80,1.756
2,1,1,80,5.130
2,1,1,80,5.182
2,1,1,80,1.387
2,1,1,80,1.074
2,1,1,80,10.201
2,1,1,80,0.887
2,1,1,80,0.987
2,1,1,80,4.104
2,1,1,80,0.578
2,1,1,80,0.327
2,1,1,80,0.739
2,1,1,80,0.920
2,1,1,80,1.497
2,1,1,80,7.102
2,1,1,80,1.013
2,1,1,80,0.693
2,1,1,80,2.630
2,1,1,80,0.685
2,1,1,80,1.943
2,1,1,80,15.913
2,1,1,80,0.897
2,1,1,80,0.459
2,1,1,80,1.249
2,1,1,80,1.918
2,1,1,80,0.705
2,1,1,80,5.026
2,1,1,80,2.348
2,1,1,80,1.842
2,1,1,80,1.529
2,1,1,80,7.832
2,1,1,80,1.751
2,1,1,80,10.487
2,1,1,80,1.571
2,1,1,80,0.901
2,1,1,80,0.877
2,1,1,80,6.741
2,1,1,80,7.910
2,1,1,80,0.645
2,1,1,80,0.933
2,1,1,80,0.238
2,1,1,80,0.512
2,1,1,80,0.526
2,1,1,80,7.802
2,1,1,80,20.833
2,1,1,80,2.833
2,1,1,80,3.006
2,1,1,80,2.916
2,1,1,80,3.021
2,1,1,80,3.185
2,1,1,80,7.814
2,1,1,80,0.908
2,1,1,80,13.441
2,1,1,80,0.939
2,1,1,80,7.441
2,1,1,80,0.778
2,1,1,80,9.562
2,1,1,80,0.999
2,1,1,80,1.300
2,1,1,80,0.748
2,1,1,80,1.851
2,1,1,80,1.382
2,1,1,80,4.506
2,1,1,80,5.333
2,1,1,80,21.584
2,1,1,80,3.158
2,1,1,80,2.158
2,1,1,80,5.064
2,1,1,80,11.758
2,1,1,80,0.623
2,1,1,80,0.807
2,1,1,80,0.417
2,1,1,80,0.935
2,1,1,80,2.866
2,1,1,80,5.880
2,1,1,80,0.532
2,1,1,80,0.850
2,1,1,80,40.856
2,1,1,80,8.044
2,1,1,80,2.985
2,1,1,80,3.912
2,1,1,80,7.221
2,1,1,80,12.509
2,1,1,80,0.742
2,1,1,80,3.117
2,1,1,80,1.291
2,1,1,80,2.240
2,1,1,80,0.626
2,1,1,80,0.516
2,1,1,80,2.586
2,1,1,80,0.952
2,1,1,80,0.546
2,1,1,80,7.877
2,1,1,80,3.374
2,1,1,80,0.809
2,1,1,80,2.151
2,1,1,80,5.112
2,1,1,80,3.922
2,1,1,80,2.525
2,1,1,80,1.079
2,1,1,80,0.824
2,1,1,80,0.426
2,1,1,80,0.605
2,1,1,80,2.677
2,1,1,80,1.678
2,1,1,80,1.153
2,1,1,80,1.111
2,1,1,80,0.491
2,1,1,80,10.497
2,1,1,80,2.167
2,1,1,80,2.353
2,1,1,80,4.384
2,1,1,80,1.151
2,1,1,80,8.689
2,1,1,80,5.012
2,1,1,80,0.937
2,1,1,80,40.341
2,1,1,80,6.204
2,1,1,80,4.655
2,1,1,80,1.624
2,1,1,80,0.606
2,1,1,80,0.829
2,1,1,80,1.464
2,1,1,80,2.181
2,1,1,80,0.542
2,1,1,80,0.588
2,1,1,80,5.231
2,1,1,80,1.168
2,1,1,80,10.082
2,1,1,80,7.495
2,1,1,80,2.359
2,1,1,80,1.941
2,1,1,80,0.489
2,1,1,80,0.758
2,1,1,80,7.752
2,1,1,80,0.582
2,1,1,80,0.403
2,1,1,80,2.577
2,1,1,80,2.135
2,1,1,80,2.220
2,1,1,80,6.669
2,1,1,80,0.870
2,1,1,80,1.211
2,1,1,80,1.188
2,1,1,80,2.797
2,1,1,80,14.745
2,1,1,80,2.849
2,1,1,80,1.462
2,1,1,80,2.651
2,1,1,80,2.819
2,1,1,80,2.069
2,1,1,80,0.896
2,1,1,80,1.572
2,1,1,80,6.938
2,1,1,80,4.841
2,1,1,80,1.140
2,1,1,80,10.510
2,1,1,80,7.692
2,1,1,80,3.252
2,1,1,80,2.964
2,1,1,80,0.410
2,1,1,80,7.779
2,1,1,80,63.493
2,1,1,80,6.528
2,1,1,80,17.513
2,1,1,80,1.858
2,1,1,80,2.338
2,1,1,80,4.490
2,1,1,80,9.270
2,1,1,80,2.244
2,1,1,80,1.651
2,1,1,80,6.661
2,1,1,80,2.034
2,1,1,80,0.540
2,1,1,80,1.267
2,1,1,80,1.104
2,1,1,80,1.044
2,1,1,80,0.188
2,1,1,80,1.700
2,1,1,80,4.916
2,1,1,80,1.961
2,1,1,80,8.296
2,1,1,80,2.733
2,1,1,80,2.388
2,1,1,80,0.545
2,1,1,80,3.995
2,1,1,80,1.151
2,1,1,80,3.718
2,1,1,80,12.682
2,1,1,80,2.312
2,1,1,80,2.052
2,1,1,80,2.274
2,1,1,80,2.600
2,1,1,80,0.831
2,1,1,80,1.833
2,1,1,80,31.968
2,1,1,80,15.534
2,1,1,80,7.844
2,1,1,80,1.013
2,1,1,80,1.340
2,1,1,80,10.810
2,1,1,80,0.721
2,1,1,80,0.898
2,1,1,80,2.309
2,1,1,80,0.645
2,1,1,80,0.770
2,1,1,80,0.963
2,1,1,80,2.350
2,1,1,80,0.626
2,1,1,80,2.851
2,1,1,80,4.624
2,1,1,80,3.898
2,1,1,80,33.666
2,1,1,80,4.332
2,1,1,80,3.619
2,1,1,80,10.730
2,1,1,80,1.995
2,1,1,80,2.683
2,1,1,80,1.851
2,1,1,80,0.402
2,1,1,80,0.361
2,1,1,80,0.868
2,1,1,80,1.149
2,1,1,80,0.847
2,1,1,80,1.454
2,1,1,80,0.304
2,1,1,80,2.124
2,1,1,80,1.323
2,1,1,80,360.847
2,1,1,80,4.910
2,1,1,80,3.077
2,1,1,80,3.048
2,1,1,80,1.072
2,1,1,80,6.083
2,1,1,80,0.591
2,1,1,80,9.637
2,1,1,80,33.162
2,1,1,80,1.930
2,1,1,80,1.148
2,1,1,80,0.545
2,1,1,80,0.718
2,1,1,80,0.908
2,1,1,80,1.914
2,1,1,80,4.137
2,1,1,80,2.945
2,1,1,80,1.466
2,1,1,80,6.157
2,1,1,80,3.551
2,1,1,80,7.733
2,1,1,80,4.433
2,1,1,80,0.751
2,1,1,80,0.615
2,1,1,80,0.877
2,1,1,80,0.901
2,1,1,80,1.661
2,1,1,80,0.838
2,1,1,80,0.617
2,1,1,80,1.126
2,1,1,80,1.212
2,1,1,80,5.060
2,1,1,80,14.772
2,1,1,80,2.814
2,1,1,80,4.704
2,1,1,80,1.859
2,1,1,80,2.196
2,1,1,80,1.356
2,1,1,80,2.589
2,1,1,80,0.727
2,1,1,80,0.582
2,1,1,80,0.386
2,1,1,80,9.887
2,1,1,80,5.148
2,1,1,80,12.166
2,1,1,80,2.035
2,1,1,80,2.046
2,1,1,80,0.588
2,1,1,80,1.167
2,1,1,80,4.481
2,1,1,80,6.585
2,1,1,80,6.165
2,1,1,80,1.831
2,1,1,80,1.878
2,1,1,80,1.787
2,1,1,80,0.980
2,1,1,80,8.134
2,1,1,80,1.208
2,1,1,80,0.975
2,1,1,80,3.032
2,1,1,80,0.701
2,1,1,80,0.968
2,1,1,80,2.096
2,1,1,80,1.044
2,1,1,80,0.852
2,1,1,80,1.136
2,1,1,80,1.896
2,1,1,80,4.192
2,1,1,80,0.316
2,1,1,80,3.668
2,1,1,80,1.981
2,1,1,80,8.071
2,1,1,80,1.616
2,1,1,80,5.296
2,1,1,80,3.568
2,1,1,80,1.289
2,1,1,80,0.710
2,1,1,80,0.747
2,1,1,80,0.913
2,1,1,80,2.772
2,1,1,80,15.220
2,1,1,80,0.908
2,1,1,80,1.338
2,1,1,80,10.683
2,1,1,80,2.963
2,1,1,80,4.970
2,1,1,80,6.241
2,1,1,80,5.605
2,1,1,80,21.389
2,1,1,80,7.657
2,1,1,80,2.194
2,1,1,80,1.907
2,1,1,80,3.407
2,1,1,80,76.976
2,1,1,80,11.803
2,1,1,80,7.461
2,1,1,80,10.101
2,1,1,80,7.913
2,1,1,80,5.736
2,1,1,80,4.306
2,1,1,80,2.689
2,1,1,80,5.844
2,1,1,80,2.302
2,1,1,80,3.686
2,1,1,80,13.199
2,1,1,80,3.923
2,1,1,80,2.702
2,1,1,80,9.718
2,1,1,80,2.391
2,1,1,80,0.750
2,1,1,80,1.366
2,1,1,80,2.238
2,1,1,80,3.919
2,1,1,80,0.793
2,1,1,80,0.328
2,1,1,80,6.911
2,1,1,80,0.947
2,1,1,80,2.270
2,1,1,80,2.064
2,1,1,80,3.891
2,1,1,80,2.306
2,1,1,80,4.930
2,1,1,80,3.032
2,1,1,80,1.124
2,1,1,80,6.983
2,1,1,80,2.827
2,1,1,80,1.110
2,1,1,80,69.152
2,1,1,80,48.673
2,1,1,80,9.413
2,1,1,80,7.430
2,1,1,80,8.250
2,1,1,80,0.814
2,1,1,80,2.163
2,1,1,80,4.990
2,1,1,80,1.478
2,1,1,80,3.929
2,1,1,80,2.860
2,1,1,80,2.609
2,1,1,80,0.840
2,1,1,80,4.925
2,1,1,80,2.371
2,1,1,80,4.411
2,1,1,80,0.692
2,1,1,80,0.601
2,1,1,80,0.473
2,1,1,80,1.615
2,1,1,80,0.611
2,1,1,80,1.973
2,1,1,80,2.642
2,1,1,80,4.549
2,1,1,80,5.051
2,1,1,80,11.328
2,1,1,80,4.329
2,1,1,80,2.722
2,1,1,80,2.271
2,1,1,80,0.811
2,1,1,80,0.826
2,1,1,80,7.160
2,1,1,80,0.884
2,1,1,80,1.156
2,1,1,80,0.719
2,1,1,80,3.041
2,1,1,80,2.238
2,1,1,80,5.760
2,1,1,80,4.087
2,1,1,80,2.487
2,1,1,80,1.891
2,1,1,80,4.800
2,1,1,80,4.990
2,1,1,80,24.623
2,1,1,80,4.021
2,1,1,80,1.793
2,1,1,80,1.901
2,1,1,80,1.851
2,1,1,80,0.732
2,1,1,80,17.147
2,1,1,80,0.953
2,1,1,80,1.157
2,1,1,80,0.417
2,1,1,80,0.503
2,1,1,80,2.702
2,1,1,80,6.580
2,1,1,80,1.642
2,1,1,80,5.444
2,1,1,80,6.081
2,1,1,80,1.806
2,1,1,80,1.262
2,1,1,80,4.189
2,1,1,80,2.491
2,1,1,80,1.514
2,1,1,80,3.003
2,1,1,80,10.199
2,1,1,80,2.044
2,1,1,80,1.931
2,1,1,80,2.313
2,1,1,80,0.793
2,1,1,80,0.651
2,1,1,80,16.842
2,1,1,80,1.404
2,1,1,80,6.944
2,1,1,80,4.216
2,1,1,80,3.631
2,1,1,80,1.684
2,1,1,80,1.082
2,1,1,80,4.750
2,1,1,80,9.472
2,1,1,80,0.581
2,1,1,80,26.921
2,1,1,80,4.120
2,1,1,80,5.500
2,1,1,80,4.108
2,1,1,80,1.262
2,1,1,80,0.239
2,1,1,80,1.013
2,1,1,80,3.035
2,1,1,80,6.628
2,1,1,80,1.151
2,1,1,80,8.153
2,1,1,80,2.153
2,1,1,80,4.644
2,1,1,80,1.841
2,1,1,80,2.196
2,1,1,80,1.160
2,1,1,80,23.373
2,1,1,80,0.877
2,1,1,80,0.661
2,1,1,80,1.284
2,1,1,80,1.056
2,1,1,80,2.424
2,1,1,80,8.484
2,1,1,80,2.041
2,1,1,80,0.761
2,1,1,80,1.093
2,1,1,80,2.671
2,1,1,80,7.567
2,1,1,80,5.219
2,1,1,80,2.848
2,1,1,80,2.703
2,1,1,80,4.951
2,1,1,80,1.676
2,1,1,80,0.357
2,1,1,80,1.399
2,1,1,80,1.372
2,1,1,80,1.465
2,1,1,80,1.324
2,1,1,80,0.598
2,1,1,80,4.534
2,1,1,80,36.033
2,1,1,80,4.686
2,1,1,80,1.847
2,1,1,80,1.037
2,1,1,80,2.282
2,1,1,80,2.880
2,1,1,80,4.696
2,1,1,80,2.228
2,1,1,80,1.004
2,1,1,80,8.642
2,1,1,80,1.776
2,1,1,80,0.652
2,1,1,80,4.370
2,1,1,80,2.471
2,1,1,80,4.329
2,1,1,80,0.318
2,1,1,80,0.470
2,1,1,80,3.181
2,1,1,80,9.222
2,1,1,80,0.313
2,1,1,80,4.874
2,1,1,80,2.708
2,1,1,80,2.239
2,1,1,80,2.171
2,1,1,80,26.159
2,1,1,80,4.813
2,1,1,80,6.715
2,1,1,80,2.340
2,1,1,80,6.501
2,1,1,80,0.867
2,1,1,80,2.050
2,1,1,80,0.884
2,1,1,80,0.971
2,1,1,80,0.822
2,1,1,80,0.941
2,1,1,80,58.722
2,1,1,80,10.478
2,1,1,80,8.688
2,1,1,80,5.142
2,1,1,80,5.551
2,1,1,80,4.316
2,1,1,80,2.508
2,1,1,80,3.203
2,1,1,80,0.698
2,1,1,80,1.120
2,1,1,80,3.194
2,1,1,80,0.778
2,1,1,80,0.585
2,1,1,80,18.585
2,1,1,80,0.409
2,1,1,80,1.262
2,1,1,80,2.836
2,1,1,80,6.534
2,1,1,80,1.239
2,1,1,80,7.157
2,1,1,80,9.175
2,1,1,80,4.395
2,1,1,80,3.312
2,1,1,80,1.710
2,1,1,80,0.557
2,1,1,80,4.424
2,1,1,80,2.731
2,1,1,80,1.051
2,1,1,80,2.473
2,1,1,80,7.740
2,1,1,80,1.289
2,1,1,80,2.010
2,1,1,80,2.184
2,1,1,80,18.293
2,1,1,80,0.761
2,1,1,80,15.655
2,1,1,80,9.089
2,1,1,80,17.090
2,1,1,80,2.698
2,1,1,80,5.487
2,1,1,80,0.825
2,1,1,80,0.365
2,1,1,80,6.164
2,1,1,80,2.628
2,1,1,80,1.075
2,1,1,80,30.037
2,1,1,80,8.586
2,1,1,80,7.109
2,1,1,80,0.607
2,1,1,80,7.226
2,1,1,80,7.947
2,1,1,80,2.854
2,1,1,80,2.171
2,1,1,80,4.305
2,1,1,80,2.539
2,1,1,80,4.492
2,1,1,80,1.983
2,1,1,80,0.494
2,1,1,80,2.704
2,1,1,80,1.174
2,1,1,80,0.958
2,1,1,80,19.385
2,1,1,80,2.388
2,1,1,80,3.771
2,1,1,80,0.845
2,1,1,80,0.722
2,1,1,80,2.917
2,1,1,80,1.653
2,1,1,80,1.413
2,1,1,80,12.412
2,1,1,80,5.661
2,1,1,80,195.312
2,1,1,80,3.852
2,1,1,80,18.716
2,1,1,80,4.666
2,1,1,80,2.736
2,1,1,80,6.711
2,1,1,80,1.065
2,1,1,80,0.418
2,1,1,80,4.943
2,1,1,80,0.752
2,1,1,80,0.637
2,1,1,80,2.432
2,1,1,80,2.075
2,1,1,80,2.475
2,1,1,80,18.128
2,1,1,80,3.323
2,1,1,80,3.469
2,1,1,80,2.749
2,1,1,80,4.185
2,1,1,80,1.211
2,1,1,80,3.447
2,1,1,80,1.570
2,1,1,80,0.732
2,1,1,80,4.183
2,1,1,80,1.705
2,1,1,80,1.064
2,1,1,80,3.448
2,1,1,80,2.453
2,1,1,80,0.644
2,1,1,80,1.329
2,1,1,80,1.108
2,1,1,80,8.287
2,1,1,80,8.095
2,1,1,80,1.084
2,1,1,80,1.783
2,1,1,80,5.448
2,1,1,80,2.997
2,1,1,80,1.372
2,1,1,80,7.909
2,1,1,80,1.487
2,1,1,80,2.958
2,1,1,80,1.702
2,1,1,80,2.627
2,1,1,80,1.033
2,1,1,80,2.417
2,1,1,80,0.407
2,1,1,80,2.821
2,1,1,80,2.638
2,1,1,80,4.609
2,1,1,80,1.922
2,1,1,80,2.392
2,1,1,80,0.996
2,1,1,80,2.508
2,1,1,80,0.671
2,1,1,80,5.392
2,1,1,80,6.536
2,1,1,80,2.659
2,1,1,80,1.315
2,1,1,80,0.718
2,1,1,80,1.186
2,1,1,80,33.068
2,1,1,80,33.915
2,1,1,80,20.579
2,1,1,80,7.634
2,1,1,80,11.951
2,1,1,80,8.674
2,1,1,80,2.635
2,1,1,80,0.909
2,1,1,80,7.562
2,1,1,80,9.058
2,1,1,80,1.428
2,1,1,80,3.045
2,1,1,80,0.314
2,1,1,80,5.699
2,1,1,80,4.413
2,1,1,80,2.484
2,1,1,80,1.224
2,1,1,80,1.470
2,1,1,80,5.598
2,1,1,80,0.457
2,1,1,80,4.302
2,1,1,80,8.501
2,1,1,80,5.442
2,1,1,80,10.050
2,1,1,80,11.745
2,1,1,80,5.642
2,1,1,80,24.703
2,1,1,80,2.997
2,1,1,80,1.193
2,1,1,80,0.452
2,1,1,80,1.009
2,1,1,80,2.371
2,1,1,80,4.564
2,1,1,80,0.481
2,1,1,80,3.648
2,1,1,80,2.498
2,1,1,80,13.890
2,1,1,80,4.933
2,1,1,80,11.216
2,1,1,80,2.930
2,1,1,80,4.156
2,1,1,80,3.737
2,1,1,80,11.737
2,1,1,80,3.527
2,1,1,80,3.501
2,1,1,80,3.696
2,1,1,80,4.278
2,1,1,80,2.172
2,1,1,80,1.102
2,1,1,80,1.074
2,1,1,80,20.649
2,1,1,80,1.405
2,1,1,80,0.377
2,1,1,80,13.103
2,1,1,80,4.175
2,1,1,80,10.340
2,1,1,80,4.025
2,1,1,80,1.489
2,1,1,80,1.321
2,1,1,80,0.891
2,1,1,80,1.301
2,1,1,80,2.575
2,1,1,80,1.336
2,1,1,80,0.216
2,1,1,80,0.886
2,1,1,80,2.227
2,1,1,80,0.624
2,1,1,80,2.324
2,1,1,80,8.063
2,1,1,80,7.554
2,1,1,80,2.740
2,1,1,80,1.778
2,1,1,80,1.290
2,1,1,80,2.016
2,1,1,80,1076.767
2,1,1,80,79.530
2,1,1,80,2.189
2,1,1,80,1.491
2,1,1,80,47.177
2,1,1,80,9.578
2,1,1,80,7.681
2,1,1,80,8.402
2,1,1,80,3.105
2,1,1,80,1.316
2,1,1,80,0.745
2,1,1,80,3.097
2,1,1,80,0.798
2,1,1,80,3.041
2,1,1,80,9.051
2,1,1,80,2.655
2,1,1,80,1.506
2,1,1,80,1.286
2,1,1,80,2.818
2,1,1,80,0.620
2,1,1,80,0.696
2,1,1,80,2.318
2,1,1,80,6.646
2,1,1,80,2.927
2,1,1,80,15.739
3,1,2,80,0.500
3,1,2,80,35.693
3,1,2,80,33.791
3,1,2,80,8.652
3,1,2,80,8.121
3,1,2,80,7.275
3,1,2,80,29.310
3,1,2,80,8.311
3,1,2,80,12.627
3,1,2,80,10.097
3,1,2,80,7.855
3,1,2,80,21.585
3,1,2,80,5.673
3,1,2,80,7.063
3,1,2,80,8.557
3,1,2,80,8.052
3,1,2,80,95.554
3,1,2,80,13.109
3,1,2,80,11.942
3,1,2,80,1.238
3,1,2,80,8.291
3,1,2,80,8.063
3,1,2,80,9.453
3,1,2,80,30.543
3,1,2,80,9.101
3,1,2,80,1.616
3,1,2,80,12.703
3,1,2,80,1.138
3,1,2,80,3.838
3,1,2,80,4.703
3,1,2,80,6.580
3,1,2,80,13.879
3,1,2,80,37.800
3,1,2,80,4.278
3,1,2,80,1.901
3,1,2,80,7.472
3,1,2,80,6.699
3,1,2,80,7.172
3,1,2,80,8.164
3,1,2,80,3.528
3,1,2,80,6.001
3,1,2,80,2.173
3,1,2,80,2.668
3,1,2,80,4.249
3,1,2,80,8.523
3,1,2,80,0.930
3,1,2,80,1.234
3,1,2,80,52.259
3,1,2,80,9.699
3,1,2,80,5.978
3,1,2,80,0.219
3,1,2,80,0.591
3,1,2,80,0.443
3,1,2,80,5.112
3,1,2,80,0.834
3,1,2,80,0.853
3,1,2,80,0.197
3,1,2,80,9.636
3,1,2,80,7.958
3,1,2,80,8.802
3,1,2,80,7.323
3,1,2,80,6.949
3,1,2,80,0.411
3,1,2,80,0.562
3,1,2,80,2.454
3,1,2,80,7.725
3,1,2,80,7.382
3,1,2,80,3.698
3,1,2,80,7.858
3,1,2,80,6.491
3,1,2,80,5.391
3,1,2,80,29.119
3,1,2,80,6.887
3,1,2,80,8.492
3,1,2,80,7.121
3,1,2,80,8.012
3,1,2,80,6.688
3,1,2,80,1.713
3,1,2,80,2.573
3,1,2,80,6.693
3,1,2,80,6.612
3,1,2,80,7.129
3,1,2,80,6.176
3,1,2,80,3.711
3,1,2,80,9.434
3,1,2,80,7.142
3,1,2,80,6.555
3,1,2,80,6.244
3,1,2,80,6.602
3,1,2,80,7.762
3,1,2,80,2.012
3,1,2,80,9.049
3,1,2,80,8.661
3,1,2,80,6.586
3,1,2,80,8.297
3,1,2,80,69.745
3,1,2,80,1.922
3,1,2,80,8.210
3,1,2,80,9.646
3,1,2,80,7.244
3,1,2,80,9.005
3,1,2,80,1.826
3,1,2,80,6.715
3,1,2,80,7.373
3,1,2,80,9.346
3,1,2,80,7.044
3,1,2,80,7.126
3,1,2,80,7.190
3,1,2,80,6.757
3,1,2,80,7.112
3,1,2,80,7.525
3,1,2,80,8.481
3,1,2,80,6.521
3,1,2,80,6.585
3,1,2,80,7.417
3,1,2,80,7.500
3,1,2,80,6.506
3,1,2,80,6.557
3,1,2,80,8.005
3,1,2,80,12.477
3,1,2,80,0.220
3,1,2,80,8.075
3,1,2,80,10.906
3,1,2,80,8.386
3,1,2,80,1.667
3,1,2,80,8.131
3,1,2,80,8.466
3,1,2,80,6.584
3,1,2,80,6.687
3,1,2,80,7.744
3,1,2,80,6.301
3,1,2,80,2.567
3,1,2,80,0.631
3,1,2,80,8.645
3,1,2,80,8.031
3,1,2,80,8.574
3,1,2,80,6.612
3,1,2,80,70.918
3,1,2,80,2.449
3,1,2,80,8.997
3,1,2,80,7.628
3,1,2,80,7.619
3,1,2,80,7.033
3,1,2,80,10.529
3,1,2,80,7.544
3,1,2,80,6.742
3,1,2,80,7.855
3,1,2,80,6.311
3,1,2,80,6.282
3,1,2,80,1.936
3,1,2,80,7.289
3,1,2,80,6.826
3,1,2,80,6.666
3,1,2,80,7.252
3,1,2,80,10.231
3,1,2,80,8.229
3,1,2,80,6.196
3,1,2,80,3.239
3,1,2,80,8.974
3,1,2,80,6.421
3,1,2,80,0.754
3,1,2,80,6.539
3,1,2,80,6.396
3,1,2,80,8.285
3,1,2,80,6.143
3,1,2,80,4.287
3,1,2,80,3.719
3,1,2,80,2.538
3,1,2,80,13.826
3,1,2,80,5.544
3,1,2,80,6.168
3,1,2,80,10.016
3,1,2,80,7.702
3,1,2,80,47.530
3,1,2,80,8.719
3,1,2,80,6.282
3,1,2,80,3.590
3,1,2,80,4.166
3,1,2,80,11.728
3,1,2,80,7.937
3,1,2,80,12.007
3,1,2,80,8.763
3,1,2,80,7.308
3,1,2,80,4.281
3,1,2,80,6.534
3,1,2,80,1.585
3,1,2,80,8.306
3,1,2,80,3.836
3,1,2,80,6.567
3,1,2,80,8.589
3,1,2,80,6.797
3,1,2,80,6.500
3,1,2,80,6.755
3,1,2,80,2.805
3,1,2,80,8.011
3,1,2,80,7.086
3,1,2,80,8.559
3,1,2,80,2.680
3,1,2,80,6.834
3,1,2,80,6.600
3,1,2,80,6.547
3,1,2,80,6.249
3,1,2,80,6.889
3,1,2,80,9.771
3,1,2,80,10.250
3,1,2,80,6.724
3,1,2,80,7.854
3,1,2,80,0.549
3,1,2,80,13.712
3,1,2,80,10.637
3,1,2,80,8.868
3,1,2,80,0.741
3,1,2,80,0.542
3,1,2,80,6.653
3,1,2,80,7.972
3,1,2,80,0.601
3,1,2,80,6.775
3,1,2,80,7.499
3,1,2,80,1.482
3,1,2,80,13.681
3,1,2,80,10.294
3,1,2,80,7.453
3,1,2,80,8.019
3,1,2,80,7.372
3,1,2,80,2.145
3,1,2,80,8.111
3,1,2,80,8.070
3,1,2,80,10.762
3,1,2,80,8.385
3,1,2,80,7.380
3,1,2,80,8.010
3,1,2,80,7.716
3,1,2,80,39.672
3,1,2,80,8.645
3,1,2,80,6.824
3,1,2,80,7.756
3,1,2,80,6.731
3,1,2,80,9.810
3,1,2,80,6.548
3,1,2,80,8.352
3,1,2,80,8.411
3,1,2,80,7.315
3,1,2,80,120.412
3,1,2,80,0.501
3,1,2,80,6.619
3,1,2,80,13.115
3,1,2,80,28.536
3,1,2,80,0.678
3,1,2,80,8.743
3,1,2,80,7.997
3,1,2,80,6.531
3,1,2,80,10.593
3,1,2,80,6.519
3,1,2,80,8.687
3,1,2,80,8.498
3,1,2,80,7.909
3,1,2,80,6.495
3,1,2,80,8.261
3,1,2,80,8.078
3,1,2,80,8.641
3,1,2,80,2.153
3,1,2,80,6.690
3,1,2,80,6.814
3,1,2,80,6.367
3,1,2,80,6.729
3,1,2,80,6.886
3,1,2,80,6.604
3,1,2,80,7.880
3,1,2,80,7.487
3,1,2,80,1.054
3,1,2,80,9.540
3,1,2,80,8.552
3,1,2,80,6.373
3,1,2,80,4.756
3,1,2,80,2.353
3,1,2,80,9.195
3,1,2,80,8.967
3,1,2,80,0.555
3,1,2,80,7.910
3,1,2,80,7.241
3,1,2,80,6.908
3,1,2,80,8.230
3,1,2,80,6.350
3,1,2,80,7.242
3,1,2,80,8.100
3,1,2,80,6.566
3,1,2,80,8.022
3,1,2,80,7.784
3,1,2,80,2.160
3,1,2,80,7.791
3,1,2,80,17.705
3,1,2,80,8.804
3,1,2,80,6.799
3,1,2,80,9.022
3,1,2,80,8.178
3,1,2,80,11.823
3,1,2,80,1.236
3,1,2,80,3.249
3,1,2,80,14.606
3,1,2,80,1.502
3,1,2,80,7.579
3,1,2,80,6.575
3,1,2,80,7.793
3,1,2,80,7.030
3,1,2,80,8.151
3,1,2,80,0.312
3,1,2,80,7.049
3,1,2,80,11.575
3,1,2,80,8.485
3,1,2,80,8.845
3,1,2,80,0.191
3,1,2,80,14.319
3,1,2,80,0.484
3,1,2,80,6.576
3,1,2,80,8.498
3,1,2,80,7.701
3,1,2,80,6.541
3,1,2,80,0.695
3,1,2,80,7.037
3,1,2,80,7.374
3,1,2,80,1.235
3,1,2,80,2.232
3,1,2,80,0.325
3,1,2,80,14.387
3,1,2,80,9.659
3,1,2,80,1.795
3,1,2,80,10.857
3,1,2,80,0.648
3,1,2,80,7.303
3,1,2,80,1.476
3,1,2,80,6.432
3,1,2,80,7.800
3,1,2,80,8.130
3,1,2,80,6.622
3,1,2,80,3.935
3,1,2,80,15.379
3,1,2,80,11.001
3,1,2,80,10.355
3,1,2,80,8.169
3,1,2,80,9.117
3,1,2,80,7.705
3,1,2,80,3.104
3,1,2,80,8.176
3,1,2,80,7.581
3,1,2,80,5.433
3,1,2,80,0.167
3,1,2,80,0.724
3,1,2,80,0.375
3,1,2,80,10.472
3,1,2,80,0.448
3,1,2,80,6.756
3,1,2,80,7.925
3,1,2,80,1.107
3,1,2,80,0.462
3,1,2,80,7.160
3,1,2,80,7.138
3,1,2,80,7.617
3,1,2,80,1.042
3,1,2,80,8.538
3,1,2,80,11.609
3,1,2,80,0.129
3,1,2,80,7.425
3,1,2,80,6.307
3,1,2,80,8.300
3,1,2,80,6.559
3,1,2,80,6.254
3,1,2,80,6.733
3,1,2,80,6.336
3,1,2,80,7.133
3,1,2,80,7.738
3,1,2,80,0.627
3,1,2,80,10.342
3,1,2,80,7.593
3,1,2,80,8.952
3,1,2,80,9.501
3,1,2,80,6.571
3,1,2,80,0.888
3,1,2,80,10.126
3,1,2,80,8.664
3,1,2,80,64.469
3,1,2,80,2.802
3,1,2,80,0.466
3,1,2,80,12.495
3,1,2,80,17.671
3,1,2,80,7.240
3,1,2,80,7.184
3,1,2,80,6.235
3,1,2,80,9.571
3,1,2,80,2.267
3,1,2,80,9.923
3,1,2,80,11.395
3,1,2,80,0.248
3,1,2,80,9.416
3,1,2,80,8.055
3,1,2,80,10.370
3,1,2,80,3.570
3,1,2,80,7.979
3,1,2,80,6.918
3,1,2,80,6.820
3,1,2,80,10.629
3,1,2,80,2.257
3,1,2,80,7.856
3,1,2,80,1.639
3,1,2,80,9.456
3,1,2,80,4.034
3,1,2,80,7.314
3,1,2,80,7.740
3,1,2,80,5.441
3,1,2,80,9.196
3,1,2,80,0.218
3,1,2,80,9.263
3,1,2,80,0.809
3,1,2,80,6.295
3,1,2,80,7.368
3,1,2,80,6.554
3,1,2,80,1.103
3,1,2,80,11.356
3,1,2,80,11.271
3,1,2,80,8.242
3,1,2,80,0.458
3,1,2,80,6.758
3,1,2,80,5.585
3,1,2,80,7.451
3,1,2,80,8.373
3,1,2,80,0.610
3,1,2,80,8.761
3,1,2,80,6.545
3,1,2,80,7.320
3,1,2,80,19.581
3,1,2,80,0.274
3,1,2,80,7.289
3,1,2,80,10.033
3,1,2,80,6.456
3,1,2,80,9.835
3,1,2,80,7.461
3,1,2,80,8.357
3,1,2,80,7.928
3,1,2,80,3.352
3,1,2,80,7.615
3,1,2,80,7.989
3,1,2,80,9.650
3,1,2,80,0.599
3,1,2,80,3.064
3,1,2,80,3.448
3,1,2,80,8.174
3,1,2,80,7.995
3,1,2,80,6.599
3,1,2,80,0.952
3,1,2,80,6.728
3,1,2,80,0.528
3,1,2,80,6.568
3,1,2,80,6.270
3,1,2,80,6.633
3,1,2,80,6.439
3,1,2,80,6.777
3,1,2,80,5.608
3,1,2,80,61.836
3,1,2,80,7.555
3,1,2,80,2.254
3,1,2,80,100.207
3,1,2,80,20.525
3,1,2,80,15.883
3,1,2,80,13.831
3,1,2,80,4.562
3,1,2,80,8.817
3,1,2,80,6.587
3,1,2,80,8.221
3,1,2,80,8.816
3,1,2,80,6.616
3,1,2,80,8.465
3,1,2,80,6.153
3,1,2,80,8.349
3,1,2,80,6.778
3,1,2,80,6.392
3,1,2,80,1.129
3,1,2,80,9.218
3,1,2,80,14.834
3,1,2,80,17.978
3,1,2,80,1.866
3,1,2,80,22.941
3,1,2,80,10.551
3,1,2,80,7.381
3,1,2,80,7.558
3,1,2,80,6.258
3,1,2,80,7.294
3,1,2,80,7.785
3,1,2,80,53.621
3,1,2,80,1.700
3,1,2,80,7.026
3,1,2,80,4.102
3,1,2,80,7.868
3,1,2,80,11.763
3,1,2,80,15.288
3,1,2,80,8.922
3,1,2,80,1.577
3,1,2,80,7.221
3,1,2,80,7.671
3,1,2,80,2.313
3,1,2,80,10.135
3,1,2,80,8.217
3,1,2,80,6.919
3,1,2,80,6.368
3,1,2,80,6.587
3,1,2,80,2.187
3,1,2,80,4.563
3,1,2,80,8.278
3,1,2,80,6.600
3,1,2,80,5.845
3,1,2,80,13.872
3,1,2,80,5.970
3,1,2,80,1.257
3,1,2,80,3.630
3,1,2,80,7.941
3,1,2,80,8.329
3,1,2,80,8.313
3,1,2,80,7.037
3,1,2,80,6.552
3,1,2,80,7.880
3,1,2,80,6.946
3,1,2,80,6.925
3,1,2,80,7.424
3,1,2,80,2.368
3,1,2,80,7.126
3,1,2,80,7.043
3,1,2,80,7.237
3,1,2,80,7.251
3,1,2,80,11.023
3,1,2,80,32.126
3,1,2,80,7.438
3,1,2,80,6.326
3,1,2,80,7.814
3,1,2,80,8.008
3,1,2,80,0.358
3,1,2,80,0.201
3,1,2,80,6.765
3,1,2,80,3.580
3,1,2,80,11.434
3,1,2,80,8.493
3,1,2,80,7.847
3,1,2,80,12.916
3,1,2,80,8.661
3,1,2,80,1.260
3,1,2,80,12.965
3,1,2,80,7.723
3,1,2,80,7.099
3,1,2,80,1.406
3,1,2,80,10.245
3,1,2,80,8.610
3,1,2,80,10.123
3,1,2,80,7.902
3,1,2,80,6.578
3,1,2,80,6.768
3,1,2,80,6.345
3,1,2,80,6.888
3,1,2,80,6.823
3,1,2,80,6.162
3,1,2,80,1.211
3,1,2,80,3.028
3,1,2,80,7.053
3,1,2,80,29.004
3,1,2,80,2.746
3,1,2,80,2.641
3,1,2,80,7.964
3,1,2,80,7.569
3,1,2,80,2.862
3,1,2,80,14.427
3,1,2,80,3.561
3,1,2,80,8.547
3,1,2,80,7.134
3,1,2,80,3.295
3,1,2,80,3.179
3,1,2,80,12.305
3,1,2,80,1.929
3,1,2,80,1.749
3,1,2,80,3.542
3,1,2,80,31.363
3,1,2,80,8.401
3,1,2,80,4.012
3,1,2,80,4.379
3,1,2,80,3.525
3,1,2,80,9.115
3,1,2,80,1.102
3,1,2,80,8.573
3,1,2,80,7.250
3,1,2,80,9.456
3,1,2,80,9.687
3,1,2,80,6.914
3,1,2,80,6.264
3,1,2,80,7.482
3,1,2,80,6.799
3,1,2,80,3.869
3,1,2,80,12.892
3,1,2,80,3.829
3,1,2,80,7.069
3,1,2,80,7.713
3,1,2,80,1.263
3,1,2,80,9.223
3,1,2,80,7.563
3,1,2,80,1.919
3,1,2,80,8.813
3,1,2,80,8.821
3,1,2,80,0.273
3,1,2,80,1.633
3,1,2,80,9.682
3,1,2,80,9.195
3,1,2,80,9.385
3,1,2,80,1.705
3,1,2,80,6.639
3,1,2,80,8.671
3,1,2,80,3.971
3,1,2,80,2.331
3,1,2,80,14.584
3,1,2,80,9.388
3,1,2,80,7.115
3,1,2,80,7.593
3,1,2,80,8.389
3,1,2,80,3.995
3,1,2,80,7.027
3,1,2,80,11.003
3,1,2,80,8.461
3,1,2,80,7.656
3,1,2,80,6.839
3,1,2,80,7.995
3,1,2,80,20.168
3,1,2,80,1.694
3,1,2,80,9.087
3,1,2,80,3.112
3,1,2,80,2.437
3,1,2,80,9.330
3,1,2,80,5.151
3,1,2,80,9.575
3,1,2,80,6.830
3,1,2,80,7.441
3,1,2,80,7.242
3,1,2,80,8.670
3,1,2,80,16.618
3,1,2,80,6.955
3,1,2,80,8.912
3,1,2,80,7.983
3,1,2,80,11.925
3,1,2,80,5.476
3,1,2,80,7.975
3,1,2,80,0.768
3,1,2,80,1.094
3,1,2,80,9.548
3,1,2,80,8.327
3,1,2,80,6.572
3,1,2,80,5.544
3,1,2,80,7.793
3,1,2,80,7.079
3,1,2,80,6.410
3,1,2,80,8.062
3,1,2,80,8.740
3,1,2,80,1.484
3,1,2,80,7.571
3,1,2,80,6.919
3,1,2,80,8.953
3,1,2,80,12.635
3,1,2,80,0.520
3,1,2,80,26.949
3,1,2,80,3.226
3,1,2,80,0.329
3,1,2,80,16.087
3,1,2,80,1.629
3,1,2,80,10.460
3,1,2,80,4.281
3,1,2,80,7.040
3,1,2,80,7.152
3,1,2,80,6.776
3,1,2,80,7.684
3,1,2,80,8.359
3,1,2,80,12.237
3,1,2,80,8.009
3,1,2,80,8.129
3,1,2,80,4.937
3,1,2,80,9.552
3,1,2,80,7.649
3,1,2,80,6.503
3,1,2,80,9.184
3,1,2,80,11.687
3,1,2,80,5.678
3,1,2,80,0.673
3,1,2,80,0.242
3,1,2,80,0.405
3,1,2,80,13.606
3,1,2,80,7.158
3,1,2,80,7.307
3,1,2,80,7.998
3,1,2,80,8.027
3,1,2,80,10.426
3,1,2,80,7.062
3,1,2,80,7.557
3,1,2,80,9.195
3,1,2,80,7.217
3,1,2,80,7.236
3,1,2,80,17.182
3,1,2,80,7.773
3,1,2,80,9.551
3,1,2,80,6.706
3,1,2,80,9.517
3,1,2,80,6.828
3,1,2,80,3.777
3,1,2,80,6.505
3,1,2,80,6.857
3,1,2,80,7.347
3,1,2,80,6.462
3,1,2,80,8.136
3,1,2,80,15.091
3,1,2,80,4.277
3,1,2,80,7.204
3,1,2,80,1.547
3,1,2,80,8.136
3,1,2,80,0.198
3,1,2,80,5.334
3,1,2,80,7.862
3,1,2,80,8.114
3,1,2,80,6.621
3,1,2,80,7.745
3,1,2,80,6.521
3,1,2,80,7.021
3,1,2,80,6.678
3,1,2,80,11.014
3,1,2,80,7.808
3,1,2,80,4.616
3,1,2,80,309.451
3,1,2,80,20.161
3,1,2,80,2.400
3,1,2,80,3.460
3,1,2,80,12.442
3,1,2,80,7.384
3,1,2,80,8.045
3,1,2,80,4.124
3,1,2,80,7.073
3,1,2,80,8.654
3,1,2,80,6.242
3,1,2,80,28.199
3,1,2,80,0.876
3,1,2,80,3.338
3,1,2,80,4.924
3,1,2,80,10.651
3,1,2,80,5.921
3,1,2,80,1.393
3,1,2,80,8.337
3,1,2,80,8.926
3,1,2,80,3.456
3,1,2,80,11.760
3,1,2,80,7.421
3,1,2,80,3.128
3,1,2,80,6.728
3,1,2,80,1.061
3,1,2,80,1002.083
3,1,2,80,2.680
3,1,2,80,7.082
3,1,2,80,6.720
3,1,2,80,8.145
3,1,2,80,5.069
3,1,2,80,8.174
3,1,2,80,9.256
3,1,2,80,3.995
3,1,2,80,18.361
3,1,2,80,11.042
3,1,2,80,3.929
3,1,2,80,0.849
3,1,2,80,8.142
3,1,2,80,9.029
3,1,2,80,6.562
3,1,2,80,0.263
3,1,2,80,6.909
3,1,2,80,7.551
3,1,2,80,11.241
3,1,2,80,7.938
3,1,2,80,7.933
3,1,2,80,7.283
3,1,2,80,7.479
3,1,2,80,6.186
3,1,2,80,15.977
3,1,2,80,1.302
3,1,2,80,2.208
3,1,2,80,11.633
3,1,2,80,3.151
3,1,2,80,1.350
3,1,2,80,3.958
3,1,2,80,0.574
3,1,2,80,7.832
3,1,2,80,7.134
3,1,2,80,1.385
3,1,2,80,7.408
3,1,2,80,7.824
3,1,2,80,6.646
3,1,2,80,7.616
3,1,2,80,9.690
3,1,2,80,10.078
3,1,2,80,9.782
3,1,2,80,3.761
3,1,2,80,12.903
3,1,2,80,9.813
3,1,2,80,8.044
3,1,2,80,8.577
3,1,2,80,7.825
3,1,2,80,5.071
3,1,2,80,6.613
3,1,2,80,6.430
3,1,2,80,7.255
3,1,2,80,6.705
3,1,2,80,6.730
3,1,2,80,9.109
3,1,2,80,9.610
3,1,2,80,14.847
3,1,2,80,2.119
3,1,2,80,9.049
3,1,2,80,1.811
3,1,2,80,4.211
3,1,2,80,6.388
3,1,2,80,1.881
3,1,2,80,12.119
3,1,2,80,41.805
3,1,2,80,0.328
3,1,2,80,7.750
3,1,2,80,8.400
3,1,2,80,8.735
3,1,2,80,10.260
3,1,2,80,0.228
3,1,2,80,10.270
3,1,2,80,8.875
3,1,2,80,152.444
3,1,2,80,12.905
3,1,2,80,1.938
3,1,2,80,17.981
3,1,2,80,1.347
3,1,2,80,8.181
3,1,2,80,6.871
3,1,2,80,11.532
3,1,2,80,7.863
3,1,2,80,5.433
3,1,2,80,6.971
3,1,2,80,7.933
3,1,2,80,8.549
3,1,2,80,6.129
3,1,2,80,7.898
3,1,2,80,1.707
3,1,2,80,8.066
3,1,2,80,4.065
3,1,2,80,12.426
3,1,2,80,4.568
3,1,2,80,12.531
3,1,2,80,1.409
3,1,2,80,7.345
3,1,2,80,7.866
3,1,2,80,7.922
3,1,2,80,6.283
3,1,2,80,6.541
3,1,2,80,6.924
3,1,2,80,6.711
3,1,2,80,7.767
3,1,2,80,4.702
3,1,2,80,6.891
3,1,2,80,3.191
3,1,2,80,66.670
3,1,2,80,10.440
3,1,2,80,1.404
3,1,2,80,19.979
3,1,2,80,11.976
3,1,2,80,7.224
3,1,2,80,15.007
3,1,2,80,8.342
3,1,2,80,6.526
3,1,2,80,7.815
3,1,2,80,6.579
3,1,2,80,6.194
3,1,2,80,0.240
3,1,2,80,10.433
3,1,2,80,7.148
3,1,2,80,7.309
3,1,2,80,11.840
3,1,2,80,5.497
3,1,2,80,6.851
3,1,2,80,0.661
3,1,2,80,12.013
3,1,2,80,7.189
3,1,2,80,6.325
3,1,2,80,6.871
3,1,2,80,2.374
3,1,2,80,6.668
3,1,2,80,7.276
3,1,2,80,8.459
3,1,2,80,6.590
3,1,2,80,6.441
3,1,2,80,3.044
3,1,2,80,7.023
3,1,2,80,7.777
3,1,2,80,9.381
3,1,2,80,6.560
3,1,2,80,2.370
3,1,2,80,15.125
3,1,2,80,7.605
3,1,2,80,6.311
3,1,2,80,0.475
3,1,2,80,11.055
3,1,2,80,0.327
3,1,2,80,1.339
3,1,2,80,8.203
3,1,2,80,1.285
3,1,2,80,8.814
3,1,2,80,8.888
3,1,2,80,7.175
3,1,2,80,8.270
3,1,2,80,7.453
3,1,2,80,390.825
3,1,2,80,8.661
3,1,2,80,12.499
3,1,2,80,12.354
3,1,2,80,17.787
3,1,2,80,9.079
3,1,2,80,6.395
3,1,2,80,6.859
3,1,2,80,8.254
3,1,2,80,7.926
3,1,2,80,6.621
3,1,2,80,7.830
3,1,2,80,7.771
3,1,2,80,8.210
3,1,2,80,6.738
3,1,2,80,7.831
3,1,2,80,10.475
3,1,2,80,225.384
3,1,2,80,12.236
3,1,2,80,8.999
3,1,2,80,6.904
3,1,2,80,6.775
3,1,2,80,7.420
3,1,2,80,7.798
3,1,2,80,7.710
3,1,2,80,7.281
3,1,2,80,7.927
3,1,2,80,6.632
3,1,2,80,18.793
3,1,2,80,10.055
3,1,2,80,1.344
3,1,2,80,6.830
3,1,2,80,7.944
3,1,2,80,4.971
3,1,2,80,8.100
3,1,2,80,0.708
3,1,2,80,8.498
3,1,2,80,6.845
3,1,2,80,1.987
3,1,2,80,7.890
3,1,2,80,10.624
3,1,2,80,6.678
3,1,2,80,6.453
3,1,2,80,9.241
3,1,2,80,6.837
3,1,2,80,6.965
3,1,2,80,3.215
3,1,2,80,7.722
3,1,2,80,8.434
3,1,2,80,8.848
3,1,2,80,9.486
3,1,2,80,8.716
3,1,2,80,9.623
3,1,2,80,7.972
3,1,2,80,6.590
3,1,2,80,6.155
3,1,2,80,6.627
3,1,2,80,6.990
3,1,2,80,10.050
3,1,2,80,6.480
3,1,2,80,6.471
3,1,2,80,7.761
3,1,2,80,3.094
3,1,2,80,10.826
3,1,2,80,10.101
3,1,2,80,6.860
3,1,2,80,6.801
3,1,2,80,6.319
3,1,2,80,3.758
3,1,2,80,2.378
3,1,2,80,9.044
3,1,2,80,2.676
3,1,2,80,8.846
3,1,2,80,8.337
3,1,2,80,3.653
3,1,2,80,2.435
3,1,2,80,10.944
3,1,2,80,7.064
3,1,2,80,6.294
3,1,2,80,1.952
3,1,2,80,0.389
3,1,2,80,8.839
3,1,2,80,7.836
3,1,2,80,6.922
3,1,2,80,12.489
3,1,2,80,1.710
3,1,2,80,2.471
3,1,2,80,9.404
3,1,2,80,0.234
3,1,2,80,7.104
3,1,2,80,7.022
3,1,2,80,6.148
3,1,2,80,6.043
3,1,2,80,8.263
3,1,2,80,2.635
3,1,2,80,1.643
3,1,2,80,6.593
3,1,2,80,6.871
3,1,2,80,4.559
3,1,2,80,10.251
3,1,2,80,7.279
3,1,2,80,7.658
3,1,2,80,8.048
3,1,2,80,12.755
3,1,2,80,8.565
3,1,2,80,6.387
3,1,2,80,4.018
3,1,2,80,7.926
3,1,2,80,3.202
3,1,2,80,8.981
3,1,2,80,0.357
3,1,2,80,7.418
3,1,2,80,9.208
3,1,2,80,6.502
3,1,2,80,9.898
3,1,2,80,6.335
3,1,2,80,0.369
3,1,2,80,7.821
3,1,2,80,0.937
3,1,2,80,1.576
3,1,2,80,8.271
3,1,2,80,7.204
3,1,2,80,6.503
3,1,2,80,6.572
3,1,2,80,10.289
3,1,2,80,6.837
3,1,2,80,8.003
3,1,2,80,7.918
3,1,2,80,7.636
3,1,2,80,6.510
3,1,2,80,5.185
3,1,2,80,7.020
3,1,2,80,6.835
3,1,2,80,6.578
3,1,2,80,12.682
3,1,2,80,7.578
3,1,2,80,11.112
3,1,2,80,0.409
3,1,2,80,6.846
3,1,2,80,8.051
3,1,2,80,1.506
3,1,2,80,6.343
3,1,2,80,7.926
3,1,2,80,6.555
3,1,2,80,6.361
3,1,2,80,6.510
3,1,2,80,6.260
3,1,2,80,8.325
3,1,2,80,18.259
3,1,2,80,2.525
3,1,2,80,47.919
3,1,2,80,13.410
3,1,2,80,9.605
3,1,2,80,11.375
3,1,2,80,0.223
3,1,2,80,7.840
3,1,2,80,6.951
3,1,2,80,7.725
3,1,2,80,7.331
3,1,2,80,7.547
3,1,2,80,5.291
3,1,2,80,6.486
3,1,2,80,6.909
3,1,2,80,8.034
3,1,2,80,1.973
3,1,2,80,6.899
3,1,2,80,4.086
3,1,2,80,7.036
3,1,2,80,6.692
3,1,2,80,5.448
3,1,2,80,10.722
3,1,2,80,7.102
3,1,2,80,2.635
3,1,2,80,6.925
3,1,2,80,7.694
3,1,2,80,6.388
3,1,2,80,7.956
3,1,2,80,6.724
3,1,2,80,10.944
3,1,2,80,6.649
3,1,2,80,4.648
3,1,2,80,6.410
3,1,2,80,8.457
3,1,2,80,6.550
3,1,2,80,7.549
3,1,2,80,7.874
3,1,2,80,1.196
3,1,2,80,9.315
3,1,2,80,3.471
3,1,2,80,3.328
3,1,2,80,15.367
3,1,2,80,11.026
3,1,2,80,8.248
3,1,2,80,6.935
3,1,2,80,6.448
3,1,2,80,6.430
3,1,2,80,25.297
3,1,2,80,6.485
3,1,2,80,7.677
3,1,2,80,0.882
3,1,2,80,7.912
3,1,2,80,9.556
3,1,2,80,6.316
3,1,2,80,3.120
3,1,2,80,12.306
3,1,2,80,7.441
3,1,2,80,6.826
3,1,2,80,6.496
3,1,2,80,4.581
3,1,2,80,8.528
3,1,2,80,8.192
3,1,2,80,7.571
3,1,2,80,8.143
3,1,2,80,6.956
3,1,2,80,3.536
3,1,2,80,8.217
3,1,2,80,8.682
3,1,2,80,7.414
3,1,2,80,5.033
3,1,2,80,0.172
3,1,2,80,15.644
3,1,2,80,11.334
3,1,2,80,9.317
3,1,2,80,6.709
3,1,2,80,6.472
3,1,2,80,8.070
3,1,2,80,6.497
3,1,2,80,6.367
3,1,2,80,6.651
3,1,2,80,12.484
3,1,2,80,2.844
3,1,2,80,8.085
3,1,2,80,1.251
3,1,2,80,7.685
3,1,2,80,6.954
3,1,2,80,4.188
3,1,2,80,3.698
3,1,2,80,10.259
3,1,2,80,7.023
3,1,2,80,3.632
3,1,2,80,7.941
3,1,2,80,6.582
3,1,2,80,6.849
3,1,2,80,6.560
3,1,2,80,28.113
3,1,2,80,6.522
3,1,2,80,7.258
3,1,2,80,7.936
3,1,2,80,7.696
3,1,2,80,11.405
3,1,2,80,8.323
3,1,2,80,10.072
3,1,2,80,11.283
3,1,2,80,2.613
3,1,2,80,7.448
3,1,2,80,0.784
3,1,2,80,1.470
3,1,2,80,8.208
3,1,2,80,6.648
3,1,2,80,8.437
3,1,2,80,8.320
3,1,2,80,0.888
3,1,2,80,10.397
3,1,2,80,12.000
3,1,2,80,7.557
3,1,2,80,7.759
3,1,2,80,6.759
3,1,2,80,10.912
3,1,2,80,9.029
3,1,2,80,13.945
3,1,2,80,1.197
3,1,2,80,1.960
3,1,2,80,13.853
3,1,2,80,14.069
3,1,2,80,4.409
3,1,2,80,7.523
3,1,2,80,7.319
3,1,2,80,5.640
3,1,2,80,8.363
3,1,2,80,6.505
3,1,2,80,9.064
3,1,2,80,8.296
3,1,2,80,7.664
3,1,2,80,8.157
3,1,2,80,9.657
3,1,2,80,6.947
3,1,2,80,2.309
3,1,2,80,10.604
3,1,2,80,8.757
3,1,2,80,6.919
3,1,2,80,6.546
3,1,2,80,7.076
3,1,2,80,10.362
3,1,2,80,6.701
3,1,2,80,12.488
3,1,2,80,7.323
3,1,2,80,7.603
3,1,2,80,7.682
3,1,2,80,0.444
3,1,2,80,9.555
3,1,2,80,10.997
3,1,2,80,6.469
3,1,2,80,5.886
3,1,2,80,11.875
3,1,2,80,6.776
3,1,2,80,7.463
3,1,2,80,7.379
3,1,2,80,6.631
3,1,2,80,5.295
3,1,2,80,5.807
3,1,2,80,7.925
3,1,2,80,8.509
3,1,2,80,8.751
3,1,2,80,8.052
3,1,2,80,7.486
3,1,2,80,4.424
3,1,2,80,15.759
3,1,2,80,4.322
3,1,2,80,9.944
3,1,2,80,8.387
3,1,2,80,8.743
3,1,2,80,0.482
3,1,2,80,1.895
3,1,2,80,7.331
3,1,2,80,8.834
3,1,2,80,6.518
3,1,2,80,2.590
3,1,2,80,6.616
3,1,2,80,3.774
3,1,2,80,6.545
3,1,2,80,7.170
3,1,2,80,6.458
3,1,2,80,6.532
3,1,2,80,6.332
3,1,2,80,8.535
3,1,2,80,2.034
3,1,2,80,18.481
3,1,2,80,9.472
3,1,2,80,9.307
3,1,2,80,2.481
3,1,2,80,6.569
3,1,2,80,7.849
3,1,2,80,6.533
3,1,2,80,6.665
3,1,2,80,6.495
3,1,2,80,7.003
3,1,2,80,3.147
3,1,2,80,8.104
3,1,2,80,9.276
3,1,2,80,41.207
3,1,2,80,4.985
3,1,2,80,14.794
3,1,2,80,0.680
3,1,2,80,5.322
3,1,2,80,10.372
3,1,2,80,9.358
3,1,2,80,9.593
3,1,2,80,7.849
3,1,2,80,6.629
3,1,2,80,6.973
3,1,2,80,6.814
3,1,2,80,7.079
3,1,2,80,6.393
3,1,2,80,8.040
3,1,2,80,3.232
3,1,2,80,8.115
3,1,2,80,7.003
3,1,2,80,6.734
3,1,2,80,2.216
3,1,2,80,2.451
3,1,2,80,10.618
3,1,2,80,7.095
3,1,2,80,6.561
3,1,2,80,7.844
3,1,2,80,6.997
3,1,2,80,6.802
3,1,2,80,11.133
3,1,2,80,6.549
3,1,2,80,6.106
3,1,2,80,6.556
3,1,2,80,5.505
3,1,2,80,6.553
3,1,2,80,9.282
3,1,2,80,8.710
3,1,2,80,8.504
3,1,2,80,6.891
3,1,2,80,7.757
3,1,2,80,9.587
3,1,2,80,35.999
3,1,2,80,1.899
3,1,2,80,0.325
3,1,2,80,8.852
3,1,2,80,9.788
3,1,2,80,8.241
3,1,2,80,8.876
3,1,2,80,6.469
3,1,2,80,8.292
3,1,2,80,6.437
3,1,2,80,0.180
3,1,2,80,9.287
3,1,2,80,5.715
3,1,2,80,7.410
3,1,2,80,13.432
3,1,2,80,8.638
3,1,2,80,9.679
3,1,2,80,8.500
3,1,2,80,5.779
3,1,2,80,8.407
3,1,2,80,6.720
3,1,2,80,6.734
3,1,2,80,8.451
3,1,2,80,6.103
3,1,2,80,1.460
3,1,2,80,6.606
3,1,2,80,0.519
3,1,2,80,6.666
3,1,2,80,7.939
3,1,2,80,13.491
3,1,2,80,10.257
3,1,2,80,7.759
3,1,2,80,9.172
3,1,2,80,7.394
3,1,2,80,7.452
3,1,2,80,8.164
3,1,2,80,7.032
3,1,2,80,2.344
3,1,2,80,9.470
3,1,2,80,6.739
3,1,2,80,6.310
3,1,2,80,3.346
3,1,2,80,8.409
3,1,2,80,7.483
3,1,2,80,6.480
3,1,2,80,3.143
3,1,2,80,58.249
3,1,2,80,5.071
3,1,2,80,13.083
3,1,2,80,11.331
3,1,2,80,7.665
3,1,2,80,8.833
3,1,2,80,3.894
3,1,2,80,6.265
3,1,2,80,6.763
3,1,2,80,1.536
3,1,2,80,6.602
3,1,2,80,8.278
3,1,2,80,6.709
3,1,2,80,6.401
3,1,2,80,9.549
3,1,2,80,7.974
3,1,2,80,7.561
3,1,2,80,3.835
3,1,2,80,3.523
3,1,2,80,4.341
3,1,2,80,8.326
3,1,2,80,6.492
3,1,2,80,6.935
3,1,2,80,7.142
3,1,2,80,6.556
3,1,2,80,7.759
3,1,2,80,7.605
3,1,2,80,6.298
3,1,2,80,7.375
3,1,2,80,6.574
3,1,2,80,6.680
3,1,2,80,7.821
3,1,2,80,9.153
3,1,2,80,28.018
3,1,2,80,15.635
3,1,2,80,4.489
3,1,2,80,10.991
3,1,2,80,7.123
3,1,2,80,5.860
3,1,2,80,6.609
3,1,2,80,6.456
3,1,2,80,6.284
3,1,2,80,10.047
3,1,2,80,6.467
3,1,2,80,8.839
3,1,2,80,6.255
3,1,2,80,7.738
3,1,2,80,7.040
3,1,2,80,1.196
3,1,2,80,8.856
3,1,2,80,29.219
3,1,2,80,11.904
3,1,2,80,8.502
3,1,2,80,6.325
3,1,2,80,10.274
3,1,2,80,7.864
3,1,2,80,9.170
3,1,2,80,7.893
3,1,2,80,7.846
3,1,2,80,6.495
3,1,2,80,6.462
3,1,2,80,8.067
3,1,2,80,8.904
3,1,2,80,8.453
3,1,2,80,6.562
3,1,2,80,7.327
3,1,2,80,356.423
3,1,2,80,4.295
3,1,2,80,15.769
3,1,2,80,8.906
3,1,2,80,6.908
3,1,2,80,1.133
3,1,2,80,8.294
3,1,2,80,4.774
3,1,2,80,49.857
3,1,2,80,7.616
3,1,2,80,9.118
3,1,2,80,7.866
3,1,2,80,9.724
3,1,2,80,7.180
3,1,2,80,6.500
3,1,2,80,11.116
3,1,2,80,7.676
3,1,2,80,7.882
3,1,2,80,5.859
3,1,2,80,9.679
3,1,2,80,2.631
3,1,2,80,0.171
3,1,2,80,7.773
3,1,2,80,8.081
3,1,2,80,7.982
3,1,2,80,7.644
3,1,2,80,9.288
3,1,2,80,6.599
3,1,2,80,8.019
3,1,2,80,6.362
3,1,2,80,6.430
3,1,2,80,0.362
3,1,2,80,9.481
3,1,2,80,7.405
3,1,2,80,3.651
3,1,2,80,7.348
3,1,2,80,7.708
3,1,2,80,6.442
3,1,2,80,9.384
3,1,2,80,7.873
3,1,2,80,7.397
3,1,2,80,7.430
3,1,2,80,4.638
3,1,2,80,0.472
3,1,2,80,6.945
3,1,2,80,7.555
3,1,2,80,7.817
3,1,2,80,7.835
3,1,2,80,10.844
3,1,2,80,0.722
3,1,2,80,0.751
3,1,2,80,4.743
3,1,2,80,12.633
3,1,2,80,6.408
3,1,2,80,6.939
3,1,2,80,6.512
3,1,2,80,3.329
3,1,2,80,6.710
3,1,2,80,6.321
3,1,2,80,7.015
3,1,2,80,6.686
3,1,2,80,6.393
3,1,2,80,10.357
3,1,2,80,6.488
3,1,2,80,6.392
3,1,2,80,6.376
3,1,2,80,6.744
3,1,2,80,1.930
3,1,2,80,10.888
3,1,2,80,7.744
3,1,2,80,6.247
3,1,2,80,3.445
3,1,2,80,8.465
3,1,2,80,0.417
3,1,2,80,7.645
3,1,2,80,6.539
3,1,2,80,8.075
3,1,2,80,6.502
3,1,2,80,7.993
3,1,2,80,6.906
3,1,2,80,9.975
3,1,2,80,6.549
3,1,2,80,7.821
3,1,2,80,6.278
3,1,2,80,1.167
3,1,2,80,0.456
3,1,2,80,0.991
3,1,2,80,0.608
3,1,2,80,48.772
3,1,2,80,5.117
3,1,2,80,12.292
3,1,2,80,7.458
3,1,2,80,9.158
3,1,2,80,72.525
3,1,2,80,7.258
3,1,2,80,2.864
3,1,2,80,4.933
3,1,2,80,2.961
3,1,2,80,0.597
3,1,2,80,9.480
3,1,2,80,1.185
3,1,2,80,1.433
3,1,2,80,8.280
3,1,2,80,12.302
3,1,2,80,8.249
3,1,2,80,8.991
3,1,2,80,8.367
3,1,2,80,4.559
3,1,2,80,6.361
3,1,2,80,7.977
3,1,2,80,8.046
3,1,2,80,6.406
3,1,2,80,7.420
3,1,2,80,8.110
3,1,2,80,7.595
3,1,2,80,1.873
3,1,2,80,8.999
3,1,2,80,13.239
3,1,2,80,6.993
3,1,2,80,8.645
3,1,2,80,7.619
3,1,2,80,0.188
3,1,2,80,6.614
3,1,2,80,8.060
3,1,2,80,2.688
3,1,2,80,7.684
3,1,2,80,7.382
3,1,2,80,64.630
3,1,2,80,51.703
3,1,2,80,6.498
3,1,2,80,2.274
3,1,2,80,3.734
3,1,2,80,8.642
3,1,2,80,6.863
3,1,2,80,10.629
3,1,2,80,10.836
3,1,2,80,8.904
3,1,2,80,6.930
3,1,2,80,6.673
3,1,2,80,8.231
3,1,2,80,12.712
3,1,2,80,8.971
3,1,2,80,8.361
3,1,2,80,6.651
3,1,2,80,7.609
3,1,2,80,7.713
3,1,2,80,6.374
3,1,2,80,7.714
3,1,2,80,6.670
3,1,2,80,6.920
3,1,2,80,9.345
3,1,2,80,3.305
3,1,2,80,6.138
3,1,2,80,10.078
3,1,2,80,8.769
3,1,2,80,6.438
3,1,2,80,8.330
3,1,2,80,8.008
3,1,2,80,1.286
3,1,2,80,6.476
3,1,2,80,6.794
3,1,2,80,8.024
3,1,2,80,6.710
3,1,2,80,6.474
3,1,2,80,1.378
3,1,2,80,8.705
3,1,2,80,8.045
3,1,2,80,8.884
3,1,2,80,2.235
3,1,2,80,0.233
3,1,2,80,42.079
3,1,2,80,0.714
3,1,2,80,9.229
3,1,2,80,6.965
3,1,2,80,6.351
3,1,2,80,7.705
3,1,2,80,12.598
3,1,2,80,0.249
3,1,2,80,6.898
3,1,2,80,7.582
3,1,2,80,6.338
3,1,2,80,6.742
3,1,2,80,1.530
3,1,2,80,7.126
3,1,2,80,4.206
3,1,2,80,1.364
3,1,2,80,7.896
3,1,2,80,6.478
3,1,2,80,8.111
3,1,2,80,6.857
3,1,2,80,7.356
3,1,2,80,7.170
3,1,2,80,5.115
3,1,2,80,6.479
3,1,2,80,6.534
3,1,2,80,6.299
3,1,2,80,6.223
3,1,2,80,8.259
3,1,2,80,13.505
3,1,2,80,6.516
3,1,2,80,1.754
3,1,2,80,2.577
3,1,2,80,12.242
3,1,2,80,6.704
3,1,2,80,6.411
3,1,2,80,8.723
3,1,2,80,4.850
3,1,2,80,8.253
3,1,2,80,48.851
3,1,2,80,1.905
3,1,2,80,0.472
3,1,2,80,12.151
3,1,2,80,10.816
3,1,2,80,6.087
3,1,2,80,7.431
3,1,2,80,0.476
3,1,2,80,1.506
3,1,2,80,6.609
3,1,2,80,3.944
3,1,2,80,9.418
3,1,2,80,1.874
3,1,2,80,6.905
3,1,2,80,8.004
3,1,2,80,6.513
3,1,2,80,19.051
3,1,2,80,6.608
3,1,2,80,6.123
3,1,2,80,6.913
3,1,2,80,6.577
3,1,2,80,6.355
3,1,2,80,2.912
3,1,2,80,6.384
3,1,2,80,6.725
3,1,2,80,6.549
3,1,2,80,0.998
3,1,2,80,6.596
3,1,2,80,13.870
3,1,2,80,7.449
3,1,2,80,6.664
3,1,2,80,8.887
3,1,2,80,6.956
3,1,2,80,7.816
3,1,2,80,6.793
3,1,2,80,6.652
3,1,2,80,8.967
3,1,2,80,7.952
3,1,2,80,6.614
3,1,2,80,8.534
3,1,2,80,55.687
3,1,2,80,3.441
3,1,2,80,12.085
3,1,2,80,7.299
3,1,2,80,11.904
3,1,2,80,10.050
3,1,2,80,9.251
3,1,2,80,7.382
3,1,2,80,6.637
3,1,2,80,2.544
3,1,2,80,6.205
3,1,2,80,8.274
3,1,2,80,9.366
3,1,2,80,6.887
3,1,2,80,0.616
3,1,2,80,7.596
3,1,2,80,8.083
3,1,2,80,7.344
3,1,2,80,4.213
3,1,2,80,9.518
3,1,2,80,1.176
3,1,2,80,10.745
3,1,2,80,6.726
3,1,2,80,6.426
3,1,2,80,21.351
3,1,2,80,0.315
3,1,2,80,4.262
3,1,2,80,12.784
3,1,2,80,2.222
3,1,2,80,8.556
3,1,2,80,10.015
3,1,2,80,8.048
3,1,2,80,6.355
3,1,2,80,6.737
3,1,2,80,6.399
3,1,2,80,54.127
3,1,2,80,5.543
3,1,2,80,5.707
3,1,2,80,1.401
3,1,2,80,0.779
3,1,2,80,1.685
3,1,2,80,8.391
3,1,2,80,7.293
3,1,2,80,7.354
3,1,2,80,8.024
3,1,2,80,5.191
3,1,2,80,6.569
3,1,2,80,9.229
3,1,2,80,13.081
3,1,2,80,7.252
3,1,2,80,6.582
3,1,2,80,6.918
3,1,2,80,2.585
3,1,2,80,7.475
3,1,2,80,3.639
3,1,2,80,7.163
3,1,2,80,12.395
3,1,2,80,8.782
3,1,2,80,6.449
3,1,2,80,7.139
3,1,2,80,9.293
3,1,2,80,7.136
3,1,2,80,6.503
3,1,2,80,6.338
3,1,2,80,4.765
3,1,2,80,6.610
3,1,2,80,6.573
3,1,2,80,6.783
3,1,2,80,13.487
3,1,2,80,6.979
3,1,2,80,15.172
3,1,2,80,9.052
3,1,2,80,12.140
3,1,2,80,10.714
3,1,2,80,2.523
3,1,2,80,8.354
3,1,2,80,7.867
3,1,2,80,1.005
3,1,2,80,6.706
3,1,2,80,7.623
3,1,2,80,61.013
3,1,2,80,10.512
3,1,2,80,2.683
3,1,2,80,8.451
3,1,2,80,2.074
3,1,2,80,3.420
3,1,2,80,0.246
3,1,2,80,8.221
3,1,2,80,1.391
3,1,2,80,10.908
3,1,2,80,9.789
3,1,2,80,6.877
3,1,2,80,7.940
3,1,2,80,7.208
3,1,2,80,6.680
3,1,2,80,6.687
3,1,2,80,14.350
3,1,2,80,6.933
3,1,2,80,7.693
3,1,2,80,6.249
3,1,2,80,6.058
3,1,2,80,7.106
3,1,2,80,7.120
3,1,2,80,6.742
3,1,2,80,10.553
3,1,2,80,1.143
3,1,2,80,191.195
3,1,2,80,12.127
3,1,2,80,14.252
3,1,2,80,9.339
3,1,2,80,8.295
3,1,2,80,1.503
3,1,2,80,7.191
3,1,2,80,7.680
3,1,2,80,8.392
3,1,2,80,7.707
3,1,2,80,6.292
3,1,2,80,6.757
3,1,2,80,6.060
3,1,2,80,0.954
3,1,2,80,12.716
3,1,2,80,0.511
3,1,2,80,0.425
3,1,2,80,10.804
3,1,2,80,8.321
3,1,2,80,5.290
3,1,2,80,7.512
3,1,2,80,6.458
3,1,2,80,6.385
3,1,2,80,7.841
3,1,2,80,7.544
3,1,2,80,6.504
3,1,2,80,7.832
3,1,2,80,7.166
3,1,2,80,6.583
3,1,2,80,6.629
3,1,2,80,7.747
3,1,2,80,3.643
3,1,2,80,3.431
3,1,2,80,9.864
3,1,2,80,6.548
3,1,2,80,0.658
3,1,2,80,7.126
3,1,2,80,6.671
3,1,2,80,3.273
3,1,2,80,7.013
3,1,2,80,7.277
3,1,2,80,6.744
3,1,2,80,6.908
3,1,2,80,6.421
3,1,2,80,6.368
3,1,2,80,7.520
3,1,2,80,8.411
3,1,2,80,11.142
3,1,2,80,6.103
3,1,2,80,15.143
3,1,2,80,9.436
3,1,2,80,7.236
3,1,2,80,6.431
3,1,2,80,7.957
3,1,2,80,3.471
3,1,2,80,2.140
3,1,2,80,9.534
3,1,2,80,6.675
3,1,2,80,8.061
3,1,2,80,7.430
3,1,2,80,50.003
3,1,2,80,50.469
3,1,2,80,25.860
3,1,2,80,8.516
3,1,2,80,15.560
3,1,2,80,13.295
3,1,2,80,14.030
3,1,2,80,7.914
3,1,2,80,2.276
3,1,2,80,1.419
3,1,2,80,7.023
3,1,2,80,8.284
3,1,2,80,8.332
3,1,2,80,5.326
3,1,2,80,9.333
3,1,2,80,6.936
3,1,2,80,6.571
3,1,2,80,6.567
3,1,2,80,0.285
3,1,2,80,8.119
3,1,2,80,1.277
3,1,2,80,5.463
3,1,2,80,8.724
3,1,2,80,9.778
3,1,2,80,14.315
3,1,2,80,2.641
3,1,2,80,19.825
3,1,2,80,9.584
3,1,2,80,6.918
3,1,2,80,9.178
3,1,2,80,8.890
3,1,2,80,6.461
3,1,2,80,8.673
3,1,2,80,7.731
3,1,2,80,2.107
3,1,2,80,0.623
3,1,2,80,10.883
3,1,2,80,1.433
3,1,2,80,6.323
3,1,2,80,15.671
3,1,2,80,0.712
3,1,2,80,10.224
3,1,2,80,7.880
3,1,2,80,8.954
3,1,2,80,0.431
3,1,2,80,9.216
3,1,2,80,0.525
3,1,2,80,6.242
3,1,2,80,6.406
3,1,2,80,6.656
3,1,2,80,15.963
3,1,2,80,6.478
3,1,2,80,7.597
3,1,2,80,8.432
3,1,2,80,10.842
3,1,2,80,5.456
3,1,2,80,10.063
3,1,2,80,8.751
3,1,2,80,8.816
3,1,2,80,6.601
3,1,2,80,6.829
3,1,2,80,6.563
3,1,2,80,6.779
3,1,2,80,8.067
3,1,2,80,6.968
3,1,2,80,7.287
3,1,2,80,7.950
3,1,2,80,6.242
3,1,2,80,5.212
3,1,2,80,2.744
3,1,2,80,8.729
3,1,2,80,6.619
3,1,2,80,7.816
3,1,2,80,10.621
3,1,2,80,1076.126
3,1,2,80,76.861
3,1,2,80,9.731
3,1,2,80,8.038
3,1,2,80,43.253
3,1,2,80,6.060
3,1,2,80,3.450
3,1,2,80,3.731
3,1,2,80,8.360
3,1,2,80,6.592
3,1,2,80,6.467
3,1,2,80,6.988
3,1,2,80,8.755
3,1,2,80,10.118
3,1,2,80,5.451
3,1,2,80,10.497
3,1,2,80,9.357
3,1,2,80,7.187
3,1,2,80,8.315
3,1,2,80,8.200
3,1,2,80,7.566
3,1,2,80,6.715
3,1,2,80,2.119
3,1,2,80,7.235
3,1,2,80,10.204
4,2,0,65,0.240
4,2,0,65,7.599
4,2,0,65,7.235
4,2,0,65,7.212
4,2,0,65,7.474
4,2,0,65,11.824
4,2,0,65,7.340
4,2,0,65,8.550
4,2,0,65,8.175
4,2,0,65,8.238
4,2,0,65,9.769
4,2,0,65,19.774
4,2,0,65,4.693
4,2,0,65,7.816
4,2,0,65,7.545
4,2,0,65,10.614
4,2,0,65,7.555
4,2,0,65,8.907
4,2,0,65,7.047
4,2,0,65,7.138
4,2,0,65,7.583
4,2,0,65,9.740
4,2,0,65,7.842
4,2,0,65,48.193
4,2,0,65,7.198
4,2,0,65,6.969
4,2,0,65,7.203
4,2,0,65,6.937
4,2,0,65,7.563
4,2,0,65,7.484
4,2,0,65,7.012
4,2,0,65,7.002
4,2,0,65,7.168
4,2,0,65,8.677
4,2,0,65,6.497
4,2,0,65,29.340
4,2,0,65,7.253
4,2,0,65,7.286
4,2,0,65,7.038
4,2,0,65,7.197
4,2,0,65,6.972
4,2,0,65,7.230
4,2,0,65,7.069
4,2,0,65,6.981
4,2,0,65,7.100
4,2,0,65,7.618
4,2,0,65,7.782
4,2,0,65,71.718
4,2,0,65,7.501
4,2,0,65,7.233
4,2,0,65,7.315
4,2,0,65,7.442
4,2,0,65,6.953
4,2,0,65,7.291
4,2,0,65,7.355
4,2,0,65,7.021
4,2,0,65,6.932
4,2,0,65,6.972
4,2,0,65,6.442
4,2,0,65,15.317
4,2,0,65,6.903
4,2,0,65,7.237
4,2,0,65,7.198
4,2,0,65,7.127
4,2,0,65,8.462
4,2,0,65,7.356
4,2,0,65,7.095
4,2,0,65,7.277
4,2,0,65,8.895
4,2,0,65,8.001
4,2,0,65,6.576
4,2,0,65,13.948
4,2,0,65,7.511
4,2,0,65,6.882
4,2,0,65,6.940
4,2,0,65,7.370
4,2,0,65,6.871
4,2,0,65,7.445
4,2,0,65,7.360
4,2,0,65,7.142
4,2,0,65,7.056
4,2,0,65,7.028
4,2,0,65,6.852
4,2,0,65,15.967
4,2,0,65,7.197
4,2,0,65,6.979
4,2,0,65,33.715
4,2,0,65,7.162
4,2,0,65,9.285
4,2,0,65,8.321
4,2,0,65,7.137
4,2,0,65,6.878
4,2,0,65,7.062
4,2,0,65,6.967
4,2,0,65,9.018
4,2,0,65,13.961
4,2,0,65,61.525
4,2,0,65,8.897
4,2,0,65,6.958
4,2,0,65,7.106
4,2,0,65,7.049
4,2,0,65,7.313
4,2,0,65,7.262
4,2,0,65,8.059
4,2,0,65,7.028
4,2,0,65,10.518
4,2,0,65,6.515
4,2,0,65,13.498
4,2,0,65,7.368
4,2,0,65,10.479
4,2,0,65,7.672
4,2,0,65,7.070
4,2,0,65,6.959
4,2,0,65,7.426
4,2,0,65,9.108
4,2,0,65,8.803
4,2,0,65,7.129
4,2,0,65,8.633
4,2,0,65,6.568
4,2,0,65,14.278
4,2,0,65,7.211
4,2,0,65,10.087
4,2,0,65,8.183
4,2,0,65,7.272
4,2,0,65,6.526
4,2,0,65,7.261
4,2,0,65,7.085
4,2,0,65,9.007
4,2,0,65,12.655
4,2,0,65,7.715
4,2,0,65,6.434
4,2,0,65,15.785
4,2,0,65,7.893
4,2,0,65,6.990
4,2,0,65,7.115
4,2,0,65,7.218
4,2,0,65,14.309
4,2,0,65,7.349
4,2,0,65,11.130
4,2,0,65,6.957
4,2,0,65,7.194
4,2,0,65,7.072
4,2,0,65,6.706
4,2,0,65,14.129
4,2,0,65,7.117
4,2,0,65,7.437
4,2,0,65,8.565
4,2,0,65,9.200
4,2,0,65,11.464
4,2,0,65,7.750
4,2,0,65,7.505
4,2,0,65,7.006
4,2,0,65,5.679
4,2,0,65,5.977
4,2,0,65,8.158
4,2,0,65,17.964
4,2,0,65,7.066
4,2,0,65,7.023
4,2,0,65,7.051
4,2,0,65,7.062
4,2,0,65,27.307
4,2,0,65,7.947
4,2,0,65,7.309
4,2,0,65,9.222
4,2,0,65,7.167
4,2,0,65,6.890
4,2,0,65,6.988
4,2,0,65,29.570
4,2,0,65,7.243
4,2,0,65,7.383
4,2,0,65,6.663
4,2,0,65,8.201
4,2,0,65,11.288
4,2,0,65,8.642
4,2,0,65,6.853
4,2,0,65,7.336
4,2,0,65,6.952
4,2,0,65,6.903
4,2,0,65,7.618
4,2,0,65,17.712
4,2,0,65,9.214
4,2,0,65,7.193
4,2,0,65,7.124
4,2,0,65,6.982
4,2,0,65,8.824
4,2,0,65,7.601
4,2,0,65,7.563
4,2,0,65,7.114
4,2,0,65,10.024
4,2,0,65,13.618
4,2,0,65,8.799
4,2,0,65,25.701
4,2,0,65,9.144
4,2,0,65,6.956
4,2,0,65,6.951
4,2,0,65,8.098
4,2,0,65,9.685
4,2,0,65,52.758
4,2,0,65,7.298
4,2,0,65,7.557
4,2,0,65,7.337
4,2,0,65,8.396
4,2,0,65,6.973
4,2,0,65,13.585
4,2,0,65,9.318
4,2,0,65,8.961
4,2,0,65,9.989
4,2,0,65,8.418
4,2,0,65,6.971
4,2,0,65,7.237
4,2,0,65,7.129
4,2,0,65,7.078
4,2,0,65,8.383
4,2,0,65,11.251
4,2,0,65,9.599
4,2,0,65,15.354
4,2,0,65,7.275
4,2,0,65,7.040
4,2,0,65,7.045
4,2,0,65,9.617
4,2,0,65,8.711
4,2,0,65,8.653
4,2,0,65,9.119
4,2,0,65,7.157
4,2,0,65,9.799
4,2,0,65,7.100
4,2,0,65,7.384
4,2,0,65,15.838
4,2,0,65,10.872
4,2,0,65,82.582
4,2,0,65,8.641
4,2,0,65,8.237
4,2,0,65,7.300
4,2,0,65,7.070
4,2,0,65,7.132
4,2,0,65,8.761
4,2,0,65,7.133
4,2,0,65,11.309
4,2,0,65,20.003
4,2,0,65,33.238
4,2,0,65,7.469
4,2,0,65,6.899
4,2,0,65,7.079
4,2,0,65,7.657
4,2,0,65,7.056
4,2,0,65,7.388
4,2,0,65,12.035
4,2,0,65,17.862
4,2,0,65,9.114
4,2,0,65,8.546
4,2,0,65,8.693
4,2,0,65,14.889
4,2,0,65,8.778
4,2,0,65,8.192
4,2,0,65,9.874
4,2,0,65,9.330
4,2,0,65,8.824
4,2,0,65,7.347
4,2,0,65,7.245
4,2,0,65,7.492
4,2,0,65,7.026
4,2,0,65,6.986
4,2,0,65,6.733
4,2,0,65,42.485
4,2,0,65,10.429
4,2,0,65,7.722
4,2,0,65,7.097
4,2,0,65,9.284
4,2,0,65,9.202
4,2,0,65,7.567
4,2,0,65,8.892
4,2,0,65,7.203
4,2,0,65,10.665
4,2,0,65,8.771
4,2,0,65,6.981
4,2,0,65,15.348
4,2,0,65,7.142
4,2,0,65,9.174
4,2,0,65,7.863
4,2,0,65,7.532
4,2,0,65,9.321
4,2,0,65,9.742
4,2,0,65,11.118
4,2,0,65,7.484
4,2,0,65,7.197
4,2,0,65,7.189
4,2,0,65,8.796
4,2,0,65,38.226
4,2,0,65,9.366
4,2,0,65,5.382
4,2,0,65,7.722
4,2,0,65,7.128
4,2,0,65,7.336
4,2,0,65,8.951
4,2,0,65,7.019
4,2,0,65,10.569
4,2,0,65,9.519
4,2,0,65,8.073
4,2,0,65,9.448
4,2,0,65,16.099
4,2,0,65,11.506
4,2,0,65,6.812
4,2,0,65,7.038
4,2,0,65,11.755
4,2,0,65,13.622
4,2,0,65,7.030
4,2,0,65,7.884
4,2,0,65,7.738
4,2,0,65,7.546
4,2,0,65,8.210
4,2,0,65,7.382
4,2,0,65,22.328
4,2,0,65,9.046
4,2,0,65,7.340
4,2,0,65,7.318
4,2,0,65,8.284
4,2,0,65,6.984
4,2,0,65,7.227
4,2,0,65,8.609
4,2,0,65,8.460
4,2,0,65,8.396
4,2,0,65,7.479
4,2,0,65,7.006
4,2,0,65,14.190
4,2,0,65,7.033
4,2,0,65,6.910
4,2,0,65,7.016
4,2,0,65,7.082
4,2,0,65,13.854
4,2,0,65,26.987
4,2,0,65,10.201
4,2,0,65,8.101
4,2,0,65,6.970
4,2,0,65,7.336
4,2,0,65,6.909
4,2,0,65,15.046
4,2,0,65,7.354
4,2,0,65,7.339
4,2,0,65,7.587
4,2,0,65,4.832
4,2,0,65,9.917
4,2,0,65,7.269
4,2,0,65,6.970
4,2,0,65,6.860
4,2,0,65,7.202
4,2,0,65,8.078
4,2,0,65,6.598
4,2,0,65,32.853
4,2,0,65,9.202
4,2,0,65,7.045
4,2,0,65,7.024
4,2,0,65,9.322
4,2,0,65,6.947
4,2,0,65,8.104
4,2,0,65,11.517
4,2,0,65,7.591
4,2,0,65,7.119
4,2,0,65,6.886
4,2,0,65,9.719
4,2,0,65,13.527
4,2,0,65,8.993
4,2,0,65,7.323
4,2,0,65,9.826
4,2,0,65,8.750
4,2,0,65,7.878
4,2,0,65,7.541
4,2,0,65,6.928
4,2,0,65,7.458
4,2,0,65,6.901
4,2,0,65,9.754
4,2,0,65,7.522
4,2,0,65,18.686
4,2,0,65,8.687
4,2,0,65,9.518
4,2,0,65,8.610
4,2,0,65,4.270
4,2,0,65,8.478
4,2,0,65,7.230
4,2,0,65,4.997
4,2,0,65,9.743
4,2,0,65,11.169
4,2,0,65,8.288
4,2,0,65,6.708
4,2,0,65,15.878
4,2,0,65,7.149
4,2,0,65,6.971
4,2,0,65,8.424
4,2,0,65,8.578
4,2,0,65,8.760
4,2,0,65,8.990
4,2,0,65,7.176
4,2,0,65,6.874
4,2,0,65,7.059
4,2,0,65,6.927
4,2,0,65,6.276
4,2,0,65,67.850
4,2,0,65,7.727
4,2,0,65,7.428
4,2,0,65,7.141
4,2,0,65,6.828
4,2,0,65,8.194
4,2,0,65,7.222
4,2,0,65,7.182
4,2,0,65,9.665
4,2,0,65,8.720
4,2,0,65,10.495
4,2,0,65,8.343
4,2,0,65,64.271
4,2,0,65,7.292
4,2,0,65,8.223
4,2,0,65,7.385
4,2,0,65,7.068
4,2,0,65,9.522
4,2,0,65,7.223
4,2,0,65,7.038
4,2,0,65,6.849
4,2,0,65,7.228
4,2,0,65,7.048
4,2,0,65,10.990
4,2,0,65,14.488
4,2,0,65,7.117
4,2,0,65,7.267
4,2,0,65,7.358
4,2,0,65,6.937
4,2,0,65,6.297
4,2,0,65,7.368
4,2,0,65,6.929
4,2,0,65,7.008
4,2,0,65,11.375
4,2,0,65,9.456
4,2,0,65,6.713
4,2,0,65,21.662
4,2,0,65,6.878
4,2,0,65,7.115
4,2,0,65,6.812
4,2,0,65,7.146
4,2,0,65,19.896
4,2,0,65,9.305
4,2,0,65,7.651
4,2,0,65,8.228
4,2,0,65,7.256
4,2,0,65,6.806
4,2,0,65,6.924
4,2,0,65,15.605
4,2,0,65,8.738
4,2,0,65,68.279
4,2,0,65,9.507
4,2,0,65,9.018
4,2,0,65,7.964
4,2,0,65,6.060
4,2,0,65,9.049
4,2,0,65,10.446
4,2,0,65,3.894
4,2,0,65,7.790
4,2,0,65,9.385
4,2,0,65,17.289
4,2,0,65,8.440
4,2,0,65,6.810
4,2,0,65,7.189
4,2,0,65,7.610
4,2,0,65,6.995
4,2,0,65,7.152
4,2,0,65,7.217
4,2,0,65,7.034
4,2,0,65,8.809
4,2,0,65,7.109
4,2,0,65,6.671
4,2,0,65,28.956
4,2,0,65,10.975
4,2,0,65,6.209
4,2,0,65,5.486
4,2,0,65,9.769
4,2,0,65,9.088
4,2,0,65,8.645
4,2,0,65,7.009
4,2,0,65,6.993
4,2,0,65,6.950
4,2,0,65,7.118
4,2,0,65,7.144
4,2,0,65,15.504
4,2,0,65,7.430
4,2,0,65,7.101
4,2,0,65,7.281
4,2,0,65,7.190
4,2,0,65,9.089
4,2,0,65,7.646
4,2,0,65,7.432
4,2,0,65,8.642
4,2,0,65,7.213
4,2,0,65,7.965
4,2,0,65,6.313
4,2,0,65,19.414
4,2,0,65,7.511
4,2,0,65,6.995
4,2,0,65,7.174
4,2,0,65,7.464
4,2,0,65,10.137
4,2,0,65,7.119
4,2,0,65,7.150
4,2,0,65,6.830
4,2,0,65,6.971
4,2,0,65,7.005
4,2,0,65,6.478
4,2,0,65,14.887
4,2,0,65,7.506
4,2,0,65,7.119
4,2,0,65,6.924
4,2,0,65,10.852
4,2,0,65,8.838
4,2,0,65,13.361
4,2,0,65,6.696
4,2,0,65,7.122
4,2,0,65,7.089
4,2,0,65,7.179
4,2,0,65,7.064
4,2,0,65,14.168
4,2,0,65,6.975
4,2,0,65,7.084
4,2,0,65,7.072
4,2,0,65,7.173
4,2,0,65,7.446
4,2,0,65,7.469
4,2,0,65,6.801
4,2,0,65,11.883
4,2,0,65,8.016
4,2,0,65,7.168
4,2,0,65,6.835
4,2,0,65,20.714
4,2,0,65,11.513
4,2,0,65,10.439
4,2,0,65,9.921
4,2,0,65,7.188
4,2,0,65,7.001
4,2,0,65,6.195
4,2,0,65,7.160
4,2,0,65,7.062
4,2,0,65,7.077
4,2,0,65,7.004
4,2,0,65,7.465
4,2,0,65,14.447
4,2,0,65,7.763
4,2,0,65,6.946
4,2,0,65,6.855
4,2,0,65,7.153
4,2,0,65,6.940
4,2,0,65,7.840
4,2,0,65,7.911
4,2,0,65,11.139
4,2,0,65,8.095
4,2,0,65,7.222
4,2,0,65,6.590
4,2,0,65,29.673
4,2,0,65,13.815
4,2,0,65,7.345
4,2,0,65,7.291
4,2,0,65,8.031
4,2,0,65,7.464
4,2,0,65,7.051
4,2,0,65,7.078
4,2,0,65,6.843
4,2,0,65,7.555
4,2,0,65,7.074
4,2,0,65,6.600
4,2,0,65,17.840
4,2,0,65,6.977
4,2,0,65,6.935
4,2,0,65,7.300
4,2,0,65,8.678
4,2,0,65,15.503
4,2,0,65,7.082
4,2,0,65,6.963
4,2,0,65,6.983
4,2,0,65,7.051
4,2,0,65,7.023
4,2,0,65,7.714
4,2,0,65,27.359
4,2,0,65,7.412
4,2,0,65,6.889
4,2,0,65,6.892
4,2,0,65,7.676
4,2,0,65,7.918
4,2,0,65,8.440
4,2,0,65,8.475
4,2,0,65,7.251
4,2,0,65,8.179
4,2,0,65,8.244
4,2,0,65,8.594
4,2,0,65,19.837
4,2,0,65,7.671
4,2,0,65,8.336
4,2,0,65,9.900
4,2,0,65,7.011
4,2,0,65,9.761
4,2,0,65,7.513
4,2,0,65,6.795
4,2,0,65,8.705
4,2,0,65,7.216
4,2,0,65,6.919
4,2,0,65,6.085
4,2,0,65,15.456
4,2,0,65,7.131
4,2,0,65,6.943
4,2,0,65,7.060
4,2,0,65,6.938
4,2,0,65,9.663
4,2,0,65,7.493
4,2,0,65,6.988
4,2,0,65,8.304
4,2,0,65,7.223
4,2,0,65,6.934
4,2,0,65,8.201
4,2,0,65,23.618
4,2,0,65,6.357
4,2,0,65,8.372
4,2,0,65,7.437
4,2,0,65,7.497
4,2,0,65,7.022
4,2,0,65,7.288
4,2,0,65,7.095
4,2,0,65,7.347
4,2,0,65,9.542
4,2,0,65,9.031
4,2,0,65,8.619
4,2,0,65,14.116
4,2,0,65,7.182
4,2,0,65,7.112
4,2,0,65,7.192
4,2,0,65,7.147
4,2,0,65,17.538
4,2,0,65,23.570
4,2,0,65,4.286
4,2,0,65,4.781
4,2,0,65,7.141
4,2,0,65,10.704
4,2,0,65,7.310
4,2,0,65,14.174
4,2,0,65,7.038
4,2,0,65,9.744
4,2,0,65,7.740
4,2,0,65,7.085
4,2,0,65,6.567
4,2,0,65,7.322
4,2,0,65,7.061
4,2,0,65,6.990
4,2,0,65,7.413
4,2,0,65,10.074
4,2,0,65,9.525
4,2,0,65,53.763
4,2,0,65,8.244
4,2,0,65,6.918
4,2,0,65,7.116
4,2,0,65,7.137
4,2,0,65,9.051
4,2,0,65,7.584
4,2,0,65,7.831
4,2,0,65,7.238
4,2,0,65,7.021
4,2,0,65,6.842
4,2,0,65,6.439
4,2,0,65,14.655
4,2,0,65,7.634
4,2,0,65,7.179
4,2,0,65,15.642
4,2,0,65,10.667
4,2,0,65,8.498
4,2,0,65,7.289
4,2,0,65,10.584
4,2,0,65,9.612
4,2,0,65,8.342
4,2,0,65,3.786
4,2,0,65,39.052
4,2,0,65,27.588
4,2,0,65,4.447
4,2,0,65,7.625
4,2,0,65,7.113
4,2,0,65,6.797
4,2,0,65,8.077
4,2,0,65,8.472
4,2,0,65,9.897
4,2,0,65,11.660
4,2,0,65,6.944
4,2,0,65,7.026
4,2,0,65,6.678
4,2,0,65,13.602
4,2,0,65,7.086
4,2,0,65,7.244
4,2,0,65,7.278
4,2,0,65,12.153
4,2,0,65,7.098
4,2,0,65,4.588
4,2,0,65,6.996
4,2,0,65,7.040
4,2,0,65,7.248
4,2,0,65,6.846
4,2,0,65,8.134
4,2,0,65,37.804
4,2,0,65,5.830
4,2,0,65,7.667
4,2,0,65,7.120
4,2,0,65,7.165
4,2,0,65,6.987
4,2,0,65,7.109
4,2,0,65,6.964
4,2,0,65,334.129
4,2,0,65,7.479
4,2,0,65,7.172
4,2,0,65,6.536
4,2,0,65,25.142
4,2,0,65,7.264
4,2,0,65,7.119
4,2,0,65,6.945
4,2,0,65,9.711
4,2,0,65,7.521
4,2,0,65,5.372
4,2,0,65,6.904
4,2,0,65,8.876
4,2,0,65,6.917
4,2,0,65,8.226
4,2,0,65,7.954
4,2,0,65,16.226
4,2,0,65,7.874
4,2,0,65,7.543
4,2,0,65,6.897
4,2,0,65,6.924
4,2,0,65,9.631
4,2,0,65,7.252
4,2,0,65,7.071
4,2,0,65,7.124
4,2,0,65,7.676
4,2,0,65,7.480
4,2,0,65,7.216
4,2,0,65,8.140
4,2,0,65,7.168
4,2,0,65,6.971
4,2,0,65,8.161
4,2,0,65,6.931
4,2,0,65,9.112
4,2,0,65,6.131
4,2,0,65,4.781
4,2,0,65,7.309
4,2,0,65,7.028
4,2,0,65,11.581
4,2,0,65,6.471
4,2,0,65,15.605
4,2,0,65,7.131
4,2,0,65,6.905
4,2,0,65,10.481
4,2,0,65,8.018
4,2,0,65,8.023
4,2,0,65,8.739
4,2,0,65,8.223
4,2,0,65,7.154
4,2,0,65,7.333
4,2,0,65,7.432
4,2,0,65,7.268
4,2,0,65,22.742
4,2,0,65,7.198
4,2,0,65,7.124
4,2,0,65,7.087
4,2,0,65,7.138
4,2,0,65,8.586
4,2,0,65,7.326
4,2,0,65,7.660
4,2,0,65,9.635
4,2,0,65,7.989
4,2,0,65,7.201
4,2,0,65,8.945
4,2,0,65,41.303
4,2,0,65,7.298
4,2,0,65,7.035
4,2,0,65,9.303
4,2,0,65,9.910
4,2,0,65,8.365
4,2,0,65,8.068
4,2,0,65,7.896
4,2,0,65,7.021
4,2,0,65,7.114
4,2,0,65,7.054
4,2,0,65,7.062
4,2,0,65,17.453
4,2,0,65,7.872
4,2,0,65,7.154
4,2,0,65,7.157
4,2,0,65,7.190
4,2,0,65,8.910
4,2,0,65,8.988
4,2,0,65,7.275
4,2,0,65,7.631
4,2,0,65,8.616
4,2,0,65,8.225
4,2,0,65,8.452
4,2,0,65,17.200
4,2,0,65,7.001
4,2,0,65,7.062
4,2,0,65,7.236
4,2,0,65,10.351
4,2,0,65,9.654
4,2,0,65,8.755
4,2,0,65,7.204
4,2,0,65,6.829
4,2,0,65,7.064
4,2,0,65,6.990
4,2,0,65,8.075
4,2,0,65,14.431
4,2,0,65,8.929
4,2,0,65,7.040
4,2,0,65,7.318
4,2,0,65,7.206
4,2,0,65,7.266
4,2,0,65,13.494
4,2,0,65,7.024
4,2,0,65,9.568
4,2,0,65,8.272
4,2,0,65,11.679
4,2,0,65,8.042
4,2,0,65,22.218
4,2,0,65,7.001
4,2,0,65,7.217
4,2,0,65,6.985
4,2,0,65,7.081
4,2,0,65,7.185
4,2,0,65,7.519
4,2,0,65,6.840
4,2,0,65,7.113
4,2,0,65,7.047
4,2,0,65,7.090
4,2,0,65,6.593
4,2,0,65,21.647
4,2,0,65,7.290
4,2,0,65,7.685
4,2,0,65,8.111
4,2,0,65,7.559
4,2,0,65,7.180
4,2,0,65,7.246
4,2,0,65,7.483
4,2,0,65,7.062
4,2,0,65,8.325
4,2,0,65,7.243
4,2,0,65,7.716
4,2,0,65,31.803
4,2,0,65,10.050
4,2,0,65,9.160
4,2,0,65,7.014
4,2,0,65,7.063
4,2,0,65,7.071
4,2,0,65,7.977
4,2,0,65,8.895
4,2,0,65,7.181
4,2,0,65,8.709
4,2,0,65,7.452
4,2,0,65,7.324
4,2,0,65,19.267
4,2,0,65,7.046
4,2,0,65,8.724
4,2,0,65,7.205
4,2,0,65,8.497
4,2,0,65,9.416
4,2,0,65,7.129
4,2,0,65,6.954
4,2,0,65,7.205
4,2,0,65,7.110
4,2,0,65,7.165
4,2,0,65,14.206
4,2,0,65,19.029
4,2,0,65,7.555
4,2,0,65,6.996
4,2,0,65,9.122
4,2,0,65,11.192
4,2,0,65,9.836
4,2,0,65,8.941
4,2,0,65,7.589
4,2,0,65,7.359
4,2,0,65,8.986
4,2,0,65,7.049
4,2,0,65,10.234
4,2,0,65,18.286
4,2,0,65,6.983
4,2,0,65,7.020
4,2,0,65,7.175
4,2,0,65,9.184
4,2,0,65,171.949
4,2,0,65,19.892
4,2,0,65,6.053
4,2,0,65,6.854
4,2,0,65,7.285
4,2,0,65,6.730
4,2,0,65,7.270
4,2,0,65,18.210
4,2,0,65,7.782
4,2,0,65,8.113
4,2,0,65,9.533
4,2,0,65,6.895
4,2,0,65,8.592
4,2,0,65,7.337
4,2,0,65,7.138
4,2,0,65,7.172
4,2,0,65,8.173
4,2,0,65,7.684
4,2,0,65,11.972
4,2,0,65,13.690
4,2,0,65,8.406
4,2,0,65,7.010
4,2,0,65,6.941
4,2,0,65,7.531
4,2,0,65,9.226
4,2,0,65,7.592
4,2,0,65,6.851
4,2,0,65,8.430
4,2,0,65,7.149
4,2,0,65,10.300
4,2,0,65,15.504
4,2,0,65,98.539
4,2,0,65,9.829
4,2,0,65,8.018
4,2,0,65,7.787
4,2,0,65,6.985
4,2,0,65,7.127
4,2,0,65,8.040
4,2,0,65,7.712
4,2,0,65,7.873
4,2,0,65,8.683
4,2,0,65,7.415
4,2,0,65,11.319
4,2,0,65,27.238
4,2,0,65,7.066
4,2,0,65,6.880
4,2,0,65,7.035
4,2,0,65,7.992
4,2,0,65,9.686
4,2,0,65,7.996
4,2,0,65,8.138
4,2,0,65,7.433
4,2,0,65,6.815
4,2,0,65,6.872
4,2,0,65,9.533
4,2,0,65,20.976
4,2,0,65,6.985
4,2,0,65,9.232
4,2,0,65,7.611
4,2,0,65,7.034
4,2,0,65,9.563
4,2,0,65,6.964
4,2,0,65,6.965
4,2,0,65,6.857
4,2,0,65,7.032
4,2,0,65,7.249
4,2,0,65,6.948
4,2,0,65,1054.970
4,2,0,65,7.709
4,2,0,65,20.898
4,2,0,65,11.507
4,2,0,65,12.150
4,2,0,65,7.094
4,2,0,65,4.616
4,2,0,65,8.514
4,2,0,65,6.996
4,2,0,65,7.073
4,2,0,65,6.937
4,2,0,65,7.020
4,2,0,65,15.456
5,2,1,65,0.239
5,2,1,65,6.389
5,2,1,65,5.250
5,2,1,65,6.745
5,2,1,65,5.905
5,2,1,65,12.287
5,2,1,65,5.492
5,2,1,65,6.640
5,2,1,65,5.740
5,2,1,65,9.544
5,2,1,65,9.055
5,2,1,65,17.980
5,2,1,65,4.435
5,2,1,65,7.956
5,2,1,65,6.913
5,2,1,65,10.804
5,2,1,65,4.905
5,2,1,65,7.785
5,2,1,65,5.857
5,2,1,65,4.784
5,2,1,65,7.470
5,2,1,65,6.189
5,2,1,65,6.792
5,2,1,65,47.229
5,2,1,65,4.498
5,2,1,65,5.338
5,2,1,65,5.638
5,2,1,65,5.579
5,2,1,65,6.015
5,2,1,65,7.071
5,2,1,65,5.303
5,2,1,65,4.578
5,2,1,65,5.437
5,2,1,65,9.066
5,2,1,65,6.076
5,2,1,65,29.306
5,2,1,65,5.946
5,2,1,65,6.408
5,2,1,65,5.128
5,2,1,65,6.495
5,2,1,65,4.940
5,2,1,65,7.055
5,2,1,65,5.564
5,2,1,65,4.968
5,2,1,65,5.919
5,2,1,65,6.054
5,2,1,65,6.555
5,2,1,65,70.915
5,2,1,65,7.039
5,2,1,65,6.656
5,2,1,65,4.694
5,2,1,65,6.803
5,2,1,65,5.397
5,2,1,65,7.162
5,2,1,65,6.420
5,2,1,65,5.388
5,2,1,65,5.213
5,2,1,65,4.954
5,2,1,65,4.831
5,2,1,65,14.796
5,2,1,65,6.785
5,2,1,65,5.735
5,2,1,65,5.401
5,2,1,65,43.072
5,2,1,65,6.835
5,2,1,65,7.860
5,2,1,65,5.565
5,2,1,65,6.505
5,2,1,65,48.124
5,2,1,65,11.163
5,2,1,65,4.878
5,2,1,65,13.801
5,2,1,65,7.077
5,2,1,65,5.059
5,2,1,65,5.136
5,2,1,65,5.815
5,2,1,65,4.966
5,2,1,65,7.248
5,2,1,65,5.927
5,2,1,65,5.614
5,2,1,65,5.218
5,2,1,65,7.270
5,2,1,65,6.385
5,2,1,65,15.028
5,2,1,65,3.828
5,2,1,65,5.791
5,2,1,65,30.745
5,2,1,65,5.872
5,2,1,65,9.111
5,2,1,65,6.269
5,2,1,65,5.735
5,2,1,65,5.858
5,2,1,65,5.484
5,2,1,65,5.669
5,2,1,65,6.798
5,2,1,65,15.549
5,2,1,65,60.280
5,2,1,65,7.583
5,2,1,65,5.218
5,2,1,65,6.023
5,2,1,65,5.424
5,2,1,65,6.276
5,2,1,65,6.053
5,2,1,65,7.151
5,2,1,65,5.390
5,2,1,65,11.281
5,2,1,65,5.331
5,2,1,65,12.225
5,2,1,65,5.353
5,2,1,65,9.533
5,2,1,65,5.961
5,2,1,65,6.061
5,2,1,65,5.298
5,2,1,65,6.664
5,2,1,65,9.290
5,2,1,65,6.927
5,2,1,65,5.876
5,2,1,65,9.105
5,2,1,65,6.234
5,2,1,65,14.259
5,2,1,65,5.638
5,2,1,65,14.368
5,2,1,65,11.121
5,2,1,65,9.608
5,2,1,65,5.202
5,2,1,65,5.924
5,2,1,65,5.752
5,2,1,65,9.220
5,2,1,65,12.089
5,2,1,65,8.072
5,2,1,65,5.204
5,2,1,65,15.970
5,2,1,65,6.637
5,2,1,65,7.691
5,2,1,65,5.908
5,2,1,65,6.321
5,2,1,65,15.734
5,2,1,65,5.865
5,2,1,65,9.369
5,2,1,65,5.783
5,2,1,65,5.534
5,2,1,65,5.171
5,2,1,65,4.977
5,2,1,65,13.280
5,2,1,65,9.066
5,2,1,65,9.860
5,2,1,65,7.794
5,2,1,65,9.667
5,2,1,65,11.625
5,2,1,65,6.482
5,2,1,65,7.317
5,2,1,65,7.959
5,2,1,65,3.804
5,2,1,65,3.853
5,2,1,65,7.292
5,2,1,65,17.452
5,2,1,65,11.516
5,2,1,65,5.200
5,2,1,65,5.214
5,2,1,65,5.536
5,2,1,65,26.756
5,2,1,65,7.232
5,2,1,65,6.606
5,2,1,65,8.634
5,2,1,65,5.820
5,2,1,65,4.932
5,2,1,65,4.889
5,2,1,65,34.475
5,2,1,65,8.745
5,2,1,65,6.802
5,2,1,65,5.130
5,2,1,65,7.637
5,2,1,65,10.520
5,2,1,65,7.225
5,2,1,65,4.705
5,2,1,65,6.736
5,2,1,65,4.632
5,2,1,65,5.436
5,2,1,65,6.452
5,2,1,65,17.224
5,2,1,65,7.710
5,2,1,65,5.428
5,2,1,65,5.497
5,2,1,65,5.283
5,2,1,65,11.392
5,2,1,65,8.270
5,2,1,65,6.023
5,2,1,65,5.009
5,2,1,65,8.623
5,2,1,65,50.364
5,2,1,65,8.482
5,2,1,65,26.445
5,2,1,65,8.308
5,2,1,65,5.132
5,2,1,65,5.448
5,2,1,65,6.941
5,2,1,65,8.714
5,2,1,65,51.303
5,2,1,65,5.817
5,2,1,65,11.875
5,2,1,65,9.711
5,2,1,65,6.842
5,2,1,65,5.524
5,2,1,65,12.063
5,2,1,65,9.340
5,2,1,65,8.372
5,2,1,65,8.356
5,2,1,65,10.406
5,2,1,65,7.638
5,2,1,65,10.002
5,2,1,65,5.777
5,2,1,65,9.321
5,2,1,65,8.203
5,2,1,65,12.050
5,2,1,65,9.587
5,2,1,65,15.471
5,2,1,65,7.252
5,2,1,65,5.893
5,2,1,65,5.662
5,2,1,65,8.588
5,2,1,65,6.973
5,2,1,65,7.099
5,2,1,65,7.547
5,2,1,65,6.480
5,2,1,65,7.824
5,2,1,65,5.842
5,2,1,65,5.413
5,2,1,65,16.048
5,2,1,65,10.524
5,2,1,65,83.114
5,2,1,65,7.530
5,2,1,65,7.233
5,2,1,65,6.488
5,2,1,65,8.129
5,2,1,65,6.058
5,2,1,65,7.835
5,2,1,65,5.974
5,2,1,65,11.901
5,2,1,65,19.561
5,2,1,65,35.205
5,2,1,65,6.821
5,2,1,65,5.420
5,2,1,65,5.844
5,2,1,65,6.641
5,2,1,65,5.791
5,2,1,65,7.150
5,2,1,65,11.084
5,2,1,65,25.792
5,2,1,65,8.955
5,2,1,65,7.655
5,2,1,65,8.955
5,2,1,65,19.990
5,2,1,65,7.915
5,2,1,65,6.432
5,2,1,65,10.498
5,2,1,65,10.038
5,2,1,65,7.190
5,2,1,65,5.706
5,2,1,65,5.757
5,2,1,65,5.422
5,2,1,65,5.329
5,2,1,65,5.571
5,2,1,65,5.950
5,2,1,65,42.237
5,2,1,65,9.255
5,2,1,65,6.047
5,2,1,65,5.201
5,2,1,65,10.810
5,2,1,65,8.437
5,2,1,65,7.199
5,2,1,65,7.909
5,2,1,65,6.540
5,2,1,65,10.046
5,2,1,65,8.413
5,2,1,65,5.090
5,2,1,65,16.033
5,2,1,65,5.208
5,2,1,65,7.939
5,2,1,65,7.267
5,2,1,65,9.547
5,2,1,65,7.256
5,2,1,65,6.292
5,2,1,65,10.391
5,2,1,65,7.404
5,2,1,65,3.443
5,2,1,65,6.601
5,2,1,65,7.407
5,2,1,65,37.226
5,2,1,65,8.675
5,2,1,65,3.902
5,2,1,65,6.873
5,2,1,65,6.051
5,2,1,65,6.373
5,2,1,65,7.838
5,2,1,65,3.981
5,2,1,65,9.501
5,2,1,65,7.697
5,2,1,65,7.044
5,2,1,65,7.536
5,2,1,65,15.561
5,2,1,65,12.895
5,2,1,65,6.618
5,2,1,65,5.961
5,2,1,65,10.916
5,2,1,65,12.984
5,2,1,65,5.831
5,2,1,65,6.476
5,2,1,65,6.365
5,2,1,65,6.552
5,2,1,65,7.017
5,2,1,65,6.021
5,2,1,65,23.343
5,2,1,65,8.689
5,2,1,65,5.800
5,2,1,65,6.287
5,2,1,65,6.517
5,2,1,65,5.454
5,2,1,65,6.459
5,2,1,65,6.687
5,2,1,65,10.550
5,2,1,65,6.771
5,2,1,65,6.671
5,2,1,65,5.345
5,2,1,65,16.843
5,2,1,65,7.681
5,2,1,65,8.896
5,2,1,65,5.123
5,2,1,65,7.379
5,2,1,65,17.325
5,2,1,65,28.512
5,2,1,65,8.647
5,2,1,65,7.039
5,2,1,65,8.440
5,2,1,65,9.429
5,2,1,65,6.704
5,2,1,65,14.726
5,2,1,65,7.236
5,2,1,65,6.506
5,2,1,65,7.158
5,2,1,65,3.289
5,2,1,65,11.447
5,2,1,65,7.209
5,2,1,65,6.466
5,2,1,65,7.287
5,2,1,65,6.029
5,2,1,65,11.329
5,2,1,65,7.296
5,2,1,65,39.599
5,2,1,65,7.416
5,2,1,65,7.234
5,2,1,65,5.778
5,2,1,65,8.376
5,2,1,65,6.260
5,2,1,65,9.898
5,2,1,65,10.203
5,2,1,65,6.695
5,2,1,65,5.077
5,2,1,65,6.428
5,2,1,65,8.923
5,2,1,65,12.633
5,2,1,65,9.193
5,2,1,65,6.182
5,2,1,65,9.219
5,2,1,65,7.157
5,2,1,65,7.431
5,2,1,65,6.386
5,2,1,65,6.873
5,2,1,65,10.513
5,2,1,65,6.570
5,2,1,65,11.012
5,2,1,65,5.977
5,2,1,65,17.560
5,2,1,65,7.692
5,2,1,65,7.564
5,2,1,65,7.260
5,2,1,65,2.202
5,2,1,65,7.608
5,2,1,65,6.095
5,2,1,65,4.062
5,2,1,65,12.210
5,2,1,65,7.944
5,2,1,65,7.418
5,2,1,65,5.263
5,2,1,65,19.834
5,2,1,65,6.951
5,2,1,65,5.451
5,2,1,65,7.249
5,2,1,65,8.851
5,2,1,65,8.114
5,2,1,65,11.886
5,2,1,65,7.352
5,2,1,65,5.663
5,2,1,65,5.097
5,2,1,65,6.706
5,2,1,65,5.126
5,2,1,65,66.385
5,2,1,65,5.271
5,2,1,65,6.506
5,2,1,65,5.373
5,2,1,65,4.106
5,2,1,65,5.459
5,2,1,65,5.932
5,2,1,65,6.330
5,2,1,65,8.421
5,2,1,65,7.739
5,2,1,65,9.342
5,2,1,65,8.980
5,2,1,65,66.408
5,2,1,65,5.963
5,2,1,65,7.715
5,2,1,65,6.178
5,2,1,65,6.074
5,2,1,65,7.726
5,2,1,65,7.172
5,2,1,65,5.437
5,2,1,65,6.018
5,2,1,65,5.764
5,2,1,65,5.207
5,2,1,65,9.264
5,2,1,65,13.673
5,2,1,65,5.495
5,2,1,65,4.671
5,2,1,65,5.104
5,2,1,65,5.141
5,2,1,65,4.421
5,2,1,65,6.814
5,2,1,65,5.030
5,2,1,65,5.146
5,2,1,65,37.198
5,2,1,65,11.027
5,2,1,65,6.007
5,2,1,65,25.024
5,2,1,65,5.175
5,2,1,65,6.367
5,2,1,65,5.285
5,2,1,65,6.878
5,2,1,65,19.945
5,2,1,65,7.703
5,2,1,65,7.920
5,2,1,65,7.026
5,2,1,65,5.824
5,2,1,65,4.935
5,2,1,65,5.494
5,2,1,65,15.526
5,2,1,65,7.016
5,2,1,65,67.170
5,2,1,65,9.094
5,2,1,65,10.408
5,2,1,65,7.126
5,2,1,65,5.023
5,2,1,65,8.113
5,2,1,65,9.205
5,2,1,65,1.760
5,2,1,65,369.575
5,2,1,65,7.055
5,2,1,65,16.807
5,2,1,65,6.421
5,2,1,65,6.361
5,2,1,65,6.580
5,2,1,65,5.434
5,2,1,65,4.964
5,2,1,65,8.881
5,2,1,65,7.151
5,2,1,65,5.457
5,2,1,65,10.848
5,2,1,65,5.803
5,2,1,65,4.849
5,2,1,65,29.936
5,2,1,65,10.165
5,2,1,65,5.077
5,2,1,65,4.231
5,2,1,65,8.094
5,2,1,65,7.306
5,2,1,65,6.926
5,2,1,65,5.016
5,2,1,65,4.956
5,2,1,65,5.061
5,2,1,65,5.961
5,2,1,65,5.957
5,2,1,65,15.684
5,2,1,65,6.131
5,2,1,65,5.305
5,2,1,65,5.402
5,2,1,65,6.003
5,2,1,65,8.818
5,2,1,65,8.155
5,2,1,65,6.209
5,2,1,65,8.765
5,2,1,65,5.640
5,2,1,65,8.278
5,2,1,65,4.668
5,2,1,65,18.282
5,2,1,65,11.221
5,2,1,65,5.156
5,2,1,65,9.069
5,2,1,65,10.211
5,2,1,65,9.864
5,2,1,65,6.720
5,2,1,65,6.527
5,2,1,65,4.834
5,2,1,65,5.256
5,2,1,65,7.681
5,2,1,65,6.819
5,2,1,65,16.066
5,2,1,65,6.079
5,2,1,65,6.880
5,2,1,65,5.162
5,2,1,65,11.552
5,2,1,65,7.004
5,2,1,65,14.634
5,2,1,65,4.868
5,2,1,65,8.144
5,2,1,65,5.668
5,2,1,65,5.588
5,2,1,65,5.920
5,2,1,65,14.779
5,2,1,65,5.125
5,2,1,65,7.020
5,2,1,65,5.922
5,2,1,65,5.746
5,2,1,65,9.617
5,2,1,65,7.734
5,2,1,65,4.938
5,2,1,65,10.647
5,2,1,65,5.995
5,2,1,65,7.380
5,2,1,65,4.838
5,2,1,65,24.176
5,2,1,65,27.025
5,2,1,65,9.746
5,2,1,65,8.423
5,2,1,65,6.052
5,2,1,65,7.862
5,2,1,65,5.648
5,2,1,65,5.821
5,2,1,65,5.803
5,2,1,65,5.678
5,2,1,65,5.329
5,2,1,65,6.638
5,2,1,65,12.564
5,2,1,65,6.006
5,2,1,65,8.812
5,2,1,65,5.047
5,2,1,65,5.936
5,2,1,65,5.506
5,2,1,65,6.024
5,2,1,65,6.369
5,2,1,65,10.338
5,2,1,65,7.995
5,2,1,65,5.704
5,2,1,65,5.314
5,2,1,65,29.628
5,2,1,65,12.124
5,2,1,65,5.964
5,2,1,65,5.606
5,2,1,65,8.069
5,2,1,65,6.215
5,2,1,65,12.119
5,2,1,65,10.408
5,2,1,65,4.927
5,2,1,65,6.649
5,2,1,65,5.929
5,2,1,65,7.942
5,2,1,65,17.063
5,2,1,65,8.376
5,2,1,65,6.407
5,2,1,65,6.191
5,2,1,65,8.095
5,2,1,65,15.709
5,2,1,65,7.774
5,2,1,65,5.377
5,2,1,65,5.756
5,2,1,65,6.216
5,2,1,65,5.001
5,2,1,65,6.527
5,2,1,65,30.768
5,2,1,65,6.149
5,2,1,65,4.870
5,2,1,65,6.963
5,2,1,65,6.885
5,2,1,65,6.064
5,2,1,65,8.580
5,2,1,65,8.455
5,2,1,65,5.654
5,2,1,65,8.820
5,2,1,65,8.223
5,2,1,65,8.819
5,2,1,65,21.265
5,2,1,65,6.995
5,2,1,65,7.677
5,2,1,65,9.056
5,2,1,65,5.360
5,2,1,65,8.417
5,2,1,65,9.155
5,2,1,65,4.931
5,2,1,65,7.160
5,2,1,65,5.141
5,2,1,65,5.439
5,2,1,65,4.092
5,2,1,65,15.976
5,2,1,65,7.067
5,2,1,65,6.388
5,2,1,65,5.400
5,2,1,65,5.566
5,2,1,65,8.863
5,2,1,65,7.542
5,2,1,65,4.960
5,2,1,65,8.778
5,2,1,65,4.956
5,2,1,65,5.857
5,2,1,65,6.501
5,2,1,65,24.232
5,2,1,65,5.133
5,2,1,65,8.036
5,2,1,65,5.682
5,2,1,65,6.318
5,2,1,65,5.045
5,2,1,65,7.684
5,2,1,65,6.483
5,2,1,65,5.409
5,2,1,65,8.511
5,2,1,65,11.970
5,2,1,65,7.250
5,2,1,65,13.685
5,2,1,65,7.692
5,2,1,65,5.173
5,2,1,65,5.375
5,2,1,65,5.697
5,2,1,65,22.219
5,2,1,65,26.952
5,2,1,65,4.634
5,2,1,65,3.481
5,2,1,65,7.127
5,2,1,65,10.546
5,2,1,65,6.256
5,2,1,65,14.750
5,2,1,65,5.384
5,2,1,65,9.927
5,2,1,65,5.858
5,2,1,65,7.637
5,2,1,65,5.764
5,2,1,65,6.522
5,2,1,65,5.940
5,2,1,65,5.205
5,2,1,65,6.492
5,2,1,65,10.183
5,2,1,65,12.630
5,2,1,65,53.181
5,2,1,65,7.214
5,2,1,65,6.627
5,2,1,65,6.633
5,2,1,65,5.804
5,2,1,65,6.865
5,2,1,65,11.525
5,2,1,65,8.070
5,2,1,65,7.423
5,2,1,65,4.832
5,2,1,65,5.152
5,2,1,65,6.597
5,2,1,65,14.427
5,2,1,65,6.482
5,2,1,65,6.107
5,2,1,65,14.923
5,2,1,65,10.973
5,2,1,65,7.087
5,2,1,65,5.774
5,2,1,65,8.934
5,2,1,65,8.491
5,2,1,65,6.656
5,2,1,65,1.661
5,2,1,65,38.212
5,2,1,65,27.111
5,2,1,65,2.297
5,2,1,65,5.244
5,2,1,65,5.196
5,2,1,65,11.173
5,2,1,65,7.697
5,2,1,65,6.482
5,2,1,65,8.453
5,2,1,65,12.645
5,2,1,65,5.276
5,2,1,65,5.689
5,2,1,65,6.147
5,2,1,65,12.757
5,2,1,65,5.251
5,2,1,65,5.512
5,2,1,65,5.862
5,2,1,65,12.861
5,2,1,65,5.857
5,2,1,65,4.635
5,2,1,65,4.876
5,2,1,65,5.476
5,2,1,65,6.262
5,2,1,65,12.832
5,2,1,65,6.066
5,2,1,65,38.920
5,2,1,65,5.259
5,2,1,65,7.253
5,2,1,65,6.051
5,2,1,65,5.910
5,2,1,65,5.257
5,2,1,65,5.126
5,2,1,65,5.514
5,2,1,65,337.231
5,2,1,65,8.288
5,2,1,65,6.560
5,2,1,65,4.656
5,2,1,65,39.548
5,2,1,65,5.988
5,2,1,65,5.550
5,2,1,65,5.313
5,2,1,65,8.194
5,2,1,65,6.496
5,2,1,65,4.349
5,2,1,65,4.898
5,2,1,65,6.736
5,2,1,65,5.165
5,2,1,65,6.301
5,2,1,65,6.388
5,2,1,65,15.660
5,2,1,65,7.391
5,2,1,65,5.923
5,2,1,65,6.747
5,2,1,65,6.257
5,2,1,65,9.159
5,2,1,65,8.630
5,2,1,65,5.603
5,2,1,65,6.075
5,2,1,65,6.518
5,2,1,65,7.308
5,2,1,65,6.527
5,2,1,65,6.727
5,2,1,65,7.189
5,2,1,65,6.650
5,2,1,65,6.124
5,2,1,65,5.274
5,2,1,65,7.706
5,2,1,65,5.392
5,2,1,65,3.650
5,2,1,65,6.634
5,2,1,65,5.312
5,2,1,65,9.652
5,2,1,65,5.631
5,2,1,65,19.182
5,2,1,65,6.246
5,2,1,65,9.824
5,2,1,65,12.285
5,2,1,65,32.582
5,2,1,65,6.162
5,2,1,65,9.130
5,2,1,65,8.557
5,2,1,65,5.814
5,2,1,65,6.150
5,2,1,65,6.312
5,2,1,65,8.504
5,2,1,65,23.873
5,2,1,65,5.719
5,2,1,65,6.191
5,2,1,65,5.963
5,2,1,65,6.968
5,2,1,65,7.378
5,2,1,65,6.023
5,2,1,65,6.838
5,2,1,65,8.247
5,2,1,65,6.655
5,2,1,65,5.572
5,2,1,65,10.729
5,2,1,65,40.501
5,2,1,65,6.389
5,2,1,65,5.473
5,2,1,65,9.117
5,2,1,65,9.465
5,2,1,65,8.937
5,2,1,65,8.842
5,2,1,65,7.775
5,2,1,65,5.945
5,2,1,65,5.872
5,2,1,65,5.875
5,2,1,65,5.676
5,2,1,65,20.445
5,2,1,65,7.184
5,2,1,65,5.730
5,2,1,65,6.565
5,2,1,65,6.577
5,2,1,65,7.382
5,2,1,65,7.421
5,2,1,65,6.084
5,2,1,65,6.458
5,2,1,65,21.248
5,2,1,65,7.451
5,2,1,65,6.499
5,2,1,65,18.068
5,2,1,65,5.633
5,2,1,65,5.537
5,2,1,65,5.524
5,2,1,65,9.276
5,2,1,65,12.528
5,2,1,65,7.423
5,2,1,65,5.173
5,2,1,65,4.800
5,2,1,65,5.477
5,2,1,65,5.268
5,2,1,65,7.364
5,2,1,65,13.537
5,2,1,65,8.186
5,2,1,65,5.554
5,2,1,65,9.295
5,2,1,65,28.869
5,2,1,65,5.558
5,2,1,65,14.597
5,2,1,65,5.842
5,2,1,65,8.019
5,2,1,65,7.210
5,2,1,65,13.312
5,2,1,65,8.844
5,2,1,65,21.747
5,2,1,65,8.817
5,2,1,65,5.850
5,2,1,65,5.490
5,2,1,65,5.043
5,2,1,65,9.766
5,2,1,65,6.400
5,2,1,65,5.306
5,2,1,65,6.142
5,2,1,65,4.966
5,2,1,65,5.410
5,2,1,65,5.204
5,2,1,65,36.408
5,2,1,65,6.605
5,2,1,65,6.581
5,2,1,65,6.071
5,2,1,65,8.290
5,2,1,65,7.856
5,2,1,65,5.432
5,2,1,65,6.677
5,2,1,65,5.021
5,2,1,65,7.105
5,2,1,65,7.044
5,2,1,65,6.174
5,2,1,65,32.182
5,2,1,65,11.349
5,2,1,65,7.547
5,2,1,65,5.531
5,2,1,65,6.419
5,2,1,65,5.815
5,2,1,65,7.065
5,2,1,65,7.631
5,2,1,65,7.094
5,2,1,65,8.666
5,2,1,65,6.453
5,2,1,65,5.610
5,2,1,65,18.510
5,2,1,65,6.032
5,2,1,65,11.694
5,2,1,65,6.573
5,2,1,65,7.478
5,2,1,65,8.419
5,2,1,65,6.922
5,2,1,65,6.080
5,2,1,65,5.555
5,2,1,65,5.011
5,2,1,65,5.626
5,2,1,65,13.712
5,2,1,65,19.113
5,2,1,65,10.381
5,2,1,65,5.116
5,2,1,65,7.177
5,2,1,65,31.823
5,2,1,65,9.370
5,2,1,65,7.886
5,2,1,65,6.215
5,2,1,65,6.264
5,2,1,65,8.718
5,2,1,65,5.154
5,2,1,65,8.891
5,2,1,65,18.173
5,2,1,65,5.120
5,2,1,65,5.223
5,2,1,65,6.006
5,2,1,65,12.263
5,2,1,65,171.636
5,2,1,65,18.744
5,2,1,65,4.311
5,2,1,65,4.983
5,2,1,65,5.574
5,2,1,65,4.995
5,2,1,65,5.603
5,2,1,65,17.886
5,2,1,65,6.992
5,2,1,65,6.952
5,2,1,65,6.623
5,2,1,65,5.019
5,2,1,65,8.263
5,2,1,65,6.000
5,2,1,65,6.101
5,2,1,65,11.513
5,2,1,65,7.450
5,2,1,65,5.964
5,2,1,65,11.526
5,2,1,65,13.093
5,2,1,65,6.319
5,2,1,65,6.031
5,2,1,65,5.034
5,2,1,65,7.011
5,2,1,65,9.433
5,2,1,65,6.057
5,2,1,65,6.070
5,2,1,65,6.645
5,2,1,65,6.441
5,2,1,65,9.911
5,2,1,65,46.090
5,2,1,65,113.107
5,2,1,65,11.536
5,2,1,65,5.957
5,2,1,65,6.882
5,2,1,65,5.495
5,2,1,65,5.260
5,2,1,65,7.676
5,2,1,65,6.232
5,2,1,65,6.832
5,2,1,65,12.492
5,2,1,65,5.792
5,2,1,65,12.157
5,2,1,65,28.467
5,2,1,65,5.301
5,2,1,65,5.122
5,2,1,65,5.269
5,2,1,65,7.672
5,2,1,65,12.275
5,2,1,65,7.720
5,2,1,65,7.463
5,2,1,65,7.068
5,2,1,65,5.208
5,2,1,65,5.039
5,2,1,65,7.788
5,2,1,65,22.003
5,2,1,65,5.463
5,2,1,65,8.739
5,2,1,65,6.473
5,2,1,65,5.964
5,2,1,65,9.614
5,2,1,65,5.233
5,2,1,65,5.462
5,2,1,65,5.036
5,2,1,65,5.259
5,2,1,65,7.786
5,2,1,65,5.638
5,2,1,65,1056.614
5,2,1,65,6.025
5,2,1,65,22.552
5,2,1,65,11.091
5,2,1,65,10.979
5,2,1,65,5.961
5,2,1,65,4.038
5,2,1,65,7.895
5,2,1,65,5.842
5,2,1,65,5.305
5,2,1,65,5.437
5,2,1,65,6.180
5,2,1,65,16.084
6,2,2,65,0.148
6,2,2,65,4.150
6,2,2,65,2.828
6,2,2,65,5.391
6,2,2,65,4.249
6,2,2,65,9.858
6,2,2,65,3.799
6,2,2,65,4.649
6,2,2,65,2.668
6,2,2,65,7.106
6,2,2,65,7.670
6,2,2,65,14.243
6,2,2,65,4.506
6,2,2,65,8.088
6,2,2,65,5.835
6,2,2,65,11.348
6,2,2,65,1.157
6,2,2,65,4.190
6,2,2,65,5.162
6,2,2,65,1.767
6,2,2,65,6.455
6,2,2,65,1.602
6,2,2,65,5.779
6,2,2,65,43.350
6,2,2,65,1.116
6,2,2,65,5.658
6,2,2,65,2.934
6,2,2,65,5.758
6,2,2,65,3.924
6,2,2,65,5.032
6,2,2,65,3.534
6,2,2,65,1.238
6,2,2,65,3.456
6,2,2,65,6.422
6,2,2,65,3.963
6,2,2,65,27.171
6,2,2,65,4.096
6,2,2,65,4.612
6,2,2,65,3.020
6,2,2,65,4.601
6,2,2,65,3.124
6,2,2,65,5.146
6,2,2,65,3.691
6,2,2,65,2.867
6,2,2,65,4.255
6,2,2,65,4.156
6,2,2,65,5.201
6,2,2,65,70.194
6,2,2,65,5.842
6,2,2,65,5.089
6,2,2,65,1.848
6,2,2,65,4.373
6,2,2,65,2.907
6,2,2,65,5.257
6,2,2,65,4.695
6,2,2,65,3.626
6,2,2,65,3.304
6,2,2,65,2.887
6,2,2,65,2.768
6,2,2,65,13.237
6,2,2,65,5.185
6,2,2,65,4.172
6,2,2,65,3.543
6,2,2,65,60.244
6,2,2,65,4.779
6,2,2,65,5.781
6,2,2,65,3.974
6,2,2,65,4.836
6,2,2,65,62.804
6,2,2,65,13.055
6,2,2,65,3.350
6,2,2,65,11.565
6,2,2,65,5.603
6,2,2,65,3.212
6,2,2,65,3.187
6,2,2,65,4.159
6,2,2,65,3.168
6,2,2,65,6.049
6,2,2,65,3.966
6,2,2,65,3.751
6,2,2,65,3.230
6,2,2,65,7.136
6,2,2,65,5.622
6,2,2,65,14.232
6,2,2,65,6.076
6,2,2,65,4.506
6,2,2,65,26.245
6,2,2,65,3.840
6,2,2,65,5.099
6,2,2,65,2.931
6,2,2,65,4.637
6,2,2,65,1.170
6,2,2,65,5.860
6,2,2,65,3.388
6,2,2,65,3.494
6,2,2,65,13.799
6,2,2,65,57.575
6,2,2,65,5.734
6,2,2,65,2.956
6,2,2,65,4.042
6,2,2,65,3.759
6,2,2,65,4.846
6,2,2,65,4.165
6,2,2,65,5.222
6,2,2,65,3.621
6,2,2,65,11.359
6,2,2,65,3.767
6,2,2,65,12.261
6,2,2,65,3.459
6,2,2,65,7.972
6,2,2,65,4.003
6,2,2,65,3.894
6,2,2,65,3.209
6,2,2,65,4.803
6,2,2,65,7.080
6,2,2,65,4.699
6,2,2,65,3.761
6,2,2,65,6.752
6,2,2,65,4.213
6,2,2,65,12.959
6,2,2,65,3.629
6,2,2,65,12.076
6,2,2,65,9.333
6,2,2,65,7.823
6,2,2,65,3.364
6,2,2,65,3.947
6,2,2,65,6.466
6,2,2,65,7.748
6,2,2,65,10.398
6,2,2,65,9.439
6,2,2,65,4.640
6,2,2,65,17.159
6,2,2,65,4.638
6,2,2,65,5.688
6,2,2,65,3.771
6,2,2,65,4.723
6,2,2,65,14.035
6,2,2,65,3.713
6,2,2,65,7.522
6,2,2,65,3.782
6,2,2,65,3.652
6,2,2,65,2.982
6,2,2,65,2.945
6,2,2,65,14.056
6,2,2,65,6.892
6,2,2,65,7.829
6,2,2,65,6.206
6,2,2,65,8.813
6,2,2,65,10.015
6,2,2,65,4.161
6,2,2,65,5.569
6,2,2,65,6.643
6,2,2,65,1.847
6,2,2,65,1.616
6,2,2,65,5.356
6,2,2,65,16.171
6,2,2,65,9.938
6,2,2,65,3.164
6,2,2,65,3.020
6,2,2,65,3.355
6,2,2,65,26.703
6,2,2,65,5.256
6,2,2,65,5.586
6,2,2,65,6.892
6,2,2,65,3.709
6,2,2,65,2.763
6,2,2,65,2.841
6,2,2,65,35.620
6,2,2,65,7.493
6,2,2,65,5.341
6,2,2,65,2.847
6,2,2,65,7.005
6,2,2,65,9.549
6,2,2,65,4.956
6,2,2,65,1.194
6,2,2,65,4.996
6,2,2,65,1.672
6,2,2,65,3.697
6,2,2,65,4.585
6,2,2,65,14.428
6,2,2,65,5.908
6,2,2,65,3.503
6,2,2,65,3.542
6,2,2,65,3.129
6,2,2,65,9.369
6,2,2,65,6.926
6,2,2,65,4.075
6,2,2,65,2.870
6,2,2,65,6.645
6,2,2,65,52.918
6,2,2,65,9.333
6,2,2,65,24.610
6,2,2,65,6.459
6,2,2,65,2.886
6,2,2,65,3.469
6,2,2,65,5.113
6,2,2,65,6.904
6,2,2,65,50.358
6,2,2,65,3.924
6,2,2,65,9.887
6,2,2,65,7.653
6,2,2,65,4.934
6,2,2,65,3.855
6,2,2,65,11.896
6,2,2,65,7.849
6,2,2,65,6.902
6,2,2,65,6.680
6,2,2,65,12.292
6,2,2,65,7.114
6,2,2,65,8.540
6,2,2,65,3.555
6,2,2,65,8.031
6,2,2,65,6.243
6,2,2,65,10.261
6,2,2,65,8.687
6,2,2,65,13.655
6,2,2,65,6.232
6,2,2,65,4.233
6,2,2,65,3.535
6,2,2,65,8.170
6,2,2,65,5.353
6,2,2,65,6.062
6,2,2,65,5.704
6,2,2,65,4.656
6,2,2,65,5.549
6,2,2,65,4.017
6,2,2,65,3.696
6,2,2,65,14.173
6,2,2,65,9.705
6,2,2,65,81.912
6,2,2,65,5.964
6,2,2,65,5.602
6,2,2,65,4.353
6,2,2,65,5.983
6,2,2,65,3.994
6,2,2,65,6.597
6,2,2,65,4.296
6,2,2,65,9.832
6,2,2,65,17.666
6,2,2,65,33.405
6,2,2,65,5.219
6,2,2,65,3.489
6,2,2,65,4.055
6,2,2,65,4.672
6,2,2,65,3.650
6,2,2,65,6.355
6,2,2,65,9.332
6,2,2,65,27.034
6,2,2,65,8.102
6,2,2,65,6.720
6,2,2,65,7.262
6,2,2,65,16.080
6,2,2,65,8.089
6,2,2,65,4.436
6,2,2,65,10.133
6,2,2,65,8.129
6,2,2,65,5.027
6,2,2,65,3.795
6,2,2,65,3.758
6,2,2,65,3.320
6,2,2,65,3.448
6,2,2,65,3.496
6,2,2,65,4.172
6,2,2,65,39.924
6,2,2,65,7.151
6,2,2,65,4.246
6,2,2,65,3.066
6,2,2,65,10.810
6,2,2,65,6.491
6,2,2,65,5.310
6,2,2,65,6.129
6,2,2,65,4.613
6,2,2,65,9.018
6,2,2,65,6.845
6,2,2,65,2.981
6,2,2,65,14.632
6,2,2,65,3.074
6,2,2,65,6.123
6,2,2,65,6.220
6,2,2,65,9.249
6,2,2,65,3.543
6,2,2,65,2.704
6,2,2,65,9.698
6,2,2,65,6.565
6,2,2,65,4.984
6,2,2,65,9.467
6,2,2,65,5.902
6,2,2,65,34.054
6,2,2,65,7.437
6,2,2,65,6.815
6,2,2,65,6.020
6,2,2,65,4.292
6,2,2,65,4.877
6,2,2,65,8.611
6,2,2,65,5.233
6,2,2,65,7.823
6,2,2,65,4.422
6,2,2,65,5.572
6,2,2,65,5.612
6,2,2,65,12.487
6,2,2,65,16.800
6,2,2,65,4.340
6,2,2,65,4.891
6,2,2,65,9.833
6,2,2,65,11.207
6,2,2,65,3.759
6,2,2,65,5.147
6,2,2,65,4.542
6,2,2,65,4.746
6,2,2,65,4.763
6,2,2,65,4.341
6,2,2,65,21.875
6,2,2,65,7.539
6,2,2,65,4.221
6,2,2,65,4.233
6,2,2,65,7.476
6,2,2,65,4.284
6,2,2,65,5.060
6,2,2,65,4.704
6,2,2,65,8.808
6,2,2,65,4.899
6,2,2,65,5.057
6,2,2,65,3.732
6,2,2,65,15.596
6,2,2,65,5.688
6,2,2,65,7.204
6,2,2,65,3.119
6,2,2,65,5.313
6,2,2,65,15.758
6,2,2,65,27.303
6,2,2,65,7.085
6,2,2,65,5.333
6,2,2,65,5.978
6,2,2,65,7.871
6,2,2,65,4.294
6,2,2,65,12.985
6,2,2,65,6.067
6,2,2,65,5.199
6,2,2,65,5.215
6,2,2,65,1.679
6,2,2,65,11.561
6,2,2,65,6.803
6,2,2,65,7.015
6,2,2,65,5.230
6,2,2,65,3.987
6,2,2,65,11.830
6,2,2,65,5.559
6,2,2,65,37.919
6,2,2,65,5.927
6,2,2,65,5.126
6,2,2,65,4.099
6,2,2,65,6.872
6,2,2,65,4.275
6,2,2,65,8.277
6,2,2,65,8.227
6,2,2,65,5.108
6,2,2,65,3.189
6,2,2,65,4.304
6,2,2,65,6.869
6,2,2,65,11.856
6,2,2,65,8.510
6,2,2,65,5.371
6,2,2,65,7.333
6,2,2,65,5.759
6,2,2,65,6.564
6,2,2,65,4.335
6,2,2,65,5.283
6,2,2,65,8.705
6,2,2,65,6.279
6,2,2,65,10.235
6,2,2,65,4.187
6,2,2,65,14.641
6,2,2,65,6.706
6,2,2,65,5.677
6,2,2,65,5.214
6,2,2,65,0.482
6,2,2,65,6.066
6,2,2,65,4.171
6,2,2,65,2.933
6,2,2,65,18.205
6,2,2,65,4.433
6,2,2,65,8.020
6,2,2,65,3.575
6,2,2,65,17.335
6,2,2,65,5.578
6,2,2,65,3.773
6,2,2,65,5.540
6,2,2,65,7.466
6,2,2,65,6.222
6,2,2,65,7.325
6,2,2,65,8.877
6,2,2,65,7.284
6,2,2,65,3.116
6,2,2,65,3.763
6,2,2,65,2.401
6,2,2,65,64.626
6,2,2,65,3.196
6,2,2,65,8.831
6,2,2,65,3.407
6,2,2,65,0.537
6,2,2,65,8.446
6,2,2,65,5.836
6,2,2,65,7.324
6,2,2,65,6.646
6,2,2,65,4.699
6,2,2,65,8.041
6,2,2,65,9.125
6,2,2,65,65.668
6,2,2,65,3.487
6,2,2,65,6.992
6,2,2,65,5.714
6,2,2,65,7.086
6,2,2,65,7.384
6,2,2,65,7.675
6,2,2,65,3.480
6,2,2,65,4.520
6,2,2,65,3.721
6,2,2,65,4.183
6,2,2,65,7.362
6,2,2,65,13.709
6,2,2,65,4.380
6,2,2,65,2.400
6,2,2,65,1.714
6,2,2,65,3.250
6,2,2,65,3.674
6,2,2,65,4.907
6,2,2,65,3.174
6,2,2,65,3.002
6,2,2,65,50.085
6,2,2,65,9.733
6,2,2,65,5.193
6,2,2,65,27.950
6,2,2,65,5.133
6,2,2,65,4.753
6,2,2,65,3.315
6,2,2,65,5.050
6,2,2,65,19.858
6,2,2,65,5.774
6,2,2,65,6.658
6,2,2,65,4.874
6,2,2,65,3.929
6,2,2,65,2.786
6,2,2,65,3.818
6,2,2,65,17.225
6,2,2,65,4.854
6,2,2,65,65.807
6,2,2,65,7.046
6,2,2,65,8.812
6,2,2,65,7.410
6,2,2,65,2.993
6,2,2,65,6.460
6,2,2,65,7.267
6,2,2,65,10.352
6,2,2,65,367.331
6,2,2,65,4.393
6,2,2,65,15.988
6,2,2,65,4.497
6,2,2,65,4.238
6,2,2,65,4.736
6,2,2,65,3.106
6,2,2,65,4.938
6,2,2,65,6.669
6,2,2,65,5.075
6,2,2,65,3.954
6,2,2,65,8.535
6,2,2,65,3.834
6,2,2,65,2.870
6,2,2,65,28.720
6,2,2,65,8.442
6,2,2,65,2.978
6,2,2,65,2.596
6,2,2,65,6.200
6,2,2,65,4.950
6,2,2,65,4.926
6,2,2,65,3.052
6,2,2,65,2.841
6,2,2,65,3.219
6,2,2,65,3.906
6,2,2,65,6.441
6,2,2,65,14.233
6,2,2,65,4.509
6,2,2,65,3.385
6,2,2,65,3.262
6,2,2,65,4.447
6,2,2,65,8.148
6,2,2,65,7.378
6,2,2,65,4.425
6,2,2,65,7.025
6,2,2,65,4.550
6,2,2,65,10.381
6,2,2,65,3.143
6,2,2,65,16.876
6,2,2,65,9.139
6,2,2,65,3.279
6,2,2,65,6.764
6,2,2,65,8.507
6,2,2,65,7.798
6,2,2,65,4.545
6,2,2,65,4.901
6,2,2,65,2.712
6,2,2,65,3.446
6,2,2,65,5.558
6,2,2,65,5.235
6,2,2,65,16.449
6,2,2,65,4.388
6,2,2,65,5.811
6,2,2,65,5.880
6,2,2,65,11.091
6,2,2,65,4.847
6,2,2,65,13.088
6,2,2,65,3.213
6,2,2,65,7.143
6,2,2,65,4.110
6,2,2,65,4.097
6,2,2,65,4.153
6,2,2,65,13.762
6,2,2,65,3.219
6,2,2,65,4.994
6,2,2,65,4.206
6,2,2,65,3.606
6,2,2,65,7.838
6,2,2,65,6.634
6,2,2,65,2.832
6,2,2,65,8.568
6,2,2,65,3.944
6,2,2,65,6.913
6,2,2,65,3.219
6,2,2,65,23.802
6,2,2,65,41.784
6,2,2,65,9.595
6,2,2,65,6.295
6,2,2,65,4.777
6,2,2,65,5.998
6,2,2,65,3.768
6,2,2,65,3.712
6,2,2,65,3.821
6,2,2,65,5.836
6,2,2,65,5.078
6,2,2,65,6.008
6,2,2,65,11.630
6,2,2,65,4.408
6,2,2,65,6.638
6,2,2,65,2.899
6,2,2,65,4.037
6,2,2,65,3.377
6,2,2,65,4.024
6,2,2,65,4.789
6,2,2,65,10.940
6,2,2,65,6.454
6,2,2,65,4.160
6,2,2,65,3.332
6,2,2,65,27.652
6,2,2,65,8.731
6,2,2,65,4.451
6,2,2,65,2.230
6,2,2,65,7.714
6,2,2,65,4.452
6,2,2,65,9.959
6,2,2,65,8.453
6,2,2,65,2.900
6,2,2,65,5.022
6,2,2,65,4.175
6,2,2,65,8.747
6,2,2,65,16.139
6,2,2,65,5.112
6,2,2,65,3.878
6,2,2,65,4.413
6,2,2,65,7.593
6,2,2,65,15.212
6,2,2,65,6.871
6,2,2,65,7.133
6,2,2,65,4.736
6,2,2,65,5.606
6,2,2,65,2.801
6,2,2,65,4.492
6,2,2,65,31.144
6,2,2,65,4.484
6,2,2,65,2.876
6,2,2,65,4.027
6,2,2,65,4.625
6,2,2,65,3.996
6,2,2,65,8.175
6,2,2,65,6.405
6,2,2,65,3.678
6,2,2,65,7.146
6,2,2,65,6.822
6,2,2,65,7.043
6,2,2,65,20.597
6,2,2,65,4.091
6,2,2,65,6.723
6,2,2,65,4.343
6,2,2,65,3.579
6,2,2,65,6.103
6,2,2,65,5.078
6,2,2,65,2.772
6,2,2,65,5.127
6,2,2,65,2.694
6,2,2,65,3.523
6,2,2,65,2.027
6,2,2,65,13.484
6,2,2,65,7.358
6,2,2,65,4.293
6,2,2,65,3.248
6,2,2,65,3.689
6,2,2,65,7.355
6,2,2,65,6.390
6,2,2,65,4.881
6,2,2,65,8.431
6,2,2,65,2.231
6,2,2,65,3.710
6,2,2,65,6.819
6,2,2,65,22.494
6,2,2,65,4.105
6,2,2,65,7.705
6,2,2,65,3.657
6,2,2,65,4.462
6,2,2,65,3.071
6,2,2,65,4.453
6,2,2,65,4.750
6,2,2,65,3.281
6,2,2,65,7.023
6,2,2,65,10.717
6,2,2,65,5.223
6,2,2,65,14.819
6,2,2,65,6.035
6,2,2,65,3.529
6,2,2,65,3.666
6,2,2,65,3.701
6,2,2,65,21.798
6,2,2,65,26.229
6,2,2,65,2.834
6,2,2,65,2.363
6,2,2,65,5.406
6,2,2,65,8.235
6,2,2,65,7.331
6,2,2,65,14.395
6,2,2,65,3.494
6,2,2,65,8.309
6,2,2,65,4.240
6,2,2,65,5.628
6,2,2,65,3.658
6,2,2,65,4.641
6,2,2,65,4.380
6,2,2,65,3.319
6,2,2,65,4.744
6,2,2,65,8.024
6,2,2,65,12.533
6,2,2,65,52.225
6,2,2,65,5.878
6,2,2,65,4.490
6,2,2,65,4.713
6,2,2,65,4.064
6,2,2,65,4.581
6,2,2,65,9.752
6,2,2,65,7.417
6,2,2,65,4.509
6,2,2,65,2.636
6,2,2,65,2.936
6,2,2,65,4.926
6,2,2,65,11.976
6,2,2,65,4.557
6,2,2,65,4.713
6,2,2,65,13.746
6,2,2,65,9.416
6,2,2,65,7.056
6,2,2,65,3.758
6,2,2,65,7.983
6,2,2,65,6.465
6,2,2,65,4.899
6,2,2,65,18.162
6,2,2,65,36.405
6,2,2,65,25.227
6,2,2,65,0.775
6,2,2,65,3.236
6,2,2,65,3.017
6,2,2,65,8.816
6,2,2,65,5.883
6,2,2,65,4.786
6,2,2,65,6.615
6,2,2,65,14.486
6,2,2,65,3.326
6,2,2,65,3.660
6,2,2,65,4.377
6,2,2,65,13.063
6,2,2,65,3.065
6,2,2,65,3.803
6,2,2,65,4.172
6,2,2,65,12.567
6,2,2,65,4.453
6,2,2,65,2.706
6,2,2,65,3.097
6,2,2,65,3.430
6,2,2,65,4.787
6,2,2,65,10.870
6,2,2,65,4.059
6,2,2,65,38.010
6,2,2,65,6.141
6,2,2,65,9.673
6,2,2,65,4.080
6,2,2,65,3.803
6,2,2,65,3.573
6,2,2,65,3.450
6,2,2,65,3.502
6,2,2,65,338.915
6,2,2,65,7.490
6,2,2,65,5.026
6,2,2,65,3.084
6,2,2,65,50.012
6,2,2,65,4.331
6,2,2,65,4.028
6,2,2,65,3.265
6,2,2,65,7.020
6,2,2,65,4.624
6,2,2,65,2.834
6,2,2,65,2.689
6,2,2,65,4.444
6,2,2,65,3.650
6,2,2,65,4.010
6,2,2,65,4.223
6,2,2,65,13.664
6,2,2,65,5.814
6,2,2,65,4.528
6,2,2,65,4.998
6,2,2,65,4.134
6,2,2,65,7.298
6,2,2,65,6.834
6,2,2,65,3.796
6,2,2,65,4.169
6,2,2,65,4.478
6,2,2,65,7.642
6,2,2,65,5.299
6,2,2,65,4.725
6,2,2,65,5.332
6,2,2,65,4.701
6,2,2,65,3.848
6,2,2,65,3.500
6,2,2,65,5.763
6,2,2,65,3.746
6,2,2,65,1.831
6,2,2,65,4.611
6,2,2,65,3.569
6,2,2,65,7.312
6,2,2,65,4.239
6,2,2,65,17.752
6,2,2,65,4.612
6,2,2,65,8.400
6,2,2,65,10.325
6,2,2,65,56.742
6,2,2,65,5.528
6,2,2,65,7.413
6,2,2,65,6.957
6,2,2,65,4.018
6,2,2,65,4.364
6,2,2,65,4.300
6,2,2,65,6.904
6,2,2,65,22.173
6,2,2,65,3.758
6,2,2,65,4.086
6,2,2,65,3.918
6,2,2,65,4.913
6,2,2,65,5.703
6,2,2,65,6.754
6,2,2,65,5.157
6,2,2,65,6.060
6,2,2,65,4.888
6,2,2,65,3.723
6,2,2,65,8.615
6,2,2,65,38.298
6,2,2,65,4.855
6,2,2,65,3.450
6,2,2,65,7.600
6,2,2,65,8.361
6,2,2,65,6.970
6,2,2,65,6.727
6,2,2,65,5.889
6,2,2,65,4.239
6,2,2,65,4.181
6,2,2,65,3.956
6,2,2,65,3.691
6,2,2,65,18.202
6,2,2,65,5.441
6,2,2,65,3.885
6,2,2,65,4.542
6,2,2,65,4.832
6,2,2,65,5.180
6,2,2,65,5.726
6,2,2,65,4.443
6,2,2,65,4.764
6,2,2,65,36.683
6,2,2,65,6.365
6,2,2,65,4.848
6,2,2,65,16.916
6,2,2,65,3.571
6,2,2,65,3.380
6,2,2,65,3.318
6,2,2,65,7.679
6,2,2,65,10.656
6,2,2,65,5.323
6,2,2,65,3.023
6,2,2,65,2.633
6,2,2,65,3.663
6,2,2,65,3.100
6,2,2,65,5.320
6,2,2,65,13.853
6,2,2,65,6.593
6,2,2,65,3.766
6,2,2,65,7.381
6,2,2,65,55.982
6,2,2,65,3.960
6,2,2,65,11.767
6,2,2,65,3.659
6,2,2,65,5.789
6,2,2,65,5.784
6,2,2,65,11.625
6,2,2,65,6.799
6,2,2,65,19.726
6,2,2,65,6.682
6,2,2,65,3.690
6,2,2,65,3.293
6,2,2,65,2.832
6,2,2,65,8.326
6,2,2,65,4.597
6,2,2,65,3.333
6,2,2,65,4.160
6,2,2,65,2.851
6,2,2,65,8.015
6,2,2,65,3.641
6,2,2,65,61.869
6,2,2,65,5.198
6,2,2,65,4.068
6,2,2,65,2.763
6,2,2,65,6.355
6,2,2,65,6.040
6,2,2,65,3.369
6,2,2,65,4.690
6,2,2,65,2.793
6,2,2,65,5.366
6,2,2,65,5.161
6,2,2,65,4.235
6,2,2,65,31.456
6,2,2,65,11.866
6,2,2,65,6.117
6,2,2,65,3.591
6,2,2,65,4.678
6,2,2,65,4.051
6,2,2,65,5.513
6,2,2,65,6.248
6,2,2,65,6.245
6,2,2,65,5.911
6,2,2,65,4.334
6,2,2,65,3.962
6,2,2,65,17.173
6,2,2,65,4.373
6,2,2,65,9.591
6,2,2,65,5.214
6,2,2,65,6.295
6,2,2,65,6.787
6,2,2,65,5.035
6,2,2,65,4.197
6,2,2,65,3.392
6,2,2,65,3.088
6,2,2,65,3.370
6,2,2,65,11.785
6,2,2,65,18.613
6,2,2,65,8.319
6,2,2,65,3.109
6,2,2,65,5.394
6,2,2,65,51.972
6,2,2,65,7.270
6,2,2,65,6.055
6,2,2,65,5.174
6,2,2,65,5.013
6,2,2,65,7.757
6,2,2,65,4.373
6,2,2,65,7.241
6,2,2,65,16.234
6,2,2,65,3.336
6,2,2,65,3.262
6,2,2,65,4.084
6,2,2,65,16.809
6,2,2,65,170.805
6,2,2,65,17.367
6,2,2,65,2.146
6,2,2,65,2.809
6,2,2,65,3.760
6,2,2,65,2.907
6,2,2,65,3.680
6,2,2,65,16.600
6,2,2,65,6.406
6,2,2,65,8.274
6,2,2,65,3.587
6,2,2,65,4.373
6,2,2,65,6.032
6,2,2,65,3.942
6,2,2,65,4.363
6,2,2,65,10.494
6,2,2,65,5.986
6,2,2,65,4.057
6,2,2,65,9.608
6,2,2,65,13.921
6,2,2,65,4.602
6,2,2,65,4.456
6,2,2,65,3.242
6,2,2,65,5.477
6,2,2,65,8.372
6,2,2,65,4.342
6,2,2,65,3.801
6,2,2,65,5.493
6,2,2,65,4.621
6,2,2,65,7.671
6,2,2,65,75.562
6,2,2,65,119.074
6,2,2,65,12.566
6,2,2,65,4.433
6,2,2,65,6.994
6,2,2,65,3.844
6,2,2,65,3.317
6,2,2,65,6.120
6,2,2,65,5.996
6,2,2,65,5.309
6,2,2,65,13.816
6,2,2,65,3.000
6,2,2,65,12.527
6,2,2,65,27.839
6,2,2,65,4.205
6,2,2,65,3.519
6,2,2,65,3.637
6,2,2,65,7.441
6,2,2,65,10.875
6,2,2,65,5.194
6,2,2,65,6.525
6,2,2,65,5.983
6,2,2,65,3.379
6,2,2,65,2.809
6,2,2,65,5.705
6,2,2,65,20.201
6,2,2,65,3.693
6,2,2,65,7.576
6,2,2,65,5.753
6,2,2,65,4.850
6,2,2,65,7.860
6,2,2,65,3.596
6,2,2,65,3.822
6,2,2,65,3.022
6,2,2,65,3.124
6,2,2,65,5.721
6,2,2,65,4.750
6,2,2,65,1055.212
6,2,2,65,3.742
6,2,2,65,20.247
6,2,2,65,11.786
6,2,2,65,9.346
6,2,2,65,4.073
6,2,2,65,5.010
6,2,2,65,7.663
6,2,2,65,4.924
6,2,2,65,4.273
6,2,2,65,4.143
6,2,2,65,4.574
6,2,2,65,14.232
7,6,0,50,0.201
7,6,0,50,47.036
7,6,0,50,23.889
7,6,0,50,47.015
7,6,0,50,4.731
7,6,0,50,0.800
7,6,0,50,3.709
7,6,0,50,6.389
7,6,0,50,5.279
7,6,0,50,12.925
7,6,0,50,7.057
7,6,0,50,12.180
7,6,0,50,7.572
7,6,0,50,13.969
7,6,0,50,7.252
7,6,0,50,0.231
7,6,0,50,10.416
7,6,0,50,7.010
7,6,0,50,6.883
7,6,0,50,20.369
7,6,0,50,10.605
7,6,0,50,0.214
7,6,0,50,10.107
7,6,0,50,17.752
7,6,0,50,7.093
7,6,0,50,0.542
7,6,0,50,7.037
7,6,0,50,3.195
7,6,0,50,82.582
7,6,0,50,2.616
7,6,0,50,7.015
7,6,0,50,2.423
7,6,0,50,9.643
7,6,0,50,14.102
7,6,0,50,3.394
7,6,0,50,2.433
7,6,0,50,1.773
7,6,0,50,1.154
7,6,0,50,1.138
7,6,0,50,2.136
7,6,0,50,20.321
7,6,0,50,14.561
7,6,0,50,36.809
7,6,0,50,1.624
7,6,0,50,10.924
7,6,0,50,7.391
7,6,0,50,0.673
7,6,0,50,0.704
7,6,0,50,15.814
7,6,0,50,5.292
7,6,0,50,9.618
7,6,0,50,6.398
7,6,0,50,6.863
7,6,0,50,24.838
7,6,0,50,7.400
7,6,0,50,4.882
7,6,0,50,10.678
7,6,0,50,3.658
7,6,0,50,9.535
7,6,0,50,10.676
7,6,0,50,0.556
7,6,0,50,1.728
7,6,0,50,0.990
7,6,0,50,1.206
7,6,0,50,0.485
7,6,0,50,3.961
7,6,0,50,0.303
7,6,0,50,6.536
7,6,0,50,3.297
7,6,0,50,10.819
7,6,0,50,4.368
7,6,0,50,0.883
7,6,0,50,10.513
7,6,0,50,6.203
7,6,0,50,0.543
7,6,0,50,1.782
7,6,0,50,23.767
7,6,0,50,1.326
7,6,0,50,1.486
7,6,0,50,6.460
7,6,0,50,0.847
7,6,0,50,11.709
7,6,0,50,7.117
7,6,0,50,1.774
7,6,0,50,3.825
7,6,0,50,1.890
7,6,0,50,11.649
7,6,0,50,16.299
7,6,0,50,9.706
7,6,0,50,0.234
7,6,0,50,2.381
7,6,0,50,5.906
7,6,0,50,4.426
7,6,0,50,19.100
7,6,0,50,6.957
7,6,0,50,18.079
7,6,0,50,4.804
7,6,0,50,2.522
7,6,0,50,0.694
7,6,0,50,0.469
7,6,0,50,7.495
7,6,0,50,2.257
7,6,0,50,3.719
7,6,0,50,12.893
7,6,0,50,12.865
7,6,0,50,0.504
7,6,0,50,5.017
7,6,0,50,0.525
7,6,0,50,10.716
7,6,0,50,16.661
7,6,0,50,10.869
7,6,0,50,0.802
7,6,0,50,2.463
7,6,0,50,1.034
7,6,0,50,1.892
7,6,0,50,46.233
7,6,0,50,9.987
7,6,0,50,21.376
7,6,0,50,11.942
7,6,0,50,0.744
7,6,0,50,24.980
7,6,0,50,4.108
7,6,0,50,10.729
7,6,0,50,5.105
7,6,0,50,10.505
7,6,0,50,13.572
7,6,0,50,3.866
7,6,0,50,2.887
7,6,0,50,2.167
7,6,0,50,5.612
7,6,0,50,10.352
7,6,0,50,2.692
7,6,0,50,10.449
7,6,0,50,2.398
7,6,0,50,3.312
7,6,0,50,17.596
7,6,0,50,1.492
7,6,0,50,0.605
7,6,0,50,11.620
7,6,0,50,10.292
7,6,0,50,0.752
7,6,0,50,2.362
7,6,0,50,11.584
7,6,0,50,2.659
7,6,0,50,0.892
7,6,0,50,1.197
7,6,0,50,11.735
7,6,0,50,0.775
7,6,0,50,2.796
7,6,0,50,11.841
7,6,0,50,3.563
7,6,0,50,3.823
7,6,0,50,2.849
7,6,0,50,0.235
7,6,0,50,2.050
7,6,0,50,12.058
7,6,0,50,6.613
7,6,0,50,0.645
7,6,0,50,10.421
7,6,0,50,2.589
7,6,0,50,0.664
7,6,0,50,0.779
7,6,0,50,2.159
7,6,0,50,5.352
7,6,0,50,1.302
7,6,0,50,0.143
7,6,0,50,11.135
7,6,0,50,1.051
7,6,0,50,10.052
7,6,0,50,10.983
7,6,0,50,10.220
7,6,0,50,0.200
7,6,0,50,10.361
7,6,0,50,0.261
7,6,0,50,1.842
7,6,0,50,26.005
7,6,0,50,5.093
7,6,0,50,12.720
7,6,0,50,10.067
7,6,0,50,0.344
7,6,0,50,0.337
7,6,0,50,1.499
7,6,0,50,2.698
7,6,0,50,31.299
7,6,0,50,9.889
7,6,0,50,13.990
7,6,0,50,9.547
7,6,0,50,21.440
7,6,0,50,14.057
7,6,0,50,1.496
7,6,0,50,10.642
7,6,0,50,27.277
7,6,0,50,0.201
7,6,0,50,3.501
7,6,0,50,1.917
7,6,0,50,3.353
7,6,0,50,0.164
7,6,0,50,2.540
7,6,0,50,11.483
7,6,0,50,0.493
7,6,0,50,9.543
7,6,0,50,13.960
7,6,0,50,0.420
7,6,0,50,3.497
7,6,0,50,10.787
7,6,0,50,0.587
7,6,0,50,1.932
7,6,0,50,2.377
7,6,0,50,10.142
7,6,0,50,35.711
7,6,0,50,1.533
7,6,0,50,0.352
7,6,0,50,1.294
7,6,0,50,1.650
7,6,0,50,0.266
7,6,0,50,32.922
7,6,0,50,0.975
7,6,0,50,14.801
7,6,0,50,11.132
7,6,0,50,0.244
7,6,0,50,3.302
7,6,0,50,0.455
7,6,0,50,1.912
7,6,0,50,1.038
7,6,0,50,2.623
7,6,0,50,1.789
7,6,0,50,2.453
7,6,0,50,1.409
7,6,0,50,1.046
7,6,0,50,13.682
7,6,0,50,0.607
7,6,0,50,6.569
7,6,0,50,0.920
7,6,0,50,0.889
7,6,0,50,0.186
7,6,0,50,19.475
7,6,0,50,2.656
7,6,0,50,4.344
7,6,0,50,0.954
7,6,0,50,1.127
7,6,0,50,0.750
7,6,0,50,14.562
7,6,0,50,7.696
7,6,0,50,3.349
7,6,0,50,0.204
7,6,0,50,2.398
7,6,0,50,0.944
7,6,0,50,2.441
7,6,0,50,5.302
7,6,0,50,1.864
7,6,0,50,6.554
7,6,0,50,4.906
7,6,0,50,0.821
7,6,0,50,0.601
7,6,0,50,2.159
7,6,0,50,18.060
7,6,0,50,0.225
7,6,0,50,3.394
7,6,0,50,0.628
7,6,0,50,6.677
7,6,0,50,10.314
7,6,0,50,3.306
7,6,0,50,10.904
7,6,0,50,2.468
7,6,0,50,0.788
7,6,0,50,0.207
7,6,0,50,1.211
7,6,0,50,2.715
7,6,0,50,11.895
7,6,0,50,0.485
7,6,0,50,10.644
7,6,0,50,26.433
7,6,0,50,7.723
7,6,0,50,3.164
7,6,0,50,0.413
7,6,0,50,14.431
7,6,0,50,1.925
7,6,0,50,4.051
7,6,0,50,10.013
7,6,0,50,5.173
7,6,0,50,0.582
7,6,0,50,22.731
7,6,0,50,1.934
7,6,0,50,21.703
7,6,0,50,10.794
7,6,0,50,2.626
7,6,0,50,1.159
7,6,0,50,2.015
7,6,0,50,3.979
7,6,0,50,3.072
7,6,0,50,3.241
7,6,0,50,22.278
7,6,0,50,1.197
7,6,0,50,11.156
7,6,0,50,7.075
7,6,0,50,3.098
7,6,0,50,3.776
7,6,0,50,0.271
7,6,0,50,6.521
7,6,0,50,1.441
7,6,0,50,0.526
7,6,0,50,0.196
7,6,0,50,2.816
7,6,0,50,65.379
7,6,0,50,10.884
7,6,0,50,1.847
7,6,0,50,0.173
7,6,0,50,18.092
7,6,0,50,7.274
7,6,0,50,7.534
7,6,0,50,1.893
7,6,0,50,4.554
7,6,0,50,2.102
7,6,0,50,0.127
7,6,0,50,10.659
7,6,0,50,1104.092
7,6,0,50,25.202
7,6,0,50,6.901
7,6,0,50,0.869
7,6,0,50,0.484
8,6,1,50,0.219
8,6,1,50,47.238
8,6,1,50,27.249
8,6,1,50,44.612
8,6,1,50,6.434
8,6,1,50,3.619
8,6,1,50,9.149
8,6,1,50,12.273
8,6,1,50,4.927
8,6,1,50,12.355
8,6,1,50,9.987
8,6,1,50,15.278
8,6,1,50,7.918
8,6,1,50,12.982
8,6,1,50,7.521
8,6,1,50,1.456
8,6,1,50,9.553
8,6,1,50,10.208
8,6,1,50,4.892
8,6,1,50,19.364
8,6,1,50,12.273
8,6,1,50,56.507
8,6,1,50,118.832
8,6,1,50,15.854
8,6,1,50,7.346
8,6,1,50,0.546
8,6,1,50,7.247
8,6,1,50,5.235
8,6,1,50,81.262
8,6,1,50,2.445
8,6,1,50,6.157
8,6,1,50,1.950
8,6,1,50,8.777
8,6,1,50,13.628
8,6,1,50,2.502
8,6,1,50,3.656
8,6,1,50,1.655
8,6,1,50,10.904
8,6,1,50,4.989
8,6,1,50,1.560
8,6,1,50,21.849
8,6,1,50,16.675
8,6,1,50,40.077
8,6,1,50,0.281
8,6,1,50,10.414
8,6,1,50,10.279
8,6,1,50,1.856
8,6,1,50,11.635
8,6,1,50,15.216
8,6,1,50,5.012
8,6,1,50,8.908
8,6,1,50,6.142
8,6,1,50,7.449
8,6,1,50,24.744
8,6,1,50,11.824
8,6,1,50,7.840
8,6,1,50,23.963
8,6,1,50,3.401
8,6,1,50,8.081
8,6,1,50,9.745
8,6,1,50,3.201
8,6,1,50,1.586
8,6,1,50,0.289
8,6,1,50,1.035
8,6,1,50,9.544
8,6,1,50,4.315
8,6,1,50,5.083
8,6,1,50,8.078
8,6,1,50,4.355
8,6,1,50,10.666
8,6,1,50,4.381
8,6,1,50,1.984
8,6,1,50,11.447
8,6,1,50,5.676
8,6,1,50,0.683
8,6,1,50,2.177
8,6,1,50,24.571
8,6,1,50,2.466
8,6,1,50,0.955
8,6,1,50,6.134
8,6,1,50,2.024
8,6,1,50,11.459
8,6,1,50,12.058
8,6,1,50,2.858
8,6,1,50,2.334
8,6,1,50,1.438
8,6,1,50,11.661
8,6,1,50,17.440
8,6,1,50,9.063
8,6,1,50,12.407
8,6,1,50,3.662
8,6,1,50,7.948
8,6,1,50,10.148
8,6,1,50,18.587
8,6,1,50,3.571
8,6,1,50,21.220
8,6,1,50,8.887
8,6,1,50,3.907
8,6,1,50,0.528
8,6,1,50,13.039
8,6,1,50,14.563
8,6,1,50,2.250
8,6,1,50,3.096
8,6,1,50,12.827
8,6,1,50,11.806
8,6,1,50,0.447
8,6,1,50,5.276
8,6,1,50,11.895
8,6,1,50,10.032
8,6,1,50,19.855
8,6,1,50,10.680
8,6,1,50,0.747
8,6,1,50,2.031
8,6,1,50,1.769
8,6,1,50,0.708
8,6,1,50,49.894
8,6,1,50,9.719
8,6,1,50,22.372
8,6,1,50,12.795
8,6,1,50,2.015
8,6,1,50,28.607
8,6,1,50,7.236
8,6,1,50,11.823
8,6,1,50,7.379
8,6,1,50,9.760
8,6,1,50,14.911
8,6,1,50,5.095
8,6,1,50,2.574
8,6,1,50,2.586
8,6,1,50,6.791
8,6,1,50,9.588
8,6,1,50,5.080
8,6,1,50,9.485
8,6,1,50,1.730
8,6,1,50,4.129
8,6,1,50,19.029
8,6,1,50,2.809
8,6,1,50,0.700
8,6,1,50,11.736
8,6,1,50,10.907
8,6,1,50,1.011
8,6,1,50,1.697
8,6,1,50,100.683
8,6,1,50,3.647
8,6,1,50,2.153
8,6,1,50,2.260
8,6,1,50,13.124
8,6,1,50,11.212
8,6,1,50,4.735
8,6,1,50,11.027
8,6,1,50,4.345
8,6,1,50,4.575
8,6,1,50,2.933
8,6,1,50,0.324
8,6,1,50,1.661
8,6,1,50,15.238
8,6,1,50,5.807
8,6,1,50,0.223
8,6,1,50,11.399
8,6,1,50,2.295
8,6,1,50,0.397
8,6,1,50,1.302
8,6,1,50,3.642
8,6,1,50,6.388
8,6,1,50,2.517
8,6,1,50,11.620
8,6,1,50,10.805
8,6,1,50,1.204
8,6,1,50,10.667
8,6,1,50,16.987
8,6,1,50,9.404
8,6,1,50,1.543
8,6,1,50,11.860
8,6,1,50,2.099
8,6,1,50,1.756
8,6,1,50,25.922
8,6,1,50,5.238
8,6,1,50,12.058
8,6,1,50,10.142
8,6,1,50,10.521
8,6,1,50,0.373
8,6,1,50,3.258
8,6,1,50,6.876
8,6,1,50,29.944
8,6,1,50,9.311
8,6,1,50,13.340
8,6,1,50,10.650
8,6,1,50,25.786
8,6,1,50,16.157
8,6,1,50,1.757
8,6,1,50,11.178
8,6,1,50,34.752
8,6,1,50,0.256
8,6,1,50,3.278
8,6,1,50,2.843
8,6,1,50,9.133
8,6,1,50,2.271
8,6,1,50,2.098
8,6,1,50,11.483
8,6,1,50,11.676
8,6,1,50,8.930
8,6,1,50,13.430
8,6,1,50,2.112
8,6,1,50,3.044
8,6,1,50,10.163
8,6,1,50,0.566
8,6,1,50,1.496
8,6,1,50,1.784
8,6,1,50,10.898
8,6,1,50,38.851
8,6,1,50,1.475
8,6,1,50,10.527
8,6,1,50,2.813
8,6,1,50,1.034
8,6,1,50,0.404
8,6,1,50,36.748
8,6,1,50,2.286
8,6,1,50,13.804
8,6,1,50,12.109
8,6,1,50,1.449
8,6,1,50,6.118
8,6,1,50,1.592
8,6,1,50,2.703
8,6,1,50,0.621
8,6,1,50,2.286
8,6,1,50,0.990
8,6,1,50,2.322
8,6,1,50,5.542
8,6,1,50,0.301
8,6,1,50,13.992
8,6,1,50,19.066
8,6,1,50,14.936
8,6,1,50,1.087
8,6,1,50,0.470
8,6,1,50,21.714
8,6,1,50,100.295
8,6,1,50,2.270
8,6,1,50,4.815
8,6,1,50,0.186
8,6,1,50,3.761
8,6,1,50,0.304
8,6,1,50,15.938
8,6,1,50,10.344
8,6,1,50,3.109
8,6,1,50,9.771
8,6,1,50,3.704
8,6,1,50,4.125
8,6,1,50,3.589
8,6,1,50,9.036
8,6,1,50,1.343
8,6,1,50,6.276
8,6,1,50,5.017
8,6,1,50,1.860
8,6,1,50,1.694
8,6,1,50,3.831
8,6,1,50,37.674
8,6,1,50,2.483
8,6,1,50,2.873
8,6,1,50,2.199
8,6,1,50,6.152
8,6,1,50,12.995
8,6,1,50,3.112
8,6,1,50,90.539
8,6,1,50,4.072
8,6,1,50,10.549
8,6,1,50,1.486
8,6,1,50,2.051
8,6,1,50,3.445
8,6,1,50,12.703
8,6,1,50,19.310
8,6,1,50,12.001
8,6,1,50,25.984
8,6,1,50,8.754
8,6,1,50,4.817
8,6,1,50,2.570
8,6,1,50,113.111
8,6,1,50,2.362
8,6,1,50,5.047
8,6,1,50,9.262
8,6,1,50,8.790
8,6,1,50,0.306
8,6,1,50,30.143
8,6,1,50,2.538
8,6,1,50,22.867
8,6,1,50,10.877
8,6,1,50,4.154
8,6,1,50,2.230
8,6,1,50,6.179
8,6,1,50,3.499
8,6,1,50,5.059
8,6,1,50,3.227
8,6,1,50,23.384
8,6,1,50,0.879
8,6,1,50,11.894
8,6,1,50,6.395
8,6,1,50,3.044
8,6,1,50,3.633
8,6,1,50,1.789
8,6,1,50,12.400
8,6,1,50,0.605
8,6,1,50,1.753
8,6,1,50,0.638
8,6,1,50,9.368
8,6,1,50,75.191
8,6,1,50,10.174
8,6,1,50,1.715
8,6,1,50,3.020
8,6,1,50,17.965
8,6,1,50,10.434
8,6,1,50,11.899
8,6,1,50,2.742
8,6,1,50,7.275
8,6,1,50,2.784
8,6,1,50,1.049
8,6,1,50,11.342
8,6,1,50,1110.785
8,6,1,50,28.272
8,6,1,50,5.407
8,6,1,50,10.148
8,6,1,50,9.431
9,6,2,50,0.200
9,6,2,50,45.652
9,6,2,50,25.446
9,6,2,50,42.938
9,6,2,50,8.224
9,6,2,50,2.931
9,6,2,50,23.514
9,6,2,50,15.976
9,6,2,50,6.404
9,6,2,50,11.858
9,6,2,50,8.517
9,6,2,50,19.985
9,6,2,50,6.543
9,6,2,50,12.413
9,6,2,50,7.447
9,6,2,50,0.260
9,6,2,50,8.913
9,6,2,50,9.649
9,6,2,50,3.665
9,6,2,50,18.540
9,6,2,50,11.796
9,6,2,50,54.451
9,6,2,50,144.792
9,6,2,50,15.798
9,6,2,50,6.477
9,6,2,50,0.567
9,6,2,50,6.448
9,6,2,50,6.222
9,6,2,50,77.627
9,6,2,50,0.313
9,6,2,50,5.529
9,6,2,50,1.474
9,6,2,50,7.540
9,6,2,50,13.940
9,6,2,50,2.368
9,6,2,50,2.678
9,6,2,50,1.815
9,6,2,50,9.728
9,6,2,50,4.101
9,6,2,50,60.611
9,6,2,50,20.620
9,6,2,50,15.675
9,6,2,50,39.259
9,6,2,50,9.589
9,6,2,50,8.794
9,6,2,50,8.654
9,6,2,50,0.907
9,6,2,50,11.097
9,6,2,50,14.195
9,6,2,50,4.564
9,6,2,50,8.012
9,6,2,50,5.169
9,6,2,50,6.026
9,6,2,50,22.923
9,6,2,50,10.247
9,6,2,50,10.038
9,6,2,50,24.088
9,6,2,50,2.911
9,6,2,50,7.127
9,6,2,50,8.226
9,6,2,50,2.325
9,6,2,50,3.523
9,6,2,50,20.070
9,6,2,50,1.098
9,6,2,50,8.761
9,6,2,50,3.582
9,6,2,50,4.154
9,6,2,50,6.955
9,6,2,50,3.743
9,6,2,50,10.611
9,6,2,50,3.981
9,6,2,50,1.156
9,6,2,50,10.406
9,6,2,50,4.745
9,6,2,50,1.137
9,6,2,50,2.323
9,6,2,50,25.573
9,6,2,50,1.424
9,6,2,50,0.234
9,6,2,50,5.173
9,6,2,50,0.819
9,6,2,50,10.463
9,6,2,50,13.184
9,6,2,50,2.412
9,6,2,50,0.555
9,6,2,50,0.458
9,6,2,50,11.451
9,6,2,50,16.394
9,6,2,50,7.955
9,6,2,50,22.631
9,6,2,50,4.061
9,6,2,50,7.283
9,6,2,50,12.251
9,6,2,50,16.407
9,6,2,50,0.300
9,6,2,50,21.789
9,6,2,50,10.131
9,6,2,50,5.718
9,6,2,50,18.423
9,6,2,50,12.976
9,6,2,50,19.255
9,6,2,50,1.967
9,6,2,50,2.592
9,6,2,50,12.345
9,6,2,50,10.764
9,6,2,50,22.355
9,6,2,50,4.550
9,6,2,50,11.175
9,6,2,50,9.102
9,6,2,50,22.131
9,6,2,50,11.090
9,6,2,50,0.505
9,6,2,50,1.272
9,6,2,50,3.271
9,6,2,50,19.676
9,6,2,50,50.045
9,6,2,50,9.145
9,6,2,50,21.670
9,6,2,50,11.660
9,6,2,50,0.844
9,6,2,50,28.835
9,6,2,50,9.210
9,6,2,50,12.735
9,6,2,50,7.479
9,6,2,50,8.485
9,6,2,50,14.981
9,6,2,50,7.141
9,6,2,50,1.441
9,6,2,50,2.647
9,6,2,50,7.820
9,6,2,50,8.734
9,6,2,50,8.553
9,6,2,50,8.816
9,6,2,50,0.790
9,6,2,50,4.453
9,6,2,50,20.240
9,6,2,50,4.078
9,6,2,50,1.610
9,6,2,50,10.517
9,6,2,50,9.590
9,6,2,50,3.104
9,6,2,50,0.595
9,6,2,50,100.997
9,6,2,50,4.159
9,6,2,50,1.037
9,6,2,50,1.394
9,6,2,50,12.403
9,6,2,50,10.263
9,6,2,50,8.440
9,6,2,50,10.418
9,6,2,50,4.923
9,6,2,50,5.289
9,6,2,50,2.163
9,6,2,50,0.668
9,6,2,50,1.232
9,6,2,50,17.164
9,6,2,50,5.003
9,6,2,50,19.033
9,6,2,50,10.492
9,6,2,50,1.908
9,6,2,50,19.961
9,6,2,50,2.041
9,6,2,50,8.479
9,6,2,50,5.253
9,6,2,50,1.397
9,6,2,50,10.083
9,6,2,50,10.085
9,6,2,50,1.027
9,6,2,50,10.404
9,6,2,50,16.747
9,6,2,50,8.328
9,6,2,50,1.256
9,6,2,50,11.479
9,6,2,50,4.077
9,6,2,50,0.963
9,6,2,50,25.789
9,6,2,50,5.456
9,6,2,50,11.380
9,6,2,50,10.209
9,6,2,50,9.960
9,6,2,50,20.654
9,6,2,50,2.557
9,6,2,50,11.042
9,6,2,50,28.964
9,6,2,50,7.750
9,6,2,50,12.295
9,6,2,50,10.191
9,6,2,50,26.841
9,6,2,50,15.169
9,6,2,50,4.175
9,6,2,50,11.628
9,6,2,50,38.193
9,6,2,50,0.329
9,6,2,50,3.379
9,6,2,50,4.069
9,6,2,50,13.819
9,6,2,50,6.163
9,6,2,50,1.227
9,6,2,50,13.138
9,6,2,50,10.776
9,6,2,50,7.992
9,6,2,50,13.361
9,6,2,50,2.011
9,6,2,50,2.861
9,6,2,50,11.379
9,6,2,50,11.395
9,6,2,50,1.335
9,6,2,50,1.557
9,6,2,50,9.681
9,6,2,50,40.383
9,6,2,50,1.313
9,6,2,50,9.580
9,6,2,50,2.833
9,6,2,50,0.208
9,6,2,50,19.088
9,6,2,50,39.613
9,6,2,50,1.125
9,6,2,50,13.196
9,6,2,50,12.249
9,6,2,50,0.262
9,6,2,50,7.414
9,6,2,50,0.463
9,6,2,50,2.803
9,6,2,50,0.860
9,6,2,50,1.191
9,6,2,50,0.428
9,6,2,50,2.984
9,6,2,50,4.684
9,6,2,50,18.866
9,6,2,50,14.786
9,6,2,50,19.767
9,6,2,50,17.443
9,6,2,50,19.030
9,6,2,50,9.691
9,6,2,50,25.481
9,6,2,50,98.205
9,6,2,50,2.173
9,6,2,50,4.432
9,6,2,50,18.718
9,6,2,50,5.414
9,6,2,50,19.202
9,6,2,50,15.201
9,6,2,50,10.144
9,6,2,50,2.356
9,6,2,50,8.584
9,6,2,50,2.905
9,6,2,50,3.658
9,6,2,50,2.551
9,6,2,50,7.945
9,6,2,50,1.648
9,6,2,50,5.460
9,6,2,50,4.371
9,6,2,50,0.891
9,6,2,50,0.891
9,6,2,50,3.655
9,6,2,50,59.615
9,6,2,50,2.517
9,6,2,50,2.244
9,6,2,50,1.440
9,6,2,50,5.422
9,6,2,50,11.462
9,6,2,50,2.083
9,6,2,50,105.387
9,6,2,50,4.093
9,6,2,50,9.447
9,6,2,50,0.554
9,6,2,50,1.460
9,6,2,50,3.345
9,6,2,50,11.895
9,6,2,50,20.487
9,6,2,50,15.007
9,6,2,50,25.281
9,6,2,50,7.641
9,6,2,50,5.522
9,6,2,50,2.237
9,6,2,50,137.539
9,6,2,50,2.647
9,6,2,50,3.893
9,6,2,50,8.466
9,6,2,50,11.387
9,6,2,50,19.927
9,6,2,50,29.026
9,6,2,50,2.898
9,6,2,50,21.949
9,6,2,50,10.612
9,6,2,50,3.525
9,6,2,50,1.495
9,6,2,50,6.357
9,6,2,50,2.878
9,6,2,50,6.373
9,6,2,50,3.610
9,6,2,50,22.460
9,6,2,50,1.165
9,6,2,50,12.447
9,6,2,50,5.862
9,6,2,50,2.547
9,6,2,50,4.450
9,6,2,50,0.622
9,6,2,50,14.625
9,6,2,50,11.145
9,6,2,50,3.287
9,6,2,50,2.117
9,6,2,50,10.037
9,6,2,50,84.184
9,6,2,50,10.390
9,6,2,50,0.921
9,6,2,50,3.953
9,6,2,50,18.097
9,6,2,50,9.464
9,6,2,50,14.494
9,6,2,50,2.805
9,6,2,50,6.341
9,6,2,50,3.042
9,6,2,50,0.410
9,6,2,50,9.790
9,6,2,50,1109.857
9,6,2,50,28.511
9,6,2,50,4.900
9,6,2,50,9.755
9,6,2,50,8.417
10,12,0,35,0.178
10,12,0,35,30.305
10,12,0,35,7.548
10,12,0,35,55.895
10,12,0,35,7.293
10,12,0,35,28.171
10,12,0,35,6.752
10,12,0,35,70.325
10,12,0,35,7.346
10,12,0,35,11.109
10,12,0,35,7.276
10,12,0,35,8.855
10,12,0,35,7.573
10,12,0,35,9.540
10,12,0,35,8.819
10,12,0,35,8.990
10,12,0,35,7.401
10,12,0,35,7.710
10,12,0,35,7.854
10,12,0,35,7.522
10,12,0,35,6.397
10,12,0,35,9.058
10,12,0,35,7.528
10,12,0,35,8.739
10,12,0,35,10.789
10,12,0,35,18.562
10,12,0,35,2.670
10,12,0,35,18.641
10,12,0,35,9.425
10,12,0,35,10.346
10,12,0,35,7.464
10,12,0,35,23.689
10,12,0,35,60.012
10,12,0,35,7.904
10,12,0,35,7.555
10,12,0,35,9.558
10,12,0,35,9.423
10,12,0,35,7.814
10,12,0,35,9.100
10,12,0,35,29.454
10,12,0,35,8.900
10,12,0,35,7.996
10,12,0,35,7.287
10,12,0,35,34.270
10,12,0,35,8.222
10,12,0,35,7.984
10,12,0,35,13.511
10,12,0,35,32.025
10,12,0,35,14.605
10,12,0,35,10.126
10,12,0,35,7.704
10,12,0,35,22.271
10,12,0,35,7.187
10,12,0,35,7.739
10,12,0,35,29.677
10,12,0,35,9.255
10,12,0,35,7.777
10,12,0,35,25.920
10,12,0,35,11.160
10,12,0,35,9.304
10,12,0,35,6.775
10,12,0,35,11.264
10,12,0,35,7.301
10,12,0,35,8.715
10,12,0,35,8.696
10,12,0,35,11.390
10,12,0,35,7.290
10,12,0,35,50.080
10,12,0,35,7.393
10,12,0,35,7.426
10,12,0,35,7.343
10,12,0,35,17.965
10,12,0,35,8.316
10,12,0,35,7.047
10,12,0,35,7.876
10,12,0,35,22.643
10,12,0,35,7.398
10,12,0,35,23.326
10,12,0,35,8.138
10,12,0,35,10.073
10,12,0,35,7.515
10,12,0,35,15.979
10,12,0,35,7.330
10,12,0,35,8.182
10,12,0,35,9.835
10,12,0,35,7.175
10,12,0,35,7.717
10,12,0,35,19.925
10,12,0,35,6.728
10,12,0,35,8.563
10,12,0,35,7.803
10,12,0,35,25.518
10,12,0,35,6.754
10,12,0,35,15.229
10,12,0,35,9.947
10,12,0,35,23.869
10,12,0,35,10.554
10,12,0,35,10.553
10,12,0,35,7.736
10,12,0,35,11.208
10,12,0,35,7.003
10,12,0,35,19.767
10,12,0,35,7.178
10,12,0,35,8.731
10,12,0,35,23.950
10,12,0,35,9.038
10,12,0,35,9.109
10,12,0,35,42.273
10,12,0,35,7.667
10,12,0,35,8.964
10,12,0,35,7.632
10,12,0,35,15.841
10,12,0,35,7.457
10,12,0,35,7.565
10,12,0,35,9.472
10,12,0,35,31.071
10,12,0,35,7.297
10,12,0,35,20.869
10,12,0,35,11.235
10,12,0,35,10.504
10,12,0,35,7.395
10,12,0,35,9.733
10,12,0,35,6.236
10,12,0,35,10.009
10,12,0,35,8.257
10,12,0,35,10.969
10,12,0,35,7.426
10,12,0,35,31.368
10,12,0,35,7.937
10,12,0,35,10.779
10,12,0,35,8.434
10,12,0,35,12.264
10,12,0,35,9.532
10,12,0,35,8.638
10,12,0,35,8.077
10,12,0,35,21.012
10,12,0,35,7.401
10,12,0,35,17.922
10,12,0,35,7.229
10,12,0,35,27.428
10,12,0,35,2.669
10,12,0,35,14.645
10,12,0,35,7.436
10,12,0,35,14.515
10,12,0,35,10.908
10,12,0,35,15.280
10,12,0,35,21.237
10,12,0,35,15.155
10,12,0,35,7.891
10,12,0,35,8.129
10,12,0,35,7.576
10,12,0,35,54.909
10,12,0,35,8.215
10,12,0,35,23.733
10,12,0,35,10.146
10,12,0,35,18.530
10,12,0,35,7.689
10,12,0,35,1081.626
10,12,0,35,5.175
10,12,0,35,9.506
11,12,1,35,0.178
11,12,1,35,27.963
11,12,1,35,7.777
11,12,1,35,55.654
11,12,1,35,7.109
11,12,1,35,28.353
11,12,1,35,8.406
11,12,1,35,72.910
11,12,1,35,10.158
11,12,1,35,11.645
11,12,1,35,12.412
11,12,1,35,10.102
11,12,1,35,8.320
11,12,1,35,8.111
11,12,1,35,7.707
11,12,1,35,9.140
11,12,1,35,7.773
11,12,1,35,6.657
11,12,1,35,7.763
11,12,1,35,8.042
11,12,1,35,7.668
11,12,1,35,11.611
11,12,1,35,7.326
11,12,1,35,9.899
11,12,1,35,9.760
11,12,1,35,18.712
11,12,1,35,4.717
11,12,1,35,20.830
11,12,1,35,8.713
11,12,1,35,12.460
11,12,1,35,8.124
11,12,1,35,22.793
11,12,1,35,59.351
11,12,1,35,7.221
11,12,1,35,8.457
11,12,1,35,13.406
11,12,1,35,8.356
11,12,1,35,7.840
11,12,1,35,10.126
11,12,1,35,28.636
11,12,1,35,9.069
11,12,1,35,7.699
11,12,1,35,7.425
11,12,1,35,34.552
11,12,1,35,9.812
11,12,1,35,9.674
11,12,1,35,12.097
11,12,1,35,31.243
11,12,1,35,14.396
11,12,1,35,12.032
11,12,1,35,9.611
11,12,1,35,22.443
11,12,1,35,7.492
11,12,1,35,7.747
11,12,1,35,34.433
11,12,1,35,10.348
11,12,1,35,7.540
11,12,1,35,29.491
11,12,1,35,11.666
11,12,1,35,9.130
11,12,1,35,6.878
11,12,1,35,10.867
11,12,1,35,7.014
11,12,1,35,55.646
11,12,1,35,8.625
11,12,1,35,10.770
11,12,1,35,6.895
11,12,1,35,51.394
11,12,1,35,9.324
11,12,1,35,6.413
11,12,1,35,7.142
11,12,1,35,19.061
11,12,1,35,8.349
11,12,1,35,6.671
11,12,1,35,6.777
11,12,1,35,22.500
11,12,1,35,7.920
11,12,1,35,24.576
11,12,1,35,7.827
11,12,1,35,9.943
11,12,1,35,8.735
11,12,1,35,16.874
11,12,1,35,7.946
11,12,1,35,9.545
11,12,1,35,24.532
11,12,1,35,7.051
11,12,1,35,8.734
11,12,1,35,19.542
11,12,1,35,8.324
11,12,1,35,7.456
11,12,1,35,7.717
11,12,1,35,28.253
11,12,1,35,6.886
11,12,1,35,15.344
11,12,1,35,10.495
11,12,1,35,27.030
11,12,1,35,9.729
11,12,1,35,12.430
11,12,1,35,7.831
11,12,1,35,13.826
11,12,1,35,10.799
11,12,1,35,20.937
11,12,1,35,7.274
11,12,1,35,8.743
11,12,1,35,30.864
11,12,1,35,9.289
11,12,1,35,8.573
11,12,1,35,42.299
11,12,1,35,9.497
11,12,1,35,8.119
11,12,1,35,7.310
11,12,1,35,19.416
11,12,1,35,7.647
11,12,1,35,7.113
11,12,1,35,9.802
11,12,1,35,31.756
11,12,1,35,6.900
11,12,1,35,78.591
11,12,1,35,10.424
11,12,1,35,13.052
11,12,1,35,7.835
11,12,1,35,8.672
11,12,1,35,6.711
11,12,1,35,9.665
11,12,1,35,10.785
11,12,1,35,11.174
11,12,1,35,7.454
11,12,1,35,53.571
11,12,1,35,7.878
11,12,1,35,10.653
11,12,1,35,7.302
11,12,1,35,15.529
11,12,1,35,9.883
11,12,1,35,8.418
11,12,1,35,10.351
11,12,1,35,21.495
11,12,1,35,6.858
11,12,1,35,121.638
11,12,1,35,7.043
11,12,1,35,30.749
11,12,1,35,8.190
11,12,1,35,15.853
11,12,1,35,7.829
11,12,1,35,15.043
11,12,1,35,11.032
11,12,1,35,14.836
11,12,1,35,20.755
11,12,1,35,16.023
11,12,1,35,8.012
11,12,1,35,7.586
11,12,1,35,7.601
11,12,1,35,67.235
11,12,1,35,9.702
11,12,1,35,24.063
11,12,1,35,11.069
11,12,1,35,19.426
11,12,1,35,7.584
11,12,1,35,1090.097
11,12,1,35,5.009
11,12,1,35,10.179
12,12,2,35,0.305
12,12,2,35,27.300
12,12,2,35,11.002
12,12,2,35,52.946
12,12,2,35,7.281
12,12,2,35,28.241
12,12,2,35,7.717
12,12,2,35,71.669
12,12,2,35,11.619
12,12,2,35,10.708
12,12,2,35,11.621
12,12,2,35,11.019
12,12,2,35,7.240
12,12,2,35,6.921
12,12,2,35,5.712
12,12,2,35,8.637
12,12,2,35,6.115
12,12,2,35,6.402
12,12,2,35,8.184
12,12,2,35,18.360
12,12,2,35,6.532
12,12,2,35,11.765
12,12,2,35,6.753
12,12,2,35,8.881
12,12,2,35,9.222
12,12,2,35,17.462
12,12,2,35,8.018
12,12,2,35,23.417
12,12,2,35,8.649
12,12,2,35,12.089
12,12,2,35,8.185
12,12,2,35,22.197
12,12,2,35,58.518
12,12,2,35,9.908
12,12,2,35,9.714
12,12,2,35,12.974
12,12,2,35,8.015
12,12,2,35,6.700
12,12,2,35,10.860
12,12,2,35,27.389
12,12,2,35,13.585
12,12,2,35,7.846
12,12,2,35,5.485
12,12,2,35,33.773
12,12,2,35,10.628
12,12,2,35,9.284
12,12,2,35,10.354
12,12,2,35,30.039
12,12,2,35,15.143
12,12,2,35,14.136
12,12,2,35,8.090
12,12,2,35,23.505
12,12,2,35,9.748
12,12,2,35,7.010
12,12,2,35,35.375
12,12,2,35,9.994
12,12,2,35,8.853
12,12,2,35,30.015
12,12,2,35,14.805
12,12,2,35,9.475
12,12,2,35,6.419
12,12,2,35,9.685
12,12,2,35,7.043
12,12,2,35,91.452
12,12,2,35,8.812
12,12,2,35,10.053
12,12,2,35,6.996
12,12,2,35,54.085
12,12,2,35,13.050
12,12,2,35,5.178
12,12,2,35,6.609
12,12,2,35,19.961
12,12,2,35,8.021
12,12,2,35,5.827
12,12,2,35,6.407
12,12,2,35,23.054
12,12,2,35,8.416
12,12,2,35,24.532
12,12,2,35,7.046
12,12,2,35,9.779
12,12,2,35,10.070
12,12,2,35,18.197
12,12,2,35,8.487
12,12,2,35,9.048
12,12,2,35,25.372
12,12,2,35,7.182
12,12,2,35,8.324
12,12,2,35,19.020
12,12,2,35,9.475
12,12,2,35,6.996
12,12,2,35,5.970
12,12,2,35,28.013
12,12,2,35,6.297
12,12,2,35,14.732
12,12,2,35,13.995
12,12,2,35,26.835
12,12,2,35,9.710
12,12,2,35,13.460
12,12,2,35,11.771
12,12,2,35,13.028
12,12,2,35,13.209
12,12,2,35,23.787
12,12,2,35,7.032
12,12,2,35,8.212
12,12,2,35,31.905
12,12,2,35,9.484
12,12,2,35,7.923
12,12,2,35,42.027
12,12,2,35,9.341
12,12,2,35,7.720
12,12,2,35,7.056
12,12,2,35,20.153
12,12,2,35,7.141
12,12,2,35,6.700
12,12,2,35,10.076
12,12,2,35,31.619
12,12,2,35,5.818
12,12,2,35,82.132
12,12,2,35,10.524
12,12,2,35,11.724
12,12,2,35,8.751
12,12,2,35,8.505
12,12,2,35,7.551
12,12,2,35,8.777
12,12,2,35,12.326
12,12,2,35,11.082
12,12,2,35,7.292
12,12,2,35,63.072
12,12,2,35,7.534
12,12,2,35,9.686
12,12,2,35,6.235
12,12,2,35,16.372
12,12,2,35,8.605
12,12,2,35,7.250
12,12,2,35,17.737
12,12,2,35,21.554
12,12,2,35,7.450
12,12,2,35,123.551
12,12,2,35,6.764
12,12,2,35,30.692
12,12,2,35,6.937
12,12,2,35,15.479
12,12,2,35,10.365
12,12,2,35,14.676
12,12,2,35,13.082
12,12,2,35,15.559
12,12,2,35,23.021
12,12,2,35,14.693
12,12,2,35,7.315
12,12,2,35,6.740
12,12,2,35,10.498
12,12,2,35,80.677
12,12,2,35,12.153
12,12,2,35,23.289
12,12,2,35,10.874
12,12,2,35,18.876
12,12,2,35,6.261
12,12,2,35,1093.583
12,12,2,35,5.528
12,12,2,35,9.496
13,24,0,20,0.259
13,24,0,20,60.063
13,24,0,20,24.308
13,24,0,20,66.113
13,24,0,20,10.239
13,24,0,20,8.327
13,24,0,20,9.926
13,24,0,20,8.596
13,24,0,20,8.058
13,24,0,20,9.091
13,24,0,20,9.398
13,24,0,20,8.992
13,24,0,20,13.627
13,24,0,20,16.652
13,24,0,20,11.921
13,24,0,20,19.328
13,24,0,20,8.339
13,24,0,20,9.470
13,24,0,20,9.904
13,24,0,20,25.513
13,24,0,20,9.496
13,24,0,20,34.819
13,24,0,20,9.282
13,24,0,20,30.446
13,24,0,20,9.021
13,24,0,20,17.585
13,24,0,20,8.824
13,24,0,20,9.820
13,24,0,20,21.567
13,24,0,20,8.343
13,24,0,20,12.053
13,24,0,20,8.735
13,24,0,20,58.589
13,24,0,20,52.504
13,24,0,20,9.087
13,24,0,20,15.138
13,24,0,20,10.062
13,24,0,20,14.940
13,24,0,20,21.404
13,24,0,20,9.601
13,24,0,20,13.730
13,24,0,20,9.434
13,24,0,20,9.196
13,24,0,20,15.779
13,24,0,20,8.822
13,24,0,20,21.630
13,24,0,20,12.799
13,24,0,20,19.899
13,24,0,20,12.617
13,24,0,20,10.366
13,24,0,20,16.779
13,24,0,20,8.761
13,24,0,20,8.987
13,24,0,20,43.550
13,24,0,20,9.275
13,24,0,20,17.963
13,24,0,20,8.727
13,24,0,20,32.029
13,24,0,20,18.193
13,24,0,20,9.960
13,24,0,20,5.321
13,24,0,20,9.576
13,24,0,20,13.198
13,24,0,20,34.399
13,24,0,20,11.957
13,24,0,20,11.564
13,24,0,20,8.678
13,24,0,20,16.830
13,24,0,20,15.226
13,24,0,20,23.615
13,24,0,20,12.324
13,24,0,20,13.025
13,24,0,20,12.606
13,24,0,20,13.358
13,24,0,20,9.768
13,24,0,20,60.199
13,24,0,20,20.346
13,24,0,20,15.208
13,24,0,20,1074.299
13,24,0,20,10.040
14,24,1,20,0.356
14,24,1,20,59.091
14,24,1,20,25.009
14,24,1,20,66.581
14,24,1,20,10.697
14,24,1,20,9.863
14,24,1,20,9.374
14,24,1,20,8.949
14,24,1,20,7.912
14,24,1,20,10.293
14,24,1,20,13.292
14,24,1,20,9.337
14,24,1,20,14.883
14,24,1,20,19.798
14,24,1,20,14.240
14,24,1,20,18.926
14,24,1,20,8.297
14,24,1,20,10.585
14,24,1,20,9.546
14,24,1,20,28.350
14,24,1,20,9.341
14,24,1,20,34.918
14,24,1,20,10.612
14,24,1,20,29.829
14,24,1,20,10.812
14,24,1,20,18.542
14,24,1,20,8.955
14,24,1,20,9.743
14,24,1,20,25.379
14,24,1,20,8.545
14,24,1,20,11.777
14,24,1,20,49.597
14,24,1,20,60.135
14,24,1,20,57.178
14,24,1,20,8.532
14,24,1,20,17.502
14,24,1,20,13.037
14,24,1,20,25.922
14,24,1,20,23.442
14,24,1,20,10.394
14,24,1,20,14.662
14,24,1,20,10.146
14,24,1,20,9.762
14,24,1,20,16.633
14,24,1,20,9.000
14,24,1,20,22.242
14,24,1,20,15.801
14,24,1,20,21.042
14,24,1,20,14.891
14,24,1,20,13.650
14,24,1,20,18.104
14,24,1,20,10.342
14,24,1,20,9.647
14,24,1,20,43.993
14,24,1,20,11.007
14,24,1,20,22.325
14,24,1,20,8.623
14,24,1,20,33.379
14,24,1,20,71.680
14,24,1,20,10.651
14,24,1,20,15.700
14,24,1,20,10.427
14,24,1,20,14.695
14,24,1,20,56.044
14,24,1,20,12.473
14,24,1,20,13.430
14,24,1,20,9.196
14,24,1,20,18.042
14,24,1,20,118.456
14,24,1,20,26.105
14,24,1,20,12.575
14,24,1,20,14.936
14,24,1,20,13.734
14,24,1,20,13.229
14,24,1,20,9.468
14,24,1,20,74.923
14,24,1,20,26.177
14,24,1,20,16.615
14,24,1,20,1084.264
14,24,1,20,11.982
15,24,2,20,0.106
15,24,2,20,46.767
15,24,2,20,24.943
15,24,2,20,56.283
15,24,2,20,0.165
15,24,2,20,0.155
15,24,2,20,50.103
15,24,2,20,1.017
15,24,2,20,13.300
15,24,2,20,0.161
15,24,2,20,2.581
15,24,2,20,16.250
15,24,2,20,5.024
15,24,2,20,14.418
15,24,2,20,3.796
15,24,2,20,10.883
15,24,2,20,13.806
15,24,2,20,1.595
15,24,2,20,15.467
15,24,2,20,18.274
15,24,2,20,15.319
15,24,2,20,24.057
15,24,2,20,0.692
15,24,2,20,18.707
15,24,2,20,12.700
15,24,2,20,14.167
15,24,2,20,14.212
15,24,2,20,0.138
15,24,2,20,14.754
15,24,2,20,13.446
15,24,2,20,0.293
15,24,2,20,72.804
15,24,2,20,50.249
15,24,2,20,48.435
15,24,2,20,14.737
15,24,2,20,10.331
15,24,2,20,2.235
15,24,2,20,16.542
15,24,2,20,13.344
15,24,2,20,0.443
15,24,2,20,3.530
15,24,2,20,18.774
15,24,2,20,15.123
15,24,2,20,6.408
15,24,2,20,12.476
15,24,2,20,11.629
15,24,2,20,5.357
15,24,2,20,11.490
15,24,2,20,6.310
15,24,2,20,3.739
15,24,2,20,76.419
15,24,2,20,16.920
15,24,2,20,15.581
15,24,2,20,34.387
15,24,2,20,0.721
15,24,2,20,13.317
15,24,2,20,14.013
15,24,2,20,23.808
15,24,2,20,64.133
15,24,2,20,0.277
15,24,2,20,5.178
15,24,2,20,16.726
15,24,2,20,4.950
15,24,2,20,46.751
15,24,2,20,1.946
15,24,2,20,4.962
15,24,2,20,15.393
15,24,2,20,10.847
15,24,2,20,108.454
15,24,2,20,17.026
15,24,2,20,2.981
15,24,2,20,5.404
15,24,2,20,4.367
15,24,2,20,3.070
15,24,2,20,14.898
15,24,2,20,76.499
15,24,2,20,17.439
15,24,2,20,8.184
15,24,2,20,1076.456
15,24,2,20,0.885
16,48,0,6,0.411
16,48,0,6,57.158
16,48,0,6,8.667
16,48,0,6,7.692
16,48,0,6,7.804
16,48,0,6,8.055
16,48,0,6,18.123
16,48,0,6,12.928
16,48,0,6,9.623
16,48,0,6,19.128
16,48,0,6,31.077
16,48,0,6,28.220
16,48,0,6,10.182
16,48,0,6,7.877
16,48,0,6,8.003
16,48,0,6,8.786
16,48,0,6,58.738
16,48,0,6,15.067
16,48,0,6,5.484
16,48,0,6,8.374
16,48,0,6,7.576
16,48,0,6,8.277
16,48,0,6,15.879
16,48,0,6,14.728
16,48,0,6,7.079
16,48,0,6,7.975
16,48,0,6,45.107
16,48,0,6,9.671
16,48,0,6,25.410
16,48,0,6,9.641
16,48,0,6,9.102
16,48,0,6,28.381
16,48,0,6,8.316
16,48,0,6,9.779
16,48,0,6,20.307
16,48,0,6,9.956
16,48,0,6,7.508
16,48,0,6,51.171
16,48,0,6,9.301
16,48,0,6,5.483
17,48,1,6,0.146
17,48,1,6,54.802
17,48,1,6,8.002
17,48,1,6,4.193
17,48,1,6,6.572
17,48,1,6,6.155
17,48,1,6,18.545
17,48,1,6,10.690
17,48,1,6,10.201
17,48,1,6,18.637
17,48,1,6,29.043
17,48,1,6,25.391
17,48,1,6,9.179
17,48,1,6,5.252
17,48,1,6,6.136
17,48,1,6,26.758
17,48,1,6,58.744
17,48,1,6,14.488
17,48,1,6,5.860
17,48,1,6,5.940
17,48,1,6,5.701
17,48,1,6,6.424
17,48,1,6,14.190
17,48,1,6,14.464
17,48,1,6,4.119
17,48,1,6,5.974
17,48,1,6,44.911
17,48,1,6,9.006
17,48,1,6,24.137
17,48,1,6,6.872
17,48,1,6,7.305
17,48,1,6,33.977
17,48,1,6,6.735
17,48,1,6,11.292
17,48,1,6,20.290
17,48,1,6,7.927
17,48,1,6,5.987
17,48,1,6,65.020
17,48,1,6,8.485
17,48,1,6,3.233
18,48,2,6,0.137
18,48,2,6,55.698
18,48,2,6,11.251
18,48,2,6,4.611
18,48,2,6,9.859
18,48,2,6,7.398
18,48,2,6,21.371
18,48,2,6,13.136
18,48,2,6,13.096
18,48,2,6,20.680
18,48,2,6,32.563
18,48,2,6,24.905
18,48,2,6,15.002
18,48,2,6,6.633
18,48,2,6,6.677
18,48,2,6,58.419
18,48,2,6,61.297
18,48,2,6,18.922
18,48,2,6,12.641
18,48,2,6,7.143
18,48,2,6,8.249
18,48,2,6,8.647
18,48,2,6,15.561
18,48,2,6,14.031
18,48,2,6,4.646
18,48,2,6,7.468
18,48,2,6,46.757
18,48,2,6,10.030
18,48,2,6,26.101
18,48,2,6,8.817
18,48,2,6,8.314
18,48,2,6,36.846
18,48,2,6,9.159
18,48,2,6,12.645
18,48,2,6,23.794
18,48,2,6,11.448
18,48,2,6,6.852
18,48,2,6,78.159
18,48,2,6,10.260
18,48,2,6,4.268
