subtask_id,period_ms,core,priority,latency_us
1,1,0,90,0.870
1,1,0,90,593.177
1,1,0,90,1.230
1,1,0,90,33.484
1,1,0,90,408.791
1,1,0,90,401.786
1,1,0,90,865.926
1,1,0,90,4.685
1,1,0,90,992.952
1,1,0,90,994.651
1,1,0,90,883.664
1,1,0,90,22.312
1,1,0,90,992.598
1,1,0,90,993.426
1,1,0,90,993.272
1,1,0,90,992.896
1,1,0,90,992.076
1,1,0,90,993.904
1,1,0,90,992.177
1,1,0,90,992.986
1,1,0,90,976.203
1,1,0,90,995.105
1,1,0,90,954.619
1,1,0,90,3.896
1,1,0,90,993.534
1,1,0,90,994.732
1,1,0,90,994.190
1,1,0,90,993.925
1,1,0,90,993.679
1,1,0,90,994.248
1,1,0,90,994.261
1,1,0,90,993.663
1,1,0,90,993.751
1,1,0,90,1005.505
1,1,0,90,994.370
1,1,0,90,994.124
1,1,0,90,993.248
1,1,0,90,994.465
1,1,0,90,981.663
1,1,0,90,996.195
1,1,0,90,994.264
1,1,0,90,993.759
1,1,0,90,994.327
1,1,0,90,993.674
1,1,0,90,994.557
1,1,0,90,993.330
1,1,0,90,993.343
1,1,0,90,993.023
1,1,0,90,992.999
1,1,0,90,993.475
1,1,0,90,992.581
1,1,0,90,993.372
1,1,0,90,992.830
1,1,0,90,993.676
1,1,0,90,993.282
1,1,0,90,993.610
1,1,0,90,994.346
1,1,0,90,999.414
1,1,0,90,994.613
1,1,0,90,993.959
1,1,0,90,993.176
1,1,0,90,993.782
1,1,0,90,992.629
1,1,0,90,993.512
1,1,0,90,992.359
1,1,0,90,993.761
1,1,0,90,996.015
1,1,0,90,995.380
1,1,0,90,994.449
1,1,0,90,993.888
1,1,0,90,993.475
1,1,0,90,993.618
1,1,0,90,992.409
1,1,0,90,992.774
1,1,0,90,951.917
1,1,0,90,1002.689
1,1,0,90,1001.054
1,1,0,90,995.216
1,1,0,90,993.488
1,1,0,90,981.594
1,1,0,90,994.033
1,1,0,90,993.546
1,1,0,90,992.541
1,1,0,90,995.739
1,1,0,90,992.512
1,1,0,90,992.729
1,1,0,90,992.224
1,1,0,90,992.311
1,1,0,90,993.046
1,1,0,90,997.911
1,1,0,90,992.628
1,1,0,90,992.827
1,1,0,90,992.025
1,1,0,90,968.557
1,1,0,90,997.292
1,1,0,90,992.713
1,1,0,90,992.115
1,1,0,90,995.147
1,1,0,90,1003.752
1,1,0,90,993.710
1,1,0,90,992.779
1,1,0,90,993.977
1,1,0,90,993.583
1,1,0,90,993.078
1,1,0,90,992.647
1,1,0,90,992.771
1,1,0,90,992.729
1,1,0,90,992.797
1,1,0,90,1002.070
1,1,0,90,993.490
1,1,0,90,992.744
1,1,0,90,993.628
1,1,0,90,994.567
1,1,0,90,991.951
1,1,0,90,992.519
1,1,0,90,992.551
1,1,0,90,992.768
1,1,0,90,995.096
1,1,0,90,994.239
1,1,0,90,1686.100
1,1,0,90,1164.727
1,1,0,90,994.167
1,1,0,90,992.958
1,1,0,90,992.453
1,1,0,90,993.022
1,1,0,90,992.869
1,1,0,90,992.437
1,1,0,90,992.191
1,1,0,90,992.816
1,1,0,90,992.699
1,1,0,90,992.805
1,1,0,90,981.837
1,1,0,90,998.294
1,1,0,90,992.956
1,1,0,90,992.506
1,1,0,90,1015.926
1,1,0,90,992.736
1,1,0,90,994.990
1,1,0,90,993.929
1,1,0,90,992.924
1,1,0,90,993.196
1,1,0,90,994.098
1,1,0,90,992.593
1,1,0,90,992.792
1,1,0,90,1002.231
1,1,0,90,992.466
1,1,0,90,992.646
1,1,0,90,992.270
1,1,0,90,992.487
1,1,0,90,993.037
1,1,0,90,965.718
1,1,0,90,999.175
1,1,0,90,993.781
1,1,0,90,993.127
1,1,0,90,992.418
1,1,0,90,994.987
1,1,0,90,994.908
1,1,0,90,995.162
1,1,0,90,994.582
1,1,0,90,992.966
1,1,0,90,994.164
1,1,0,90,994.178
1,1,0,90,993.043
1,1,0,90,993.611
1,1,0,90,992.699
1,1,0,90,993.749
1,1,0,90,1001.410
1,1,0,90,993.720
1,1,0,90,994.326
1,1,0,90,978.709
1,1,0,90,999.352
1,1,0,90,992.754
1,1,0,90,999.786
1,1,0,90,993.577
1,1,0,90,1002.405
1,1,0,90,992.363
1,1,0,90,992.394
1,1,0,90,995.111
1,1,0,90,994.161
1,1,0,90,993.082
1,1,0,90,993.651
1,1,0,90,1003.145
1,1,0,90,993.011
1,1,0,90,992.746
1,1,0,90,993.241
1,1,0,90,994.272
1,1,0,90,993.267
1,1,0,90,993.280
1,1,0,90,979.868
1,1,0,90,998.122
1,1,0,90,994.172
1,1,0,90,993.259
1,1,0,90,993.272
1,1,0,90,993.489
1,1,0,90,992.595
1,1,0,90,1013.867
1,1,0,90,995.159
1,1,0,90,995.246
1,1,0,90,994.074
1,1,0,90,993.865
1,1,0,90,993.785
1,1,0,90,994.132
1,1,0,90,992.553
1,1,0,90,992.418
1,1,0,90,993.153
1,1,0,90,992.592
1,1,0,90,992.365
1,1,0,90,947.156
1,1,0,90,997.854
1,1,0,90,994.053
1,1,0,90,993.955
1,1,0,90,993.116
1,1,0,90,993.037
1,1,0,90,992.698
1,1,0,90,1003.100
1,1,0,90,993.224
1,1,0,90,993.182
1,1,0,90,994.917
1,1,0,90,992.357
1,1,0,90,992.740
1,1,0,90,993.272
1,1,0,90,993.063
1,1,0,90,992.669
1,1,0,90,992.941
1,1,0,90,992.491
1,1,0,90,993.208
1,1,0,90,970.518
1,1,0,90,998.198
1,1,0,90,992.452
1,1,0,90,992.854
1,1,0,90,984.478
1,1,0,90,992.806
1,1,0,90,992.412
1,1,0,90,992.610
1,1,0,90,992.661
1,1,0,90,992.489
1,1,0,90,992.798
1,1,0,90,994.385
1,1,0,90,992.732
1,1,0,90,992.338
1,1,0,90,998.055
1,1,0,90,993.086
1,1,0,90,992.766
1,1,0,90,992.965
1,1,0,90,993.089
1,1,0,90,963.473
1,1,0,90,997.597
1,1,0,90,993.129
1,1,0,90,992.975
1,1,0,90,993.081
1,1,0,90,992.613
1,1,0,90,992.422
1,1,0,90,992.398
1,1,0,90,992.412
1,1,0,90,992.184
1,1,0,90,992.364
1,1,0,90,992.118
1,1,0,90,994.316
1,1,0,90,992.293
1,1,0,90,992.195
1,1,0,90,992.467
1,1,0,90,992.851
1,1,0,90,992.827
1,1,0,90,993.081
1,1,0,90,973.316
1,1,0,90,998.070
1,1,0,90,992.917
1,1,0,90,992.615
1,1,0,90,993.795
1,1,0,90,992.864
1,1,0,90,993.155
1,1,0,90,992.353
1,1,0,90,992.570
1,1,0,90,992.750
1,1,0,90,992.763
1,1,0,90,992.091
1,1,0,90,992.012
1,1,0,90,994.284
1,1,0,90,992.798
1,1,0,90,992.626
1,1,0,90,992.435
1,1,0,90,992.948
1,1,0,90,992.943
1,1,0,90,969.623
1,1,0,90,998.321
1,1,0,90,992.927
1,1,0,90,992.774
1,1,0,90,992.102
1,1,0,90,992.485
1,1,0,90,992.813
1,1,0,90,992.938
1,1,0,90,993.710
1,1,0,90,992.686
1,1,0,90,992.903
1,1,0,90,992.750
1,1,0,90,991.967
1,1,0,90,995.258
1,1,0,90,994.419
1,1,0,90,992.358
1,1,0,90,992.149
1,1,0,90,994.107
1,1,0,90,992.768
1,1,0,90,968.541
1,1,0,90,998.054
1,1,0,90,992.641
1,1,0,90,993.043
1,1,0,90,993.205
1,1,0,90,992.866
1,1,0,90,993.046
1,1,0,90,993.041
1,1,0,90,992.961
1,1,0,90,1689.508
1,1,0,90,1168.042
1,1,0,90,993.242
1,1,0,90,992.810
1,1,0,90,992.601
1,1,0,90,992.189
1,1,0,90,994.313
1,1,0,90,992.159
1,1,0,90,992.210
1,1,0,90,1002.315
1,1,0,90,955.699
1,1,0,90,999.620
1,1,0,90,992.800
1,1,0,90,992.424
1,1,0,90,993.104
1,1,0,90,992.450
1,1,0,90,992.427
1,1,0,90,992.884
1,1,0,90,992.323
1,1,0,90,992.374
1,1,0,90,993.850
1,1,0,90,993.919
1,1,0,90,992.987
1,1,0,90,992.297
1,1,0,90,992.532
1,1,0,90,992.620
1,1,0,90,1003.651
1,1,0,90,994.701
1,1,0,90,954.141
1,1,0,90,998.413
1,1,0,90,993.889
1,1,0,90,993.291
1,1,0,90,993.434
1,1,0,90,992.966
1,1,0,90,993.164
1,1,0,90,993.011
1,1,0,90,994.024
1,1,0,90,992.982
1,1,0,90,993.106
1,1,0,90,993.027
1,1,0,90,992.799
1,1,0,90,992.942
1,1,0,90,993.066
1,1,0,90,993.098
1,1,0,90,992.685
1,1,0,90,992.550
1,1,0,90,994.416
1,1,0,90,971.521
1,1,0,90,1001.257
1,1,0,90,993.548
1,1,0,90,994.579
1,1,0,90,994.037
1,1,0,90,992.699
1,1,0,90,993.730
1,1,0,90,993.558
1,1,0,90,992.609
1,1,0,90,993.048
1,1,0,90,992.505
1,1,0,90,993.037
1,1,0,90,993.310
1,1,0,90,993.082
1,1,0,90,992.632
1,1,0,90,993.220
1,1,0,90,993.103
1,1,0,90,993.079
1,1,0,90,992.630
1,1,0,90,960.532
1,1,0,90,999.508
1,1,0,90,992.854
1,1,0,90,992.868
1,1,0,90,995.325
1,1,0,90,992.505
1,1,0,90,992.870
1,1,0,90,992.365
1,1,0,90,992.860
1,1,0,90,992.169
1,1,0,90,992.423
1,1,0,90,992.214
1,1,0,90,992.505
1,1,0,90,992.407
1,1,0,90,992.087
1,1,0,90,992.230
1,1,0,90,992.576
1,1,0,90,993.553
1,1,0,90,992.492
1,1,0,90,968.542
1,1,0,90,1002.277
1,1,0,90,993.957
1,1,0,90,994.026
1,1,0,90,992.743
1,1,0,90,993.015
1,1,0,90,992.862
1,1,0,90,996.005
1,1,0,90,992.407
1,1,0,90,994.124
1,1,0,90,993.119
1,1,0,90,1683.887
1,1,0,90,1162.237
1,1,0,90,993.214
1,1,0,90,992.708
1,1,0,90,993.055
1,1,0,90,992.809
1,1,0,90,992.581
1,1,0,90,992.817
1,1,0,90,973.478
1,1,0,90,997.991
1,1,0,90,994.912
1,1,0,90,994.185
1,1,0,90,993.309
1,1,0,90,992.970
1,1,0,90,993.206
1,1,0,90,993.293
1,1,0,90,993.084
1,1,0,90,992.134
1,1,0,90,992.518
1,1,0,90,992.142
1,1,0,90,992.859
1,1,0,90,993.780
1,1,0,90,993.015
1,1,0,90,992.417
1,1,0,90,992.893
1,1,0,90,992.110
1,1,0,90,1002.846
1,1,0,90,966.341
1,1,0,90,1010.446
1,1,0,90,992.145
1,1,0,90,995.306
1,1,0,90,994.004
1,1,0,90,993.314
1,1,0,90,992.883
1,1,0,90,994.007
1,1,0,90,993.668
1,1,0,90,992.700
1,1,0,90,993.010
1,1,0,90,992.634
1,1,0,90,992.017
1,1,0,90,992.290
1,1,0,90,992.081
1,1,0,90,992.761
1,1,0,90,992.256
1,1,0,90,992.454
1,1,0,90,992.689
1,1,0,90,956.499
1,1,0,90,998.086
1,1,0,90,1685.392
1,1,0,90,1163.389
1,1,0,90,995.107
1,1,0,90,993.343
1,1,0,90,992.874
1,1,0,90,993.814
1,1,0,90,993.993
1,1,0,90,993.803
1,1,0,90,992.890
1,1,0,90,993.070
1,1,0,90,993.120
1,1,0,90,992.837
1,1,0,90,992.332
1,1,0,90,992.067
1,1,0,90,992.655
1,1,0,90,992.372
1,1,0,90,992.755
1,1,0,90,985.343
1,1,0,90,999.522
1,1,0,90,992.980
1,1,0,90,992.734
1,1,0,90,992.636
1,1,0,90,994.538
1,1,0,90,994.181
1,1,0,90,992.657
1,1,0,90,992.948
1,1,0,90,994.350
1,1,0,90,993.771
1,1,0,90,1011.617
1,1,0,90,992.927
1,1,0,90,992.718
1,1,0,90,992.472
1,1,0,90,992.448
1,1,0,90,992.239
1,1,0,90,993.123
1,1,0,90,992.025
1,1,0,90,956.520
1,1,0,90,999.903
1,1,0,90,993.101
1,1,0,90,992.874
1,1,0,90,992.313
1,1,0,90,992.660
1,1,0,90,994.636
1,1,0,90,994.686
1,1,0,90,993.459
1,1,0,90,993.527
1,1,0,90,992.948
1,1,0,90,993.294
1,1,0,90,1687.082
1,1,0,90,1164.227
1,1,0,90,994.167
1,1,0,90,992.644
1,1,0,90,992.583
1,1,0,90,992.652
1,1,0,90,992.517
1,1,0,90,973.678
1,1,0,90,997.469
1,1,0,90,993.593
1,1,0,90,994.032
1,1,0,90,992.953
1,1,0,90,993.800
1,1,0,90,992.591
1,1,0,90,994.493
1,1,0,90,993.710
1,1,0,90,993.834
1,1,0,90,992.625
1,1,0,90,993.120
1,1,0,90,987.559
1,1,0,90,993.220
1,1,0,90,993.326
1,1,0,90,993.024
1,1,0,90,992.741
1,1,0,90,992.217
1,1,0,90,992.082
1,1,0,90,950.337
1,1,0,90,998.016
1,1,0,90,992.770
1,1,0,90,994.376
1,1,0,90,993.260
1,1,0,90,993.125
1,1,0,90,993.045
1,1,0,90,992.910
1,1,0,90,994.590
1,1,0,90,993.715
1,1,0,90,994.469
1,1,0,90,992.630
1,1,0,90,993.143
1,1,0,90,992.564
1,1,0,90,992.299
1,1,0,90,992.368
1,1,0,90,992.363
1,1,0,90,992.154
1,1,0,90,992.778
1,1,0,90,971.569
1,1,0,90,998.101
1,1,0,90,992.577
1,1,0,90,992.572
1,1,0,90,992.400
1,1,0,90,994.209
1,1,0,90,992.907
1,1,0,90,992.698
1,1,0,90,993.693
1,1,0,90,995.132
1,1,0,90,993.794
1,1,0,90,993.992
1,1,0,90,992.950
1,1,0,90,992.963
1,1,0,90,992.532
1,1,0,90,992.582
1,1,0,90,992.780
1,1,0,90,993.071
1,1,0,90,993.066
1,1,0,90,954.691
1,1,0,90,998.167
1,1,0,90,993.513
1,1,0,90,992.767
1,1,0,90,992.632
1,1,0,90,992.442
1,1,0,90,1004.807
1,1,0,90,993.116
1,1,0,90,992.629
1,1,0,90,992.143
1,1,0,90,994.360
1,1,0,90,992.336
1,1,0,90,1011.941
1,1,0,90,992.788
1,1,0,90,993.116
1,1,0,90,993.111
1,1,0,90,992.587
1,1,0,90,993.193
1,1,0,90,992.558
1,1,0,90,984.423
1,1,0,90,1010.880
1,1,0,90,993.097
1,1,0,90,992.722
1,1,0,90,992.828
1,1,0,90,992.545
1,1,0,90,992.280
1,1,0,90,993.867
1,1,0,90,993.473
1,1,0,90,992.949
1,1,0,90,993.092
1,1,0,90,994.383
1,1,0,90,993.174
1,1,0,90,19604.144
2,1,0,90,0.241
2,1,0,90,345.919
2,1,0,90,705.652
2,1,0,90,31.447
2,1,0,90,161.404
2,1,0,90,154.454
2,1,0,90,618.521
2,1,0,90,31.815
2,1,0,90,990.749
2,1,0,90,991.984
2,1,0,90,636.258
2,1,0,90,49.812
2,1,0,90,990.505
2,1,0,90,990.333
2,1,0,90,990.587
2,1,0,90,991.156
2,1,0,90,989.336
2,1,0,90,991.127
2,1,0,90,989.825
2,1,0,90,990.579
2,1,0,90,973.981
2,1,0,90,991.883
2,1,0,90,1001.008
2,1,0,90,31.230
2,1,0,90,991.293
2,1,0,90,991.751
2,1,0,90,991.468
2,1,0,90,991.389
2,1,0,90,991.698
2,1,0,90,991.156
2,1,0,90,991.632
2,1,0,90,990.849
2,1,0,90,991.232
2,1,0,90,1002.764
2,1,0,90,991.389
2,1,0,90,991.050
2,1,0,90,990.637
2,1,0,90,991.224
2,1,0,90,978.682
2,1,0,90,993.399
2,1,0,90,991.838
2,1,0,90,990.685
2,1,0,90,991.494
2,1,0,90,990.693
2,1,0,90,992.484
2,1,0,90,990.626
2,1,0,90,990.362
2,1,0,90,990.042
2,1,0,90,990.481
2,1,0,90,990.679
2,1,0,90,989.600
2,1,0,90,990.632
2,1,0,90,990.126
2,1,0,90,990.288
2,1,0,90,990.190
2,1,0,90,990.407
2,1,0,90,991.975
2,1,0,90,996.655
2,1,0,90,991.817
2,1,0,90,991.052
2,1,0,90,990.602
2,1,0,90,990.690
2,1,0,90,989.740
2,1,0,90,990.827
2,1,0,90,989.063
2,1,0,90,991.539
2,1,0,90,992.811
2,1,0,90,992.436
2,1,0,90,991.171
2,1,0,90,991.055
2,1,0,90,990.383
2,1,0,90,990.766
2,1,0,90,990.224
2,1,0,90,989.645
2,1,0,90,948.973
2,1,0,90,999.615
2,1,0,90,999.184
2,1,0,90,992.049
2,1,0,90,990.414
2,1,0,90,978.687
2,1,0,90,991.496
2,1,0,90,990.806
2,1,0,90,989.689
2,1,0,90,992.851
2,1,0,90,989.623
2,1,0,90,990.099
2,1,0,90,989.502
2,1,0,90,989.237
2,1,0,90,990.676
2,1,0,90,994.949
2,1,0,90,989.906
2,1,0,90,989.919
2,1,0,90,989.396
2,1,0,90,965.983
2,1,0,90,993.996
2,1,0,90,990.009
2,1,0,90,989.226
2,1,0,90,992.499
2,1,0,90,1001.123
2,1,0,90,990.414
2,1,0,90,990.112
2,1,0,90,990.848
2,1,0,90,990.583
2,1,0,90,990.004
2,1,0,90,990.480
2,1,0,90,989.882
2,1,0,90,989.895
2,1,0,90,989.557
2,1,0,90,999.940
2,1,0,90,990.342
2,1,0,90,989.504
2,1,0,90,991.258
2,1,0,90,991.604
2,1,0,90,989.006
2,1,0,90,989.872
2,1,0,90,990.107
2,1,0,90,990.435
2,1,0,90,992.059
2,1,0,90,991.350
2,1,0,90,1683.193
2,1,0,90,1169.265
2,1,0,90,990.890
2,1,0,90,991.088
2,1,0,90,989.176
2,1,0,90,990.670
2,1,0,90,989.498
2,1,0,90,989.363
2,1,0,90,988.988
2,1,0,90,990.501
2,1,0,90,989.885
2,1,0,90,989.750
2,1,0,90,978.800
2,1,0,90,995.609
2,1,0,90,990.178
2,1,0,90,989.210
2,1,0,90,1013.167
2,1,0,90,989.884
2,1,0,90,991.768
2,1,0,90,990.781
2,1,0,90,990.091
2,1,0,90,990.622
2,1,0,90,990.895
2,1,0,90,989.853
2,1,0,90,990.255
2,1,0,90,999.657
2,1,0,90,989.559
2,1,0,90,989.646
2,1,0,90,989.808
2,1,0,90,990.062
2,1,0,90,989.927
2,1,0,90,962.588
2,1,0,90,996.083
2,1,0,90,990.725
2,1,0,90,989.850
2,1,0,90,989.770
2,1,0,90,991.728
2,1,0,90,991.926
2,1,0,90,991.884
2,1,0,90,991.731
2,1,0,90,989.929
2,1,0,90,991.424
2,1,0,90,991.363
2,1,0,90,990.284
2,1,0,90,990.463
2,1,0,90,990.199
2,1,0,90,990.490
2,1,0,90,998.133
2,1,0,90,990.331
2,1,0,90,991.604
2,1,0,90,975.635
2,1,0,90,996.352
2,1,0,90,989.495
2,1,0,90,997.249
2,1,0,90,990.633
2,1,0,90,999.516
2,1,0,90,989.529
2,1,0,90,989.987
2,1,0,90,992.352
2,1,0,90,991.606
2,1,0,90,990.490
2,1,0,90,991.170
2,1,0,90,1000.238
2,1,0,90,990.326
2,1,0,90,989.691
2,1,0,90,990.334
2,1,0,90,991.458
2,1,0,90,991.008
2,1,0,90,990.706
2,1,0,90,977.442
2,1,0,90,995.011
2,1,0,90,990.931
2,1,0,90,990.056
2,1,0,90,990.513
2,1,0,90,990.564
2,1,0,90,989.910
2,1,0,90,1010.886
2,1,0,90,992.103
2,1,0,90,992.265
2,1,0,90,991.278
2,1,0,90,990.828
2,1,0,90,991.045
2,1,0,90,991.336
2,1,0,90,989.812
2,1,0,90,989.529
2,1,0,90,990.450
2,1,0,90,989.352
2,1,0,90,989.328
2,1,0,90,944.267
2,1,0,90,995.058
2,1,0,90,991.108
2,1,0,90,991.177
2,1,0,90,990.616
2,1,0,90,990.407
2,1,0,90,989.735
2,1,0,90,1000.174
2,1,0,90,990.095
2,1,0,90,990.701
2,1,0,90,991.936
2,1,0,90,989.579
2,1,0,90,989.759
2,1,0,90,990.476
2,1,0,90,990.137
2,1,0,90,989.391
2,1,0,90,990.164
2,1,0,90,989.714
2,1,0,90,990.579
2,1,0,90,967.777
2,1,0,90,995.624
2,1,0,90,990.045
2,1,0,90,989.595
2,1,0,90,981.127
2,1,0,90,989.806
2,1,0,90,990.042
2,1,0,90,989.648
2,1,0,90,989.735
2,1,0,90,989.248
2,1,0,90,990.521
2,1,0,90,991.534
2,1,0,90,989.917
2,1,0,90,990.134
2,1,0,90,995.277
2,1,0,90,990.216
2,1,0,90,990.341
2,1,0,90,990.002
2,1,0,90,990.497
2,1,0,90,960.047
2,1,0,90,994.745
2,1,0,90,990.259
2,1,0,90,990.364
2,1,0,90,990.470
2,1,0,90,989.909
2,1,0,90,989.274
2,1,0,90,989.788
2,1,0,90,990.134
2,1,0,90,988.907
2,1,0,90,989.661
2,1,0,90,989.303
2,1,0,90,992.335
2,1,0,90,989.219
2,1,0,90,989.695
2,1,0,90,989.578
2,1,0,90,989.481
2,1,0,90,989.531
2,1,0,90,990.433
2,1,0,90,970.668
2,1,0,90,995.663
2,1,0,90,991.010
2,1,0,90,989.708
2,1,0,90,991.721
2,1,0,90,990.309
2,1,0,90,990.192
2,1,0,90,989.668
2,1,0,90,989.756
2,1,0,90,989.547
2,1,0,90,989.875
2,1,0,90,989.369
2,1,0,90,989.142
2,1,0,90,991.248
2,1,0,90,989.631
2,1,0,90,989.718
2,1,0,90,990.250
2,1,0,90,990.652
2,1,0,90,990.332
2,1,0,90,966.234
2,1,0,90,996.044
2,1,0,90,989.724
2,1,0,90,989.774
2,1,0,90,988.880
2,1,0,90,989.745
2,1,0,90,989.814
2,1,0,90,990.660
2,1,0,90,990.581
2,1,0,90,990.390
2,1,0,90,989.940
2,1,0,90,989.880
2,1,0,90,988.671
2,1,0,90,992.406
2,1,0,90,991.567
2,1,0,90,989.303
2,1,0,90,989.168
2,1,0,90,991.366
2,1,0,90,990.028
2,1,0,90,965.930
2,1,0,90,995.054
2,1,0,90,990.271
2,1,0,90,989.951
2,1,0,90,990.353
2,1,0,90,990.107
2,1,0,90,989.916
2,1,0,90,989.856
2,1,0,90,990.369
2,1,0,90,1686.489
2,1,0,90,1173.228
2,1,0,90,990.260
2,1,0,90,990.329
2,1,0,90,989.694
2,1,0,90,989.393
2,1,0,90,991.498
2,1,0,90,989.493
2,1,0,90,989.358
2,1,0,90,999.982
2,1,0,90,953.218
2,1,0,90,996.324
2,1,0,90,990.022
2,1,0,90,989.869
2,1,0,90,989.641
2,1,0,90,989.636
2,1,0,90,989.371
2,1,0,90,990.496
2,1,0,90,989.287
2,1,0,90,989.503
2,1,0,90,990.776
2,1,0,90,991.622
2,1,0,90,990.191
2,1,0,90,989.408
2,1,0,90,989.458
2,1,0,90,989.435
2,1,0,90,1000.466
2,1,0,90,991.517
2,1,0,90,951.363
2,1,0,90,995.747
2,1,0,90,990.871
2,1,0,90,990.606
2,1,0,90,990.638
2,1,0,90,990.188
2,1,0,90,989.961
2,1,0,90,990.307
2,1,0,90,990.802
2,1,0,90,990.408
2,1,0,90,990.329
2,1,0,90,989.971
2,1,0,90,989.614
2,1,0,90,989.794
2,1,0,90,990.067
2,1,0,90,990.135
2,1,0,90,989.834
2,1,0,90,989.791
2,1,0,90,991.156
2,1,0,90,968.225
2,1,0,90,997.998
2,1,0,90,991.289
2,1,0,90,991.302
2,1,0,90,990.982
2,1,0,90,989.977
2,1,0,90,991.027
2,1,0,90,991.170
2,1,0,90,989.535
2,1,0,90,989.807
2,1,0,90,989.376
2,1,0,90,989.871
2,1,0,90,990.421
2,1,0,90,990.527
2,1,0,90,990.670
2,1,0,90,990.053
2,1,0,90,990.233
2,1,0,90,990.061
2,1,0,90,990.204
2,1,0,90,957.551
2,1,0,90,997.249
2,1,0,90,990.132
2,1,0,90,989.683
2,1,0,90,992.011
2,1,0,90,989.265
2,1,0,90,990.167
2,1,0,90,989.495
2,1,0,90,989.841
2,1,0,90,989.947
2,1,0,90,989.016
2,1,0,90,989.511
2,1,0,90,989.653
2,1,0,90,989.296
2,1,0,90,989.013
2,1,0,90,989.693
2,1,0,90,989.336
2,1,0,90,990.553
2,1,0,90,989.436
2,1,0,90,966.857
2,1,0,90,998.944
2,1,0,90,990.772
2,1,0,90,991.637
2,1,0,90,989.836
2,1,0,90,989.997
2,1,0,90,989.733
2,1,0,90,993.116
2,1,0,90,990.703
2,1,0,90,993.254
2,1,0,90,989.730
2,1,0,90,1681.239
2,1,0,90,1167.533
2,1,0,90,990.455
2,1,0,90,989.894
2,1,0,90,990.481
2,1,0,90,990.254
2,1,0,90,989.285
2,1,0,90,989.669
2,1,0,90,970.127
2,1,0,90,995.343
2,1,0,90,991.820
2,1,0,90,991.555
2,1,0,90,989.902
2,1,0,90,990.378
2,1,0,90,990.132
2,1,0,90,990.497
2,1,0,90,990.473
2,1,0,90,990.060
2,1,0,90,989.351
2,1,0,90,989.476
2,1,0,90,989.896
2,1,0,90,991.595
2,1,0,90,990.126
2,1,0,90,989.751
2,1,0,90,990.208
2,1,0,90,989.999
2,1,0,90,1000.198
2,1,0,90,963.878
2,1,0,90,1008.354
2,1,0,90,990.108
2,1,0,90,992.639
2,1,0,90,990.912
2,1,0,90,990.388
2,1,0,90,990.253
2,1,0,90,990.896
2,1,0,90,990.706
2,1,0,90,989.737
2,1,0,90,990.065
2,1,0,90,989.597
2,1,0,90,989.036
2,1,0,90,989.327
2,1,0,90,989.063
2,1,0,90,989.965
2,1,0,90,989.200
2,1,0,90,989.213
2,1,0,90,990.282
2,1,0,90,953.629
2,1,0,90,994.790
2,1,0,90,1681.985
2,1,0,90,1168.779
2,1,0,90,992.867
2,1,0,90,990.528
2,1,0,90,990.041
2,1,0,90,991.147
2,1,0,90,990.790
2,1,0,90,991.192
2,1,0,90,990.742
2,1,0,90,990.107
2,1,0,90,990.047
2,1,0,90,990.171
2,1,0,90,990.073
2,1,0,90,989.345
2,1,0,90,989.655
2,1,0,90,989.779
2,1,0,90,990.237
2,1,0,90,982.769
2,1,0,90,996.208
2,1,0,90,990.721
2,1,0,90,989.493
2,1,0,90,990.081
2,1,0,90,991.594
2,1,0,90,991.052
2,1,0,90,989.824
2,1,0,90,990.152
2,1,0,90,991.943
2,1,0,90,990.660
2,1,0,90,1008.988
2,1,0,90,990.057
2,1,0,90,989.477
2,1,0,90,989.491
2,1,0,90,989.578
2,1,0,90,989.702
2,1,0,90,990.290
2,1,0,90,989.044
2,1,0,90,953.853
2,1,0,90,997.829
2,1,0,90,989.954
2,1,0,90,989.670
2,1,0,90,990.184
2,1,0,90,990.660
2,1,0,90,991.636
2,1,0,90,992.094
2,1,0,90,991.218
2,1,0,90,991.157
2,1,0,90,989.856
2,1,0,90,989.869
2,1,0,90,1683.989
2,1,0,90,1169.357
2,1,0,90,990.723
2,1,0,90,990.199
2,1,0,90,989.509
2,1,0,90,990.633
2,1,0,90,989.295
2,1,0,90,970.512
2,1,0,90,994.228
2,1,0,90,990.649
2,1,0,90,991.384
2,1,0,90,989.731
2,1,0,90,990.541
2,1,0,90,990.017
2,1,0,90,991.085
2,1,0,90,990.395
2,1,0,90,991.204
2,1,0,90,989.458
2,1,0,90,990.175
2,1,0,90,984.466
2,1,0,90,990.368
2,1,0,90,991.308
2,1,0,90,989.543
2,1,0,90,989.538
2,1,0,90,989.718
2,1,0,90,989.583
2,1,0,90,948.059
2,1,0,90,995.628
2,1,0,90,990.419
2,1,0,90,991.932
2,1,0,90,990.241
2,1,0,90,990.032
2,1,0,90,990.101
2,1,0,90,990.188
2,1,0,90,991.683
2,1,0,90,990.715
2,1,0,90,991.450
2,1,0,90,990.408
2,1,0,90,989.958
2,1,0,90,989.453
2,1,0,90,989.577
2,1,0,90,989.609
2,1,0,90,989.085
2,1,0,90,989.043
2,1,0,90,989.723
2,1,0,90,969.884
2,1,0,90,994.934
2,1,0,90,989.188
2,1,0,90,989.627
2,1,0,90,989.641
2,1,0,90,991.506
2,1,0,90,990.074
2,1,0,90,989.717
2,1,0,90,991.138
2,1,0,90,992.207
2,1,0,90,990.757
2,1,0,90,991.511
2,1,0,90,990.413
2,1,0,90,990.130
2,1,0,90,989.569
2,1,0,90,989.897
2,1,0,90,990.003
2,1,0,90,990.146
2,1,0,90,989.955
2,1,0,90,951.802
2,1,0,90,994.870
2,1,0,90,990.273
2,1,0,90,990.082
2,1,0,90,990.151
2,1,0,90,989.831
2,1,0,90,1002.103
2,1,0,90,990.228
2,1,0,90,990.111
2,1,0,90,989.384
2,1,0,90,992.045
2,1,0,90,989.243
2,1,0,90,1009.238
2,1,0,90,990.603
2,1,0,90,990.227
2,1,0,90,989.630
2,1,0,90,989.217
2,1,0,90,990.508
2,1,0,90,989.336
2,1,0,90,981.294
2,1,0,90,1008.158
2,1,0,90,990.875
2,1,0,90,989.370
2,1,0,90,990.346
2,1,0,90,989.286
2,1,0,90,989.354
2,1,0,90,990.553
2,1,0,90,990.325
2,1,0,90,989.931
2,1,0,90,990.370
2,1,0,90,991.087
2,1,0,90,990.434
2,1,0,90,19356.646
3,1,0,90,0.297
3,1,0,90,189.327
3,1,0,90,842.985
3,1,0,90,29.669
3,1,0,90,4.924
3,1,0,90,1373.985
3,1,0,90,462.151
3,1,0,90,29.333
3,1,0,90,990.582
3,1,0,90,987.910
3,1,0,90,479.926
3,1,0,90,48.997
3,1,0,90,988.302
3,1,0,90,987.352
3,1,0,90,986.773
3,1,0,90,989.360
3,1,0,90,989.114
3,1,0,90,988.923
3,1,0,90,986.974
3,1,0,90,987.135
3,1,0,90,971.889
3,1,0,90,989.699
3,1,0,90,1028.045
3,1,0,90,29.212
3,1,0,90,990.534
3,1,0,90,988.788
3,1,0,90,987.450
3,1,0,90,987.796
3,1,0,90,992.643
3,1,0,90,988.730
3,1,0,90,988.225
3,1,0,90,986.627
3,1,0,90,990.029
3,1,0,90,999.635
3,1,0,90,988.518
3,1,0,90,987.735
3,1,0,90,990.008
3,1,0,90,987.854
3,1,0,90,976.497
3,1,0,90,989.862
3,1,0,90,991.783
3,1,0,90,988.259
3,1,0,90,987.180
3,1,0,90,988.600
3,1,0,90,991.428
3,1,0,90,986.793
3,1,0,90,986.529
3,1,0,90,988.838
3,1,0,90,989.963
3,1,0,90,987.365
3,1,0,90,985.489
3,1,0,90,988.058
3,1,0,90,989.775
3,1,0,90,988.140
3,1,0,90,988.079
3,1,0,90,988.018
3,1,0,90,991.772
3,1,0,90,994.285
3,1,0,90,990.002
3,1,0,90,988.386
3,1,0,90,989.566
3,1,0,90,988.394
3,1,0,90,987.277
3,1,0,90,986.550
3,1,0,90,988.230
3,1,0,90,989.039
3,1,0,90,989.645
3,1,0,90,990.084
3,1,0,90,990.986
3,1,0,90,988.296
3,1,0,90,986.309
3,1,0,90,986.526
3,1,0,90,988.576
3,1,0,90,987.108
3,1,0,90,945.640
3,1,0,90,995.486
3,1,0,90,997.481
3,1,0,90,988.476
3,1,0,90,989.229
3,1,0,90,975.558
3,1,0,90,989.200
3,1,0,90,985.788
3,1,0,90,986.079
3,1,0,90,989.055
3,1,0,90,988.883
3,1,0,90,986.563
3,1,0,90,985.669
3,1,0,90,987.330
3,1,0,90,988.862
3,1,0,90,990.986
3,1,0,90,986.425
3,1,0,90,986.827
3,1,0,90,989.155
3,1,0,90,964.243
3,1,0,90,991.330
3,1,0,90,985.528
3,1,0,90,988.819
3,1,0,90,990.073
3,1,0,90,998.920
3,1,0,90,987.470
3,1,0,90,990.020
3,1,0,90,986.941
3,1,0,90,987.306
3,1,0,90,985.597
3,1,0,90,989.017
3,1,0,90,987.623
3,1,0,90,987.322
3,1,0,90,986.483
3,1,0,90,1000.367
3,1,0,90,986.380
3,1,0,90,987.393
3,1,0,90,988.832
3,1,0,90,991.642
3,1,0,90,986.266
3,1,0,90,985.224
3,1,0,90,986.552
3,1,0,90,989.565
3,1,0,90,988.467
3,1,0,90,987.573
3,1,0,90,1975.470
3,1,0,90,1167.043
3,1,0,90,988.279
3,1,0,90,986.755
3,1,0,90,987.046
3,1,0,90,988.560
3,1,0,90,986.313
3,1,0,90,987.919
3,1,0,90,986.044
3,1,0,90,988.001
3,1,0,90,987.014
3,1,0,90,987.065
3,1,0,90,974.726
3,1,0,90,994.128
3,1,0,90,987.012
3,1,0,90,986.618
3,1,0,90,1009.242
3,1,0,90,988.940
3,1,0,90,989.157
3,1,0,90,987.967
3,1,0,90,985.295
3,1,0,90,989.975
3,1,0,90,986.932
3,1,0,90,985.705
3,1,0,90,987.088
3,1,0,90,997.176
3,1,0,90,985.893
3,1,0,90,987.480
3,1,0,90,987.234
3,1,0,90,989.321
3,1,0,90,986.742
3,1,0,90,959.551
3,1,0,90,993.972
3,1,0,90,988.170
3,1,0,90,986.035
3,1,0,90,986.604
3,1,0,90,987.932
3,1,0,90,989.908
3,1,0,90,987.533
3,1,0,90,989.342
3,1,0,90,986.263
3,1,0,90,990.498
3,1,0,90,987.678
3,1,0,90,988.136
3,1,0,90,989.112
3,1,0,90,988.644
3,1,0,90,985.990
3,1,0,90,996.448
3,1,0,90,986.905
3,1,0,90,990.919
3,1,0,90,972.784
3,1,0,90,994.593
3,1,0,90,986.662
3,1,0,90,996.749
3,1,0,90,985.948
3,1,0,90,995.942
3,1,0,90,986.604
3,1,0,90,988.561
3,1,0,90,989.167
3,1,0,90,988.643
3,1,0,90,987.360
3,1,0,90,990.374
3,1,0,90,998.461
3,1,0,90,989.048
3,1,0,90,986.321
3,1,0,90,990.334
3,1,0,90,988.773
3,1,0,90,987.879
3,1,0,90,987.688
3,1,0,90,977.276
3,1,0,90,991.881
3,1,0,90,989.080
3,1,0,90,987.593
3,1,0,90,988.736
3,1,0,90,985.786
3,1,0,90,985.207
3,1,0,90,1008.738
3,1,0,90,991.178
3,1,0,90,989.432
3,1,0,90,988.685
3,1,0,90,987.865
3,1,0,90,990.842
3,1,0,90,986.484
3,1,0,90,986.535
3,1,0,90,987.529
3,1,0,90,989.320
3,1,0,90,984.889
3,1,0,90,986.476
3,1,0,90,939.879
3,1,0,90,993.021
3,1,0,90,987.497
3,1,0,90,988.177
3,1,0,90,987.450
3,1,0,90,990.074
3,1,0,90,985.513
3,1,0,90,996.378
3,1,0,90,987.299
3,1,0,90,990.127
3,1,0,90,988.288
3,1,0,90,987.042
3,1,0,90,985.259
3,1,0,90,989.569
3,1,0,90,985.878
3,1,0,90,987.280
3,1,0,90,986.738
3,1,0,90,989.640
3,1,0,90,987.505
3,1,0,90,964.037
3,1,0,90,993.143
3,1,0,90,989.304
3,1,0,90,986.114
3,1,0,90,979.368
3,1,0,90,986.677
3,1,0,90,989.394
3,1,0,90,986.537
3,1,0,90,986.106
3,1,0,90,985.823
3,1,0,90,990.002
3,1,0,90,987.108
3,1,0,90,989.270
3,1,0,90,987.061
3,1,0,90,994.407
3,1,0,90,986.828
3,1,0,90,987.026
3,1,0,90,986.206
3,1,0,90,989.164
3,1,0,90,957.677
3,1,0,90,993.190
3,1,0,90,986.685
3,1,0,90,989.976
3,1,0,90,987.656
3,1,0,90,986.502
3,1,0,90,987.256
3,1,0,90,989.473
3,1,0,90,987.505
3,1,0,90,985.055
3,1,0,90,986.939
3,1,0,90,987.137
3,1,0,90,989.780
3,1,0,90,986.849
3,1,0,90,986.880
3,1,0,90,989.153
3,1,0,90,985.129
3,1,0,90,988.161
3,1,0,90,987.304
3,1,0,90,970.298
3,1,0,90,990.941
3,1,0,90,987.473
3,1,0,90,987.134
3,1,0,90,989.518
3,1,0,90,988.216
3,1,0,90,988.729
3,1,0,90,985.743
3,1,0,90,987.811
3,1,0,90,987.602
3,1,0,90,988.301
3,1,0,90,987.703
3,1,0,90,987.587
3,1,0,90,987.229
3,1,0,90,987.168
3,1,0,90,986.459
3,1,0,90,988.899
3,1,0,90,986.375
3,1,0,90,986.055
3,1,0,90,962.605
3,1,0,90,995.803
3,1,0,90,986.817
3,1,0,90,988.478
3,1,0,90,985.584
3,1,0,90,989.486
3,1,0,90,985.481
3,1,0,90,986.216
3,1,0,90,986.877
3,1,0,90,989.687
3,1,0,90,986.163
3,1,0,90,986.139
3,1,0,90,985.356
3,1,0,90,991.332
3,1,0,90,987.271
3,1,0,90,986.692
3,1,0,90,984.835
3,1,0,90,990.941
3,1,0,90,987.065
3,1,0,90,963.560
3,1,0,90,991.184
3,1,0,90,990.642
3,1,0,90,987.247
3,1,0,90,986.705
3,1,0,90,986.589
3,1,0,90,988.472
3,1,0,90,987.152
3,1,0,90,987.999
3,1,0,90,1979.414
3,1,0,90,1170.950
3,1,0,90,987.316
3,1,0,90,987.459
3,1,0,90,986.213
3,1,0,90,988.911
3,1,0,90,988.091
3,1,0,90,987.234
3,1,0,90,986.525
3,1,0,90,998.131
3,1,0,90,950.829
3,1,0,90,991.750
3,1,0,90,985.819
3,1,0,90,989.758
3,1,0,90,986.382
3,1,0,90,987.210
3,1,0,90,986.427
3,1,0,90,988.737
3,1,0,90,987.009
3,1,0,90,987.022
3,1,0,90,988.721
3,1,0,90,991.771
3,1,0,90,986.784
3,1,0,90,986.038
3,1,0,90,986.774
3,1,0,90,987.472
3,1,0,90,997.448
3,1,0,90,988.850
3,1,0,90,949.030
3,1,0,90,993.506
3,1,0,90,988.131
3,1,0,90,986.551
3,1,0,90,986.083
3,1,0,90,988.355
3,1,0,90,986.683
3,1,0,90,986.752
3,1,0,90,988.099
3,1,0,90,990.205
3,1,0,90,987.625
3,1,0,90,987.509
3,1,0,90,985.448
3,1,0,90,988.517
3,1,0,90,987.919
3,1,0,90,987.691
3,1,0,90,986.575
3,1,0,90,987.607
3,1,0,90,987.194
3,1,0,90,967.670
3,1,0,90,994.313
3,1,0,90,991.030
3,1,0,90,987.080
3,1,0,90,986.315
3,1,0,90,987.236
3,1,0,90,991.490
3,1,0,90,987.170
3,1,0,90,986.942
3,1,0,90,986.419
3,1,0,90,988.376
3,1,0,90,986.871
3,1,0,90,986.421
3,1,0,90,987.046
3,1,0,90,989.559
3,1,0,90,986.887
3,1,0,90,988.826
3,1,0,90,987.247
3,1,0,90,988.056
3,1,0,90,954.958
3,1,0,90,994.638
3,1,0,90,986.262
3,1,0,90,989.961
3,1,0,90,990.233
3,1,0,90,986.876
3,1,0,90,987.667
3,1,0,90,988.717
3,1,0,90,985.156
3,1,0,90,986.633
3,1,0,90,985.442
3,1,0,90,989.233
3,1,0,90,987.228
3,1,0,90,986.797
3,1,0,90,984.032
3,1,0,90,987.675
3,1,0,90,985.651
3,1,0,90,987.609
3,1,0,90,984.844
3,1,0,90,966.302
3,1,0,90,995.037
3,1,0,90,988.699
3,1,0,90,988.823
3,1,0,90,987.744
3,1,0,90,987.701
3,1,0,90,986.177
3,1,0,90,990.357
3,1,0,90,989.889
3,1,0,90,991.143
3,1,0,90,986.841
3,1,0,90,1973.646
3,1,0,90,1164.941
3,1,0,90,987.714
3,1,0,90,985.079
3,1,0,90,987.296
3,1,0,90,990.532
3,1,0,90,986.378
3,1,0,90,986.706
3,1,0,90,967.553
3,1,0,90,994.362
3,1,0,90,988.135
3,1,0,90,988.611
3,1,0,90,986.902
3,1,0,90,988.860
3,1,0,90,987.521
3,1,0,90,986.293
3,1,0,90,986.621
3,1,0,90,989.412
3,1,0,90,985.629
3,1,0,90,987.180
3,1,0,90,985.434
3,1,0,90,991.002
3,1,0,90,988.682
3,1,0,90,987.825
3,1,0,90,986.690
3,1,0,90,989.074
3,1,0,90,995.791
3,1,0,90,960.823
3,1,0,90,1004.613
3,1,0,90,990.756
3,1,0,90,989.029
3,1,0,90,987.986
3,1,0,90,987.629
3,1,0,90,988.328
3,1,0,90,987.507
3,1,0,90,988.428
3,1,0,90,986.793
3,1,0,90,988.862
3,1,0,90,986.801
3,1,0,90,985.814
3,1,0,90,985.679
3,1,0,90,988.007
3,1,0,90,986.965
3,1,0,90,986.793
3,1,0,90,985.788
3,1,0,90,989.375
3,1,0,90,950.740
3,1,0,90,990.327
3,1,0,90,1974.909
3,1,0,90,1166.297
3,1,0,90,989.497
3,1,0,90,987.936
3,1,0,90,986.986
3,1,0,90,989.129
3,1,0,90,987.253
3,1,0,90,988.396
3,1,0,90,986.909
3,1,0,90,988.885
3,1,0,90,986.510
3,1,0,90,987.467
3,1,0,90,986.240
3,1,0,90,986.753
3,1,0,90,986.952
3,1,0,90,988.428
3,1,0,90,986.996
3,1,0,90,980.565
3,1,0,90,991.634
3,1,0,90,988.314
3,1,0,90,985.327
3,1,0,90,987.692
3,1,0,90,989.224
3,1,0,90,988.404
3,1,0,90,986.473
3,1,0,90,988.949
3,1,0,90,988.777
3,1,0,90,988.216
3,1,0,90,1006.266
3,1,0,90,989.761
3,1,0,90,984.978
3,1,0,90,985.917
3,1,0,90,986.967
3,1,0,90,987.129
3,1,0,90,985.882
3,1,0,90,985.007
3,1,0,90,951.354
3,1,0,90,997.459
3,1,0,90,986.787
3,1,0,90,985.541
3,1,0,90,987.499
3,1,0,90,990.475
3,1,0,90,987.192
3,1,0,90,987.131
3,1,0,90,987.829
3,1,0,90,989.787
3,1,0,90,986.745
3,1,0,90,986.054
3,1,0,90,1975.525
3,1,0,90,1166.320
3,1,0,90,987.205
3,1,0,90,986.144
3,1,0,90,986.935
3,1,0,90,989.134
3,1,0,90,986.221
3,1,0,90,968.197
3,1,0,90,991.766
3,1,0,90,989.279
3,1,0,90,988.755
3,1,0,90,986.917
3,1,0,90,986.782
3,1,0,90,987.647
3,1,0,90,986.734
3,1,0,90,987.951
3,1,0,90,988.316
3,1,0,90,988.440
3,1,0,90,985.935
3,1,0,90,981.670
3,1,0,90,986.739
3,1,0,90,991.475
3,1,0,90,987.192
3,1,0,90,986.945
3,1,0,90,985.403
3,1,0,90,986.935
3,1,0,90,945.282
3,1,0,90,992.554
3,1,0,90,987.289
3,1,0,90,989.358
3,1,0,90,985.519
3,1,0,90,987.922
3,1,0,90,987.638
3,1,0,90,989.689
3,1,0,90,989.609
3,1,0,90,987.326
3,1,0,90,986.673
3,1,0,90,988.149
3,1,0,90,987.847
3,1,0,90,986.990
3,1,0,90,986.300
3,1,0,90,987.924
3,1,0,90,986.011
3,1,0,90,986.191
3,1,0,90,985.945
3,1,0,90,968.181
3,1,0,90,992.083
3,1,0,90,986.077
3,1,0,90,985.905
3,1,0,90,988.345
3,1,0,90,987.006
3,1,0,90,987.019
3,1,0,90,985.310
3,1,0,90,990.897
3,1,0,90,987.762
3,1,0,90,988.850
3,1,0,90,987.289
3,1,0,90,987.006
3,1,0,90,987.186
3,1,0,90,986.440
3,1,0,90,985.564
3,1,0,90,988.503
3,1,0,90,987.090
3,1,0,90,987.215
3,1,0,90,949.913
3,1,0,90,993.093
3,1,0,90,985.810
3,1,0,90,985.842
3,1,0,90,986.096
3,1,0,90,988.961
3,1,0,90,998.770
3,1,0,90,986.839
3,1,0,90,987.278
3,1,0,90,986.921
3,1,0,90,989.286
3,1,0,90,985.744
3,1,0,90,1006.701
3,1,0,90,988.807
3,1,0,90,985.913
3,1,0,90,987.056
3,1,0,90,984.884
3,1,0,90,988.304
3,1,0,90,986.503
3,1,0,90,979.831
3,1,0,90,1004.418
3,1,0,90,988.617
3,1,0,90,984.611
3,1,0,90,987.347
3,1,0,90,985.397
3,1,0,90,987.095
3,1,0,90,987.794
3,1,0,90,987.511
3,1,0,90,986.635
3,1,0,90,989.963
3,1,0,90,988.532
3,1,0,90,988.471
3,1,0,90,19200.276
4,1,0,90,0.111
4,1,0,90,631.918
4,1,0,90,571.116
4,1,0,90,31.077
4,1,0,90,447.180
4,1,0,90,440.564
4,1,0,90,904.242
4,1,0,90,2.167
4,1,0,90,990.971
4,1,0,90,992.540
4,1,0,90,921.868
4,1,0,90,19.683
4,1,0,90,990.728
4,1,0,90,991.259
4,1,0,90,991.143
4,1,0,90,990.841
4,1,0,90,989.966
4,1,0,90,991.775
4,1,0,90,990.011
4,1,0,90,990.894
4,1,0,90,974.130
4,1,0,90,992.976
4,1,0,90,1001.397
4,1,0,90,943.188
4,1,0,90,991.571
4,1,0,90,992.677
4,1,0,90,992.079
4,1,0,90,991.963
4,1,0,90,991.772
4,1,0,90,992.063
4,1,0,90,992.058
4,1,0,90,991.590
4,1,0,90,991.603
4,1,0,90,1003.709
4,1,0,90,992.259
4,1,0,90,992.050
4,1,0,90,991.119
4,1,0,90,992.317
4,1,0,90,979.553
4,1,0,90,994.196
4,1,0,90,992.061
4,1,0,90,991.555
4,1,0,90,992.291
4,1,0,90,991.600
4,1,0,90,992.576
4,1,0,90,991.256
4,1,0,90,991.140
4,1,0,90,990.968
4,1,0,90,990.815
4,1,0,90,991.402
4,1,0,90,990.452
4,1,0,90,991.262
4,1,0,90,990.664
4,1,0,90,991.529
4,1,0,90,991.153
4,1,0,90,991.555
4,1,0,90,992.439
4,1,0,90,997.322
4,1,0,90,992.521
4,1,0,90,991.923
4,1,0,90,990.936
4,1,0,90,991.634
4,1,0,90,990.537
4,1,0,90,991.402
4,1,0,90,990.248
4,1,0,90,991.761
4,1,0,90,993.830
4,1,0,90,993.288
4,1,0,90,992.208
4,1,0,90,991.870
4,1,0,90,991.346
4,1,0,90,991.581
4,1,0,90,990.298
4,1,0,90,990.663
4,1,0,90,949.788
4,1,0,90,1000.560
4,1,0,90,999.333
4,1,0,90,993.087
4,1,0,90,991.359
4,1,0,90,979.465
4,1,0,90,991.867
4,1,0,90,991.417
4,1,0,90,990.486
4,1,0,90,993.647
4,1,0,90,990.383
4,1,0,90,990.692
4,1,0,90,990.113
4,1,0,90,990.200
4,1,0,90,990.862
4,1,0,90,995.745
4,1,0,90,990.573
4,1,0,90,990.846
4,1,0,90,989.859
4,1,0,90,966.520
4,1,0,90,995.145
4,1,0,90,990.695
4,1,0,90,989.930
4,1,0,90,993.147
4,1,0,90,1001.734
4,1,0,90,991.637
4,1,0,90,990.631
4,1,0,90,991.867
4,1,0,90,991.417
4,1,0,90,991.023
4,1,0,90,990.740
4,1,0,90,990.642
4,1,0,90,990.655
4,1,0,90,990.687
4,1,0,90,1000.107
4,1,0,90,991.454
4,1,0,90,990.597
4,1,0,90,991.573
4,1,0,90,992.456
4,1,0,90,989.766
4,1,0,90,990.409
4,1,0,90,990.459
4,1,0,90,990.658
4,1,0,90,993.078
4,1,0,90,992.091
4,1,0,90,1683.971
4,1,0,90,1162.228
4,1,0,90,992.075
4,1,0,90,990.996
4,1,0,90,990.361
4,1,0,90,990.893
4,1,0,90,990.776
4,1,0,90,990.234
4,1,0,90,990.081
4,1,0,90,990.761
4,1,0,90,990.922
4,1,0,90,990.768
4,1,0,90,979.763
4,1,0,90,996.128
4,1,0,90,990.790
4,1,0,90,990.358
4,1,0,90,1013.871
4,1,0,90,990.551
4,1,0,90,992.861
4,1,0,90,991.744
4,1,0,90,990.869
4,1,0,90,991.104
4,1,0,90,992.025
4,1,0,90,990.501
4,1,0,90,990.644
4,1,0,90,1000.064
4,1,0,90,990.393
4,1,0,90,990.535
4,1,0,90,990.197
4,1,0,90,990.395
4,1,0,90,990.945
4,1,0,90,963.570
4,1,0,90,996.990
4,1,0,90,991.541
4,1,0,90,991.072
4,1,0,90,990.345
4,1,0,90,992.877
4,1,0,90,992.760
4,1,0,90,993.088
4,1,0,90,992.472
4,1,0,90,990.855
4,1,0,90,992.035
4,1,0,90,992.178
4,1,0,90,990.988
4,1,0,90,991.445
4,1,0,90,990.458
4,1,0,90,991.694
4,1,0,90,999.226
4,1,0,90,991.609
4,1,0,90,992.159
4,1,0,90,976.525
4,1,0,90,997.334
4,1,0,90,990.662
4,1,0,90,997.786
4,1,0,90,991.503
4,1,0,90,1000.368
4,1,0,90,990.289
4,1,0,90,990.284
4,1,0,90,993.038
4,1,0,90,992.032
4,1,0,90,991.046
4,1,0,90,991.522
4,1,0,90,1001.220
4,1,0,90,990.937
4,1,0,90,990.672
4,1,0,90,991.112
4,1,0,90,992.217
4,1,0,90,991.119
4,1,0,90,991.170
4,1,0,90,977.665
4,1,0,90,996.011
4,1,0,90,992.117
4,1,0,90,991.111
4,1,0,90,991.199
4,1,0,90,991.527
4,1,0,90,990.521
4,1,0,90,1011.775
4,1,0,90,992.955
4,1,0,90,993.154
4,1,0,90,991.908
4,1,0,90,991.699
4,1,0,90,991.582
4,1,0,90,992.058
4,1,0,90,990.442
4,1,0,90,990.344
4,1,0,90,991.024
4,1,0,90,990.519
4,1,0,90,990.365
4,1,0,90,945.045
4,1,0,90,995.706
4,1,0,90,992.016
4,1,0,90,991.863
4,1,0,90,991.024
4,1,0,90,990.870
4,1,0,90,990.606
4,1,0,90,1001.082
4,1,0,90,991.114
4,1,0,90,991.146
4,1,0,90,992.862
4,1,0,90,990.283
4,1,0,90,990.556
4,1,0,90,991.106
4,1,0,90,990.934
4,1,0,90,990.558
4,1,0,90,990.868
4,1,0,90,990.344
4,1,0,90,991.190
4,1,0,90,968.481
4,1,0,90,996.069
4,1,0,90,990.378
4,1,0,90,990.725
4,1,0,90,982.294
4,1,0,90,990.659
4,1,0,90,990.264
4,1,0,90,990.537
4,1,0,90,990.513
4,1,0,90,990.378
4,1,0,90,990.743
4,1,0,90,992.293
4,1,0,90,990.547
4,1,0,90,990.246
4,1,0,90,995.814
4,1,0,90,991.013
4,1,0,90,990.730
4,1,0,90,990.891
4,1,0,90,990.978
4,1,0,90,961.344
4,1,0,90,995.449
4,1,0,90,990.981
4,1,0,90,990.883
4,1,0,90,991.045
4,1,0,90,990.484
4,1,0,90,990.275
4,1,0,90,990.288
4,1,0,90,990.412
4,1,0,90,990.092
4,1,0,90,990.235
4,1,0,90,989.952
4,1,0,90,992.484
4,1,0,90,990.108
4,1,0,90,990.140
4,1,0,90,990.264
4,1,0,90,990.685
4,1,0,90,990.679
4,1,0,90,991.007
4,1,0,90,971.113
4,1,0,90,995.997
4,1,0,90,991.232
4,1,0,90,990.560
4,1,0,90,991.647
4,1,0,90,990.901
4,1,0,90,991.063
4,1,0,90,990.150
4,1,0,90,990.348
4,1,0,90,990.714
4,1,0,90,990.616
4,1,0,90,989.944
4,1,0,90,989.957
4,1,0,90,992.248
4,1,0,90,990.743
4,1,0,90,990.497
4,1,0,90,990.343
4,1,0,90,990.930
4,1,0,90,990.758
4,1,0,90,967.457
4,1,0,90,996.248
4,1,0,90,990.779
4,1,0,90,990.570
4,1,0,90,989.936
4,1,0,90,990.375
4,1,0,90,990.814
4,1,0,90,990.938
4,1,0,90,991.525
4,1,0,90,990.594
4,1,0,90,990.811
4,1,0,90,990.602
4,1,0,90,989.782
4,1,0,90,993.036
4,1,0,90,992.290
4,1,0,90,990.266
4,1,0,90,990.039
4,1,0,90,991.885
4,1,0,90,990.787
4,1,0,90,966.467
4,1,0,90,995.814
4,1,0,90,990.475
4,1,0,90,991.025
4,1,0,90,991.224
4,1,0,90,990.700
4,1,0,90,990.898
4,1,0,90,990.930
4,1,0,90,990.851
4,1,0,90,1687.434
4,1,0,90,1165.598
4,1,0,90,991.131
4,1,0,90,990.700
4,1,0,90,990.546
4,1,0,90,989.985
4,1,0,90,992.165
4,1,0,90,989.956
4,1,0,90,990.136
4,1,0,90,1000.223
4,1,0,90,953.700
4,1,0,90,997.472
4,1,0,90,990.726
4,1,0,90,990.295
4,1,0,90,990.956
4,1,0,90,990.377
4,1,0,90,990.334
4,1,0,90,990.718
4,1,0,90,990.287
4,1,0,90,990.244
4,1,0,90,991.813
4,1,0,90,991.901
4,1,0,90,990.914
4,1,0,90,990.094
4,1,0,90,990.422
4,1,0,90,990.509
4,1,0,90,1001.522
4,1,0,90,992.554
4,1,0,90,952.049
4,1,0,90,996.302
4,1,0,90,991.797
4,1,0,90,991.144
4,1,0,90,991.287
4,1,0,90,990.818
4,1,0,90,991.035
4,1,0,90,990.919
4,1,0,90,991.932
4,1,0,90,990.816
4,1,0,90,991.088
4,1,0,90,990.935
4,1,0,90,990.670
4,1,0,90,990.720
4,1,0,90,991.030
4,1,0,90,991.062
4,1,0,90,990.649
4,1,0,90,990.403
4,1,0,90,992.360
4,1,0,90,969.355
4,1,0,90,999.183
4,1,0,90,991.437
4,1,0,90,992.524
4,1,0,90,991.927
4,1,0,90,990.606
4,1,0,90,991.620
4,1,0,90,991.651
4,1,0,90,990.368
4,1,0,90,990.900
4,1,0,90,990.339
4,1,0,90,990.926
4,1,0,90,991.199
4,1,0,90,990.934
4,1,0,90,990.485
4,1,0,90,991.072
4,1,0,90,991.104
4,1,0,90,990.987
4,1,0,90,990.500
4,1,0,90,958.403
4,1,0,90,997.360
4,1,0,90,990.744
4,1,0,90,990.627
4,1,0,90,993.215
4,1,0,90,990.413
4,1,0,90,990.778
4,1,0,90,990.180
4,1,0,90,990.971
4,1,0,90,990.096
4,1,0,90,990.238
4,1,0,90,989.974
4,1,0,90,990.413
4,1,0,90,990.222
4,1,0,90,989.921
4,1,0,90,990.101
4,1,0,90,990.558
4,1,0,90,991.461
4,1,0,90,990.344
4,1,0,90,966.672
4,1,0,90,1000.148
4,1,0,90,991.847
4,1,0,90,991.915
4,1,0,90,990.558
4,1,0,90,990.979
4,1,0,90,990.714
4,1,0,90,993.857
4,1,0,90,990.241
4,1,0,90,992.032
4,1,0,90,990.989
4,1,0,90,1681.869
4,1,0,90,1159.811
4,1,0,90,991.066
4,1,0,90,990.561
4,1,0,90,991.000
4,1,0,90,990.698
4,1,0,90,990.526
4,1,0,90,990.614
4,1,0,90,971.312
4,1,0,90,995.844
4,1,0,90,992.987
4,1,0,90,992.167
4,1,0,90,991.235
4,1,0,90,990.823
4,1,0,90,991.132
4,1,0,90,991.201
4,1,0,90,990.955
4,1,0,90,990.153
4,1,0,90,990.352
4,1,0,90,989.939
4,1,0,90,990.860
4,1,0,90,991.780
4,1,0,90,990.886
4,1,0,90,990.399
4,1,0,90,990.820
4,1,0,90,989.963
4,1,0,90,1000.846
4,1,0,90,964.304
4,1,0,90,1008.484
4,1,0,90,990.256
4,1,0,90,993.232
4,1,0,90,991.801
4,1,0,90,991.259
4,1,0,90,990.679
4,1,0,90,991.915
4,1,0,90,991.595
4,1,0,90,990.478
4,1,0,90,990.880
4,1,0,90,990.560
4,1,0,90,989.851
4,1,0,90,990.161
4,1,0,90,989.933
4,1,0,90,990.835
4,1,0,90,990.126
4,1,0,90,990.325
4,1,0,90,990.579
4,1,0,90,954.333
4,1,0,90,995.976
4,1,0,90,1683.318
4,1,0,90,1160.890
4,1,0,90,993.034
4,1,0,90,991.214
4,1,0,90,990.782
4,1,0,90,991.777
4,1,0,90,991.864
4,1,0,90,991.581
4,1,0,90,990.909
4,1,0,90,990.922
4,1,0,90,990.899
4,1,0,90,990.727
4,1,0,90,990.333
4,1,0,90,989.957
4,1,0,90,990.563
4,1,0,90,990.261
4,1,0,90,990.682
4,1,0,90,983.250
4,1,0,90,997.393
4,1,0,90,990.851
4,1,0,90,990.605
4,1,0,90,990.470
4,1,0,90,992.409
4,1,0,90,992.089
4,1,0,90,990.565
4,1,0,90,990.764
4,1,0,90,992.425
4,1,0,90,991.623
4,1,0,90,1009.525
4,1,0,90,990.816
4,1,0,90,990.681
4,1,0,90,990.269
4,1,0,90,990.245
4,1,0,90,990.073
4,1,0,90,991.012
4,1,0,90,990.007
4,1,0,90,954.465
4,1,0,90,997.848
4,1,0,90,990.954
4,1,0,90,990.782
4,1,0,90,990.277
4,1,0,90,990.568
4,1,0,90,992.488
4,1,0,90,992.612
4,1,0,90,991.403
4,1,0,90,991.417
4,1,0,90,990.782
4,1,0,90,991.110
4,1,0,90,1685.027
4,1,0,90,1161.783
4,1,0,90,991.983
4,1,0,90,990.607
4,1,0,90,990.417
4,1,0,90,990.559
4,1,0,90,990.387
4,1,0,90,971.549
4,1,0,90,995.321
4,1,0,90,991.446
4,1,0,90,992.163
4,1,0,90,990.750
4,1,0,90,991.670
4,1,0,90,990.424
4,1,0,90,992.308
4,1,0,90,991.525
4,1,0,90,991.816
4,1,0,90,990.496
4,1,0,90,991.157
4,1,0,90,985.411
4,1,0,90,991.109
4,1,0,90,991.382
4,1,0,90,990.895
4,1,0,90,990.668
4,1,0,90,990.107
4,1,0,90,989.935
4,1,0,90,948.282
4,1,0,90,995.906
4,1,0,90,990.697
4,1,0,90,992.302
4,1,0,90,991.131
4,1,0,90,991.070
4,1,0,90,990.972
4,1,0,90,990.726
4,1,0,90,992.480
4,1,0,90,991.567
4,1,0,90,992.358
4,1,0,90,990.575
4,1,0,90,990.995
4,1,0,90,990.472
4,1,0,90,990.189
4,1,0,90,990.294
4,1,0,90,990.345
4,1,0,90,990.006
4,1,0,90,990.667
4,1,0,90,969.477
4,1,0,90,995.935
4,1,0,90,990.355
4,1,0,90,990.498
4,1,0,90,990.289
4,1,0,90,992.191
4,1,0,90,990.852
4,1,0,90,990.532
4,1,0,90,991.564
4,1,0,90,992.948
4,1,0,90,991.609
4,1,0,90,991.844
4,1,0,90,990.876
4,1,0,90,990.815
4,1,0,90,990.421
4,1,0,90,990.471
4,1,0,90,990.559
4,1,0,90,990.887
4,1,0,90,990.955
4,1,0,90,952.599
4,1,0,90,996.056
4,1,0,90,991.421
4,1,0,90,990.619
4,1,0,90,990.503
4,1,0,90,990.275
4,1,0,90,1002.881
4,1,0,90,991.024
4,1,0,90,990.611
4,1,0,90,990.014
4,1,0,90,992.323
4,1,0,90,990.188
4,1,0,90,1009.942
4,1,0,90,990.659
4,1,0,90,991.006
4,1,0,90,990.889
4,1,0,90,990.476
4,1,0,90,991.064
4,1,0,90,990.484
4,1,0,90,982.220
4,1,0,90,1008.918
4,1,0,90,991.079
4,1,0,90,990.630
4,1,0,90,990.847
4,1,0,90,990.397
4,1,0,90,990.151
4,1,0,90,991.757
4,1,0,90,991.344
4,1,0,90,990.913
4,1,0,90,990.907
4,1,0,90,992.254
4,1,0,90,991.082
4,1,0,90,19104.777
5,1,0,90,0.111
5,1,0,90,403.622
5,1,0,90,342.821
5,1,0,90,30.151
5,1,0,90,218.756
5,1,0,90,212.287
5,1,0,90,969.389
5,1,0,90,29.981
5,1,0,90,989.045
5,1,0,90,990.299
5,1,0,90,987.016
5,1,0,90,48.441
5,1,0,90,988.820
5,1,0,90,988.593
5,1,0,90,988.772
5,1,0,90,989.600
5,1,0,90,987.984
5,1,0,90,989.479
5,1,0,90,988.029
5,1,0,90,988.579
5,1,0,90,972.204
5,1,0,90,990.254
5,1,0,90,1029.396
5,1,0,90,910.818
5,1,0,90,989.534
5,1,0,90,990.047
5,1,0,90,989.783
5,1,0,90,989.666
5,1,0,90,989.883
5,1,0,90,989.341
5,1,0,90,990.113
5,1,0,90,989.034
5,1,0,90,989.510
5,1,0,90,1001.135
5,1,0,90,989.703
5,1,0,90,989.105
5,1,0,90,988.915
5,1,0,90,989.317
5,1,0,90,977.238
5,1,0,90,991.473
5,1,0,90,990.172
5,1,0,90,988.722
5,1,0,90,989.513
5,1,0,90,989.156
5,1,0,90,990.798
5,1,0,90,988.793
5,1,0,90,988.751
5,1,0,90,988.486
5,1,0,90,988.833
5,1,0,90,988.902
5,1,0,90,987.822
5,1,0,90,988.798
5,1,0,90,988.441
5,1,0,90,988.677
5,1,0,90,988.801
5,1,0,90,988.870
5,1,0,90,990.550
5,1,0,90,995.007
5,1,0,90,990.243
5,1,0,90,989.682
5,1,0,90,988.602
5,1,0,90,989.319
5,1,0,90,988.184
5,1,0,90,989.161
5,1,0,90,987.304
5,1,0,90,990.132
5,1,0,90,991.126
5,1,0,90,990.695
5,1,0,90,989.838
5,1,0,90,989.703
5,1,0,90,988.605
5,1,0,90,988.748
5,1,0,90,988.502
5,1,0,90,987.867
5,1,0,90,947.251
5,1,0,90,997.727
5,1,0,90,997.536
5,1,0,90,990.272
5,1,0,90,988.692
5,1,0,90,976.817
5,1,0,90,989.533
5,1,0,90,988.787
5,1,0,90,987.930
5,1,0,90,991.129
5,1,0,90,987.864
5,1,0,90,988.155
5,1,0,90,988.020
5,1,0,90,987.644
5,1,0,90,988.676
5,1,0,90,993.115
5,1,0,90,988.258
5,1,0,90,988.123
5,1,0,90,987.822
5,1,0,90,964.650
5,1,0,90,992.126
5,1,0,90,987.954
5,1,0,90,987.486
5,1,0,90,990.869
5,1,0,90,999.419
5,1,0,90,988.692
5,1,0,90,988.427
5,1,0,90,988.792
5,1,0,90,989.194
5,1,0,90,988.060
5,1,0,90,988.480
5,1,0,90,988.419
5,1,0,90,988.321
5,1,0,90,987.890
5,1,0,90,998.348
5,1,0,90,988.639
5,1,0,90,988.208
5,1,0,90,989.554
5,1,0,90,989.864
5,1,0,90,987.210
5,1,0,90,987.890
5,1,0,90,988.366
5,1,0,90,988.917
5,1,0,90,990.356
5,1,0,90,989.887
5,1,0,90,1682.119
5,1,0,90,1167.931
5,1,0,90,988.890
5,1,0,90,989.255
5,1,0,90,987.694
5,1,0,90,988.837
5,1,0,90,987.665
5,1,0,90,987.734
5,1,0,90,987.321
5,1,0,90,988.797
5,1,0,90,988.125
5,1,0,90,988.027
5,1,0,90,977.059
5,1,0,90,993.850
5,1,0,90,988.493
5,1,0,90,987.562
5,1,0,90,1011.427
5,1,0,90,988.181
5,1,0,90,990.250
5,1,0,90,989.263
5,1,0,90,988.072
5,1,0,90,988.993
5,1,0,90,989.173
5,1,0,90,988.130
5,1,0,90,988.310
5,1,0,90,997.749
5,1,0,90,987.633
5,1,0,90,988.220
5,1,0,90,988.085
5,1,0,90,988.099
5,1,0,90,988.260
5,1,0,90,961.144
5,1,0,90,994.620
5,1,0,90,988.966
5,1,0,90,988.109
5,1,0,90,987.826
5,1,0,90,990.061
5,1,0,90,990.186
5,1,0,90,990.106
5,1,0,90,990.175
5,1,0,90,988.022
5,1,0,90,989.665
5,1,0,90,989.659
5,1,0,90,988.821
5,1,0,90,989.019
5,1,0,90,988.310
5,1,0,90,988.601
5,1,0,90,996.688
5,1,0,90,988.683
5,1,0,90,989.844
5,1,0,90,973.932
5,1,0,90,994.834
5,1,0,90,987.495
5,1,0,90,995.564
5,1,0,90,988.688
5,1,0,90,997.868
5,1,0,90,987.678
5,1,0,90,988.376
5,1,0,90,990.593
5,1,0,90,989.995
5,1,0,90,988.453
5,1,0,90,989.447
5,1,0,90,998.572
5,1,0,90,988.992
5,1,0,90,987.950
5,1,0,90,988.945
5,1,0,90,989.884
5,1,0,90,989.304
5,1,0,90,988.929
5,1,0,90,975.683
5,1,0,90,993.270
5,1,0,90,989.598
5,1,0,90,988.667
5,1,0,90,988.921
5,1,0,90,988.564
5,1,0,90,987.910
5,1,0,90,1009.183
5,1,0,90,990.566
5,1,0,90,990.561
5,1,0,90,990.148
5,1,0,90,989.050
5,1,0,90,989.471
5,1,0,90,989.299
5,1,0,90,987.997
5,1,0,90,988.011
5,1,0,90,988.690
5,1,0,90,987.611
5,1,0,90,987.754
5,1,0,90,942.508
5,1,0,90,993.336
5,1,0,90,989.201
5,1,0,90,989.325
5,1,0,90,988.801
5,1,0,90,988.926
5,1,0,90,988.087
5,1,0,90,998.785
5,1,0,90,988.632
5,1,0,90,988.775
5,1,0,90,990.140
5,1,0,90,987.968
5,1,0,90,988.055
5,1,0,90,988.643
5,1,0,90,988.508
5,1,0,90,988.039
5,1,0,90,988.441
5,1,0,90,988.381
5,1,0,90,988.764
5,1,0,90,966.000
5,1,0,90,993.828
5,1,0,90,988.341
5,1,0,90,988.002
5,1,0,90,979.367
5,1,0,90,988.121
5,1,0,90,988.412
5,1,0,90,987.777
5,1,0,90,987.920
5,1,0,90,987.248
5,1,0,90,988.817
5,1,0,90,989.756
5,1,0,90,988.306
5,1,0,90,988.283
5,1,0,90,993.536
5,1,0,90,988.216
5,1,0,90,988.693
5,1,0,90,987.965
5,1,0,90,988.423
5,1,0,90,958.436
5,1,0,90,993.560
5,1,0,90,988.333
5,1,0,90,988.883
5,1,0,90,988.767
5,1,0,90,988.224
5,1,0,90,987.478
5,1,0,90,988.084
5,1,0,90,988.301
5,1,0,90,986.870
5,1,0,90,988.087
5,1,0,90,987.563
5,1,0,90,990.557
5,1,0,90,987.682
5,1,0,90,987.825
5,1,0,90,987.690
5,1,0,90,987.740
5,1,0,90,988.364
5,1,0,90,988.489
5,1,0,90,969.187
5,1,0,90,993.719
5,1,0,90,989.250
5,1,0,90,988.264
5,1,0,90,989.999
5,1,0,90,988.883
5,1,0,90,988.618
5,1,0,90,988.039
5,1,0,90,987.941
5,1,0,90,988.047
5,1,0,90,988.671
5,1,0,90,988.073
5,1,0,90,987.197
5,1,0,90,989.396
5,1,0,90,987.835
5,1,0,90,988.033
5,1,0,90,988.584
5,1,0,90,988.708
5,1,0,90,988.462
5,1,0,90,964.549
5,1,0,90,994.507
5,1,0,90,987.631
5,1,0,90,988.200
5,1,0,90,987.028
5,1,0,90,988.060
5,1,0,90,988.073
5,1,0,90,988.919
5,1,0,90,988.655
5,1,0,90,988.557
5,1,0,90,988.163
5,1,0,90,988.009
5,1,0,90,986.615
5,1,0,90,990.684
5,1,0,90,989.901
5,1,0,90,987.858
5,1,0,90,987.501
5,1,0,90,989.700
5,1,0,90,988.139
5,1,0,90,964.560
5,1,0,90,993.313
5,1,0,90,988.864
5,1,0,90,988.025
5,1,0,90,988.594
5,1,0,90,988.033
5,1,0,90,987.972
5,1,0,90,988.152
5,1,0,90,988.850
5,1,0,90,1684.915
5,1,0,90,1171.820
5,1,0,90,988.612
5,1,0,90,988.440
5,1,0,90,987.750
5,1,0,90,987.615
5,1,0,90,989.813
5,1,0,90,988.104
5,1,0,90,987.747
5,1,0,90,998.038
5,1,0,90,951.588
5,1,0,90,994.268
5,1,0,90,988.355
5,1,0,90,988.258
5,1,0,90,987.678
5,1,0,90,988.302
5,1,0,90,987.631
5,1,0,90,988.736
5,1,0,90,987.879
5,1,0,90,988.022
5,1,0,90,989.017
5,1,0,90,990.215
5,1,0,90,988.506
5,1,0,90,987.760
5,1,0,90,987.829
5,1,0,90,987.749
5,1,0,90,998.392
5,1,0,90,989.868
5,1,0,90,949.623
5,1,0,90,993.784
5,1,0,90,989.334
5,1,0,90,988.866
5,1,0,90,988.601
5,1,0,90,988.448
5,1,0,90,987.998
5,1,0,90,988.585
5,1,0,90,989.080
5,1,0,90,988.889
5,1,0,90,988.680
5,1,0,90,988.490
5,1,0,90,988.151
5,1,0,90,988.035
5,1,0,90,988.659
5,1,0,90,988.691
5,1,0,90,987.834
5,1,0,90,987.754
5,1,0,90,989.342
5,1,0,90,967.096
5,1,0,90,996.276
5,1,0,90,989.455
5,1,0,90,989.302
5,1,0,90,988.945
5,1,0,90,988.421
5,1,0,90,989.601
5,1,0,90,989.447
5,1,0,90,987.831
5,1,0,90,987.918
5,1,0,90,987.635
5,1,0,90,988.019
5,1,0,90,988.310
5,1,0,90,988.490
5,1,0,90,988.929
5,1,0,90,988.331
5,1,0,90,989.029
5,1,0,90,988.357
5,1,0,90,988.408
5,1,0,90,956.125
5,1,0,90,995.693
5,1,0,90,988.188
5,1,0,90,988.238
5,1,0,90,990.177
5,1,0,90,987.579
5,1,0,90,988.445
5,1,0,90,987.699
5,1,0,90,987.897
5,1,0,90,988.206
5,1,0,90,987.275
5,1,0,90,988.011
5,1,0,90,987.857
5,1,0,90,987.815
5,1,0,90,987.032
5,1,0,90,987.897
5,1,0,90,987.577
5,1,0,90,988.645
5,1,0,90,987.566
5,1,0,90,964.950
5,1,0,90,996.963
5,1,0,90,989.272
5,1,0,90,990.008
5,1,0,90,987.947
5,1,0,90,988.294
5,1,0,90,987.881
5,1,0,90,991.338
5,1,0,90,988.796
5,1,0,90,991.735
5,1,0,90,988.248
5,1,0,90,1679.628
5,1,0,90,1165.996
5,1,0,90,988.492
5,1,0,90,987.783
5,1,0,90,988.722
5,1,0,90,988.346
5,1,0,90,987.545
5,1,0,90,988.021
5,1,0,90,968.627
5,1,0,90,993.621
5,1,0,90,989.931
5,1,0,90,989.648
5,1,0,90,988.013
5,1,0,90,988.359
5,1,0,90,988.391
5,1,0,90,988.664
5,1,0,90,988.732
5,1,0,90,988.246
5,1,0,90,987.462
5,1,0,90,988.068
5,1,0,90,988.007
5,1,0,90,989.854
5,1,0,90,988.738
5,1,0,90,988.399
5,1,0,90,988.301
5,1,0,90,988.129
5,1,0,90,998.216
5,1,0,90,962.230
5,1,0,90,1006.687
5,1,0,90,988.441
5,1,0,90,990.880
5,1,0,90,989.431
5,1,0,90,988.796
5,1,0,90,988.587
5,1,0,90,988.896
5,1,0,90,989.057
5,1,0,90,988.015
5,1,0,90,988.158
5,1,0,90,987.801
5,1,0,90,987.036
5,1,0,90,987.253
5,1,0,90,987.322
5,1,0,90,988.206
5,1,0,90,987.719
5,1,0,90,987.547
5,1,0,90,988.523
5,1,0,90,951.851
5,1,0,90,992.809
5,1,0,90,1680.948
5,1,0,90,1167.482
5,1,0,90,990.941
5,1,0,90,989.028
5,1,0,90,988.338
5,1,0,90,989.314
5,1,0,90,988.660
5,1,0,90,990.100
5,1,0,90,989.076
5,1,0,90,988.107
5,1,0,90,988.306
5,1,0,90,988.652
5,1,0,90,988.277
5,1,0,90,987.438
5,1,0,90,988.062
5,1,0,90,988.668
5,1,0,90,988.441
5,1,0,90,980.935
5,1,0,90,994.560
5,1,0,90,989.351
5,1,0,90,987.660
5,1,0,90,988.266
5,1,0,90,990.205
5,1,0,90,989.329
5,1,0,90,988.083
5,1,0,90,988.374
5,1,0,90,990.165
5,1,0,90,989.308
5,1,0,90,1007.284
5,1,0,90,988.427
5,1,0,90,987.644
5,1,0,90,987.824
5,1,0,90,988.097
5,1,0,90,987.795
5,1,0,90,988.586
5,1,0,90,987.007
5,1,0,90,952.427
5,1,0,90,995.996
5,1,0,90,987.954
5,1,0,90,988.022
5,1,0,90,988.554
5,1,0,90,989.197
5,1,0,90,989.951
5,1,0,90,990.057
5,1,0,90,989.218
5,1,0,90,989.102
5,1,0,90,988.096
5,1,0,90,988.350
5,1,0,90,1682.471
5,1,0,90,1167.654
5,1,0,90,988.649
5,1,0,90,988.125
5,1,0,90,987.657
5,1,0,90,988.856
5,1,0,90,987.628
5,1,0,90,968.956
5,1,0,90,992.932
5,1,0,90,988.871
5,1,0,90,989.866
5,1,0,90,988.157
5,1,0,90,988.744
5,1,0,90,988.202
5,1,0,90,989.178
5,1,0,90,988.877
5,1,0,90,989.519
5,1,0,90,987.718
5,1,0,90,988.657
5,1,0,90,982.800
5,1,0,90,988.572
5,1,0,90,989.437
5,1,0,90,988.191
5,1,0,90,987.908
5,1,0,90,987.699
5,1,0,90,987.823
5,1,0,90,946.541
5,1,0,90,993.628
5,1,0,90,988.659
5,1,0,90,989.839
5,1,0,90,988.297
5,1,0,90,988.903
5,1,0,90,988.657
5,1,0,90,988.670
5,1,0,90,990.220
5,1,0,90,989.048
5,1,0,90,989.450
5,1,0,90,988.575
5,1,0,90,988.440
5,1,0,90,987.916
5,1,0,90,987.874
5,1,0,90,987.683
5,1,0,90,987.307
5,1,0,90,987.358
5,1,0,90,987.871
5,1,0,90,968.162
5,1,0,90,993.286
5,1,0,90,987.633
5,1,0,90,987.887
5,1,0,90,987.585
5,1,0,90,989.469
5,1,0,90,988.352
5,1,0,90,987.995
5,1,0,90,989.416
5,1,0,90,990.466
5,1,0,90,989.275
5,1,0,90,989.807
5,1,0,90,988.413
5,1,0,90,988.389
5,1,0,90,987.773
5,1,0,90,987.879
5,1,0,90,988.058
5,1,0,90,988.572
5,1,0,90,988.455
5,1,0,90,950.376
5,1,0,90,992.982
5,1,0,90,988.162
5,1,0,90,988.415
5,1,0,90,988.466
5,1,0,90,988.109
5,1,0,90,1000.085
5,1,0,90,988.635
5,1,0,90,988.556
5,1,0,90,987.421
5,1,0,90,990.656
5,1,0,90,987.503
5,1,0,90,1007.812
5,1,0,90,988.974
5,1,0,90,988.468
5,1,0,90,988.037
5,1,0,90,987.476
5,1,0,90,988.841
5,1,0,90,987.854
5,1,0,90,980.034
5,1,0,90,1006.473
5,1,0,90,988.801
5,1,0,90,987.407
5,1,0,90,988.735
5,1,0,90,987.286
5,1,0,90,987.558
5,1,0,90,989.164
5,1,0,90,988.807
5,1,0,90,987.912
5,1,0,90,988.592
5,1,0,90,989.698
5,1,0,90,989.156
5,1,0,90,18876.537
6,1,0,90,0.093
6,1,0,90,277.623
6,1,0,90,216.766
6,1,0,90,28.947
6,1,0,90,92.830
6,1,0,90,86.010
6,1,0,90,1026.426
6,1,0,90,28.593
6,1,0,90,989.878
6,1,0,90,987.188
6,1,0,90,1046.071
6,1,0,90,48.275
6,1,0,90,987.579
6,1,0,90,986.630
6,1,0,90,986.050
6,1,0,90,988.675
6,1,0,90,988.484
6,1,0,90,988.220
6,1,0,90,986.233
6,1,0,90,986.450
6,1,0,90,971.204
6,1,0,90,988.976
6,1,0,90,1028.489
6,1,0,90,907.762
6,1,0,90,989.942
6,1,0,90,988.103
6,1,0,90,986.746
6,1,0,90,987.074
6,1,0,90,991.939
6,1,0,90,988.026
6,1,0,90,987.502
6,1,0,90,985.923
6,1,0,90,989.436
6,1,0,90,998.931
6,1,0,90,987.815
6,1,0,90,987.050
6,1,0,90,989.304
6,1,0,90,987.132
6,1,0,90,975.775
6,1,0,90,989.158
6,1,0,90,991.172
6,1,0,90,987.555
6,1,0,90,986.494
6,1,0,90,987.896
6,1,0,90,990.724
6,1,0,90,986.053
6,1,0,90,985.788
6,1,0,90,988.116
6,1,0,90,989.351
6,1,0,90,986.624
6,1,0,90,984.822
6,1,0,90,987.317
6,1,0,90,989.089
6,1,0,90,987.399
6,1,0,90,987.357
6,1,0,90,987.314
6,1,0,90,991.161
6,1,0,90,993.563
6,1,0,90,989.280
6,1,0,90,987.626
6,1,0,90,988.843
6,1,0,90,987.690
6,1,0,90,986.555
6,1,0,90,985.809
6,1,0,90,987.637
6,1,0,90,988.317
6,1,0,90,988.904
6,1,0,90,989.362
6,1,0,90,990.282
6,1,0,90,987.573
6,1,0,90,985.605
6,1,0,90,985.785
6,1,0,90,987.946
6,1,0,90,986.385
6,1,0,90,944.899
6,1,0,90,994.764
6,1,0,90,996.795
6,1,0,90,987.735
6,1,0,90,988.507
6,1,0,90,974.817
6,1,0,90,988.552
6,1,0,90,985.065
6,1,0,90,985.375
6,1,0,90,988.332
6,1,0,90,988.179
6,1,0,90,985.859
6,1,0,90,984.946
6,1,0,90,986.607
6,1,0,90,988.232
6,1,0,90,990.282
6,1,0,90,985.703
6,1,0,90,986.105
6,1,0,90,988.470
6,1,0,90,963.520
6,1,0,90,990.570
6,1,0,90,984.824
6,1,0,90,988.189
6,1,0,90,989.351
6,1,0,90,998.234
6,1,0,90,986.766
6,1,0,90,989.316
6,1,0,90,986.237
6,1,0,90,986.565
6,1,0,90,984.874
6,1,0,90,988.388
6,1,0,90,986.901
6,1,0,90,986.599
6,1,0,90,985.761
6,1,0,90,999.681
6,1,0,90,985.713
6,1,0,90,986.671
6,1,0,90,988.110
6,1,0,90,991.012
6,1,0,90,985.544
6,1,0,90,984.501
6,1,0,90,985.829
6,1,0,90,988.861
6,1,0,90,987.763
6,1,0,90,986.850
6,1,0,90,1974.784
6,1,0,90,1166.394
6,1,0,90,987.557
6,1,0,90,986.014
6,1,0,90,986.361
6,1,0,90,987.837
6,1,0,90,985.591
6,1,0,90,987.215
6,1,0,90,985.340
6,1,0,90,987.408
6,1,0,90,986.311
6,1,0,90,986.324
6,1,0,90,974.022
6,1,0,90,993.406
6,1,0,90,986.289
6,1,0,90,985.895
6,1,0,90,1008.538
6,1,0,90,988.329
6,1,0,90,988.435
6,1,0,90,987.263
6,1,0,90,984.572
6,1,0,90,989.289
6,1,0,90,986.210
6,1,0,90,984.982
6,1,0,90,986.384
6,1,0,90,996.601
6,1,0,90,985.170
6,1,0,90,986.720
6,1,0,90,986.530
6,1,0,90,988.617
6,1,0,90,986.001
6,1,0,90,958.829
6,1,0,90,993.249
6,1,0,90,987.540
6,1,0,90,985.331
6,1,0,90,985.882
6,1,0,90,987.228
6,1,0,90,989.223
6,1,0,90,986.810
6,1,0,90,988.601
6,1,0,90,985.540
6,1,0,90,989.887
6,1,0,90,986.956
6,1,0,90,987.413
6,1,0,90,988.408
6,1,0,90,987.940
6,1,0,90,985.249
6,1,0,90,995.725
6,1,0,90,986.165
6,1,0,90,990.289
6,1,0,90,972.080
6,1,0,90,993.871
6,1,0,90,985.921
6,1,0,90,996.064
6,1,0,90,985.225
6,1,0,90,995.238
6,1,0,90,985.900
6,1,0,90,987.950
6,1,0,90,988.463
6,1,0,90,987.902
6,1,0,90,986.656
6,1,0,90,989.651
6,1,0,90,997.757
6,1,0,90,988.344
6,1,0,90,985.580
6,1,0,90,989.778
6,1,0,90,988.032
6,1,0,90,987.138
6,1,0,90,986.966
6,1,0,90,976.553
6,1,0,90,991.159
6,1,0,90,988.376
6,1,0,90,986.871
6,1,0,90,988.106
6,1,0,90,985.101
6,1,0,90,984.484
6,1,0,90,1008.034
6,1,0,90,990.455
6,1,0,90,988.709
6,1,0,90,987.963
6,1,0,90,987.124
6,1,0,90,990.212
6,1,0,90,985.780
6,1,0,90,985.849
6,1,0,90,986.807
6,1,0,90,988.616
6,1,0,90,984.167
6,1,0,90,985.754
6,1,0,90,939.175
6,1,0,90,992.391
6,1,0,90,986.794
6,1,0,90,987.473
6,1,0,90,986.876
6,1,0,90,989.389
6,1,0,90,984.772
6,1,0,90,995.674
6,1,0,90,986.577
6,1,0,90,989.497
6,1,0,90,987.584
6,1,0,90,986.301
6,1,0,90,984.555
6,1,0,90,988.846
6,1,0,90,985.156
6,1,0,90,986.558
6,1,0,90,986.034
6,1,0,90,989.029
6,1,0,90,986.783
6,1,0,90,963.296
6,1,0,90,992.420
6,1,0,90,988.582
6,1,0,90,985.428
6,1,0,90,978.645
6,1,0,90,985.955
6,1,0,90,989.042
6,1,0,90,985.833
6,1,0,90,985.383
6,1,0,90,985.119
6,1,0,90,989.280
6,1,0,90,986.386
6,1,0,90,988.529
6,1,0,90,986.338
6,1,0,90,993.777
6,1,0,90,986.124
6,1,0,90,986.285
6,1,0,90,985.502
6,1,0,90,988.441
6,1,0,90,956.973
6,1,0,90,992.486
6,1,0,90,985.944
6,1,0,90,989.383
6,1,0,90,986.933
6,1,0,90,985.780
6,1,0,90,986.571
6,1,0,90,988.769
6,1,0,90,986.801
6,1,0,90,984.314
6,1,0,90,986.235
6,1,0,90,986.489
6,1,0,90,989.076
6,1,0,90,986.126
6,1,0,90,986.158
6,1,0,90,988.430
6,1,0,90,984.388
6,1,0,90,987.438
6,1,0,90,986.581
6,1,0,90,969.650
6,1,0,90,990.237
6,1,0,90,986.769
6,1,0,90,986.393
6,1,0,90,988.814
6,1,0,90,987.512
6,1,0,90,988.007
6,1,0,90,985.039
6,1,0,90,987.200
6,1,0,90,986.880
6,1,0,90,987.597
6,1,0,90,986.962
6,1,0,90,986.864
6,1,0,90,986.525
6,1,0,90,986.428
6,1,0,90,985.737
6,1,0,90,988.306
6,1,0,90,985.652
6,1,0,90,985.314
6,1,0,90,961.920
6,1,0,90,995.099
6,1,0,90,986.094
6,1,0,90,987.774
6,1,0,90,984.880
6,1,0,90,988.874
6,1,0,90,984.740
6,1,0,90,985.494
6,1,0,90,986.173
6,1,0,90,988.964
6,1,0,90,985.459
6,1,0,90,985.398
6,1,0,90,984.634
6,1,0,90,990.721
6,1,0,90,986.549
6,1,0,90,985.970
6,1,0,90,984.112
6,1,0,90,990.255
6,1,0,90,986.380
6,1,0,90,962.874
6,1,0,90,990.462
6,1,0,90,990.012
6,1,0,90,986.507
6,1,0,90,985.964
6,1,0,90,985.866
6,1,0,90,987.768
6,1,0,90,986.411
6,1,0,90,987.295
6,1,0,90,1978.692
6,1,0,90,1170.302
6,1,0,90,986.594
6,1,0,90,986.737
6,1,0,90,985.528
6,1,0,90,988.207
6,1,0,90,987.369
6,1,0,90,986.530
6,1,0,90,985.803
6,1,0,90,997.520
6,1,0,90,950.107
6,1,0,90,991.027
6,1,0,90,985.115
6,1,0,90,989.054
6,1,0,90,985.678
6,1,0,90,986.525
6,1,0,90,985.686
6,1,0,90,988.125
6,1,0,90,986.287
6,1,0,90,986.281
6,1,0,90,988.035
6,1,0,90,991.067
6,1,0,90,986.080
6,1,0,90,985.334
6,1,0,90,986.088
6,1,0,90,986.842
6,1,0,90,996.763
6,1,0,90,988.109
6,1,0,90,948.308
6,1,0,90,992.802
6,1,0,90,987.390
6,1,0,90,985.866
6,1,0,90,985.379
6,1,0,90,987.744
6,1,0,90,985.961
6,1,0,90,986.030
6,1,0,90,987.376
6,1,0,90,989.482
6,1,0,90,986.921
6,1,0,90,986.786
6,1,0,90,984.744
6,1,0,90,987.905
6,1,0,90,987.196
6,1,0,90,986.987
6,1,0,90,985.871
6,1,0,90,986.884
6,1,0,90,986.490
6,1,0,90,966.911
6,1,0,90,993.590
6,1,0,90,990.400
6,1,0,90,986.376
6,1,0,90,985.612
6,1,0,90,986.514
6,1,0,90,990.786
6,1,0,90,986.429
6,1,0,90,986.220
6,1,0,90,985.733
6,1,0,90,987.746
6,1,0,90,986.167
6,1,0,90,985.717
6,1,0,90,986.342
6,1,0,90,988.818
6,1,0,90,986.183
6,1,0,90,988.122
6,1,0,90,986.524
6,1,0,90,987.445
6,1,0,90,954.254
6,1,0,90,993.916
6,1,0,90,985.540
6,1,0,90,989.294
6,1,0,90,989.511
6,1,0,90,986.154
6,1,0,90,986.945
6,1,0,90,988.069
6,1,0,90,984.434
6,1,0,90,985.910
6,1,0,90,984.701
6,1,0,90,988.511
6,1,0,90,986.505
6,1,0,90,986.074
6,1,0,90,983.347
6,1,0,90,987.064
6,1,0,90,984.910
6,1,0,90,986.886
6,1,0,90,984.122
6,1,0,90,965.598
6,1,0,90,994.333
6,1,0,90,987.976
6,1,0,90,988.119
6,1,0,90,987.114
6,1,0,90,987.016
6,1,0,90,985.455
6,1,0,90,989.672
6,1,0,90,989.204
6,1,0,90,990.420
6,1,0,90,986.137
6,1,0,90,1972.960
6,1,0,90,1164.367
6,1,0,90,986.992
6,1,0,90,984.375
6,1,0,90,986.611
6,1,0,90,989.828
6,1,0,90,985.674
6,1,0,90,986.002
6,1,0,90,966.831
6,1,0,90,993.751
6,1,0,90,987.412
6,1,0,90,987.889
6,1,0,90,986.180
6,1,0,90,988.193
6,1,0,90,986.817
6,1,0,90,985.590
6,1,0,90,985.881
6,1,0,90,988.820
6,1,0,90,984.926
6,1,0,90,986.457
6,1,0,90,984.711
6,1,0,90,990.317
6,1,0,90,987.960
6,1,0,90,987.121
6,1,0,90,985.949
6,1,0,90,988.425
6,1,0,90,995.087
6,1,0,90,960.119
6,1,0,90,1003.928
6,1,0,90,990.034
6,1,0,90,988.288
6,1,0,90,987.264
6,1,0,90,986.907
6,1,0,90,987.716
6,1,0,90,986.785
6,1,0,90,987.706
6,1,0,90,986.071
6,1,0,90,988.177
6,1,0,90,986.060
6,1,0,90,985.092
6,1,0,90,984.957
6,1,0,90,987.415
6,1,0,90,986.243
6,1,0,90,986.089
6,1,0,90,985.065
6,1,0,90,988.690
6,1,0,90,949.999
6,1,0,90,989.624
6,1,0,90,1974.224
6,1,0,90,1165.649
6,1,0,90,988.793
6,1,0,90,987.213
6,1,0,90,986.264
6,1,0,90,988.425
6,1,0,90,986.512
6,1,0,90,987.674
6,1,0,90,986.168
6,1,0,90,988.274
6,1,0,90,985.806
6,1,0,90,986.782
6,1,0,90,985.536
6,1,0,90,986.031
6,1,0,90,986.229
6,1,0,90,987.742
6,1,0,90,986.274
6,1,0,90,979.917
6,1,0,90,990.930
6,1,0,90,987.629
6,1,0,90,984.586
6,1,0,90,986.988
6,1,0,90,988.501
6,1,0,90,987.663
6,1,0,90,985.769
6,1,0,90,988.337
6,1,0,90,988.036
6,1,0,90,987.512
6,1,0,90,1005.581
6,1,0,90,989.075
6,1,0,90,984.274
6,1,0,90,985.176
6,1,0,90,986.245
6,1,0,90,986.499
6,1,0,90,985.179
6,1,0,90,984.266
6,1,0,90,950.631
6,1,0,90,996.774
6,1,0,90,986.046
6,1,0,90,984.856
6,1,0,90,986.795
6,1,0,90,989.827
6,1,0,90,986.451
6,1,0,90,986.390
6,1,0,90,987.107
6,1,0,90,989.065
6,1,0,90,986.041
6,1,0,90,985.350
6,1,0,90,1974.821
6,1,0,90,1165.672
6,1,0,90,986.520
6,1,0,90,985.459
6,1,0,90,986.176
6,1,0,90,988.411
6,1,0,90,985.517
6,1,0,90,967.493
6,1,0,90,991.062
6,1,0,90,988.649
6,1,0,90,988.014
6,1,0,90,986.176
6,1,0,90,986.059
6,1,0,90,986.943
6,1,0,90,985.993
6,1,0,90,987.228
6,1,0,90,987.575
6,1,0,90,987.829
6,1,0,90,985.213
6,1,0,90,980.948
6,1,0,90,985.998
6,1,0,90,990.789
6,1,0,90,986.451
6,1,0,90,986.242
6,1,0,90,984.662
6,1,0,90,986.305
6,1,0,90,944.559
6,1,0,90,991.831
6,1,0,90,986.585
6,1,0,90,988.617
6,1,0,90,984.834
6,1,0,90,987.218
6,1,0,90,986.935
6,1,0,90,989.077
6,1,0,90,988.887
6,1,0,90,986.604
6,1,0,90,985.969
6,1,0,90,987.445
6,1,0,90,987.125
6,1,0,90,986.212
6,1,0,90,985.577
6,1,0,90,987.276
6,1,0,90,985.307
6,1,0,90,985.487
6,1,0,90,985.223
6,1,0,90,967.495
6,1,0,90,991.360
6,1,0,90,985.374
6,1,0,90,985.220
6,1,0,90,987.715
6,1,0,90,986.284
6,1,0,90,986.297
6,1,0,90,984.551
6,1,0,90,990.175
6,1,0,90,987.059
6,1,0,90,988.109
6,1,0,90,986.566
6,1,0,90,986.339
6,1,0,90,986.445
6,1,0,90,985.717
6,1,0,90,984.860
6,1,0,90,987.799
6,1,0,90,986.331
6,1,0,90,986.492
6,1,0,90,949.228
6,1,0,90,992.463
6,1,0,90,985.088
6,1,0,90,985.138
6,1,0,90,985.392
6,1,0,90,988.220
6,1,0,90,998.066
6,1,0,90,986.117
6,1,0,90,986.556
6,1,0,90,986.291
6,1,0,90,988.564
6,1,0,90,985.021
6,1,0,90,1006.016
6,1,0,90,988.085
6,1,0,90,985.172
6,1,0,90,986.315
6,1,0,90,984.143
6,1,0,90,987.693
6,1,0,90,985.762
6,1,0,90,979.108
6,1,0,90,1003.733
6,1,0,90,987.931
6,1,0,90,983.870
6,1,0,90,986.624
6,1,0,90,984.656
6,1,0,90,986.466
6,1,0,90,987.071
6,1,0,90,986.788
6,1,0,90,985.950
6,1,0,90,989.241
6,1,0,90,987.828
6,1,0,90,987.748
6,1,0,90,18750.427
7,1,0,90,0.111
7,1,0,90,672.842
7,1,0,90,611.967
7,1,0,90,30.965
7,1,0,90,487.791
7,1,0,90,480.730
7,1,0,90,1002.111
7,1,0,90,901.384
7,1,0,90,990.952
7,1,0,90,992.335
7,1,0,90,415.463
7,1,0,90,19.645
7,1,0,90,990.782
7,1,0,90,991.148
7,1,0,90,991.161
7,1,0,90,990.804
7,1,0,90,989.891
7,1,0,90,991.645
7,1,0,90,990.084
7,1,0,90,990.764
7,1,0,90,974.185
7,1,0,90,992.827
7,1,0,90,1001.359
7,1,0,90,944.169
7,1,0,90,991.700
7,1,0,90,992.602
7,1,0,90,991.949
7,1,0,90,991.907
7,1,0,90,991.901
7,1,0,90,992.137
7,1,0,90,992.002
7,1,0,90,991.533
7,1,0,90,991.639
7,1,0,90,1003.560
7,1,0,90,992.147
7,1,0,90,991.901
7,1,0,90,991.063
7,1,0,90,992.242
7,1,0,90,979.404
7,1,0,90,994.028
7,1,0,90,991.967
7,1,0,90,991.369
7,1,0,90,992.179
7,1,0,90,991.451
7,1,0,90,992.650
7,1,0,90,991.089
7,1,0,90,991.047
7,1,0,90,990.838
7,1,0,90,990.869
7,1,0,90,991.382
7,1,0,90,990.285
7,1,0,90,991.242
7,1,0,90,990.718
7,1,0,90,991.380
7,1,0,90,991.004
7,1,0,90,991.388
7,1,0,90,992.382
7,1,0,90,997.247
7,1,0,90,992.390
7,1,0,90,991.755
7,1,0,90,990.972
7,1,0,90,991.522
7,1,0,90,990.406
7,1,0,90,991.253
7,1,0,90,990.118
7,1,0,90,991.723
7,1,0,90,993.681
7,1,0,90,993.194
7,1,0,90,992.115
7,1,0,90,991.721
7,1,0,90,991.253
7,1,0,90,991.525
7,1,0,90,990.427
7,1,0,90,990.496
7,1,0,90,949.676
7,1,0,90,1000.411
7,1,0,90,999.424
7,1,0,90,992.975
7,1,0,90,991.229
7,1,0,90,979.372
7,1,0,90,991.774
7,1,0,90,991.398
7,1,0,90,990.281
7,1,0,90,993.813
7,1,0,90,990.345
7,1,0,90,990.617
7,1,0,90,990.038
7,1,0,90,990.107
7,1,0,90,991.027
7,1,0,90,995.596
7,1,0,90,990.424
7,1,0,90,990.697
7,1,0,90,989.914
7,1,0,90,966.538
7,1,0,90,995.070
7,1,0,90,990.527
7,1,0,90,989.874
7,1,0,90,993.017
7,1,0,90,1001.622
7,1,0,90,991.469
7,1,0,90,990.630
7,1,0,90,991.699
7,1,0,90,991.268
7,1,0,90,990.892
7,1,0,90,990.702
7,1,0,90,990.530
7,1,0,90,990.487
7,1,0,90,990.556
7,1,0,90,1000.181
7,1,0,90,991.360
7,1,0,90,990.522
7,1,0,90,991.517
7,1,0,90,992.289
7,1,0,90,989.617
7,1,0,90,990.352
7,1,0,90,990.606
7,1,0,90,990.731
7,1,0,90,992.948
7,1,0,90,992.016
7,1,0,90,1683.896
7,1,0,90,1162.060
7,1,0,90,991.926
7,1,0,90,990.958
7,1,0,90,990.268
7,1,0,90,990.966
7,1,0,90,990.609
7,1,0,90,990.085
7,1,0,90,989.969
7,1,0,90,990.852
7,1,0,90,990.773
7,1,0,90,990.656
7,1,0,90,979.596
7,1,0,90,996.072
7,1,0,90,990.789
7,1,0,90,990.172
7,1,0,90,1013.778
7,1,0,90,990.458
7,1,0,90,992.749
7,1,0,90,991.651
7,1,0,90,990.831
7,1,0,90,991.066
7,1,0,90,991.913
7,1,0,90,990.445
7,1,0,90,990.513
7,1,0,90,1000.027
7,1,0,90,990.262
7,1,0,90,990.442
7,1,0,90,990.418
7,1,0,90,990.376
7,1,0,90,990.778
7,1,0,90,963.421
7,1,0,90,996.897
7,1,0,90,991.373
7,1,0,90,990.886
7,1,0,90,990.270
7,1,0,90,992.709
7,1,0,90,992.648
7,1,0,90,992.958
7,1,0,90,992.360
7,1,0,90,990.799
7,1,0,90,991.960
7,1,0,90,992.066
7,1,0,90,990.931
7,1,0,90,991.296
7,1,0,90,990.495
7,1,0,90,991.563
7,1,0,90,999.095
7,1,0,90,991.423
7,1,0,90,992.084
7,1,0,90,976.394
7,1,0,90,997.278
7,1,0,90,990.532
7,1,0,90,997.823
7,1,0,90,991.354
7,1,0,90,1000.238
7,1,0,90,990.177
7,1,0,90,990.209
7,1,0,90,992.889
7,1,0,90,991.902
7,1,0,90,991.119
7,1,0,90,991.688
7,1,0,90,1001.090
7,1,0,90,990.788
7,1,0,90,990.486
7,1,0,90,991.055
7,1,0,90,992.050
7,1,0,90,990.970
7,1,0,90,991.058
7,1,0,90,977.701
7,1,0,90,995.880
7,1,0,90,992.005
7,1,0,90,990.981
7,1,0,90,991.161
7,1,0,90,991.396
7,1,0,90,990.391
7,1,0,90,1011.645
7,1,0,90,992.917
7,1,0,90,993.060
7,1,0,90,991.814
7,1,0,90,991.550
7,1,0,90,991.563
7,1,0,90,991.928
7,1,0,90,990.386
7,1,0,90,990.177
7,1,0,90,991.023
7,1,0,90,990.388
7,1,0,90,990.179
7,1,0,90,944.952
7,1,0,90,995.650
7,1,0,90,991.886
7,1,0,90,991.806
7,1,0,90,991.042
7,1,0,90,990.907
7,1,0,90,990.512
7,1,0,90,1000.859
7,1,0,90,991.020
7,1,0,90,991.126
7,1,0,90,992.713
7,1,0,90,990.134
7,1,0,90,990.536
7,1,0,90,990.994
7,1,0,90,990.729
7,1,0,90,990.428
7,1,0,90,990.774
7,1,0,90,990.213
7,1,0,90,991.078
7,1,0,90,968.295
7,1,0,90,996.086
7,1,0,90,990.359
7,1,0,90,990.631
7,1,0,90,982.163
7,1,0,90,990.491
7,1,0,90,990.264
7,1,0,90,990.369
7,1,0,90,990.401
7,1,0,90,990.211
7,1,0,90,990.853
7,1,0,90,992.163
7,1,0,90,990.361
7,1,0,90,990.300
7,1,0,90,995.665
7,1,0,90,990.845
7,1,0,90,990.655
7,1,0,90,990.964
7,1,0,90,990.922
7,1,0,90,961.213
7,1,0,90,995.356
7,1,0,90,990.888
7,1,0,90,990.864
7,1,0,90,990.970
7,1,0,90,990.353
7,1,0,90,990.163
7,1,0,90,990.343
7,1,0,90,990.504
7,1,0,90,989.943
7,1,0,90,990.160
7,1,0,90,989.858
7,1,0,90,992.372
7,1,0,90,990.014
7,1,0,90,990.065
7,1,0,90,990.245
7,1,0,90,990.499
7,1,0,90,990.567
7,1,0,90,990.951
7,1,0,90,970.964
7,1,0,90,996.051
7,1,0,90,991.083
7,1,0,90,990.448
7,1,0,90,991.813
7,1,0,90,990.752
7,1,0,90,990.877
7,1,0,90,990.038
7,1,0,90,990.236
7,1,0,90,990.639
7,1,0,90,990.522
7,1,0,90,990.109
7,1,0,90,989.975
7,1,0,90,992.191
7,1,0,90,990.594
7,1,0,90,990.403
7,1,0,90,990.453
7,1,0,90,990.855
7,1,0,90,990.646
7,1,0,90,967.308
7,1,0,90,996.451
7,1,0,90,990.649
7,1,0,90,990.421
7,1,0,90,989.842
7,1,0,90,990.355
7,1,0,90,990.683
7,1,0,90,990.771
7,1,0,90,991.451
7,1,0,90,990.704
7,1,0,90,990.644
7,1,0,90,990.435
7,1,0,90,989.614
7,1,0,90,992.924
7,1,0,90,992.159
7,1,0,90,990.117
7,1,0,90,989.982
7,1,0,90,991.903
7,1,0,90,990.749
7,1,0,90,966.337
7,1,0,90,995.683
7,1,0,90,990.604
7,1,0,90,990.895
7,1,0,90,991.093
7,1,0,90,990.792
7,1,0,90,990.842
7,1,0,90,990.781
7,1,0,90,990.702
7,1,0,90,1687.304
7,1,0,90,1165.505
7,1,0,90,991.019
7,1,0,90,990.588
7,1,0,90,990.434
7,1,0,90,989.910
7,1,0,90,992.053
7,1,0,90,989.826
7,1,0,90,990.043
7,1,0,90,1000.241
7,1,0,90,953.606
7,1,0,90,997.323
7,1,0,90,990.688
7,1,0,90,990.294
7,1,0,90,990.752
7,1,0,90,990.320
7,1,0,90,990.241
7,1,0,90,990.773
7,1,0,90,990.156
7,1,0,90,990.114
7,1,0,90,991.701
7,1,0,90,991.826
7,1,0,90,990.783
7,1,0,90,989.982
7,1,0,90,990.347
7,1,0,90,990.341
7,1,0,90,1001.410
7,1,0,90,992.368
7,1,0,90,952.233
7,1,0,90,996.246
7,1,0,90,991.648
7,1,0,90,991.087
7,1,0,90,991.267
7,1,0,90,990.799
7,1,0,90,990.923
7,1,0,90,990.807
7,1,0,90,991.690
7,1,0,90,990.833
7,1,0,90,990.976
7,1,0,90,990.860
7,1,0,90,990.521
7,1,0,90,990.645
7,1,0,90,990.899
7,1,0,90,990.913
7,1,0,90,990.537
7,1,0,90,990.309
7,1,0,90,992.174
7,1,0,90,969.206
7,1,0,90,999.053
7,1,0,90,991.455
7,1,0,90,992.394
7,1,0,90,991.815
7,1,0,90,990.532
7,1,0,90,991.545
7,1,0,90,991.669
7,1,0,90,990.275
7,1,0,90,990.825
7,1,0,90,990.153
7,1,0,90,990.759
7,1,0,90,991.087
7,1,0,90,990.971
7,1,0,90,991.132
7,1,0,90,990.886
7,1,0,90,991.029
7,1,0,90,990.857
7,1,0,90,990.518
7,1,0,90,958.328
7,1,0,90,997.341
7,1,0,90,990.687
7,1,0,90,990.589
7,1,0,90,993.103
7,1,0,90,990.301
7,1,0,90,990.592
7,1,0,90,990.105
7,1,0,90,990.859
7,1,0,90,990.113
7,1,0,90,990.015
7,1,0,90,989.936
7,1,0,90,990.282
7,1,0,90,990.092
7,1,0,90,989.809
7,1,0,90,990.081
7,1,0,90,990.428
7,1,0,90,991.423
7,1,0,90,990.214
7,1,0,90,966.801
7,1,0,90,999.944
7,1,0,90,991.698
7,1,0,90,991.748
7,1,0,90,990.520
7,1,0,90,990.867
7,1,0,90,990.528
7,1,0,90,993.986
7,1,0,90,990.499
7,1,0,90,991.938
7,1,0,90,990.803
7,1,0,90,1681.813
7,1,0,90,1159.681
7,1,0,90,990.991
7,1,0,90,990.412
7,1,0,90,990.832
7,1,0,90,990.735
7,1,0,90,990.414
7,1,0,90,990.428
7,1,0,90,971.145
7,1,0,90,995.880
7,1,0,90,992.801
7,1,0,90,992.147
7,1,0,90,991.086
7,1,0,90,990.840
7,1,0,90,991.039
7,1,0,90,991.107
7,1,0,90,990.935
7,1,0,90,990.226
7,1,0,90,990.240
7,1,0,90,989.920
7,1,0,90,990.711
7,1,0,90,991.816
7,1,0,90,990.830
7,1,0,90,990.398
7,1,0,90,990.652
7,1,0,90,989.814
7,1,0,90,1000.734
7,1,0,90,964.248
7,1,0,90,1008.742
7,1,0,90,990.311
7,1,0,90,993.194
7,1,0,90,991.671
7,1,0,90,991.036
7,1,0,90,990.771
7,1,0,90,991.747
7,1,0,90,991.446
7,1,0,90,990.311
7,1,0,90,990.880
7,1,0,90,990.393
7,1,0,90,989.739
7,1,0,90,990.086
7,1,0,90,989.729
7,1,0,90,990.742
7,1,0,90,989.959
7,1,0,90,990.194
7,1,0,90,990.652
7,1,0,90,954.258
7,1,0,90,995.864
7,1,0,90,1683.188
7,1,0,90,1160.722
7,1,0,90,993.107
7,1,0,90,991.009
7,1,0,90,990.689
7,1,0,90,991.795
7,1,0,90,991.771
7,1,0,90,991.599
7,1,0,90,990.982
7,1,0,90,990.755
7,1,0,90,990.768
7,1,0,90,990.596
7,1,0,90,990.443
7,1,0,90,989.900
7,1,0,90,990.506
7,1,0,90,990.223
7,1,0,90,990.644
7,1,0,90,983.157
7,1,0,90,997.355
7,1,0,90,990.702
7,1,0,90,990.456
7,1,0,90,990.451
7,1,0,90,992.260
7,1,0,90,991.940
7,1,0,90,990.453
7,1,0,90,990.707
7,1,0,90,992.313
7,1,0,90,991.493
7,1,0,90,1009.487
7,1,0,90,990.797
7,1,0,90,990.551
7,1,0,90,990.157
7,1,0,90,990.151
7,1,0,90,989.887
7,1,0,90,990.919
7,1,0,90,989.858
7,1,0,90,954.482
7,1,0,90,997.921
7,1,0,90,990.842
7,1,0,90,990.633
7,1,0,90,990.294
7,1,0,90,990.659
7,1,0,90,992.395
7,1,0,90,992.463
7,1,0,90,991.699
7,1,0,90,991.434
7,1,0,90,990.725
7,1,0,90,990.979
7,1,0,90,1684.989
7,1,0,90,1161.690
7,1,0,90,991.871
7,1,0,90,990.551
7,1,0,90,990.323
7,1,0,90,990.725
7,1,0,90,990.257
7,1,0,90,971.530
7,1,0,90,995.172
7,1,0,90,991.315
7,1,0,90,992.032
7,1,0,90,990.582
7,1,0,90,991.558
7,1,0,90,990.442
7,1,0,90,992.140
7,1,0,90,991.320
7,1,0,90,991.722
7,1,0,90,990.365
7,1,0,90,991.064
7,1,0,90,985.336
7,1,0,90,990.979
7,1,0,90,991.492
7,1,0,90,990.728
7,1,0,90,990.611
7,1,0,90,990.013
7,1,0,90,989.860
7,1,0,90,948.281
7,1,0,90,995.849
7,1,0,90,990.770
7,1,0,90,992.431
7,1,0,90,990.982
7,1,0,90,990.995
7,1,0,90,990.897
7,1,0,90,990.688
7,1,0,90,992.331
7,1,0,90,991.436
7,1,0,90,992.264
7,1,0,90,990.685
7,1,0,90,990.865
7,1,0,90,990.397
7,1,0,90,990.151
7,1,0,90,990.219
7,1,0,90,990.270
7,1,0,90,989.857
7,1,0,90,990.500
7,1,0,90,970.143
7,1,0,90,995.786
7,1,0,90,990.280
7,1,0,90,990.349
7,1,0,90,990.214
7,1,0,90,992.116
7,1,0,90,990.703
7,1,0,90,990.476
7,1,0,90,991.600
7,1,0,90,992.873
7,1,0,90,991.460
7,1,0,90,991.825
7,1,0,90,990.838
7,1,0,90,990.685
7,1,0,90,990.235
7,1,0,90,990.508
7,1,0,90,990.539
7,1,0,90,990.738
7,1,0,90,990.843
7,1,0,90,952.468
7,1,0,90,995.944
7,1,0,90,991.309
7,1,0,90,990.544
7,1,0,90,990.558
7,1,0,90,990.219
7,1,0,90,1002.769
7,1,0,90,990.894
7,1,0,90,990.499
7,1,0,90,989.902
7,1,0,90,992.285
7,1,0,90,990.021
7,1,0,90,1009.904
7,1,0,90,990.825
7,1,0,90,990.875
7,1,0,90,990.703
7,1,0,90,990.327
7,1,0,90,990.952
7,1,0,90,990.391
7,1,0,90,982.071
7,1,0,90,1008.917
7,1,0,90,991.116
7,1,0,90,990.462
7,1,0,90,990.753
7,1,0,90,990.229
7,1,0,90,990.020
7,1,0,90,991.589
7,1,0,90,991.306
7,1,0,90,990.967
7,1,0,90,990.888
7,1,0,90,992.198
7,1,0,90,990.989
7,1,0,90,19145.609
8,1,0,90,0.093
8,1,0,90,461.955
8,1,0,90,401.099
8,1,0,90,29.818
8,1,0,90,277.089
8,1,0,90,269.935
8,1,0,90,1029.111
8,1,0,90,837.792
8,1,0,90,990.304
8,1,0,90,989.503
8,1,0,90,204.687
8,1,0,90,47.886
8,1,0,90,989.839
8,1,0,90,987.889
8,1,0,90,988.032
8,1,0,90,989.304
8,1,0,90,989.373
8,1,0,90,988.979
8,1,0,90,987.455
8,1,0,90,987.635
8,1,0,90,971.500
8,1,0,90,989.606
8,1,0,90,1028.600
8,1,0,90,910.299
8,1,0,90,990.868
8,1,0,90,989.511
8,1,0,90,989.061
8,1,0,90,988.796
8,1,0,90,992.846
8,1,0,90,988.656
8,1,0,90,989.391
8,1,0,90,988.442
8,1,0,90,990.603
8,1,0,90,1000.487
8,1,0,90,989.018
8,1,0,90,988.272
8,1,0,90,990.045
8,1,0,90,988.428
8,1,0,90,976.775
8,1,0,90,990.621
8,1,0,90,991.968
8,1,0,90,988.222
8,1,0,90,988.513
8,1,0,90,988.822
8,1,0,90,991.910
8,1,0,90,987.904
8,1,0,90,987.955
8,1,0,90,988.135
8,1,0,90,989.926
8,1,0,90,988.031
8,1,0,90,987.100
8,1,0,90,988.132
8,1,0,90,989.793
8,1,0,90,988.306
8,1,0,90,988.375
8,1,0,90,988.500
8,1,0,90,991.939
8,1,0,90,994.730
8,1,0,90,989.687
8,1,0,90,989.052
8,1,0,90,989.825
8,1,0,90,988.746
8,1,0,90,987.777
8,1,0,90,988.327
8,1,0,90,988.618
8,1,0,90,989.539
8,1,0,90,990.256
8,1,0,90,990.195
8,1,0,90,991.153
8,1,0,90,989.055
8,1,0,90,987.846
8,1,0,90,987.785
8,1,0,90,989.520
8,1,0,90,987.386
8,1,0,90,946.510
8,1,0,90,997.153
8,1,0,90,998.629
8,1,0,90,989.420
8,1,0,90,988.174
8,1,0,90,976.002
8,1,0,90,990.811
8,1,0,90,987.843
8,1,0,90,987.060
8,1,0,90,990.258
8,1,0,90,988.753
8,1,0,90,987.303
8,1,0,90,987.298
8,1,0,90,987.237
8,1,0,90,989.621
8,1,0,90,992.282
8,1,0,90,987.481
8,1,0,90,987.549
8,1,0,90,988.970
8,1,0,90,964.335
8,1,0,90,991.478
8,1,0,90,986.991
8,1,0,90,989.782
8,1,0,90,990.351
8,1,0,90,998.957
8,1,0,90,987.933
8,1,0,90,989.613
8,1,0,90,987.793
8,1,0,90,988.639
8,1,0,90,987.189
8,1,0,90,989.369
8,1,0,90,987.827
8,1,0,90,987.785
8,1,0,90,987.279
8,1,0,90,999.718
8,1,0,90,987.843
8,1,0,90,987.763
8,1,0,90,989.073
8,1,0,90,991.105
8,1,0,90,986.488
8,1,0,90,986.779
8,1,0,90,987.570
8,1,0,90,989.991
8,1,0,90,989.541
8,1,0,90,989.184
8,1,0,90,1681.545
8,1,0,90,1167.376
8,1,0,90,988.335
8,1,0,90,988.366
8,1,0,90,987.305
8,1,0,90,989.837
8,1,0,90,986.721
8,1,0,90,987.327
8,1,0,90,986.469
8,1,0,90,989.649
8,1,0,90,987.588
8,1,0,90,987.676
8,1,0,90,976.189
8,1,0,90,994.776
8,1,0,90,987.660
8,1,0,90,986.895
8,1,0,90,1010.575
8,1,0,90,989.403
8,1,0,90,989.694
8,1,0,90,988.633
8,1,0,90,987.035
8,1,0,90,989.975
8,1,0,90,988.266
8,1,0,90,987.390
8,1,0,90,987.662
8,1,0,90,998.750
8,1,0,90,986.837
8,1,0,90,987.683
8,1,0,90,987.474
8,1,0,90,989.377
8,1,0,90,987.538
8,1,0,90,960.459
8,1,0,90,994.120
8,1,0,90,989.781
8,1,0,90,987.294
8,1,0,90,986.974
8,1,0,90,989.228
8,1,0,90,991.038
8,1,0,90,989.181
8,1,0,90,989.675
8,1,0,90,987.115
8,1,0,90,990.905
8,1,0,90,988.826
8,1,0,90,988.339
8,1,0,90,988.667
8,1,0,90,989.347
8,1,0,90,987.768
8,1,0,90,996.411
8,1,0,90,987.831
8,1,0,90,991.307
8,1,0,90,973.376
8,1,0,90,994.426
8,1,0,90,986.995
8,1,0,90,996.934
8,1,0,90,987.837
8,1,0,90,997.165
8,1,0,90,987.104
8,1,0,90,989.710
8,1,0,90,989.760
8,1,0,90,989.236
8,1,0,90,987.768
8,1,0,90,990.985
8,1,0,90,998.035
8,1,0,90,988.455
8,1,0,90,987.117
8,1,0,90,990.463
8,1,0,90,989.347
8,1,0,90,988.527
8,1,0,90,988.336
8,1,0,90,975.220
8,1,0,90,992.474
8,1,0,90,989.154
8,1,0,90,988.167
8,1,0,90,990.106
8,1,0,90,987.508
8,1,0,90,987.058
8,1,0,90,1008.868
8,1,0,90,992.381
8,1,0,90,990.024
8,1,0,90,989.408
8,1,0,90,988.476
8,1,0,90,991.064
8,1,0,90,988.355
8,1,0,90,987.146
8,1,0,90,987.548
8,1,0,90,989.802
8,1,0,90,986.778
8,1,0,90,986.995
8,1,0,90,941.582
8,1,0,90,994.521
8,1,0,90,988.331
8,1,0,90,988.733
8,1,0,90,987.913
8,1,0,90,990.352
8,1,0,90,987.180
8,1,0,90,997.934
8,1,0,90,988.021
8,1,0,90,990.145
8,1,0,90,989.288
8,1,0,90,987.450
8,1,0,90,987.130
8,1,0,90,989.995
8,1,0,90,987.693
8,1,0,90,987.614
8,1,0,90,987.608
8,1,0,90,989.807
8,1,0,90,988.116
8,1,0,90,965.185
8,1,0,90,993.309
8,1,0,90,989.471
8,1,0,90,987.558
8,1,0,90,978.886
8,1,0,90,987.362
8,1,0,90,989.857
8,1,0,90,987.203
8,1,0,90,987.050
8,1,0,90,986.637
8,1,0,90,990.039
8,1,0,90,988.886
8,1,0,90,988.269
8,1,0,90,987.616
8,1,0,90,994.722
8,1,0,90,987.531
8,1,0,90,987.933
8,1,0,90,986.910
8,1,0,90,989.441
8,1,0,90,957.825
8,1,0,90,993.357
8,1,0,90,987.444
8,1,0,90,990.328
8,1,0,90,988.063
8,1,0,90,987.428
8,1,0,90,987.108
8,1,0,90,989.473
8,1,0,90,987.764
8,1,0,90,986.018
8,1,0,90,987.550
8,1,0,90,988.600
8,1,0,90,989.780
8,1,0,90,987.145
8,1,0,90,987.214
8,1,0,90,989.134
8,1,0,90,986.833
8,1,0,90,988.013
8,1,0,90,987.933
8,1,0,90,968.724
8,1,0,90,992.793
8,1,0,90,988.436
8,1,0,90,987.690
8,1,0,90,991.147
8,1,0,90,988.494
8,1,0,90,988.266
8,1,0,90,987.224
8,1,0,90,989.237
8,1,0,90,987.695
8,1,0,90,988.245
8,1,0,90,987.721
8,1,0,90,988.364
8,1,0,90,988.544
8,1,0,90,987.280
8,1,0,90,987.163
8,1,0,90,989.880
8,1,0,90,987.819
8,1,0,90,987.666
8,1,0,90,963.698
8,1,0,90,995.933
8,1,0,90,986.928
8,1,0,90,987.756
8,1,0,90,986.269
8,1,0,90,989.541
8,1,0,90,987.258
8,1,0,90,988.049
8,1,0,90,987.785
8,1,0,90,989.705
8,1,0,90,987.404
8,1,0,90,987.176
8,1,0,90,985.930
8,1,0,90,992.480
8,1,0,90,989.197
8,1,0,90,987.359
8,1,0,90,986.650
8,1,0,90,991.200
8,1,0,90,987.472
8,1,0,90,964.004
8,1,0,90,992.499
8,1,0,90,990.660
8,1,0,90,987.377
8,1,0,90,987.724
8,1,0,90,987.403
8,1,0,90,989.120
8,1,0,90,987.597
8,1,0,90,988.406
8,1,0,90,1684.360
8,1,0,90,1171.302
8,1,0,90,987.761
8,1,0,90,987.866
8,1,0,90,986.861
8,1,0,90,989.133
8,1,0,90,988.924
8,1,0,90,987.660
8,1,0,90,987.155
8,1,0,90,999.297
8,1,0,90,951.015
8,1,0,90,993.231
8,1,0,90,987.578
8,1,0,90,989.739
8,1,0,90,987.030
8,1,0,90,987.840
8,1,0,90,987.057
8,1,0,90,989.940
8,1,0,90,987.324
8,1,0,90,987.448
8,1,0,90,988.554
8,1,0,90,991.771
8,1,0,90,987.580
8,1,0,90,986.945
8,1,0,90,987.348
8,1,0,90,988.842
8,1,0,90,997.689
8,1,0,90,989.313
8,1,0,90,949.123
8,1,0,90,994.895
8,1,0,90,988.797
8,1,0,90,988.125
8,1,0,90,987.694
8,1,0,90,989.744
8,1,0,90,987.239
8,1,0,90,987.752
8,1,0,90,988.228
8,1,0,90,990.241
8,1,0,90,988.107
8,1,0,90,988.027
8,1,0,90,987.318
8,1,0,90,989.146
8,1,0,90,988.178
8,1,0,90,988.210
8,1,0,90,987.112
8,1,0,90,988.736
8,1,0,90,988.472
8,1,0,90,966.874
8,1,0,90,995.572
8,1,0,90,990.882
8,1,0,90,988.210
8,1,0,90,988.075
8,1,0,90,987.792
8,1,0,90,991.138
8,1,0,90,988.762
8,1,0,90,987.313
8,1,0,90,986.974
8,1,0,90,988.839
8,1,0,90,987.482
8,1,0,90,987.551
8,1,0,90,987.286
8,1,0,90,990.133
8,1,0,90,987.609
8,1,0,90,988.622
8,1,0,90,987.839
8,1,0,90,989.630
8,1,0,90,955.569
8,1,0,90,995.156
8,1,0,90,987.410
8,1,0,90,990.016
8,1,0,90,989.826
8,1,0,90,986.857
8,1,0,90,987.815
8,1,0,90,989.051
8,1,0,90,987.045
8,1,0,90,987.355
8,1,0,90,986.442
8,1,0,90,989.418
8,1,0,90,987.209
8,1,0,90,987.334
8,1,0,90,985.791
8,1,0,90,989.175
8,1,0,90,986.744
8,1,0,90,987.868
8,1,0,90,986.696
8,1,0,90,964.098
8,1,0,90,995.833
8,1,0,90,988.791
8,1,0,90,989.452
8,1,0,90,989.040
8,1,0,90,987.720
8,1,0,90,987.011
8,1,0,90,990.746
8,1,0,90,990.074
8,1,0,90,991.347
8,1,0,90,987.563
8,1,0,90,1679.110
8,1,0,90,1165.459
8,1,0,90,987.770
8,1,0,90,986.857
8,1,0,90,987.907
8,1,0,90,989.495
8,1,0,90,986.897
8,1,0,90,987.280
8,1,0,90,968.071
8,1,0,90,994.751
8,1,0,90,989.135
8,1,0,90,988.907
8,1,0,90,987.439
8,1,0,90,989.397
8,1,0,90,987.521
8,1,0,90,987.942
8,1,0,90,987.955
8,1,0,90,989.672
8,1,0,90,986.722
8,1,0,90,987.513
8,1,0,90,987.174
8,1,0,90,991.095
8,1,0,90,988.386
8,1,0,90,987.936
8,1,0,90,987.431
8,1,0,90,989.555
8,1,0,90,997.328
8,1,0,90,961.637
8,1,0,90,1005.984
8,1,0,90,989.738
8,1,0,90,990.010
8,1,0,90,988.671
8,1,0,90,988.296
8,1,0,90,989.679
8,1,0,90,988.156
8,1,0,90,988.410
8,1,0,90,987.515
8,1,0,90,989.269
8,1,0,90,987.264
8,1,0,90,986.259
8,1,0,90,986.383
8,1,0,90,988.711
8,1,0,90,987.428
8,1,0,90,987.237
8,1,0,90,986.714
8,1,0,90,989.616
8,1,0,90,951.277
8,1,0,90,992.031
8,1,0,90,1680.374
8,1,0,90,1167.038
8,1,0,90,990.163
8,1,0,90,988.491
8,1,0,90,987.801
8,1,0,90,990.425
8,1,0,90,987.809
8,1,0,90,989.340
8,1,0,90,988.243
8,1,0,90,989.404
8,1,0,90,987.491
8,1,0,90,988.078
8,1,0,90,987.407
8,1,0,90,988.512
8,1,0,90,987.488
8,1,0,90,988.224
8,1,0,90,987.682
8,1,0,90,981.936
8,1,0,90,993.578
8,1,0,90,988.832
8,1,0,90,986.827
8,1,0,90,989.340
8,1,0,90,989.650
8,1,0,90,988.867
8,1,0,90,987.213
8,1,0,90,989.541
8,1,0,90,989.425
8,1,0,90,988.734
8,1,0,90,1006.803
8,1,0,90,989.927
8,1,0,90,986.737
8,1,0,90,987.046
8,1,0,90,987.486
8,1,0,90,988.832
8,1,0,90,987.771
8,1,0,90,985.988
8,1,0,90,951.872
8,1,0,90,997.811
8,1,0,90,987.324
8,1,0,90,987.171
8,1,0,90,987.999
8,1,0,90,991.030
8,1,0,90,989.062
8,1,0,90,989.075
8,1,0,90,988.422
8,1,0,90,990.361
8,1,0,90,987.374
8,1,0,90,987.573
8,1,0,90,1681.638
8,1,0,90,1167.043
8,1,0,90,987.835
8,1,0,90,986.977
8,1,0,90,987.139
8,1,0,90,989.874
8,1,0,90,986.850
8,1,0,90,968.290
8,1,0,90,992.395
8,1,0,90,989.853
8,1,0,90,989.311
8,1,0,90,987.602
8,1,0,90,987.911
8,1,0,90,989.128
8,1,0,90,988.326
8,1,0,90,988.377
8,1,0,90,988.705
8,1,0,90,989.070
8,1,0,90,987.898
8,1,0,90,982.281
8,1,0,90,987.702
8,1,0,90,990.937
8,1,0,90,987.673
8,1,0,90,987.112
8,1,0,90,986.810
8,1,0,90,988.768
8,1,0,90,946.022
8,1,0,90,993.109
8,1,0,90,988.011
8,1,0,90,991.006
8,1,0,90,987.427
8,1,0,90,988.440
8,1,0,90,988.120
8,1,0,90,989.948
8,1,0,90,989.683
8,1,0,90,988.234
8,1,0,90,988.284
8,1,0,90,989.575
8,1,0,90,987.921
8,1,0,90,987.416
8,1,0,90,987.040
8,1,0,90,988.739
8,1,0,90,986.604
8,1,0,90,986.765
8,1,0,90,986.945
8,1,0,90,967.255
8,1,0,90,992.768
8,1,0,90,986.837
8,1,0,90,987.091
8,1,0,90,989.048
8,1,0,90,988.413
8,1,0,90,987.741
8,1,0,90,987.143
8,1,0,90,990.786
8,1,0,90,989.614
8,1,0,90,988.757
8,1,0,90,988.974
8,1,0,90,989.117
8,1,0,90,987.834
8,1,0,90,987.051
8,1,0,90,987.064
8,1,0,90,989.096
8,1,0,90,987.738
8,1,0,90,987.696
8,1,0,90,949.950
8,1,0,90,994.000
8,1,0,90,986.958
8,1,0,90,987.564
8,1,0,90,987.577
8,1,0,90,989.516
8,1,0,90,999.307
8,1,0,90,987.765
8,1,0,90,987.926
8,1,0,90,988.643
8,1,0,90,990.138
8,1,0,90,986.707
8,1,0,90,1007.275
8,1,0,90,990.122
8,1,0,90,987.635
8,1,0,90,987.556
8,1,0,90,986.550
8,1,0,90,989.915
8,1,0,90,987.243
8,1,0,90,979.646
8,1,0,90,1005.640
8,1,0,90,989.987
8,1,0,90,986.630
8,1,0,90,987.976
8,1,0,90,986.082
8,1,0,90,988.614
8,1,0,90,988.571
8,1,0,90,987.955
8,1,0,90,987.190
8,1,0,90,990.241
8,1,0,90,989.161
8,1,0,90,988.749
8,1,0,90,18934.833
9,1,0,90,0.111
9,1,0,90,366.123
9,1,0,90,305.284
9,1,0,90,28.929
9,1,0,90,181.330
9,1,0,90,174.028
9,1,0,90,1028.593
9,1,0,90,834.848
9,1,0,90,989.934
9,1,0,90,987.151
9,1,0,90,108.298
9,1,0,90,48.238
9,1,0,90,987.580
9,1,0,90,986.630
9,1,0,90,986.013
9,1,0,90,988.656
9,1,0,90,988.540
9,1,0,90,988.164
9,1,0,90,986.196
9,1,0,90,986.394
9,1,0,90,971.167
9,1,0,90,988.921
9,1,0,90,1028.452
9,1,0,90,907.799
9,1,0,90,989.979
9,1,0,90,988.029
9,1,0,90,986.746
9,1,0,90,987.037
9,1,0,90,991.902
9,1,0,90,988.082
9,1,0,90,987.503
9,1,0,90,985.868
9,1,0,90,989.510
9,1,0,90,998.913
9,1,0,90,987.796
9,1,0,90,987.050
9,1,0,90,989.286
9,1,0,90,987.114
9,1,0,90,975.738
9,1,0,90,989.140
9,1,0,90,991.246
9,1,0,90,987.500
9,1,0,90,986.457
9,1,0,90,987.841
9,1,0,90,990.706
9,1,0,90,986.016
9,1,0,90,985.751
9,1,0,90,988.116
9,1,0,90,989.389
9,1,0,90,986.605
9,1,0,90,984.785
9,1,0,90,987.280
9,1,0,90,989.071
9,1,0,90,987.381
9,1,0,90,987.320
9,1,0,90,987.296
9,1,0,90,991.253
9,1,0,90,993.563
9,1,0,90,989.243
9,1,0,90,987.626
9,1,0,90,988.806
9,1,0,90,987.727
9,1,0,90,986.537
9,1,0,90,985.790
9,1,0,90,987.693
9,1,0,90,988.317
9,1,0,90,988.886
9,1,0,90,989.306
9,1,0,90,990.282
9,1,0,90,987.573
9,1,0,90,985.587
9,1,0,90,985.804
9,1,0,90,988.020
9,1,0,90,986.349
9,1,0,90,944.862
9,1,0,90,994.745
9,1,0,90,996.758
9,1,0,90,987.698
9,1,0,90,988.489
9,1,0,90,974.780
9,1,0,90,988.608
9,1,0,90,985.028
9,1,0,90,985.356
9,1,0,90,988.258
9,1,0,90,988.142
9,1,0,90,985.803
9,1,0,90,984.928
9,1,0,90,986.626
9,1,0,90,988.269
9,1,0,90,990.245
9,1,0,90,985.703
9,1,0,90,986.068
9,1,0,90,988.470
9,1,0,90,963.576
9,1,0,90,990.515
9,1,0,90,984.806
9,1,0,90,988.226
9,1,0,90,989.314
9,1,0,90,998.216
9,1,0,90,986.766
9,1,0,90,989.298
9,1,0,90,986.218
9,1,0,90,986.547
9,1,0,90,984.856
9,1,0,90,988.462
9,1,0,90,986.882
9,1,0,90,986.562
9,1,0,90,985.724
9,1,0,90,999.663
9,1,0,90,985.695
9,1,0,90,986.615
9,1,0,90,988.128
9,1,0,90,991.068
9,1,0,90,985.507
9,1,0,90,984.483
9,1,0,90,985.811
9,1,0,90,988.843
9,1,0,90,987.726
9,1,0,90,986.832
9,1,0,90,1974.747
9,1,0,90,1166.450
9,1,0,90,987.538
9,1,0,90,985.977
9,1,0,90,986.305
9,1,0,90,987.819
9,1,0,90,985.628
9,1,0,90,987.178
9,1,0,90,985.340
9,1,0,90,987.501
9,1,0,90,986.292
9,1,0,90,986.324
9,1,0,90,973.985
9,1,0,90,993.387
9,1,0,90,986.271
9,1,0,90,985.877
9,1,0,90,1008.519
9,1,0,90,988.385
9,1,0,90,988.398
9,1,0,90,987.226
9,1,0,90,984.535
9,1,0,90,989.289
9,1,0,90,986.191
9,1,0,90,984.908
9,1,0,90,986.366
9,1,0,90,996.638
9,1,0,90,985.115
9,1,0,90,986.702
9,1,0,90,986.512
9,1,0,90,988.617
9,1,0,90,985.982
9,1,0,90,958.829
9,1,0,90,993.231
9,1,0,90,987.615
9,1,0,90,985.257
9,1,0,90,985.845
9,1,0,90,987.247
9,1,0,90,989.204
9,1,0,90,986.866
9,1,0,90,988.583
9,1,0,90,985.522
9,1,0,90,989.887
9,1,0,90,986.956
9,1,0,90,987.376
9,1,0,90,988.371
9,1,0,90,987.903
9,1,0,90,985.231
9,1,0,90,995.688
9,1,0,90,986.128
9,1,0,90,990.326
9,1,0,90,972.062
9,1,0,90,993.852
9,1,0,90,985.903
9,1,0,90,996.027
9,1,0,90,985.207
9,1,0,90,995.239
9,1,0,90,985.863
9,1,0,90,988.024
9,1,0,90,988.445
9,1,0,90,987.884
9,1,0,90,986.638
9,1,0,90,989.633
9,1,0,90,997.738
9,1,0,90,988.307
9,1,0,90,985.524
9,1,0,90,989.797
9,1,0,90,987.995
9,1,0,90,987.119
9,1,0,90,986.929
9,1,0,90,976.553
9,1,0,90,991.196
9,1,0,90,988.376
9,1,0,90,986.815
9,1,0,90,988.199
9,1,0,90,985.064
9,1,0,90,984.429
9,1,0,90,1007.997
9,1,0,90,990.437
9,1,0,90,988.672
9,1,0,90,987.908
9,1,0,90,987.087
9,1,0,90,990.249
9,1,0,90,985.744
9,1,0,90,985.775
9,1,0,90,986.807
9,1,0,90,988.561
9,1,0,90,984.130
9,1,0,90,985.736
9,1,0,90,939.138
9,1,0,90,992.429
9,1,0,90,986.738
9,1,0,90,987.474
9,1,0,90,986.857
9,1,0,90,989.333
9,1,0,90,984.754
9,1,0,90,995.619
9,1,0,90,986.540
9,1,0,90,989.571
9,1,0,90,987.548
9,1,0,90,986.320
9,1,0,90,984.518
9,1,0,90,988.828
9,1,0,90,985.212
9,1,0,90,986.521
9,1,0,90,986.016
9,1,0,90,989.066
9,1,0,90,986.746
9,1,0,90,963.278
9,1,0,90,992.402
9,1,0,90,988.545
9,1,0,90,985.373
9,1,0,90,978.645
9,1,0,90,985.936
9,1,0,90,989.116
9,1,0,90,985.815
9,1,0,90,985.346
9,1,0,90,985.082
9,1,0,90,989.262
9,1,0,90,986.349
9,1,0,90,988.492
9,1,0,90,986.301
9,1,0,90,993.833
9,1,0,90,986.068
9,1,0,90,986.267
9,1,0,90,985.465
9,1,0,90,988.423
9,1,0,90,956.936
9,1,0,90,992.449
9,1,0,90,985.925
9,1,0,90,989.420
9,1,0,90,986.915
9,1,0,90,985.761
9,1,0,90,986.515
9,1,0,90,988.751
9,1,0,90,986.838
9,1,0,90,984.277
9,1,0,90,986.198
9,1,0,90,986.544
9,1,0,90,989.039
9,1,0,90,986.089
9,1,0,90,986.121
9,1,0,90,988.394
9,1,0,90,984.388
9,1,0,90,987.420
9,1,0,90,986.544
9,1,0,90,969.724
9,1,0,90,990.237
9,1,0,90,986.732
9,1,0,90,986.375
9,1,0,90,988.796
9,1,0,90,987.457
9,1,0,90,987.970
9,1,0,90,984.983
9,1,0,90,987.237
9,1,0,90,986.862
9,1,0,90,987.560
9,1,0,90,986.944
9,1,0,90,986.809
9,1,0,90,986.526
9,1,0,90,986.428
9,1,0,90,985.719
9,1,0,90,988.324
9,1,0,90,985.652
9,1,0,90,985.295
9,1,0,90,961.901
9,1,0,90,995.081
9,1,0,90,986.150
9,1,0,90,987.756
9,1,0,90,984.861
9,1,0,90,988.930
9,1,0,90,984.703
9,1,0,90,985.475
9,1,0,90,986.118
9,1,0,90,988.946
9,1,0,90,985.422
9,1,0,90,985.361
9,1,0,90,984.634
9,1,0,90,990.758
9,1,0,90,986.512
9,1,0,90,985.970
9,1,0,90,984.113
9,1,0,90,990.255
9,1,0,90,986.361
9,1,0,90,962.856
9,1,0,90,990.425
9,1,0,90,990.067
9,1,0,90,986.488
9,1,0,90,986.001
9,1,0,90,985.866
9,1,0,90,987.731
9,1,0,90,986.356
9,1,0,90,987.258
9,1,0,90,1978.673
9,1,0,90,1170.376
9,1,0,90,986.557
9,1,0,90,986.718
9,1,0,90,985.528
9,1,0,90,988.189
9,1,0,90,987.424
9,1,0,90,986.493
9,1,0,90,985.747
9,1,0,90,997.557
9,1,0,90,950.070
9,1,0,90,991.009
9,1,0,90,985.059
9,1,0,90,989.017
9,1,0,90,985.660
9,1,0,90,986.525
9,1,0,90,985.649
9,1,0,90,988.181
9,1,0,90,986.287
9,1,0,90,986.281
9,1,0,90,988.017
9,1,0,90,991.067
9,1,0,90,986.043
9,1,0,90,985.316
9,1,0,90,986.070
9,1,0,90,986.898
9,1,0,90,996.707
9,1,0,90,988.072
9,1,0,90,948.271
9,1,0,90,992.765
9,1,0,90,987.353
9,1,0,90,985.866
9,1,0,90,985.342
9,1,0,90,987.800
9,1,0,90,985.943
9,1,0,90,985.993
9,1,0,90,987.339
9,1,0,90,989.464
9,1,0,90,986.958
9,1,0,90,986.768
9,1,0,90,984.707
9,1,0,90,987.942
9,1,0,90,987.178
9,1,0,90,986.932
9,1,0,90,985.815
9,1,0,90,986.884
9,1,0,90,986.435
9,1,0,90,966.892
9,1,0,90,993.553
9,1,0,90,990.437
9,1,0,90,986.339
9,1,0,90,985.612
9,1,0,90,986.495
9,1,0,90,990.768
9,1,0,90,986.411
9,1,0,90,986.183
9,1,0,90,985.696
9,1,0,90,987.802
9,1,0,90,986.149
9,1,0,90,985.680
9,1,0,90,986.305
9,1,0,90,988.836
9,1,0,90,986.127
9,1,0,90,988.085
9,1,0,90,986.487
9,1,0,90,987.500
9,1,0,90,954.199
9,1,0,90,993.860
9,1,0,90,985.522
9,1,0,90,989.275
9,1,0,90,989.566
9,1,0,90,986.117
9,1,0,90,986.889
9,1,0,90,988.143
9,1,0,90,984.416
9,1,0,90,985.873
9,1,0,90,984.646
9,1,0,90,988.474
9,1,0,90,986.450
9,1,0,90,986.037
9,1,0,90,983.310
9,1,0,90,987.119
9,1,0,90,984.910
9,1,0,90,986.868
9,1,0,90,984.066
9,1,0,90,965.580
9,1,0,90,994.296
9,1,0,90,987.939
9,1,0,90,988.082
9,1,0,90,987.132
9,1,0,90,986.997
9,1,0,90,985.399
9,1,0,90,989.635
9,1,0,90,989.185
9,1,0,90,990.402
9,1,0,90,986.063
9,1,0,90,1972.942
9,1,0,90,1164.348
9,1,0,90,986.973
9,1,0,90,984.339
9,1,0,90,986.611
9,1,0,90,989.791
9,1,0,90,985.712
9,1,0,90,985.965
9,1,0,90,966.794
9,1,0,90,993.733
9,1,0,90,987.375
9,1,0,90,987.870
9,1,0,90,986.143
9,1,0,90,988.174
9,1,0,90,986.780
9,1,0,90,985.571
9,1,0,90,985.825
9,1,0,90,988.801
9,1,0,90,984.889
9,1,0,90,986.439
9,1,0,90,984.693
9,1,0,90,990.317
9,1,0,90,987.904
9,1,0,90,987.084
9,1,0,90,985.894
9,1,0,90,988.426
9,1,0,90,995.050
9,1,0,90,960.100
9,1,0,90,1003.928
9,1,0,90,990.015
9,1,0,90,988.269
9,1,0,90,987.246
9,1,0,90,986.888
9,1,0,90,987.679
9,1,0,90,986.767
9,1,0,90,987.669
9,1,0,90,986.052
9,1,0,90,988.158
9,1,0,90,986.097
9,1,0,90,985.073
9,1,0,90,984.902
9,1,0,90,987.359
9,1,0,90,986.243
9,1,0,90,986.071
9,1,0,90,985.065
9,1,0,90,988.671
9,1,0,90,949.944
9,1,0,90,989.605
9,1,0,90,1974.206
9,1,0,90,1165.612
9,1,0,90,988.756
9,1,0,90,987.176
9,1,0,90,986.264
9,1,0,90,988.388
9,1,0,90,986.494
9,1,0,90,987.655
9,1,0,90,986.150
9,1,0,90,988.237
9,1,0,90,985.769
9,1,0,90,986.782
9,1,0,90,985.499
9,1,0,90,986.049
9,1,0,90,986.192
9,1,0,90,987.687
9,1,0,90,986.219
9,1,0,90,979.899
9,1,0,90,990.893
9,1,0,90,987.610
9,1,0,90,984.568
9,1,0,90,986.988
9,1,0,90,988.557
9,1,0,90,987.626
9,1,0,90,985.750
9,1,0,90,988.319
9,1,0,90,988.017
9,1,0,90,987.512
9,1,0,90,1005.562
9,1,0,90,989.039
9,1,0,90,984.218
9,1,0,90,985.139
9,1,0,90,986.189
9,1,0,90,986.480
9,1,0,90,985.179
9,1,0,90,984.229
9,1,0,90,950.594
9,1,0,90,996.737
9,1,0,90,986.028
9,1,0,90,984.837
9,1,0,90,986.795
9,1,0,90,989.808
9,1,0,90,986.451
9,1,0,90,986.353
9,1,0,90,987.070
9,1,0,90,989.009
9,1,0,90,986.022
9,1,0,90,985.332
9,1,0,90,1974.821
9,1,0,90,1165.635
9,1,0,90,986.501
9,1,0,90,985.459
9,1,0,90,986.120
9,1,0,90,988.374
9,1,0,90,985.554
9,1,0,90,967.456
9,1,0,90,991.006
9,1,0,90,988.631
9,1,0,90,987.977
9,1,0,90,986.157
9,1,0,90,986.022
9,1,0,90,986.924
9,1,0,90,985.956
9,1,0,90,987.229
9,1,0,90,987.538
9,1,0,90,987.811
9,1,0,90,985.194
9,1,0,90,980.967
9,1,0,90,985.961
9,1,0,90,990.771
9,1,0,90,986.432
9,1,0,90,986.205
9,1,0,90,984.607
9,1,0,90,986.268
9,1,0,90,944.522
9,1,0,90,991.794
9,1,0,90,986.548
9,1,0,90,988.617
9,1,0,90,984.797
9,1,0,90,987.181
9,1,0,90,986.916
9,1,0,90,989.059
9,1,0,90,988.850
9,1,0,90,986.567
9,1,0,90,985.932
9,1,0,90,987.408
9,1,0,90,987.181
9,1,0,90,986.194
9,1,0,90,985.540
9,1,0,90,987.239
9,1,0,90,985.271
9,1,0,90,985.450
9,1,0,90,985.186
9,1,0,90,967.477
9,1,0,90,991.323
9,1,0,90,985.337
9,1,0,90,985.202
9,1,0,90,987.696
9,1,0,90,986.228
9,1,0,90,986.260
9,1,0,90,984.532
9,1,0,90,990.138
9,1,0,90,987.022
9,1,0,90,988.072
9,1,0,90,986.530
9,1,0,90,986.339
9,1,0,90,986.408
9,1,0,90,985.717
9,1,0,90,984.842
9,1,0,90,987.799
9,1,0,90,986.331
9,1,0,90,986.455
9,1,0,90,949.191
9,1,0,90,992.408
9,1,0,90,985.051
9,1,0,90,985.082
9,1,0,90,985.392
9,1,0,90,988.164
9,1,0,90,998.140
9,1,0,90,986.061
9,1,0,90,986.556
9,1,0,90,986.254
9,1,0,90,988.545
9,1,0,90,985.003
9,1,0,90,1005.997
9,1,0,90,988.066
9,1,0,90,985.154
9,1,0,90,986.315
9,1,0,90,984.106
9,1,0,90,987.656
9,1,0,90,985.725
9,1,0,90,979.072
9,1,0,90,1003.733
9,1,0,90,987.913
9,1,0,90,983.815
9,1,0,90,986.569
9,1,0,90,984.638
9,1,0,90,986.429
9,1,0,90,987.034
9,1,0,90,986.770
9,1,0,90,985.931
9,1,0,90,989.204
9,1,0,90,987.846
9,1,0,90,987.730
9,1,0,90,18839.112
10,1,0,90,0.129
10,1,0,90,713.380
10,1,0,90,652.338
10,1,0,90,30.798
10,1,0,90,528.365
10,1,0,90,520.711
10,1,0,90,1001.944
10,1,0,90,901.587
10,1,0,90,990.896
10,1,0,90,992.187
10,1,0,90,455.129
10,1,0,90,19.645
10,1,0,90,990.709
10,1,0,90,991.018
10,1,0,90,991.013
10,1,0,90,990.637
10,1,0,90,989.724
10,1,0,90,991.497
10,1,0,90,990.010
10,1,0,90,990.783
10,1,0,90,974.055
10,1,0,90,992.550
10,1,0,90,1001.230
10,1,0,90,943.965
10,1,0,90,991.645
10,1,0,90,992.343
10,1,0,90,991.708
10,1,0,90,991.722
10,1,0,90,991.827
10,1,0,90,991.952
10,1,0,90,992.021
10,1,0,90,991.311
10,1,0,90,991.565
10,1,0,90,1003.356
10,1,0,90,991.925
10,1,0,90,991.679
10,1,0,90,991.007
10,1,0,90,991.946
10,1,0,90,979.200
10,1,0,90,993.899
10,1,0,90,992.004
10,1,0,90,991.240
10,1,0,90,992.049
10,1,0,90,991.211
10,1,0,90,992.743
10,1,0,90,990.996
10,1,0,90,990.825
10,1,0,90,990.653
10,1,0,90,990.777
10,1,0,90,991.142
10,1,0,90,990.118
10,1,0,90,991.020
10,1,0,90,990.663
10,1,0,90,991.121
10,1,0,90,990.782
10,1,0,90,991.166
10,1,0,90,992.346
10,1,0,90,997.099
10,1,0,90,992.168
10,1,0,90,991.552
10,1,0,90,990.972
10,1,0,90,991.319
10,1,0,90,990.203
10,1,0,90,991.197
10,1,0,90,989.914
10,1,0,90,991.724
10,1,0,90,993.404
10,1,0,90,992.991
10,1,0,90,992.004
10,1,0,90,991.480
10,1,0,90,990.993
10,1,0,90,991.284
10,1,0,90,990.650
10,1,0,90,990.329
10,1,0,90,949.472
10,1,0,90,1000.226
10,1,0,90,999.480
10,1,0,90,992.808
10,1,0,90,991.062
10,1,0,90,979.150
10,1,0,90,991.737
10,1,0,90,991.194
10,1,0,90,990.041
10,1,0,90,993.647
10,1,0,90,990.216
10,1,0,90,990.432
10,1,0,90,989.853
10,1,0,90,989.829
10,1,0,90,990.954
10,1,0,90,995.374
10,1,0,90,990.128
10,1,0,90,990.475
10,1,0,90,989.840
10,1,0,90,966.446
10,1,0,90,994.829
10,1,0,90,990.398
10,1,0,90,989.744
10,1,0,90,992.776
10,1,0,90,1001.400
10,1,0,90,991.210
10,1,0,90,990.520
10,1,0,90,991.514
10,1,0,90,991.083
10,1,0,90,990.633
10,1,0,90,990.739
10,1,0,90,990.308
10,1,0,90,990.340
10,1,0,90,990.371
10,1,0,90,1000.255
10,1,0,90,991.120
10,1,0,90,990.281
10,1,0,90,991.443
10,1,0,90,992.085
10,1,0,90,989.488
10,1,0,90,990.130
10,1,0,90,990.421
10,1,0,90,990.824
10,1,0,90,992.670
10,1,0,90,991.776
10,1,0,90,1683.674
10,1,0,90,1161.820
10,1,0,90,991.760
10,1,0,90,990.792
10,1,0,90,989.953
10,1,0,90,991.059
10,1,0,90,990.331
10,1,0,90,989.900
10,1,0,90,989.691
10,1,0,90,990.815
10,1,0,90,990.606
10,1,0,90,990.397
10,1,0,90,979.355
10,1,0,90,996.016
10,1,0,90,990.678
10,1,0,90,989.895
10,1,0,90,1013.556
10,1,0,90,990.403
10,1,0,90,992.545
10,1,0,90,991.392
10,1,0,90,990.627
10,1,0,90,991.067
10,1,0,90,991.635
10,1,0,90,990.297
10,1,0,90,990.310
10,1,0,90,999.971
10,1,0,90,990.059
10,1,0,90,990.294
10,1,0,90,990.196
10,1,0,90,990.357
10,1,0,90,990.537
10,1,0,90,963.199
10,1,0,90,996.712
10,1,0,90,991.151
10,1,0,90,990.664
10,1,0,90,990.085
10,1,0,90,992.450
10,1,0,90,992.574
10,1,0,90,992.717
10,1,0,90,992.156
10,1,0,90,990.614
10,1,0,90,991.720
10,1,0,90,992.011
10,1,0,90,990.654
10,1,0,90,991.074
10,1,0,90,990.476
10,1,0,90,991.341
10,1,0,90,998.910
10,1,0,90,991.164
10,1,0,90,992.066
10,1,0,90,976.191
10,1,0,90,997.056
10,1,0,90,990.291
10,1,0,90,997.693
10,1,0,90,991.114
10,1,0,90,999.997
10,1,0,90,989.918
10,1,0,90,990.209
10,1,0,90,992.704
10,1,0,90,991.698
10,1,0,90,990.897
10,1,0,90,991.595
10,1,0,90,1000.923
10,1,0,90,990.733
10,1,0,90,990.283
10,1,0,90,990.870
10,1,0,90,991.828
10,1,0,90,990.934
10,1,0,90,990.891
10,1,0,90,977.719
10,1,0,90,995.677
10,1,0,90,991.709
10,1,0,90,990.778
10,1,0,90,990.994
10,1,0,90,991.156
10,1,0,90,990.243
10,1,0,90,1011.441
10,1,0,90,992.732
10,1,0,90,992.875
10,1,0,90,991.648
10,1,0,90,991.309
10,1,0,90,991.619
10,1,0,90,991.669
10,1,0,90,990.238
10,1,0,90,989.973
10,1,0,90,990.894
10,1,0,90,990.185
10,1,0,90,989.976
10,1,0,90,944.804
10,1,0,90,995.447
10,1,0,90,991.645
10,1,0,90,991.603
10,1,0,90,990.875
10,1,0,90,990.759
10,1,0,90,990.346
10,1,0,90,1000.618
10,1,0,90,990.706
10,1,0,90,990.978
10,1,0,90,992.510
10,1,0,90,989.875
10,1,0,90,990.296
10,1,0,90,990.864
10,1,0,90,990.581
10,1,0,90,990.150
10,1,0,90,990.571
10,1,0,90,990.065
10,1,0,90,990.893
10,1,0,90,968.166
10,1,0,90,996.012
10,1,0,90,990.340
10,1,0,90,990.409
10,1,0,90,981.997
10,1,0,90,990.306
10,1,0,90,990.245
10,1,0,90,990.166
10,1,0,90,990.216
10,1,0,90,990.044
10,1,0,90,990.854
10,1,0,90,991.922
10,1,0,90,990.195
10,1,0,90,990.264
10,1,0,90,995.684
10,1,0,90,990.605
10,1,0,90,990.470
10,1,0,90,990.742
10,1,0,90,990.848
10,1,0,90,960.917
10,1,0,90,995.189
10,1,0,90,990.647
10,1,0,90,990.753
10,1,0,90,990.877
10,1,0,90,990.131
10,1,0,90,989.959
10,1,0,90,990.158
10,1,0,90,990.430
10,1,0,90,989.740
10,1,0,90,990.012
10,1,0,90,989.729
10,1,0,90,992.409
10,1,0,90,989.792
10,1,0,90,989.972
10,1,0,90,990.078
10,1,0,90,990.221
10,1,0,90,990.382
10,1,0,90,990.840
10,1,0,90,971.057
10,1,0,90,996.033
10,1,0,90,990.935
10,1,0,90,990.245
10,1,0,90,991.813
10,1,0,90,990.567
10,1,0,90,990.692
10,1,0,90,989.853
10,1,0,90,990.014
10,1,0,90,990.398
10,1,0,90,990.319
10,1,0,90,989.906
10,1,0,90,989.827
10,1,0,90,992.006
10,1,0,90,990.353
10,1,0,90,990.181
10,1,0,90,990.472
10,1,0,90,990.819
10,1,0,90,990.517
10,1,0,90,967.067
10,1,0,90,996.414
10,1,0,90,990.464
10,1,0,90,990.218
10,1,0,90,989.546
10,1,0,90,990.226
10,1,0,90,990.480
10,1,0,90,990.660
10,1,0,90,991.266
10,1,0,90,990.723
10,1,0,90,990.440
10,1,0,90,990.361
10,1,0,90,989.374
10,1,0,90,992.832
10,1,0,90,991.863
10,1,0,90,989.932
10,1,0,90,989.797
10,1,0,90,991.866
10,1,0,90,990.601
10,1,0,90,966.300
10,1,0,90,995.461
10,1,0,90,990.530
10,1,0,90,990.673
10,1,0,90,990.853
10,1,0,90,990.588
10,1,0,90,990.638
10,1,0,90,990.540
10,1,0,90,990.480
10,1,0,90,1687.100
10,1,0,90,1165.357
10,1,0,90,990.723
10,1,0,90,990.440
10,1,0,90,990.249
10,1,0,90,989.707
10,1,0,90,991.887
10,1,0,90,989.826
10,1,0,90,989.821
10,1,0,90,1000.297
10,1,0,90,953.421
10,1,0,90,997.064
10,1,0,90,990.485
10,1,0,90,990.276
10,1,0,90,990.456
10,1,0,90,990.098
10,1,0,90,990.019
10,1,0,90,990.866
10,1,0,90,989.971
10,1,0,90,989.836
10,1,0,90,991.498
10,1,0,90,991.900
10,1,0,90,990.672
10,1,0,90,989.871
10,1,0,90,990.125
10,1,0,90,990.064
10,1,0,90,1001.207
10,1,0,90,992.127
10,1,0,90,952.048
10,1,0,90,996.172
10,1,0,90,991.426
10,1,0,90,990.902
10,1,0,90,991.064
10,1,0,90,990.614
10,1,0,90,990.646
10,1,0,90,990.492
10,1,0,90,991.431
10,1,0,90,990.741
10,1,0,90,990.754
10,1,0,90,990.601
10,1,0,90,990.336
10,1,0,90,990.386
10,1,0,90,990.640
10,1,0,90,990.709
10,1,0,90,990.352
10,1,0,90,990.143
10,1,0,90,991.952
10,1,0,90,968.966
10,1,0,90,998.812
10,1,0,90,991.511
10,1,0,90,992.172
10,1,0,90,991.574
10,1,0,90,990.328
10,1,0,90,991.452
10,1,0,90,991.540
10,1,0,90,990.016
10,1,0,90,990.548
10,1,0,90,989.931
10,1,0,90,990.648
10,1,0,90,990.791
10,1,0,90,990.860
10,1,0,90,991.095
10,1,0,90,990.719
10,1,0,90,990.862
10,1,0,90,990.672
10,1,0,90,990.500
10,1,0,90,958.161
10,1,0,90,997.193
10,1,0,90,990.539
10,1,0,90,990.405
10,1,0,90,992.899
10,1,0,90,990.116
10,1,0,90,990.518
10,1,0,90,989.976
10,1,0,90,990.619
10,1,0,90,990.076
10,1,0,90,989.775
10,1,0,90,989.807
10,1,0,90,990.079
10,1,0,90,989.851
10,1,0,90,989.568
10,1,0,90,990.137
10,1,0,90,990.150
10,1,0,90,991.145
10,1,0,90,990.010
10,1,0,90,966.894
10,1,0,90,999.703
10,1,0,90,991.513
10,1,0,90,991.600
10,1,0,90,990.298
10,1,0,90,990.645
10,1,0,90,990.325
10,1,0,90,993.745
10,1,0,90,990.740
10,1,0,90,991.716
10,1,0,90,990.507
10,1,0,90,1681.535
10,1,0,90,1159.533
10,1,0,90,990.843
10,1,0,90,990.171
10,1,0,90,990.629
10,1,0,90,990.624
10,1,0,90,990.211
10,1,0,90,990.206
10,1,0,90,970.886
10,1,0,90,995.788
10,1,0,90,992.579
10,1,0,90,991.870
10,1,0,90,990.809
10,1,0,90,990.803
10,1,0,90,990.761
10,1,0,90,991.015
10,1,0,90,990.917
10,1,0,90,990.319
10,1,0,90,989.962
10,1,0,90,989.753
10,1,0,90,990.544
10,1,0,90,991.798
10,1,0,90,990.626
10,1,0,90,990.232
10,1,0,90,990.523
10,1,0,90,989.999
10,1,0,90,1000.623
10,1,0,90,964.081
10,1,0,90,1008.613
10,1,0,90,990.348
10,1,0,90,992.972
10,1,0,90,991.504
10,1,0,90,990.814
10,1,0,90,990.660
10,1,0,90,991.507
10,1,0,90,991.242
10,1,0,90,990.144
10,1,0,90,990.769
10,1,0,90,990.152
10,1,0,90,989.517
10,1,0,90,989.845
10,1,0,90,989.507
10,1,0,90,990.576
10,1,0,90,989.755
10,1,0,90,989.954
10,1,0,90,990.652
10,1,0,90,954.073
10,1,0,90,995.586
10,1,0,90,1682.910
10,1,0,90,1160.852
10,1,0,90,993.107
10,1,0,90,990.806
10,1,0,90,990.559
10,1,0,90,991.702
10,1,0,90,991.586
10,1,0,90,991.525
10,1,0,90,990.927
10,1,0,90,990.551
10,1,0,90,990.583
10,1,0,90,990.467
10,1,0,90,990.406
10,1,0,90,989.864
10,1,0,90,990.284
10,1,0,90,990.075
10,1,0,90,990.570
10,1,0,90,983.120
10,1,0,90,997.041
10,1,0,90,990.443
10,1,0,90,990.160
10,1,0,90,990.451
10,1,0,90,992.075
10,1,0,90,991.755
10,1,0,90,990.231
10,1,0,90,990.596
10,1,0,90,992.165
10,1,0,90,991.326
10,1,0,90,1009.395
10,1,0,90,990.686
10,1,0,90,990.310
10,1,0,90,989.990
10,1,0,90,990.004
10,1,0,90,989.943
10,1,0,90,990.789
10,1,0,90,989.673
10,1,0,90,954.371
10,1,0,90,998.051
10,1,0,90,990.694
10,1,0,90,990.466
10,1,0,90,990.239
10,1,0,90,990.697
10,1,0,90,992.173
10,1,0,90,992.353
10,1,0,90,991.514
10,1,0,90,991.472
10,1,0,90,990.466
10,1,0,90,990.739
10,1,0,90,1684.730
10,1,0,90,1161.542
10,1,0,90,991.612
10,1,0,90,990.403
10,1,0,90,990.083
10,1,0,90,990.781
10,1,0,90,990.035
10,1,0,90,971.345
10,1,0,90,994.969
10,1,0,90,991.149
10,1,0,90,991.884
10,1,0,90,990.360
10,1,0,90,991.355
10,1,0,90,990.405
10,1,0,90,991.863
10,1,0,90,991.098
10,1,0,90,991.519
10,1,0,90,990.273
10,1,0,90,990.823
10,1,0,90,985.022
10,1,0,90,990.757
10,1,0,90,991.585
10,1,0,90,990.561
10,1,0,90,990.426
10,1,0,90,989.921
10,1,0,90,989.860
10,1,0,90,948.262
10,1,0,90,995.812
10,1,0,90,990.603
10,1,0,90,992.376
10,1,0,90,990.741
10,1,0,90,990.699
10,1,0,90,990.749
10,1,0,90,990.595
10,1,0,90,992.183
10,1,0,90,991.159
10,1,0,90,992.080
10,1,0,90,990.685
10,1,0,90,990.680
10,1,0,90,990.138
10,1,0,90,989.966
10,1,0,90,990.072
10,1,0,90,989.955
10,1,0,90,989.598
10,1,0,90,990.222
10,1,0,90,970.125
10,1,0,90,995.619
10,1,0,90,990.040
10,1,0,90,990.127
10,1,0,90,990.177
10,1,0,90,991.987
10,1,0,90,990.444
10,1,0,90,990.235
10,1,0,90,991.489
10,1,0,90,992.632
10,1,0,90,991.275
10,1,0,90,991.640
10,1,0,90,990.746
10,1,0,90,990.481
10,1,0,90,990.013
10,1,0,90,990.323
10,1,0,90,990.410
10,1,0,90,990.571
10,1,0,90,990.640
10,1,0,90,952.339
10,1,0,90,995.722
10,1,0,90,991.106
10,1,0,90,990.360
10,1,0,90,990.484
10,1,0,90,990.071
10,1,0,90,1002.584
10,1,0,90,990.709
10,1,0,90,990.481
10,1,0,90,989.698
10,1,0,90,992.304
10,1,0,90,989.799
10,1,0,90,1009.682
10,1,0,90,990.806
10,1,0,90,990.727
10,1,0,90,990.463
10,1,0,90,990.068
10,1,0,90,991.063
10,1,0,90,990.150
10,1,0,90,981.923
10,1,0,90,1008.714
10,1,0,90,991.171
10,1,0,90,990.240
10,1,0,90,990.698
10,1,0,90,989.952
10,1,0,90,989.909
10,1,0,90,991.312
10,1,0,90,991.084
10,1,0,90,990.616
10,1,0,90,990.740
10,1,0,90,991.957
10,1,0,90,990.841
10,1,0,90,19185.980
11,1,0,90,0.074
11,1,0,90,520.492
11,1,0,90,459.375
11,1,0,90,29.632
11,1,0,90,335.532
11,1,0,90,327.823
11,1,0,90,1028.907
11,1,0,90,837.625
11,1,0,90,989.989
11,1,0,90,988.947
11,1,0,90,262.223
11,1,0,90,47.719
11,1,0,90,989.301
11,1,0,90,987.333
11,1,0,90,987.605
11,1,0,90,989.230
11,1,0,90,989.169
11,1,0,90,988.756
11,1,0,90,987.195
11,1,0,90,987.171
11,1,0,90,972.814
11,1,0,90,989.290
11,1,0,90,1028.340
11,1,0,90,910.021
11,1,0,90,990.497
11,1,0,90,989.232
11,1,0,90,988.579
11,1,0,90,988.536
11,1,0,90,992.587
11,1,0,90,988.896
11,1,0,90,988.872
11,1,0,90,987.885
11,1,0,90,990.065
11,1,0,90,999.912
11,1,0,90,988.870
11,1,0,90,987.698
11,1,0,90,989.766
11,1,0,90,988.131
11,1,0,90,976.663
11,1,0,90,990.269
11,1,0,90,991.819
11,1,0,90,988.055
11,1,0,90,987.920
11,1,0,90,988.618
11,1,0,90,991.335
11,1,0,90,987.330
11,1,0,90,987.510
11,1,0,90,988.171
11,1,0,90,989.777
11,1,0,90,987.457
11,1,0,90,986.544
11,1,0,90,987.928
11,1,0,90,989.515
11,1,0,90,988.121
11,1,0,90,988.226
11,1,0,90,988.221
11,1,0,90,991.679
11,1,0,90,994.451
11,1,0,90,989.409
11,1,0,90,988.793
11,1,0,90,989.546
11,1,0,90,988.689
11,1,0,90,987.554
11,1,0,90,987.716
11,1,0,90,988.433
11,1,0,90,989.298
11,1,0,90,989.996
11,1,0,90,989.935
11,1,0,90,990.893
11,1,0,90,988.739
11,1,0,90,987.364
11,1,0,90,987.210
11,1,0,90,989.020
11,1,0,90,987.181
11,1,0,90,946.084
11,1,0,90,996.652
11,1,0,90,998.202
11,1,0,90,988.864
11,1,0,90,988.414
11,1,0,90,975.742
11,1,0,90,990.292
11,1,0,90,987.213
11,1,0,90,986.541
11,1,0,90,989.665
11,1,0,90,988.197
11,1,0,90,986.729
11,1,0,90,986.760
11,1,0,90,987.144
11,1,0,90,989.120
11,1,0,90,991.670
11,1,0,90,986.906
11,1,0,90,987.252
11,1,0,90,988.766
11,1,0,90,964.316
11,1,0,90,991.199
11,1,0,90,986.435
11,1,0,90,989.318
11,1,0,90,990.109
11,1,0,90,998.771
11,1,0,90,987.673
11,1,0,90,989.445
11,1,0,90,987.255
11,1,0,90,988.361
11,1,0,90,986.615
11,1,0,90,988.850
11,1,0,90,987.623
11,1,0,90,987.543
11,1,0,90,986.853
11,1,0,90,999.551
11,1,0,90,987.305
11,1,0,90,987.596
11,1,0,90,988.906
11,1,0,90,991.122
11,1,0,90,986.247
11,1,0,90,986.186
11,1,0,90,986.958
11,1,0,90,989.583
11,1,0,90,989.077
11,1,0,90,988.702
11,1,0,90,1681.322
11,1,0,90,1167.172
11,1,0,90,988.204
11,1,0,90,987.884
11,1,0,90,987.027
11,1,0,90,989.337
11,1,0,90,986.591
11,1,0,90,987.696
11,1,0,90,986.228
11,1,0,90,989.112
11,1,0,90,987.329
11,1,0,90,987.379
11,1,0,90,975.633
11,1,0,90,994.239
11,1,0,90,987.215
11,1,0,90,986.691
11,1,0,90,1010.056
11,1,0,90,988.847
11,1,0,90,989.416
11,1,0,90,988.299
11,1,0,90,986.424
11,1,0,90,989.807
11,1,0,90,987.709
11,1,0,90,986.945
11,1,0,90,987.402
11,1,0,90,998.193
11,1,0,90,986.281
11,1,0,90,987.498
11,1,0,90,987.178
11,1,0,90,989.209
11,1,0,90,987.000
11,1,0,90,960.088
11,1,0,90,993.841
11,1,0,90,989.225
11,1,0,90,986.757
11,1,0,90,986.696
11,1,0,90,988.672
11,1,0,90,990.445
11,1,0,90,988.810
11,1,0,90,989.508
11,1,0,90,986.669
11,1,0,90,990.683
11,1,0,90,988.400
11,1,0,90,988.116
11,1,0,90,988.611
11,1,0,90,988.810
11,1,0,90,987.193
11,1,0,90,996.410
11,1,0,90,987.312
11,1,0,90,991.103
11,1,0,90,973.098
11,1,0,90,994.185
11,1,0,90,986.717
11,1,0,90,996.526
11,1,0,90,987.280
11,1,0,90,996.701
11,1,0,90,986.807
11,1,0,90,989.172
11,1,0,90,989.296
11,1,0,90,988.828
11,1,0,90,987.415
11,1,0,90,990.502
11,1,0,90,997.997
11,1,0,90,988.233
11,1,0,90,986.561
11,1,0,90,990.352
11,1,0,90,989.143
11,1,0,90,988.174
11,1,0,90,988.095
11,1,0,90,977.090
11,1,0,90,992.140
11,1,0,90,989.375
11,1,0,90,987.926
11,1,0,90,989.587
11,1,0,90,986.952
11,1,0,90,986.447
11,1,0,90,1008.775
11,1,0,90,991.955
11,1,0,90,989.801
11,1,0,90,989.166
11,1,0,90,988.235
11,1,0,90,990.970
11,1,0,90,987.780
11,1,0,90,986.589
11,1,0,90,987.529
11,1,0,90,989.338
11,1,0,90,986.222
11,1,0,90,986.828
11,1,0,90,941.026
11,1,0,90,994.095
11,1,0,90,987.793
11,1,0,90,988.528
11,1,0,90,987.671
11,1,0,90,990.148
11,1,0,90,986.550
11,1,0,90,997.415
11,1,0,90,987.743
11,1,0,90,989.960
11,1,0,90,988.732
11,1,0,90,987.171
11,1,0,90,986.536
11,1,0,90,989.790
11,1,0,90,987.266
11,1,0,90,987.446
11,1,0,90,987.108
11,1,0,90,989.639
11,1,0,90,987.856
11,1,0,90,964.740
11,1,0,90,993.105
11,1,0,90,989.359
11,1,0,90,987.002
11,1,0,90,978.922
11,1,0,90,986.843
11,1,0,90,989.597
11,1,0,90,986.906
11,1,0,90,986.531
11,1,0,90,986.340
11,1,0,90,989.779
11,1,0,90,988.330
11,1,0,90,988.639
11,1,0,90,987.245
11,1,0,90,994.499
11,1,0,90,987.253
11,1,0,90,987.451
11,1,0,90,986.687
11,1,0,90,989.126
11,1,0,90,957.621
11,1,0,90,993.208
11,1,0,90,986.888
11,1,0,90,990.160
11,1,0,90,987.785
11,1,0,90,986.909
11,1,0,90,987.070
11,1,0,90,989.380
11,1,0,90,987.671
11,1,0,90,985.554
11,1,0,90,987.308
11,1,0,90,987.988
11,1,0,90,989.501
11,1,0,90,987.033
11,1,0,90,986.954
11,1,0,90,988.874
11,1,0,90,986.258
11,1,0,90,988.086
11,1,0,90,987.692
11,1,0,90,970.464
11,1,0,90,992.274
11,1,0,90,987.898
11,1,0,90,987.393
11,1,0,90,990.610
11,1,0,90,988.197
11,1,0,90,988.340
11,1,0,90,986.649
11,1,0,90,988.848
11,1,0,90,987.546
11,1,0,90,988.133
11,1,0,90,987.665
11,1,0,90,987.975
11,1,0,90,988.043
11,1,0,90,987.112
11,1,0,90,986.699
11,1,0,90,989.639
11,1,0,90,987.244
11,1,0,90,987.147
11,1,0,90,963.160
11,1,0,90,995.691
11,1,0,90,986.964
11,1,0,90,987.940
11,1,0,90,986.027
11,1,0,90,989.355
11,1,0,90,986.702
11,1,0,90,987.512
11,1,0,90,987.265
11,1,0,90,989.223
11,1,0,90,986.866
11,1,0,90,986.731
11,1,0,90,985.652
11,1,0,90,992.035
11,1,0,90,988.604
11,1,0,90,987.117
11,1,0,90,986.093
11,1,0,90,990.977
11,1,0,90,987.231
11,1,0,90,963.855
11,1,0,90,991.943
11,1,0,90,990.548
11,1,0,90,987.247
11,1,0,90,987.130
11,1,0,90,987.069
11,1,0,90,988.509
11,1,0,90,987.318
11,1,0,90,988.165
11,1,0,90,1684.526
11,1,0,90,1171.060
11,1,0,90,987.538
11,1,0,90,987.625
11,1,0,90,986.471
11,1,0,90,988.929
11,1,0,90,988.572
11,1,0,90,987.530
11,1,0,90,986.895
11,1,0,90,998.741
11,1,0,90,950.736
11,1,0,90,992.675
11,1,0,90,987.003
11,1,0,90,989.516
11,1,0,90,986.715
11,1,0,90,987.598
11,1,0,90,986.834
11,1,0,90,989.347
11,1,0,90,987.045
11,1,0,90,987.207
11,1,0,90,988.479
11,1,0,90,991.566
11,1,0,90,987.117
11,1,0,90,986.445
11,1,0,90,987.088
11,1,0,90,988.416
11,1,0,90,997.466
11,1,0,90,989.035
11,1,0,90,948.881
11,1,0,90,994.394
11,1,0,90,988.537
11,1,0,90,987.643
11,1,0,90,987.175
11,1,0,90,989.244
11,1,0,90,986.979
11,1,0,90,987.214
11,1,0,90,988.005
11,1,0,90,989.982
11,1,0,90,987.995
11,1,0,90,987.804
11,1,0,90,986.725
11,1,0,90,988.775
11,1,0,90,987.900
11,1,0,90,987.950
11,1,0,90,986.815
11,1,0,90,988.217
11,1,0,90,987.878
11,1,0,90,967.262
11,1,0,90,995.182
11,1,0,90,990.603
11,1,0,90,987.653
11,1,0,90,987.537
11,1,0,90,987.569
11,1,0,90,991.100
11,1,0,90,988.317
11,1,0,90,986.831
11,1,0,90,986.492
11,1,0,90,988.357
11,1,0,90,987.185
11,1,0,90,987.069
11,1,0,90,987.174
11,1,0,90,989.576
11,1,0,90,987.219
11,1,0,90,988.455
11,1,0,90,987.579
11,1,0,90,989.148
11,1,0,90,955.328
11,1,0,90,994.878
11,1,0,90,986.799
11,1,0,90,989.867
11,1,0,90,989.899
11,1,0,90,986.672
11,1,0,90,987.463
11,1,0,90,988.624
11,1,0,90,986.433
11,1,0,90,986.910
11,1,0,90,985.830
11,1,0,90,989.214
11,1,0,90,986.968
11,1,0,90,986.944
11,1,0,90,985.050
11,1,0,90,988.619
11,1,0,90,986.132
11,1,0,90,987.460
11,1,0,90,986.177
11,1,0,90,965.986
11,1,0,90,995.425
11,1,0,90,988.902
11,1,0,90,989.193
11,1,0,90,988.521
11,1,0,90,987.515
11,1,0,90,986.417
11,1,0,90,990.486
11,1,0,90,989.555
11,1,0,90,991.142
11,1,0,90,987.267
11,1,0,90,1678.850
11,1,0,90,1165.181
11,1,0,90,987.547
11,1,0,90,986.319
11,1,0,90,987.610
11,1,0,90,989.327
11,1,0,90,986.655
11,1,0,90,986.891
11,1,0,90,967.774
11,1,0,90,994.528
11,1,0,90,988.579
11,1,0,90,988.740
11,1,0,90,987.179
11,1,0,90,988.970
11,1,0,90,987.150
11,1,0,90,987.496
11,1,0,90,987.528
11,1,0,90,989.467
11,1,0,90,986.240
11,1,0,90,987.253
11,1,0,90,986.655
11,1,0,90,990.928
11,1,0,90,988.367
11,1,0,90,987.861
11,1,0,90,986.893
11,1,0,90,989.295
11,1,0,90,996.790
11,1,0,90,961.285
11,1,0,90,1005.538
11,1,0,90,991.348
11,1,0,90,989.435
11,1,0,90,988.393
11,1,0,90,988.017
11,1,0,90,989.142
11,1,0,90,987.914
11,1,0,90,988.335
11,1,0,90,987.218
11,1,0,90,988.917
11,1,0,90,987.171
11,1,0,90,986.110
11,1,0,90,985.827
11,1,0,90,988.451
11,1,0,90,987.057
11,1,0,90,987.015
11,1,0,90,986.213
11,1,0,90,989.448
11,1,0,90,951.017
11,1,0,90,991.567
11,1,0,90,1680.095
11,1,0,90,1166.741
11,1,0,90,989.866
11,1,0,90,988.287
11,1,0,90,987.448
11,1,0,90,989.850
11,1,0,90,987.549
11,1,0,90,988.858
11,1,0,90,987.705
11,1,0,90,989.255
11,1,0,90,986.972
11,1,0,90,987.893
11,1,0,90,986.832
11,1,0,90,987.993
11,1,0,90,987.247
11,1,0,90,988.223
11,1,0,90,987.440
11,1,0,90,981.472
11,1,0,90,992.930
11,1,0,90,988.609
11,1,0,90,986.289
11,1,0,90,988.840
11,1,0,90,989.557
11,1,0,90,988.699
11,1,0,90,986.990
11,1,0,90,989.318
11,1,0,90,989.128
11,1,0,90,988.493
11,1,0,90,1006.543
11,1,0,90,989.668
11,1,0,90,986.236
11,1,0,90,986.546
11,1,0,90,987.244
11,1,0,90,988.387
11,1,0,90,987.160
11,1,0,90,985.488
11,1,0,90,951.649
11,1,0,90,997.607
11,1,0,90,987.083
11,1,0,90,986.652
11,1,0,90,987.757
11,1,0,90,990.826
11,1,0,90,988.506
11,1,0,90,988.464
11,1,0,90,987.866
11,1,0,90,990.120
11,1,0,90,987.096
11,1,0,90,987.072
11,1,0,90,1681.119
11,1,0,90,1166.783
11,1,0,90,987.612
11,1,0,90,986.477
11,1,0,90,986.805
11,1,0,90,989.337
11,1,0,90,986.702
11,1,0,90,968.048
11,1,0,90,992.135
11,1,0,90,989.686
11,1,0,90,988.995
11,1,0,90,987.323
11,1,0,90,987.244
11,1,0,90,988.590
11,1,0,90,987.752
11,1,0,90,988.265
11,1,0,90,988.500
11,1,0,90,988.865
11,1,0,90,987.268
11,1,0,90,982.022
11,1,0,90,987.109
11,1,0,90,990.881
11,1,0,90,987.432
11,1,0,90,986.889
11,1,0,90,986.236
11,1,0,90,988.267
11,1,0,90,945.725
11,1,0,90,992.812
11,1,0,90,987.752
11,1,0,90,990.450
11,1,0,90,986.889
11,1,0,90,988.254
11,1,0,90,987.841
11,1,0,90,989.762
11,1,0,90,989.423
11,1,0,90,987.788
11,1,0,90,987.691
11,1,0,90,989.148
11,1,0,90,987.921
11,1,0,90,987.230
11,1,0,90,986.558
11,1,0,90,988.238
11,1,0,90,986.307
11,1,0,90,986.505
11,1,0,90,986.426
11,1,0,90,968.606
11,1,0,90,992.471
11,1,0,90,986.336
11,1,0,90,986.460
11,1,0,90,988.825
11,1,0,90,987.839
11,1,0,90,987.500
11,1,0,90,986.569
11,1,0,90,990.582
11,1,0,90,989.077
11,1,0,90,989.127
11,1,0,90,988.399
11,1,0,90,988.375
11,1,0,90,987.574
11,1,0,90,986.809
11,1,0,90,986.489
11,1,0,90,988.558
11,1,0,90,987.442
11,1,0,90,987.381
11,1,0,90,949.839
11,1,0,90,993.426
11,1,0,90,986.217
11,1,0,90,987.045
11,1,0,90,987.039
11,1,0,90,989.238
11,1,0,90,999.177
11,1,0,90,987.301
11,1,0,90,987.648
11,1,0,90,988.124
11,1,0,90,989.804
11,1,0,90,986.299
11,1,0,90,1007.015
11,1,0,90,989.695
11,1,0,90,987.060
11,1,0,90,987.425
11,1,0,90,986.013
11,1,0,90,989.396
11,1,0,90,986.947
11,1,0,90,979.626
11,1,0,90,1005.047
11,1,0,90,989.412
11,1,0,90,986.018
11,1,0,90,987.587
11,1,0,90,985.674
11,1,0,90,988.095
11,1,0,90,988.274
11,1,0,90,987.732
11,1,0,90,986.968
11,1,0,90,990.036
11,1,0,90,988.920
11,1,0,90,988.655
11,1,0,90,18993.055
12,1,0,90,0.093
12,1,0,90,454.622
12,1,0,90,393.506
12,1,0,90,28.892
12,1,0,90,269.644
12,1,0,90,261.769
12,1,0,90,1028.556
12,1,0,90,834.848
12,1,0,90,990.027
12,1,0,90,987.114
12,1,0,90,196.039
12,1,0,90,48.220
12,1,0,90,987.543
12,1,0,90,986.593
12,1,0,90,986.013
12,1,0,90,988.619
12,1,0,90,988.521
12,1,0,90,988.146
12,1,0,90,986.159
12,1,0,90,986.339
12,1,0,90,971.111
12,1,0,90,988.884
12,1,0,90,1028.434
12,1,0,90,907.762
12,1,0,90,989.942
12,1,0,90,987.992
12,1,0,90,986.709
12,1,0,90,987.019
12,1,0,90,991.847
12,1,0,90,988.045
12,1,0,90,987.466
12,1,0,90,985.812
12,1,0,90,989.529
12,1,0,90,998.876
12,1,0,90,987.741
12,1,0,90,986.995
12,1,0,90,989.304
12,1,0,90,987.095
12,1,0,90,975.720
12,1,0,90,989.140
12,1,0,90,991.227
12,1,0,90,987.463
12,1,0,90,986.439
12,1,0,90,987.823
12,1,0,90,990.651
12,1,0,90,985.997
12,1,0,90,985.714
12,1,0,90,988.061
12,1,0,90,989.352
12,1,0,90,986.569
12,1,0,90,984.767
12,1,0,90,987.243
12,1,0,90,989.108
12,1,0,90,987.344
12,1,0,90,987.283
12,1,0,90,987.259
12,1,0,90,991.309
12,1,0,90,993.508
12,1,0,90,989.206
12,1,0,90,987.590
12,1,0,90,988.769
12,1,0,90,987.690
12,1,0,90,986.518
12,1,0,90,985.735
12,1,0,90,987.674
12,1,0,90,988.261
12,1,0,90,988.867
12,1,0,90,989.269
12,1,0,90,990.264
12,1,0,90,987.518
12,1,0,90,985.550
12,1,0,90,985.767
12,1,0,90,988.076
12,1,0,90,986.275
12,1,0,90,944.825
12,1,0,90,994.708
12,1,0,90,996.740
12,1,0,90,987.661
12,1,0,90,988.433
12,1,0,90,974.743
12,1,0,90,988.682
12,1,0,90,984.991
12,1,0,90,985.338
12,1,0,90,988.203
12,1,0,90,988.124
12,1,0,90,985.766
12,1,0,90,984.891
12,1,0,90,986.571
12,1,0,90,988.306
12,1,0,90,990.208
12,1,0,90,985.647
12,1,0,90,986.012
12,1,0,90,988.414
12,1,0,90,963.539
12,1,0,90,990.459
12,1,0,90,984.825
12,1,0,90,988.264
12,1,0,90,989.277
12,1,0,90,998.179
12,1,0,90,986.748
12,1,0,90,989.242
12,1,0,90,986.182
12,1,0,90,986.528
12,1,0,90,984.801
12,1,0,90,988.406
12,1,0,90,986.864
12,1,0,90,986.525
12,1,0,90,985.687
12,1,0,90,999.626
12,1,0,90,985.621
12,1,0,90,986.615
12,1,0,90,988.129
12,1,0,90,991.123
12,1,0,90,985.507
12,1,0,90,984.446
12,1,0,90,985.755
12,1,0,90,988.843
12,1,0,90,987.689
12,1,0,90,986.851
12,1,0,90,1974.748
12,1,0,90,1166.524
12,1,0,90,987.483
12,1,0,90,985.922
12,1,0,90,986.269
12,1,0,90,987.782
12,1,0,90,985.591
12,1,0,90,987.160
12,1,0,90,985.284
12,1,0,90,987.557
12,1,0,90,986.255
12,1,0,90,986.306
12,1,0,90,973.948
12,1,0,90,993.350
12,1,0,90,986.234
12,1,0,90,985.840
12,1,0,90,1008.446
12,1,0,90,988.440
12,1,0,90,988.398
12,1,0,90,987.189
12,1,0,90,984.517
12,1,0,90,989.252
12,1,0,90,986.136
12,1,0,90,984.853
12,1,0,90,986.311
12,1,0,90,996.657
12,1,0,90,985.059
12,1,0,90,986.647
12,1,0,90,986.438
12,1,0,90,988.580
12,1,0,90,985.945
12,1,0,90,958.811
12,1,0,90,993.231
12,1,0,90,987.652
12,1,0,90,985.239
12,1,0,90,985.808
12,1,0,90,987.191
12,1,0,90,989.168
12,1,0,90,986.829
12,1,0,90,988.527
12,1,0,90,985.504
12,1,0,90,989.943
12,1,0,90,986.919
12,1,0,90,987.358
12,1,0,90,988.371
12,1,0,90,987.847
12,1,0,90,985.231
12,1,0,90,995.614
12,1,0,90,986.091
12,1,0,90,990.363
12,1,0,90,972.043
12,1,0,90,993.853
12,1,0,90,985.903
12,1,0,90,995.990
12,1,0,90,985.151
12,1,0,90,995.183
12,1,0,90,985.863
12,1,0,90,988.061
12,1,0,90,988.427
12,1,0,90,987.829
12,1,0,90,986.620
12,1,0,90,989.577
12,1,0,90,997.702
12,1,0,90,988.270
12,1,0,90,985.524
12,1,0,90,989.834
12,1,0,90,987.977
12,1,0,90,987.082
12,1,0,90,986.892
12,1,0,90,976.516
12,1,0,90,991.159
12,1,0,90,988.339
12,1,0,90,986.797
12,1,0,90,988.162
12,1,0,90,985.027
12,1,0,90,984.392
12,1,0,90,1007.942
12,1,0,90,990.418
12,1,0,90,988.635
12,1,0,90,987.926
12,1,0,90,987.051
12,1,0,90,990.286
12,1,0,90,985.707
12,1,0,90,985.738
12,1,0,90,986.752
12,1,0,90,988.524
12,1,0,90,984.111
12,1,0,90,985.680
12,1,0,90,939.119
12,1,0,90,992.466
12,1,0,90,986.683
12,1,0,90,987.418
12,1,0,90,986.802
12,1,0,90,989.315
12,1,0,90,984.699
12,1,0,90,995.619
12,1,0,90,986.540
12,1,0,90,989.590
12,1,0,90,987.492
12,1,0,90,986.283
12,1,0,90,984.482
12,1,0,90,988.791
12,1,0,90,985.230
12,1,0,90,986.503
12,1,0,90,985.979
12,1,0,90,989.103
12,1,0,90,986.764
12,1,0,90,963.259
12,1,0,90,992.346
12,1,0,90,988.526
12,1,0,90,985.317
12,1,0,90,978.571
12,1,0,90,985.899
12,1,0,90,989.153
12,1,0,90,985.778
12,1,0,90,985.272
12,1,0,90,985.026
12,1,0,90,989.243
12,1,0,90,986.312
12,1,0,90,988.455
12,1,0,90,986.264
12,1,0,90,993.870
12,1,0,90,986.050
12,1,0,90,986.211
12,1,0,90,985.447
12,1,0,90,988.367
12,1,0,90,956.918
12,1,0,90,992.431
12,1,0,90,985.926
12,1,0,90,989.439
12,1,0,90,986.896
12,1,0,90,985.724
12,1,0,90,986.497
12,1,0,90,988.769
12,1,0,90,986.838
12,1,0,90,984.259
12,1,0,90,986.142
12,1,0,90,986.582
12,1,0,90,988.984
12,1,0,90,986.071
12,1,0,90,986.066
12,1,0,90,988.375
12,1,0,90,984.351
12,1,0,90,987.383
12,1,0,90,986.526
12,1,0,90,969.780
12,1,0,90,990.200
12,1,0,90,986.751
12,1,0,90,986.375
12,1,0,90,988.740
12,1,0,90,987.420
12,1,0,90,987.915
12,1,0,90,984.946
12,1,0,90,987.311
12,1,0,90,986.825
12,1,0,90,987.523
12,1,0,90,986.907
12,1,0,90,986.772
12,1,0,90,986.470
12,1,0,90,986.372
12,1,0,90,985.682
12,1,0,90,988.362
12,1,0,90,985.616
12,1,0,90,985.258
12,1,0,90,961.864
12,1,0,90,995.044
12,1,0,90,986.113
12,1,0,90,987.700
12,1,0,90,984.843
12,1,0,90,988.967
12,1,0,90,984.703
12,1,0,90,985.420
12,1,0,90,986.100
12,1,0,90,988.909
12,1,0,90,985.385
12,1,0,90,985.343
12,1,0,90,984.615
12,1,0,90,990.795
12,1,0,90,986.494
12,1,0,90,985.914
12,1,0,90,984.094
12,1,0,90,990.237
12,1,0,90,986.306
12,1,0,90,962.819
12,1,0,90,990.369
12,1,0,90,990.123
12,1,0,90,986.451
12,1,0,90,985.964
12,1,0,90,985.829
12,1,0,90,987.713
12,1,0,90,986.319
12,1,0,90,987.221
12,1,0,90,1978.636
12,1,0,90,1170.413
12,1,0,90,986.520
12,1,0,90,986.681
12,1,0,90,985.472
12,1,0,90,988.171
12,1,0,90,987.369
12,1,0,90,986.456
12,1,0,90,985.729
12,1,0,90,997.575
12,1,0,90,950.015
12,1,0,90,990.991
12,1,0,90,985.022
12,1,0,90,988.962
12,1,0,90,985.604
12,1,0,90,986.488
12,1,0,90,985.631
12,1,0,90,988.274
12,1,0,90,986.231
12,1,0,90,986.245
12,1,0,90,987.980
12,1,0,90,991.012
12,1,0,90,986.006
12,1,0,90,985.316
12,1,0,90,986.051
12,1,0,90,986.916
12,1,0,90,996.689
12,1,0,90,988.035
12,1,0,90,948.253
12,1,0,90,992.728
12,1,0,90,987.316
12,1,0,90,985.829
12,1,0,90,985.342
12,1,0,90,987.837
12,1,0,90,985.906
12,1,0,90,985.956
12,1,0,90,987.284
12,1,0,90,989.445
12,1,0,90,986.940
12,1,0,90,986.731
12,1,0,90,984.652
12,1,0,90,987.998
12,1,0,90,987.160
12,1,0,90,986.895
12,1,0,90,985.760
12,1,0,90,986.810
12,1,0,90,986.416
12,1,0,90,966.855
12,1,0,90,993.498
12,1,0,90,990.511
12,1,0,90,986.321
12,1,0,90,985.556
12,1,0,90,986.458
12,1,0,90,990.749
12,1,0,90,986.374
12,1,0,90,986.146
12,1,0,90,985.659
12,1,0,90,987.821
12,1,0,90,986.130
12,1,0,90,985.643
12,1,0,90,986.305
12,1,0,90,988.837
12,1,0,90,986.109
12,1,0,90,988.067
12,1,0,90,986.469
12,1,0,90,987.519
12,1,0,90,954.181
12,1,0,90,993.805
12,1,0,90,985.485
12,1,0,90,989.257
12,1,0,90,989.548
12,1,0,90,986.098
12,1,0,90,986.852
12,1,0,90,988.162
12,1,0,90,984.397
12,1,0,90,985.873
12,1,0,90,984.609
12,1,0,90,988.437
12,1,0,90,986.413
12,1,0,90,986.000
12,1,0,90,983.273
12,1,0,90,987.138
12,1,0,90,984.873
12,1,0,90,986.849
12,1,0,90,984.048
12,1,0,90,965.561
12,1,0,90,994.259
12,1,0,90,987.902
12,1,0,90,988.045
12,1,0,90,987.206
12,1,0,90,986.942
12,1,0,90,985.381
12,1,0,90,989.616
12,1,0,90,989.167
12,1,0,90,990.365
12,1,0,90,986.027
12,1,0,90,1972.942
12,1,0,90,1164.367
12,1,0,90,986.955
12,1,0,90,984.320
12,1,0,90,986.574
12,1,0,90,989.791
12,1,0,90,985.656
12,1,0,90,985.910
12,1,0,90,966.775
12,1,0,90,993.788
12,1,0,90,987.339
12,1,0,90,987.833
12,1,0,90,986.106
12,1,0,90,988.174
12,1,0,90,986.743
12,1,0,90,985.553
12,1,0,90,985.807
12,1,0,90,988.857
12,1,0,90,984.870
12,1,0,90,986.383
12,1,0,90,984.637
12,1,0,90,990.280
12,1,0,90,987.886
12,1,0,90,987.066
12,1,0,90,985.875
12,1,0,90,988.463
12,1,0,90,995.013
12,1,0,90,960.100
12,1,0,90,1003.928
12,1,0,90,989.978
12,1,0,90,988.214
12,1,0,90,987.209
12,1,0,90,986.833
12,1,0,90,987.698
12,1,0,90,986.748
12,1,0,90,987.632
12,1,0,90,986.015
12,1,0,90,988.140
12,1,0,90,986.042
12,1,0,90,985.055
12,1,0,90,984.865
12,1,0,90,987.415
12,1,0,90,986.206
12,1,0,90,986.034
12,1,0,90,985.047
12,1,0,90,988.634
12,1,0,90,949.926
12,1,0,90,989.587
12,1,0,90,1974.206
12,1,0,90,1165.631
12,1,0,90,988.719
12,1,0,90,987.121
12,1,0,90,986.208
12,1,0,90,988.351
12,1,0,90,986.457
12,1,0,90,987.600
12,1,0,90,986.113
12,1,0,90,988.274
12,1,0,90,985.732
12,1,0,90,986.745
12,1,0,90,985.462
12,1,0,90,986.012
12,1,0,90,986.155
12,1,0,90,987.631
12,1,0,90,986.200
12,1,0,90,979.954
12,1,0,90,990.856
12,1,0,90,987.592
12,1,0,90,984.531
12,1,0,90,986.970
12,1,0,90,988.520
12,1,0,90,987.589
12,1,0,90,985.713
12,1,0,90,988.338
12,1,0,90,987.962
12,1,0,90,987.457
12,1,0,90,1005.544
12,1,0,90,989.020
12,1,0,90,984.182
12,1,0,90,985.121
12,1,0,90,986.152
12,1,0,90,986.536
12,1,0,90,985.142
12,1,0,90,984.211
12,1,0,90,950.576
12,1,0,90,996.700
12,1,0,90,985.991
12,1,0,90,984.782
12,1,0,90,986.740
12,1,0,90,989.864
12,1,0,90,986.396
12,1,0,90,986.335
12,1,0,90,987.052
12,1,0,90,989.028
12,1,0,90,985.967
12,1,0,90,985.277
12,1,0,90,1974.822
12,1,0,90,1165.672
12,1,0,90,986.483
12,1,0,90,985.422
12,1,0,90,986.083
12,1,0,90,988.319
12,1,0,90,985.536
12,1,0,90,967.419
12,1,0,90,991.007
12,1,0,90,988.668
12,1,0,90,987.959
12,1,0,90,986.120
12,1,0,90,985.985
12,1,0,90,986.924
12,1,0,90,985.901
12,1,0,90,987.210
12,1,0,90,987.483
12,1,0,90,987.848
12,1,0,90,985.176
12,1,0,90,980.948
12,1,0,90,985.924
12,1,0,90,990.734
12,1,0,90,986.358
12,1,0,90,986.186
12,1,0,90,984.607
12,1,0,90,986.287
12,1,0,90,944.485
12,1,0,90,991.776
12,1,0,90,986.493
12,1,0,90,988.617
12,1,0,90,984.742
12,1,0,90,987.144
12,1,0,90,986.879
12,1,0,90,989.096
12,1,0,90,988.832
12,1,0,90,986.586
12,1,0,90,985.895
12,1,0,90,987.371
12,1,0,90,987.125
12,1,0,90,986.138
12,1,0,90,985.503
12,1,0,90,987.220
12,1,0,90,985.271
12,1,0,90,985.413
12,1,0,90,985.130
12,1,0,90,967.458
12,1,0,90,991.305
12,1,0,90,985.318
12,1,0,90,985.183
12,1,0,90,987.641
12,1,0,90,986.173
12,1,0,90,986.223
12,1,0,90,984.477
12,1,0,90,990.120
12,1,0,90,986.985
12,1,0,90,988.053
12,1,0,90,986.511
12,1,0,90,986.284
12,1,0,90,986.371
12,1,0,90,985.680
12,1,0,90,984.805
12,1,0,90,987.762
12,1,0,90,986.313
12,1,0,90,986.400
12,1,0,90,949.173
12,1,0,90,992.389
12,1,0,90,985.069
12,1,0,90,985.027
12,1,0,90,985.336
12,1,0,90,988.183
12,1,0,90,998.122
12,1,0,90,986.024
12,1,0,90,986.500
12,1,0,90,986.217
12,1,0,90,988.527
12,1,0,90,984.966
12,1,0,90,1005.979
12,1,0,90,988.029
12,1,0,90,985.098
12,1,0,90,986.260
12,1,0,90,984.051
12,1,0,90,987.601
12,1,0,90,985.707
12,1,0,90,979.035
12,1,0,90,1003.659
12,1,0,90,987.913
12,1,0,90,983.796
12,1,0,90,986.587
12,1,0,90,984.601
12,1,0,90,986.392
12,1,0,90,986.997
12,1,0,90,986.714
12,1,0,90,985.894
12,1,0,90,989.167
12,1,0,90,987.810
12,1,0,90,987.693
12,1,0,90,18927.259
13,1,0,90,0.093
13,1,0,90,753.917
13,1,0,90,692.634
13,1,0,90,30.576
13,1,0,90,568.735
13,1,0,90,560.563
13,1,0,90,1001.907
13,1,0,90,901.495
13,1,0,90,990.823
13,1,0,90,992.132
13,1,0,90,494.889
13,1,0,90,19.590
13,1,0,90,990.653
13,1,0,90,990.722
13,1,0,90,990.846
13,1,0,90,990.434
13,1,0,90,989.521
13,1,0,90,991.405
13,1,0,90,989.936
13,1,0,90,990.542
13,1,0,90,974.111
13,1,0,90,992.328
13,1,0,90,1001.119
13,1,0,90,943.669
13,1,0,90,991.590
13,1,0,90,992.103
13,1,0,90,991.690
13,1,0,90,991.537
13,1,0,90,991.846
13,1,0,90,991.674
13,1,0,90,991.984
13,1,0,90,991.108
13,1,0,90,991.473
13,1,0,90,1003.097
13,1,0,90,991.740
13,1,0,90,991.457
13,1,0,90,990.952
13,1,0,90,991.687
13,1,0,90,978.997
13,1,0,90,993.732
13,1,0,90,991.949
13,1,0,90,990.981
13,1,0,90,991.883
13,1,0,90,990.933
13,1,0,90,992.706
13,1,0,90,990.923
13,1,0,90,990.621
13,1,0,90,990.468
13,1,0,90,990.647
13,1,0,90,991.013
13,1,0,90,989.878
13,1,0,90,990.909
13,1,0,90,990.552
13,1,0,90,990.899
13,1,0,90,990.505
13,1,0,90,990.925
13,1,0,90,992.216
13,1,0,90,996.915
13,1,0,90,992.039
13,1,0,90,991.293
13,1,0,90,990.843
13,1,0,90,991.171
13,1,0,90,990.073
13,1,0,90,991.105
13,1,0,90,989.637
13,1,0,90,991.705
13,1,0,90,993.145
13,1,0,90,992.713
13,1,0,90,991.745
13,1,0,90,991.314
13,1,0,90,990.771
13,1,0,90,991.025
13,1,0,90,990.520
13,1,0,90,990.200
13,1,0,90,949.306
13,1,0,90,999.986
13,1,0,90,999.406
13,1,0,90,992.586
13,1,0,90,990.785
13,1,0,90,978.983
13,1,0,90,991.681
13,1,0,90,991.009
13,1,0,90,989.800
13,1,0,90,993.369
13,1,0,90,990.012
13,1,0,90,990.229
13,1,0,90,989.761
13,1,0,90,989.663
13,1,0,90,990.935
13,1,0,90,995.097
13,1,0,90,990.165
13,1,0,90,990.271
13,1,0,90,989.673
13,1,0,90,966.353
13,1,0,90,994.589
13,1,0,90,990.176
13,1,0,90,989.615
13,1,0,90,992.517
13,1,0,90,1001.215
13,1,0,90,991.044
13,1,0,90,990.335
13,1,0,90,991.311
13,1,0,90,990.898
13,1,0,90,990.411
13,1,0,90,990.739
13,1,0,90,990.067
13,1,0,90,990.062
13,1,0,90,990.149
13,1,0,90,1000.144
13,1,0,90,990.879
13,1,0,90,990.059
13,1,0,90,991.369
13,1,0,90,991.882
13,1,0,90,989.377
13,1,0,90,989.945
13,1,0,90,990.311
13,1,0,90,990.750
13,1,0,90,992.467
13,1,0,90,991.665
13,1,0,90,1683.526
13,1,0,90,1163.394
13,1,0,90,991.501
13,1,0,90,990.996
13,1,0,90,989.676
13,1,0,90,990.967
13,1,0,90,990.146
13,1,0,90,989.697
13,1,0,90,989.488
13,1,0,90,990.797
13,1,0,90,990.347
13,1,0,90,990.157
13,1,0,90,979.096
13,1,0,90,995.813
13,1,0,90,990.548
13,1,0,90,989.543
13,1,0,90,1013.371
13,1,0,90,990.218
13,1,0,90,992.323
13,1,0,90,991.133
13,1,0,90,990.461
13,1,0,90,990.956
13,1,0,90,991.376
13,1,0,90,990.149
13,1,0,90,990.218
13,1,0,90,999.916
13,1,0,90,989.855
13,1,0,90,990.072
13,1,0,90,990.011
13,1,0,90,990.339
13,1,0,90,990.334
13,1,0,90,962.995
13,1,0,90,996.545
13,1,0,90,990.929
13,1,0,90,990.442
13,1,0,90,990.104
13,1,0,90,992.191
13,1,0,90,992.445
13,1,0,90,992.458
13,1,0,90,991.953
13,1,0,90,990.448
13,1,0,90,991.553
13,1,0,90,991.752
13,1,0,90,990.469
13,1,0,90,990.926
13,1,0,90,990.402
13,1,0,90,991.045
13,1,0,90,998.688
13,1,0,90,990.942
13,1,0,90,991.789
13,1,0,90,976.006
13,1,0,90,996.815
13,1,0,90,990.069
13,1,0,90,997.564
13,1,0,90,990.929
13,1,0,90,999.757
13,1,0,90,989.733
13,1,0,90,990.191
13,1,0,90,992.593
13,1,0,90,991.643
13,1,0,90,990.841
13,1,0,90,991.484
13,1,0,90,1000.738
13,1,0,90,990.696
13,1,0,90,989.968
13,1,0,90,990.648
13,1,0,90,991.643
13,1,0,90,991.064
13,1,0,90,990.910
13,1,0,90,977.627
13,1,0,90,995.436
13,1,0,90,991.487
13,1,0,90,990.593
13,1,0,90,990.809
13,1,0,90,990.897
13,1,0,90,990.021
13,1,0,90,1011.219
13,1,0,90,992.548
13,1,0,90,992.690
13,1,0,90,991.426
13,1,0,90,991.161
13,1,0,90,991.415
13,1,0,90,991.521
13,1,0,90,990.016
13,1,0,90,989.788
13,1,0,90,990.820
13,1,0,90,989.889
13,1,0,90,989.735
13,1,0,90,944.656
13,1,0,90,995.354
13,1,0,90,991.423
13,1,0,90,991.381
13,1,0,90,990.709
13,1,0,90,990.629
13,1,0,90,990.217
13,1,0,90,1000.396
13,1,0,90,990.502
13,1,0,90,990.886
13,1,0,90,992.362
13,1,0,90,989.875
13,1,0,90,990.055
13,1,0,90,990.698
13,1,0,90,990.359
13,1,0,90,989.910
13,1,0,90,990.386
13,1,0,90,990.010
13,1,0,90,990.801
13,1,0,90,968.055
13,1,0,90,995.902
13,1,0,90,990.267
13,1,0,90,990.169
13,1,0,90,981.719
13,1,0,90,990.121
13,1,0,90,990.005
13,1,0,90,989.962
13,1,0,90,989.994
13,1,0,90,989.767
13,1,0,90,990.835
13,1,0,90,991.849
13,1,0,90,990.121
13,1,0,90,990.264
13,1,0,90,995.555
13,1,0,90,990.457
13,1,0,90,990.470
13,1,0,90,990.502
13,1,0,90,990.756
13,1,0,90,960.695
13,1,0,90,995.023
13,1,0,90,990.481
13,1,0,90,990.679
13,1,0,90,990.729
13,1,0,90,990.094
13,1,0,90,989.719
13,1,0,90,990.028
13,1,0,90,990.356
13,1,0,90,989.481
13,1,0,90,989.846
13,1,0,90,989.544
13,1,0,90,992.372
13,1,0,90,989.663
13,1,0,90,989.973
13,1,0,90,989.930
13,1,0,90,989.980
13,1,0,90,990.142
13,1,0,90,990.637
13,1,0,90,971.002
13,1,0,90,995.959
13,1,0,90,990.750
13,1,0,90,989.986
13,1,0,90,991.888
13,1,0,90,990.494
13,1,0,90,990.544
13,1,0,90,989.798
13,1,0,90,990.033
13,1,0,90,990.139
13,1,0,90,990.134
13,1,0,90,989.684
13,1,0,90,989.660
13,1,0,90,991.747
13,1,0,90,990.150
13,1,0,90,989.941
13,1,0,90,990.472
13,1,0,90,990.782
13,1,0,90,990.536
13,1,0,90,966.808
13,1,0,90,996.358
13,1,0,90,990.186
13,1,0,90,990.070
13,1,0,90,989.343
13,1,0,90,990.004
13,1,0,90,990.295
13,1,0,90,990.475
13,1,0,90,991.044
13,1,0,90,990.760
13,1,0,90,990.200
13,1,0,90,990.176
13,1,0,90,989.059
13,1,0,90,992.647
13,1,0,90,991.752
13,1,0,90,989.747
13,1,0,90,989.594
13,1,0,90,991.792
13,1,0,90,990.398
13,1,0,90,966.245
13,1,0,90,995.295
13,1,0,90,990.549
13,1,0,90,990.506
13,1,0,90,990.594
13,1,0,90,990.422
13,1,0,90,990.453
13,1,0,90,990.355
13,1,0,90,990.554
13,1,0,90,1686.952
13,1,0,90,1167.190
13,1,0,90,990.538
13,1,0,90,990.459
13,1,0,90,990.064
13,1,0,90,989.615
13,1,0,90,991.720
13,1,0,90,989.697
13,1,0,90,989.580
13,1,0,90,1000.186
13,1,0,90,953.311
13,1,0,90,996.786
13,1,0,90,990.244
13,1,0,90,990.202
13,1,0,90,990.234
13,1,0,90,989.895
13,1,0,90,989.816
13,1,0,90,990.736
13,1,0,90,989.694
13,1,0,90,989.596
13,1,0,90,991.276
13,1,0,90,991.900
13,1,0,90,990.432
13,1,0,90,989.593
13,1,0,90,989.884
13,1,0,90,989.953
13,1,0,90,1000.966
13,1,0,90,991.905
13,1,0,90,951.863
13,1,0,90,996.061
13,1,0,90,991.241
13,1,0,90,990.903
13,1,0,90,990.860
13,1,0,90,990.392
13,1,0,90,990.442
13,1,0,90,990.455
13,1,0,90,991.209
13,1,0,90,990.649
13,1,0,90,990.569
13,1,0,90,990.397
13,1,0,90,990.114
13,1,0,90,990.201
13,1,0,90,990.363
13,1,0,90,990.487
13,1,0,90,990.111
13,1,0,90,990.051
13,1,0,90,991.730
13,1,0,90,968.762
13,1,0,90,998.627
13,1,0,90,991.492
13,1,0,90,991.931
13,1,0,90,991.334
13,1,0,90,990.088
13,1,0,90,991.341
13,1,0,90,991.447
13,1,0,90,989.849
13,1,0,90,990.251
13,1,0,90,989.672
13,1,0,90,990.445
13,1,0,90,990.513
13,1,0,90,990.767
13,1,0,90,991.058
13,1,0,90,990.516
13,1,0,90,990.659
13,1,0,90,990.413
13,1,0,90,990.389
13,1,0,90,958.032
13,1,0,90,997.397
13,1,0,90,990.280
13,1,0,90,990.275
13,1,0,90,992.659
13,1,0,90,989.839
13,1,0,90,990.389
13,1,0,90,989.809
13,1,0,90,990.304
13,1,0,90,990.058
13,1,0,90,989.497
13,1,0,90,989.696
13,1,0,90,989.820
13,1,0,90,989.611
13,1,0,90,989.420
13,1,0,90,990.026
13,1,0,90,989.891
13,1,0,90,990.942
13,1,0,90,989.733
13,1,0,90,967.061
13,1,0,90,999.463
13,1,0,90,991.272
13,1,0,90,991.619
13,1,0,90,990.113
13,1,0,90,990.460
13,1,0,90,990.195
13,1,0,90,993.560
13,1,0,90,990.814
13,1,0,90,993.772
13,1,0,90,990.267
13,1,0,90,1681.387
13,1,0,90,1161.440
13,1,0,90,990.677
13,1,0,90,990.190
13,1,0,90,990.425
13,1,0,90,990.587
13,1,0,90,989.970
13,1,0,90,990.002
13,1,0,90,970.664
13,1,0,90,995.603
13,1,0,90,992.245
13,1,0,90,991.666
13,1,0,90,990.513
13,1,0,90,990.674
13,1,0,90,990.558
13,1,0,90,990.830
13,1,0,90,990.751
13,1,0,90,990.319
13,1,0,90,989.759
13,1,0,90,989.716
13,1,0,90,990.322
13,1,0,90,991.780
13,1,0,90,990.367
13,1,0,90,989.991
13,1,0,90,990.245
13,1,0,90,990.036
13,1,0,90,1000.549
13,1,0,90,963.952
13,1,0,90,1008.409
13,1,0,90,990.311
13,1,0,90,992.825
13,1,0,90,991.338
13,1,0,90,990.666
13,1,0,90,990.549
13,1,0,90,991.266
13,1,0,90,991.187
13,1,0,90,990.089
13,1,0,90,990.584
13,1,0,90,989.930
13,1,0,90,989.388
13,1,0,90,989.586
13,1,0,90,989.322
13,1,0,90,990.391
13,1,0,90,989.478
13,1,0,90,989.750
13,1,0,90,990.671
13,1,0,90,953.907
13,1,0,90,995.308
13,1,0,90,1682.651
13,1,0,90,1162.778
13,1,0,90,993.163
13,1,0,90,990.621
13,1,0,90,990.319
13,1,0,90,991.628
13,1,0,90,991.290
13,1,0,90,991.507
13,1,0,90,990.853
13,1,0,90,990.404
13,1,0,90,990.380
13,1,0,90,990.282
13,1,0,90,990.295
13,1,0,90,989.753
13,1,0,90,990.044
13,1,0,90,989.946
13,1,0,90,990.515
13,1,0,90,983.028
13,1,0,90,996.837
13,1,0,90,990.480
13,1,0,90,989.938
13,1,0,90,990.432
13,1,0,90,991.946
13,1,0,90,991.552
13,1,0,90,989.991
13,1,0,90,990.467
13,1,0,90,991.980
13,1,0,90,991.141
13,1,0,90,1009.266
13,1,0,90,990.557
13,1,0,90,990.125
13,1,0,90,989.713
13,1,0,90,989.819
13,1,0,90,989.924
13,1,0,90,990.623
13,1,0,90,989.451
13,1,0,90,954.223
13,1,0,90,998.144
13,1,0,90,990.453
13,1,0,90,990.244
13,1,0,90,990.239
13,1,0,90,990.826
13,1,0,90,991.932
13,1,0,90,992.334
13,1,0,90,991.440
13,1,0,90,991.435
13,1,0,90,990.170
13,1,0,90,990.480
13,1,0,90,1684.471
13,1,0,90,1163.302
13,1,0,90,991.297
13,1,0,90,990.347
13,1,0,90,989.879
13,1,0,90,990.837
13,1,0,90,989.794
13,1,0,90,971.123
13,1,0,90,994.728
13,1,0,90,990.927
13,1,0,90,991.699
13,1,0,90,990.157
13,1,0,90,991.096
13,1,0,90,990.331
13,1,0,90,991.659
13,1,0,90,990.876
13,1,0,90,991.315
13,1,0,90,990.088
13,1,0,90,990.694
13,1,0,90,984.781
13,1,0,90,990.554
13,1,0,90,991.548
13,1,0,90,990.228
13,1,0,90,990.149
13,1,0,90,989.847
13,1,0,90,989.749
13,1,0,90,948.281
13,1,0,90,995.776
13,1,0,90,990.641
13,1,0,90,992.321
13,1,0,90,990.538
13,1,0,90,990.532
13,1,0,90,990.564
13,1,0,90,990.448
13,1,0,90,991.905
13,1,0,90,991.141
13,1,0,90,991.876
13,1,0,90,990.686
13,1,0,90,990.440
13,1,0,90,989.879
13,1,0,90,989.762
13,1,0,90,989.868
13,1,0,90,989.678
13,1,0,90,989.394
13,1,0,90,989.963
13,1,0,90,970.088
13,1,0,90,995.379
13,1,0,90,989.762
13,1,0,90,989.905
13,1,0,90,989.918
13,1,0,90,991.783
13,1,0,90,990.278
13,1,0,90,989.976
13,1,0,90,991.378
13,1,0,90,992.373
13,1,0,90,991.109
13,1,0,90,991.455
13,1,0,90,990.654
13,1,0,90,990.241
13,1,0,90,989.754
13,1,0,90,990.138
13,1,0,90,990.280
13,1,0,90,990.386
13,1,0,90,990.455
13,1,0,90,952.209
13,1,0,90,995.481
13,1,0,90,990.902
13,1,0,90,990.360
13,1,0,90,990.373
13,1,0,90,989.960
13,1,0,90,1002.362
13,1,0,90,990.579
13,1,0,90,990.481
13,1,0,90,989.495
13,1,0,90,992.212
13,1,0,90,989.595
13,1,0,90,1009.479
13,1,0,90,990.844
13,1,0,90,990.505
13,1,0,90,990.166
13,1,0,90,989.809
13,1,0,90,990.897
13,1,0,90,989.873
13,1,0,90,981.682
13,1,0,90,1008.529
13,1,0,90,991.172
13,1,0,90,989.981
13,1,0,90,990.643
13,1,0,90,989.619
13,1,0,90,989.706
13,1,0,90,991.108
13,1,0,90,990.825
13,1,0,90,990.357
13,1,0,90,990.629
13,1,0,90,991.642
13,1,0,90,990.693
13,1,0,90,19226.202
14,1,0,90,0.093
14,1,0,90,682.398
14,1,0,90,517.857
14,1,0,90,29.632
14,1,0,90,393.865
14,1,0,90,385.749
14,1,0,90,1028.703
14,1,0,90,837.514
14,1,0,90,990.452
14,1,0,90,988.577
14,1,0,90,320.019
14,1,0,90,47.626
14,1,0,90,989.042
14,1,0,90,987.129
14,1,0,90,987.180
14,1,0,90,989.211
14,1,0,90,989.058
14,1,0,90,988.775
14,1,0,90,987.029
14,1,0,90,987.042
14,1,0,90,972.315
14,1,0,90,989.328
14,1,0,90,1028.044
14,1,0,90,909.855
14,1,0,90,990.441
14,1,0,90,989.084
14,1,0,90,988.097
14,1,0,90,988.203
14,1,0,90,992.457
14,1,0,90,988.785
14,1,0,90,988.558
14,1,0,90,987.441
14,1,0,90,989.880
14,1,0,90,999.523
14,1,0,90,988.703
14,1,0,90,987.790
14,1,0,90,989.693
14,1,0,90,987.984
14,1,0,90,976.608
14,1,0,90,990.103
14,1,0,90,991.745
14,1,0,90,988.240
14,1,0,90,987.531
14,1,0,90,988.692
14,1,0,90,990.946
14,1,0,90,986.886
14,1,0,90,987.214
14,1,0,90,988.356
14,1,0,90,989.610
14,1,0,90,987.272
14,1,0,90,986.081
14,1,0,90,987.798
14,1,0,90,989.571
14,1,0,90,988.065
14,1,0,90,988.134
14,1,0,90,988.110
14,1,0,90,991.512
14,1,0,90,994.396
14,1,0,90,989.502
14,1,0,90,988.682
14,1,0,90,989.380
14,1,0,90,988.523
14,1,0,90,987.462
14,1,0,90,987.235
14,1,0,90,988.229
14,1,0,90,989.131
14,1,0,90,989.811
14,1,0,90,990.028
14,1,0,90,990.745
14,1,0,90,988.573
14,1,0,90,986.975
14,1,0,90,986.674
14,1,0,90,988.539
14,1,0,90,987.126
14,1,0,90,945.658
14,1,0,90,996.115
14,1,0,90,997.777
14,1,0,90,988.475
14,1,0,90,988.896
14,1,0,90,975.668
14,1,0,90,989.959
14,1,0,90,986.695
14,1,0,90,986.337
14,1,0,90,989.388
14,1,0,90,987.808
14,1,0,90,986.470
14,1,0,90,986.335
14,1,0,90,987.015
14,1,0,90,988.732
14,1,0,90,991.226
14,1,0,90,986.591
14,1,0,90,987.086
14,1,0,90,988.821
14,1,0,90,964.168
14,1,0,90,991.274
14,1,0,90,986.268
14,1,0,90,988.930
14,1,0,90,989.999
14,1,0,90,998.882
14,1,0,90,987.544
14,1,0,90,989.372
14,1,0,90,986.811
14,1,0,90,988.065
14,1,0,90,986.189
14,1,0,90,988.721
14,1,0,90,987.567
14,1,0,90,987.414
14,1,0,90,986.594
14,1,0,90,999.533
14,1,0,90,987.083
14,1,0,90,987.467
14,1,0,90,988.998
14,1,0,90,991.252
14,1,0,90,986.117
14,1,0,90,985.742
14,1,0,90,986.459
14,1,0,90,989.509
14,1,0,90,988.800
14,1,0,90,988.313
14,1,0,90,1681.119
14,1,0,90,1167.283
14,1,0,90,988.242
14,1,0,90,987.440
14,1,0,90,986.916
14,1,0,90,989.096
14,1,0,90,986.406
14,1,0,90,988.197
14,1,0,90,986.080
14,1,0,90,988.686
14,1,0,90,987.255
14,1,0,90,987.194
14,1,0,90,975.244
14,1,0,90,993.943
14,1,0,90,987.122
14,1,0,90,986.599
14,1,0,90,1009.556
14,1,0,90,988.755
14,1,0,90,989.212
14,1,0,90,988.133
14,1,0,90,986.035
14,1,0,90,989.641
14,1,0,90,987.210
14,1,0,90,986.519
14,1,0,90,987.310
14,1,0,90,997.731
14,1,0,90,986.003
14,1,0,90,987.424
14,1,0,90,987.178
14,1,0,90,989.135
14,1,0,90,986.760
14,1,0,90,960.366
14,1,0,90,993.731
14,1,0,90,988.836
14,1,0,90,986.498
14,1,0,90,986.567
14,1,0,90,988.487
14,1,0,90,989.982
14,1,0,90,988.347
14,1,0,90,989.471
14,1,0,90,986.447
14,1,0,90,990.461
14,1,0,90,988.048
14,1,0,90,987.969
14,1,0,90,988.778
14,1,0,90,988.365
14,1,0,90,986.768
14,1,0,90,996.392
14,1,0,90,987.053
14,1,0,90,990.955
14,1,0,90,972.987
14,1,0,90,994.204
14,1,0,90,986.662
14,1,0,90,996.378
14,1,0,90,986.744
14,1,0,90,996.349
14,1,0,90,986.714
14,1,0,90,988.672
14,1,0,90,989.111
14,1,0,90,988.828
14,1,0,90,987.286
14,1,0,90,990.429
14,1,0,90,998.127
14,1,0,90,988.659
14,1,0,90,986.265
14,1,0,90,990.222
14,1,0,90,988.976
14,1,0,90,988.008
14,1,0,90,987.929
14,1,0,90,977.053
14,1,0,90,991.955
14,1,0,90,989.246
14,1,0,90,987.796
14,1,0,90,989.198
14,1,0,90,986.489
14,1,0,90,985.984
14,1,0,90,1008.682
14,1,0,90,991.566
14,1,0,90,989.579
14,1,0,90,989.055
14,1,0,90,988.087
14,1,0,90,990.897
14,1,0,90,987.299
14,1,0,90,986.460
14,1,0,90,987.436
14,1,0,90,989.246
14,1,0,90,985.740
14,1,0,90,986.698
14,1,0,90,940.582
14,1,0,90,993.632
14,1,0,90,987.608
14,1,0,90,988.307
14,1,0,90,987.542
14,1,0,90,990.018
14,1,0,90,986.087
14,1,0,90,997.063
14,1,0,90,987.576
14,1,0,90,989.886
14,1,0,90,988.399
14,1,0,90,987.097
14,1,0,90,986.018
14,1,0,90,989.587
14,1,0,90,986.730
14,1,0,90,987.428
14,1,0,90,986.941
14,1,0,90,989.584
14,1,0,90,987.634
14,1,0,90,964.351
14,1,0,90,993.087
14,1,0,90,989.137
14,1,0,90,986.521
14,1,0,90,979.256
14,1,0,90,986.788
14,1,0,90,989.431
14,1,0,90,986.814
14,1,0,90,986.346
14,1,0,90,986.100
14,1,0,90,989.576
14,1,0,90,987.867
14,1,0,90,989.158
14,1,0,90,987.208
14,1,0,90,994.333
14,1,0,90,987.124
14,1,0,90,987.007
14,1,0,90,986.539
14,1,0,90,989.089
14,1,0,90,957.491
14,1,0,90,993.227
14,1,0,90,986.684
14,1,0,90,990.068
14,1,0,90,987.655
14,1,0,90,986.631
14,1,0,90,987.089
14,1,0,90,989.269
14,1,0,90,987.541
14,1,0,90,985.277
14,1,0,90,987.142
14,1,0,90,987.470
14,1,0,90,989.576
14,1,0,90,986.941
14,1,0,90,986.991
14,1,0,90,988.782
14,1,0,90,985.814
14,1,0,90,988.142
14,1,0,90,987.507
14,1,0,90,970.372
14,1,0,90,991.774
14,1,0,90,987.602
14,1,0,90,987.171
14,1,0,90,990.166
14,1,0,90,988.105
14,1,0,90,988.488
14,1,0,90,986.501
14,1,0,90,988.515
14,1,0,90,987.565
14,1,0,90,988.134
14,1,0,90,987.665
14,1,0,90,987.568
14,1,0,90,987.933
14,1,0,90,987.242
14,1,0,90,986.570
14,1,0,90,989.157
14,1,0,90,986.763
14,1,0,90,986.702
14,1,0,90,962.882
14,1,0,90,995.599
14,1,0,90,986.872
14,1,0,90,988.440
14,1,0,90,985.843
14,1,0,90,989.300
14,1,0,90,986.184
14,1,0,90,987.049
14,1,0,90,987.081
14,1,0,90,989.075
14,1,0,90,986.477
14,1,0,90,986.417
14,1,0,90,985.504
14,1,0,90,991.647
14,1,0,90,988.123
14,1,0,90,986.895
14,1,0,90,985.723
14,1,0,90,990.866
14,1,0,90,987.157
14,1,0,90,963.726
14,1,0,90,991.684
14,1,0,90,990.456
14,1,0,90,987.229
14,1,0,90,986.908
14,1,0,90,986.866
14,1,0,90,988.176
14,1,0,90,987.337
14,1,0,90,988.017
14,1,0,90,1684.397
14,1,0,90,1170.987
14,1,0,90,987.427
14,1,0,90,987.514
14,1,0,90,986.379
14,1,0,90,988.781
14,1,0,90,988.332
14,1,0,90,987.437
14,1,0,90,986.710
14,1,0,90,998.297
14,1,0,90,950.810
14,1,0,90,992.305
14,1,0,90,986.596
14,1,0,90,989.331
14,1,0,90,986.511
14,1,0,90,987.506
14,1,0,90,986.704
14,1,0,90,988.903
14,1,0,90,986.935
14,1,0,90,987.151
14,1,0,90,988.554
14,1,0,90,991.400
14,1,0,90,986.913
14,1,0,90,986.186
14,1,0,90,987.014
14,1,0,90,987.971
14,1,0,90,997.374
14,1,0,90,988.942
14,1,0,90,948.900
14,1,0,90,993.913
14,1,0,90,988.315
14,1,0,90,987.273
14,1,0,90,986.749
14,1,0,90,988.799
14,1,0,90,986.813
14,1,0,90,986.752
14,1,0,90,987.913
14,1,0,90,989.778
14,1,0,90,987.847
14,1,0,90,987.712
14,1,0,90,986.281
14,1,0,90,988.683
14,1,0,90,988.011
14,1,0,90,987.802
14,1,0,90,986.685
14,1,0,90,987.810
14,1,0,90,987.397
14,1,0,90,967.725
14,1,0,90,994.812
14,1,0,90,990.696
14,1,0,90,987.228
14,1,0,90,987.093
14,1,0,90,987.421
14,1,0,90,991.156
14,1,0,90,987.984
14,1,0,90,986.775
14,1,0,90,986.455
14,1,0,90,988.172
14,1,0,90,987.037
14,1,0,90,986.717
14,1,0,90,987.101
14,1,0,90,989.447
14,1,0,90,987.034
14,1,0,90,988.585
14,1,0,90,987.376
14,1,0,90,988.722
14,1,0,90,955.162
14,1,0,90,994.712
14,1,0,90,986.540
14,1,0,90,989.720
14,1,0,90,990.029
14,1,0,90,986.968
14,1,0,90,987.500
14,1,0,90,988.439
14,1,0,90,985.934
14,1,0,90,986.780
14,1,0,90,985.608
14,1,0,90,989.103
14,1,0,90,986.987
14,1,0,90,986.870
14,1,0,90,984.532
14,1,0,90,988.193
14,1,0,90,985.799
14,1,0,90,987.516
14,1,0,90,985.677
14,1,0,90,965.838
14,1,0,90,995.222
14,1,0,90,988.828
14,1,0,90,989.045
14,1,0,90,988.150
14,1,0,90,987.497
14,1,0,90,986.269
14,1,0,90,990.338
14,1,0,90,989.407
14,1,0,90,991.068
14,1,0,90,986.970
14,1,0,90,1678.721
14,1,0,90,1165.070
14,1,0,90,987.603
14,1,0,90,985.820
14,1,0,90,987.462
14,1,0,90,989.309
14,1,0,90,986.526
14,1,0,90,986.724
14,1,0,90,967.627
14,1,0,90,994.436
14,1,0,90,988.320
14,1,0,90,988.703
14,1,0,90,986.994
14,1,0,90,988.767
14,1,0,90,987.187
14,1,0,90,987.052
14,1,0,90,987.251
14,1,0,90,989.264
14,1,0,90,985.888
14,1,0,90,987.346
14,1,0,90,986.192
14,1,0,90,990.854
14,1,0,90,988.478
14,1,0,90,987.806
14,1,0,90,986.727
14,1,0,90,989.092
14,1,0,90,996.420
14,1,0,90,961.137
14,1,0,90,1005.280
14,1,0,90,990.885
14,1,0,90,989.195
14,1,0,90,988.245
14,1,0,90,987.907
14,1,0,90,988.827
14,1,0,90,987.692
14,1,0,90,988.354
14,1,0,90,987.071
14,1,0,90,988.843
14,1,0,90,986.967
14,1,0,90,986.018
14,1,0,90,985.734
14,1,0,90,988.303
14,1,0,90,986.946
14,1,0,90,986.867
14,1,0,90,985.843
14,1,0,90,989.301
14,1,0,90,950.888
14,1,0,90,991.160
14,1,0,90,1679.948
14,1,0,90,1166.501
14,1,0,90,989.737
14,1,0,90,988.158
14,1,0,90,987.263
14,1,0,90,989.388
14,1,0,90,987.419
14,1,0,90,988.507
14,1,0,90,987.409
14,1,0,90,989.052
14,1,0,90,986.824
14,1,0,90,987.708
14,1,0,90,986.499
14,1,0,90,987.475
14,1,0,90,987.099
14,1,0,90,988.261
14,1,0,90,987.237
14,1,0,90,981.009
14,1,0,90,992.430
14,1,0,90,988.536
14,1,0,90,985.808
14,1,0,90,988.395
14,1,0,90,989.427
14,1,0,90,988.589
14,1,0,90,986.750
14,1,0,90,989.133
14,1,0,90,988.943
14,1,0,90,988.345
14,1,0,90,1006.414
14,1,0,90,989.520
14,1,0,90,985.792
14,1,0,90,986.713
14,1,0,90,987.152
14,1,0,90,987.943
14,1,0,90,986.678
14,1,0,90,985.284
14,1,0,90,951.464
14,1,0,90,997.440
14,1,0,90,986.879
14,1,0,90,986.244
14,1,0,90,987.609
14,1,0,90,990.660
14,1,0,90,988.025
14,1,0,90,987.982
14,1,0,90,987.718
14,1,0,90,989.916
14,1,0,90,986.855
14,1,0,90,986.628
14,1,0,90,1680.711
14,1,0,90,1166.616
14,1,0,90,987.445
14,1,0,90,986.329
14,1,0,90,986.768
14,1,0,90,988.892
14,1,0,90,986.535
14,1,0,90,968.067
14,1,0,90,991.969
14,1,0,90,989.482
14,1,0,90,988.829
14,1,0,90,987.120
14,1,0,90,987.059
14,1,0,90,988.202
14,1,0,90,987.511
14,1,0,90,988.228
14,1,0,90,988.427
14,1,0,90,988.643
14,1,0,90,986.749
14,1,0,90,981.837
14,1,0,90,986.924
14,1,0,90,990.882
14,1,0,90,987.284
14,1,0,90,986.778
14,1,0,90,985.736
14,1,0,90,987.786
14,1,0,90,945.559
14,1,0,90,992.702
14,1,0,90,987.585
14,1,0,90,989.969
14,1,0,90,986.371
14,1,0,90,988.125
14,1,0,90,987.768
14,1,0,90,989.688
14,1,0,90,989.442
14,1,0,90,987.529
14,1,0,90,987.228
14,1,0,90,988.704
14,1,0,90,987.940
14,1,0,90,987.156
14,1,0,90,986.373
14,1,0,90,988.109
14,1,0,90,986.178
14,1,0,90,986.357
14,1,0,90,986.167
14,1,0,90,968.180
14,1,0,90,992.323
14,1,0,90,986.244
14,1,0,90,986.053
14,1,0,90,988.659
14,1,0,90,987.357
14,1,0,90,987.296
14,1,0,90,986.087
14,1,0,90,990.582
14,1,0,90,988.595
14,1,0,90,988.997
14,1,0,90,988.085
14,1,0,90,987.876
14,1,0,90,987.370
14,1,0,90,986.624
14,1,0,90,986.045
14,1,0,90,988.392
14,1,0,90,987.294
14,1,0,90,987.344
14,1,0,90,949.820
14,1,0,90,993.185
14,1,0,90,985.902
14,1,0,90,986.582
14,1,0,90,986.558
14,1,0,90,988.979
14,1,0,90,998.973
14,1,0,90,986.950
14,1,0,90,987.500
14,1,0,90,987.680
14,1,0,90,989.563
14,1,0,90,986.058
14,1,0,90,1006.867
14,1,0,90,989.307
14,1,0,90,986.690
14,1,0,90,987.241
14,1,0,90,985.624
14,1,0,90,988.934
14,1,0,90,986.706
14,1,0,90,979.627
14,1,0,90,1004.603
14,1,0,90,988.968
14,1,0,90,985.537
14,1,0,90,987.494
14,1,0,90,985.600
14,1,0,90,987.669
14,1,0,90,988.127
14,1,0,90,987.621
14,1,0,90,986.783
14,1,0,90,989.888
14,1,0,90,988.735
14,1,0,90,988.545
14,1,0,90,19051.406
15,1,0,90,0.092
15,1,0,90,677.861
15,1,0,90,481.690
15,1,0,90,28.780
15,1,0,90,357.754
15,1,0,90,349.897
15,1,0,90,1028.462
15,1,0,90,834.754
15,1,0,90,990.007
15,1,0,90,986.984
15,1,0,90,283.556
15,1,0,90,48.071
15,1,0,90,987.468
15,1,0,90,986.462
15,1,0,90,985.902
15,1,0,90,988.507
15,1,0,90,988.484
15,1,0,90,988.015
15,1,0,90,986.047
15,1,0,90,986.227
15,1,0,90,970.981
15,1,0,90,988.753
15,1,0,90,1028.322
15,1,0,90,907.632
15,1,0,90,989.904
15,1,0,90,987.880
15,1,0,90,986.597
15,1,0,90,986.925
15,1,0,90,991.753
15,1,0,90,987.933
15,1,0,90,987.335
15,1,0,90,985.719
15,1,0,90,989.491
15,1,0,90,998.764
15,1,0,90,987.629
15,1,0,90,986.864
15,1,0,90,989.266
15,1,0,90,987.020
15,1,0,90,975.589
15,1,0,90,989.028
15,1,0,90,991.190
15,1,0,90,987.369
15,1,0,90,986.346
15,1,0,90,987.711
15,1,0,90,990.539
15,1,0,90,985.885
15,1,0,90,985.602
15,1,0,90,987.949
15,1,0,90,989.314
15,1,0,90,986.475
15,1,0,90,984.655
15,1,0,90,987.150
15,1,0,90,988.978
15,1,0,90,987.213
15,1,0,90,987.152
15,1,0,90,987.128
15,1,0,90,991.271
15,1,0,90,993.396
15,1,0,90,989.094
15,1,0,90,987.533
15,1,0,90,988.639
15,1,0,90,987.597
15,1,0,90,986.425
15,1,0,90,985.642
15,1,0,90,987.636
15,1,0,90,988.187
15,1,0,90,988.811
15,1,0,90,989.139
15,1,0,90,990.226
15,1,0,90,987.443
15,1,0,90,985.419
15,1,0,90,985.692
15,1,0,90,988.020
15,1,0,90,986.144
15,1,0,90,944.732
15,1,0,90,994.559
15,1,0,90,996.628
15,1,0,90,987.549
15,1,0,90,988.340
15,1,0,90,974.631
15,1,0,90,988.644
15,1,0,90,984.898
15,1,0,90,985.207
15,1,0,90,988.110
15,1,0,90,988.030
15,1,0,90,985.655
15,1,0,90,984.797
15,1,0,90,986.459
15,1,0,90,988.250
15,1,0,90,990.096
15,1,0,90,985.554
15,1,0,90,985.919
15,1,0,90,988.303
15,1,0,90,963.408
15,1,0,90,990.366
15,1,0,90,984.731
15,1,0,90,988.226
15,1,0,90,989.165
15,1,0,90,998.085
15,1,0,90,986.654
15,1,0,90,989.223
15,1,0,90,986.051
15,1,0,90,986.435
15,1,0,90,984.707
15,1,0,90,988.387
15,1,0,90,986.771
15,1,0,90,986.413
15,1,0,90,985.575
15,1,0,90,999.551
15,1,0,90,985.546
15,1,0,90,986.522
15,1,0,90,988.017
15,1,0,90,991.104
15,1,0,90,985.395
15,1,0,90,984.315
15,1,0,90,985.625
15,1,0,90,988.694
15,1,0,90,987.577
15,1,0,90,986.720
15,1,0,90,1974.617
15,1,0,90,1166.486
15,1,0,90,987.408
15,1,0,90,985.829
15,1,0,90,986.157
15,1,0,90,987.670
15,1,0,90,985.461
15,1,0,90,987.048
15,1,0,90,985.172
15,1,0,90,987.519
15,1,0,90,986.180
15,1,0,90,986.194
15,1,0,90,973.799
15,1,0,90,993.350
15,1,0,90,986.122
15,1,0,90,985.728
15,1,0,90,1008.352
15,1,0,90,988.384
15,1,0,90,988.305
15,1,0,90,987.077
15,1,0,90,984.387
15,1,0,90,989.141
15,1,0,90,986.043
15,1,0,90,984.741
15,1,0,90,986.217
15,1,0,90,996.656
15,1,0,90,984.966
15,1,0,90,986.535
15,1,0,90,986.344
15,1,0,90,988.487
15,1,0,90,985.871
15,1,0,90,958.680
15,1,0,90,993.101
15,1,0,90,987.614
15,1,0,90,985.146
15,1,0,90,985.677
15,1,0,90,987.079
15,1,0,90,989.037
15,1,0,90,986.717
15,1,0,90,988.434
15,1,0,90,985.373
15,1,0,90,989.886
15,1,0,90,986.770
15,1,0,90,987.246
15,1,0,90,988.241
15,1,0,90,987.828
15,1,0,90,985.082
15,1,0,90,995.503
15,1,0,90,985.979
15,1,0,90,990.362
15,1,0,90,971.931
15,1,0,90,993.722
15,1,0,90,985.791
15,1,0,90,995.897
15,1,0,90,985.040
15,1,0,90,995.090
15,1,0,90,985.733
15,1,0,90,988.024
15,1,0,90,988.315
15,1,0,90,987.735
15,1,0,90,986.526
15,1,0,90,989.447
15,1,0,90,997.608
15,1,0,90,988.195
15,1,0,90,985.412
15,1,0,90,989.814
15,1,0,90,987.846
15,1,0,90,986.971
15,1,0,90,986.799
15,1,0,90,976.386
15,1,0,90,991.047
15,1,0,90,988.246
15,1,0,90,986.703
15,1,0,90,988.124
15,1,0,90,984.915
15,1,0,90,984.299
15,1,0,90,1007.867
15,1,0,90,990.417
15,1,0,90,988.505
15,1,0,90,987.833
15,1,0,90,986.920
15,1,0,90,990.267
15,1,0,90,985.595
15,1,0,90,985.626
15,1,0,90,986.621
15,1,0,90,988.394
15,1,0,90,983.981
15,1,0,90,985.587
15,1,0,90,938.989
15,1,0,90,992.428
15,1,0,90,986.571
15,1,0,90,987.325
15,1,0,90,986.690
15,1,0,90,989.222
15,1,0,90,984.624
15,1,0,90,995.489
15,1,0,90,986.409
15,1,0,90,989.552
15,1,0,90,987.380
15,1,0,90,986.153
15,1,0,90,984.388
15,1,0,90,988.679
15,1,0,90,985.100
15,1,0,90,986.391
15,1,0,90,985.867
15,1,0,90,989.065
15,1,0,90,986.653
15,1,0,90,963.184
15,1,0,90,992.253
15,1,0,90,988.488
15,1,0,90,985.224
15,1,0,90,978.459
15,1,0,90,985.769
15,1,0,90,989.115
15,1,0,90,985.666
15,1,0,90,985.142
15,1,0,90,984.933
15,1,0,90,989.131
15,1,0,90,986.219
15,1,0,90,988.324
15,1,0,90,986.171
15,1,0,90,993.851
15,1,0,90,985.938
15,1,0,90,986.099
15,1,0,90,985.335
15,1,0,90,988.237
15,1,0,90,956.806
15,1,0,90,992.374
15,1,0,90,985.832
15,1,0,90,989.419
15,1,0,90,986.784
15,1,0,90,985.631
15,1,0,90,986.385
15,1,0,90,988.676
15,1,0,90,986.708
15,1,0,90,984.147
15,1,0,90,986.012
15,1,0,90,986.544
15,1,0,90,988.872
15,1,0,90,985.959
15,1,0,90,985.972
15,1,0,90,988.337
15,1,0,90,984.221
15,1,0,90,987.271
15,1,0,90,986.432
15,1,0,90,969.742
15,1,0,90,990.088
15,1,0,90,986.639
15,1,0,90,986.263
15,1,0,90,988.610
15,1,0,90,987.345
15,1,0,90,987.803
15,1,0,90,984.853
15,1,0,90,987.255
15,1,0,90,986.713
15,1,0,90,987.430
15,1,0,90,986.813
15,1,0,90,986.678
15,1,0,90,986.358
15,1,0,90,986.242
15,1,0,90,985.551
15,1,0,90,988.342
15,1,0,90,985.504
15,1,0,90,985.165
15,1,0,90,961.752
15,1,0,90,994.932
15,1,0,90,986.019
15,1,0,90,987.607
15,1,0,90,984.768
15,1,0,90,988.948
15,1,0,90,984.591
15,1,0,90,985.326
15,1,0,90,986.006
15,1,0,90,988.871
15,1,0,90,985.255
15,1,0,90,985.231
15,1,0,90,984.485
15,1,0,90,990.776
15,1,0,90,986.363
15,1,0,90,985.784
15,1,0,90,983.982
15,1,0,90,990.125
15,1,0,90,986.157
15,1,0,90,962.689
15,1,0,90,990.276
15,1,0,90,990.067
15,1,0,90,986.358
15,1,0,90,985.834
15,1,0,90,985.755
15,1,0,90,987.620
15,1,0,90,986.207
15,1,0,90,987.109
15,1,0,90,1978.543
15,1,0,90,1170.357
15,1,0,90,986.408
15,1,0,90,986.588
15,1,0,90,985.342
15,1,0,90,988.059
15,1,0,90,987.239
15,1,0,90,986.381
15,1,0,90,985.617
15,1,0,90,997.574
15,1,0,90,949.940
15,1,0,90,990.860
15,1,0,90,984.892
15,1,0,90,988.924
15,1,0,90,985.474
15,1,0,90,986.376
15,1,0,90,985.519
15,1,0,90,988.217
15,1,0,90,986.101
15,1,0,90,986.133
15,1,0,90,987.868
15,1,0,90,990.937
15,1,0,90,985.894
15,1,0,90,985.204
15,1,0,90,985.976
15,1,0,90,986.897
15,1,0,90,996.577
15,1,0,90,987.905
15,1,0,90,948.178
15,1,0,90,992.598
15,1,0,90,987.204
15,1,0,90,985.717
15,1,0,90,985.212
15,1,0,90,987.799
15,1,0,90,985.794
15,1,0,90,985.844
15,1,0,90,987.153
15,1,0,90,989.333
15,1,0,90,986.847
15,1,0,90,986.601
15,1,0,90,984.558
15,1,0,90,987.979
15,1,0,90,987.048
15,1,0,90,986.783
15,1,0,90,985.648
15,1,0,90,986.772
15,1,0,90,986.341
15,1,0,90,966.780
15,1,0,90,993.386
15,1,0,90,990.473
15,1,0,90,986.190
15,1,0,90,985.481
15,1,0,90,986.383
15,1,0,90,990.637
15,1,0,90,986.262
15,1,0,90,986.016
15,1,0,90,985.529
15,1,0,90,987.783
15,1,0,90,986.018
15,1,0,90,985.550
15,1,0,90,986.174
15,1,0,90,988.725
15,1,0,90,985.997
15,1,0,90,987.973
15,1,0,90,986.338
15,1,0,90,987.481
15,1,0,90,954.069
15,1,0,90,993.711
15,1,0,90,985.354
15,1,0,90,989.145
15,1,0,90,989.473
15,1,0,90,985.968
15,1,0,90,986.722
15,1,0,90,988.142
15,1,0,90,984.285
15,1,0,90,985.761
15,1,0,90,984.515
15,1,0,90,988.417
15,1,0,90,986.320
15,1,0,90,985.888
15,1,0,90,983.161
15,1,0,90,987.137
15,1,0,90,984.761
15,1,0,90,986.719
15,1,0,90,983.936
15,1,0,90,965.449
15,1,0,90,994.147
15,1,0,90,987.846
15,1,0,90,987.952
15,1,0,90,987.187
15,1,0,90,986.867
15,1,0,90,985.251
15,1,0,90,989.523
15,1,0,90,989.073
15,1,0,90,990.253
15,1,0,90,985.915
15,1,0,90,1972.848
15,1,0,90,1164.310
15,1,0,90,986.862
15,1,0,90,984.208
15,1,0,90,986.462
15,1,0,90,989.661
15,1,0,90,985.563
15,1,0,90,985.854
15,1,0,90,966.645
15,1,0,90,993.750
15,1,0,90,987.264
15,1,0,90,987.703
15,1,0,90,985.994
15,1,0,90,988.118
15,1,0,90,986.650
15,1,0,90,985.441
15,1,0,90,985.676
15,1,0,90,988.856
15,1,0,90,984.777
15,1,0,90,986.308
15,1,0,90,984.525
15,1,0,90,990.150
15,1,0,90,987.793
15,1,0,90,986.954
15,1,0,90,985.763
15,1,0,90,988.406
15,1,0,90,994.882
15,1,0,90,959.970
15,1,0,90,1003.835
15,1,0,90,989.867
15,1,0,90,988.083
15,1,0,90,987.097
15,1,0,90,986.702
15,1,0,90,987.660
15,1,0,90,986.636
15,1,0,90,987.483
15,1,0,90,985.903
15,1,0,90,988.046
15,1,0,90,985.911
15,1,0,90,984.943
15,1,0,90,984.771
15,1,0,90,987.377
15,1,0,90,986.057
15,1,0,90,985.922
15,1,0,90,984.917
15,1,0,90,988.634
15,1,0,90,949.832
15,1,0,90,989.456
15,1,0,90,1974.094
15,1,0,90,1165.593
15,1,0,90,988.588
15,1,0,90,987.009
15,1,0,90,986.096
15,1,0,90,988.239
15,1,0,90,986.345
15,1,0,90,987.506
15,1,0,90,985.983
15,1,0,90,988.237
15,1,0,90,985.602
15,1,0,90,986.633
15,1,0,90,985.369
15,1,0,90,985.882
15,1,0,90,986.062
15,1,0,90,987.538
15,1,0,90,986.088
15,1,0,90,979.953
15,1,0,90,990.726
15,1,0,90,987.461
15,1,0,90,984.437
15,1,0,90,986.840
15,1,0,90,988.427
15,1,0,90,987.477
15,1,0,90,985.638
15,1,0,90,988.300
15,1,0,90,987.850
15,1,0,90,987.363
15,1,0,90,1005.432
15,1,0,90,988.982
15,1,0,90,984.051
15,1,0,90,984.990
15,1,0,90,986.040
15,1,0,90,986.480
15,1,0,90,985.048
15,1,0,90,984.099
15,1,0,90,950.464
15,1,0,90,996.569
15,1,0,90,985.879
15,1,0,90,984.670
15,1,0,90,986.628
15,1,0,90,989.826
15,1,0,90,986.284
15,1,0,90,986.223
15,1,0,90,986.921
15,1,0,90,988.934
15,1,0,90,985.837
15,1,0,90,985.165
15,1,0,90,1974.710
15,1,0,90,1165.616
15,1,0,90,986.389
15,1,0,90,985.292
15,1,0,90,985.953
15,1,0,90,988.207
15,1,0,90,985.424
15,1,0,90,967.289
15,1,0,90,990.876
15,1,0,90,988.612
15,1,0,90,987.847
15,1,0,90,986.008
15,1,0,90,985.873
15,1,0,90,986.868
15,1,0,90,985.789
15,1,0,90,987.135
15,1,0,90,987.371
15,1,0,90,987.810
15,1,0,90,985.045
15,1,0,90,980.818
15,1,0,90,985.849
15,1,0,90,990.603
15,1,0,90,986.246
15,1,0,90,986.074
15,1,0,90,984.476
15,1,0,90,986.249
15,1,0,90,944.373
15,1,0,90,991.646
15,1,0,90,986.400
15,1,0,90,988.505
15,1,0,90,984.630
15,1,0,90,987.032
15,1,0,90,986.786
15,1,0,90,989.058
15,1,0,90,988.701
15,1,0,90,986.511
15,1,0,90,985.783
15,1,0,90,987.259
15,1,0,90,987.032
15,1,0,90,986.026
15,1,0,90,985.392
15,1,0,90,987.201
15,1,0,90,985.140
15,1,0,90,985.302
15,1,0,90,985.037
15,1,0,90,967.458
15,1,0,90,991.212
15,1,0,90,985.225
15,1,0,90,985.071
15,1,0,90,987.584
15,1,0,90,986.061
15,1,0,90,986.111
15,1,0,90,984.402
15,1,0,90,990.008
15,1,0,90,986.873
15,1,0,90,987.960
15,1,0,90,986.399
15,1,0,90,986.246
15,1,0,90,986.240
15,1,0,90,985.587
15,1,0,90,984.693
15,1,0,90,987.613
15,1,0,90,986.201
15,1,0,90,986.288
15,1,0,90,949.042
15,1,0,90,992.351
15,1,0,90,984.939
15,1,0,90,984.915
15,1,0,90,985.261
15,1,0,90,988.090
15,1,0,90,998.029
15,1,0,90,985.912
15,1,0,90,986.407
15,1,0,90,986.216
15,1,0,90,988.415
15,1,0,90,984.854
15,1,0,90,1005.867
15,1,0,90,987.973
15,1,0,90,984.968
15,1,0,90,986.166
15,1,0,90,983.920
15,1,0,90,987.581
15,1,0,90,985.613
15,1,0,90,978.923
15,1,0,90,1003.547
15,1,0,90,987.782
15,1,0,90,983.703
15,1,0,90,986.457
15,1,0,90,984.470
15,1,0,90,986.354
15,1,0,90,986.886
15,1,0,90,986.602
15,1,0,90,985.764
15,1,0,90,989.036
15,1,0,90,987.698
15,1,0,90,987.600
15,1,0,90,19015.277
16,1,0,90,0.111
16,1,0,90,807.231
16,1,0,90,272.580
16,1,0,90,30.391
16,1,0,90,608.772
16,1,0,90,600.822
16,1,0,90,1001.703
16,1,0,90,901.384
16,1,0,90,990.711
16,1,0,90,992.039
16,1,0,90,534.444
16,1,0,90,19.404
16,1,0,90,990.523
16,1,0,90,990.407
16,1,0,90,990.680
16,1,0,90,990.137
16,1,0,90,989.354
16,1,0,90,991.238
16,1,0,90,989.825
16,1,0,90,990.542
16,1,0,90,973.963
16,1,0,90,992.031
16,1,0,90,1000.952
16,1,0,90,943.317
16,1,0,90,991.349
16,1,0,90,991.825
16,1,0,90,991.579
16,1,0,90,991.351
16,1,0,90,991.735
16,1,0,90,991.341
16,1,0,90,991.780
16,1,0,90,990.978
16,1,0,90,991.251
16,1,0,90,1002.801
16,1,0,90,991.555
16,1,0,90,991.142
16,1,0,90,990.748
16,1,0,90,991.391
16,1,0,90,978.793
16,1,0,90,993.491
16,1,0,90,991.838
16,1,0,90,990.814
16,1,0,90,991.679
16,1,0,90,990.766
16,1,0,90,992.502
16,1,0,90,990.719
16,1,0,90,990.454
16,1,0,90,990.282
16,1,0,90,990.536
16,1,0,90,990.809
16,1,0,90,989.785
16,1,0,90,990.724
16,1,0,90,990.256
16,1,0,90,990.528
16,1,0,90,990.282
16,1,0,90,990.610
16,1,0,90,992.031
16,1,0,90,996.729
16,1,0,90,991.891
16,1,0,90,991.107
16,1,0,90,990.676
16,1,0,90,990.912
16,1,0,90,989.888
16,1,0,90,990.957
16,1,0,90,989.266
16,1,0,90,991.594
16,1,0,90,992.996
16,1,0,90,992.547
16,1,0,90,991.412
16,1,0,90,991.110
16,1,0,90,990.457
16,1,0,90,990.859
16,1,0,90,990.316
16,1,0,90,989.811
16,1,0,90,949.047
16,1,0,90,999.652
16,1,0,90,999.239
16,1,0,90,992.216
16,1,0,90,990.655
16,1,0,90,978.853
16,1,0,90,991.515
16,1,0,90,990.861
16,1,0,90,989.726
16,1,0,90,993.054
16,1,0,90,989.771
16,1,0,90,990.118
16,1,0,90,989.575
16,1,0,90,989.440
16,1,0,90,990.731
16,1,0,90,994.985
16,1,0,90,989.999
16,1,0,90,989.993
16,1,0,90,989.469
16,1,0,90,966.112
16,1,0,90,994.274
16,1,0,90,990.009
16,1,0,90,989.300
16,1,0,90,992.406
16,1,0,90,1001.160
16,1,0,90,990.655
16,1,0,90,990.168
16,1,0,90,991.014
16,1,0,90,990.657
16,1,0,90,990.170
16,1,0,90,990.591
16,1,0,90,989.900
16,1,0,90,989.988
16,1,0,90,989.797
16,1,0,90,1000.051
16,1,0,90,990.601
16,1,0,90,989.689
16,1,0,90,991.295
16,1,0,90,991.697
16,1,0,90,989.136
16,1,0,90,989.853
16,1,0,90,990.125
16,1,0,90,990.527
16,1,0,90,992.207
16,1,0,90,991.443
16,1,0,90,1683.304
16,1,0,90,1163.042
16,1,0,90,991.149
16,1,0,90,990.977
16,1,0,90,989.379
16,1,0,90,990.726
16,1,0,90,989.757
16,1,0,90,989.437
16,1,0,90,989.154
16,1,0,90,990.556
16,1,0,90,990.014
16,1,0,90,989.935
16,1,0,90,978.929
16,1,0,90,995.628
16,1,0,90,990.270
16,1,0,90,989.339
16,1,0,90,1013.223
16,1,0,90,990.032
16,1,0,90,991.916
16,1,0,90,990.929
16,1,0,90,990.239
16,1,0,90,990.696
16,1,0,90,991.061
16,1,0,90,989.945
16,1,0,90,990.329
16,1,0,90,999.768
16,1,0,90,989.670
16,1,0,90,989.794
16,1,0,90,989.844
16,1,0,90,990.117
16,1,0,90,990.093
16,1,0,90,962.773
16,1,0,90,996.305
16,1,0,90,990.781
16,1,0,90,990.090
16,1,0,90,989.900
16,1,0,90,991.857
16,1,0,90,992.093
16,1,0,90,992.106
16,1,0,90,991.767
16,1,0,90,990.114
16,1,0,90,991.479
16,1,0,90,991.492
16,1,0,90,990.320
16,1,0,90,990.630
16,1,0,90,990.273
16,1,0,90,990.730
16,1,0,90,998.373
16,1,0,90,990.553
16,1,0,90,991.659
16,1,0,90,975.728
16,1,0,90,996.556
16,1,0,90,989.717
16,1,0,90,997.304
16,1,0,90,990.688
16,1,0,90,999.553
16,1,0,90,989.659
16,1,0,90,990.024
16,1,0,90,992.407
16,1,0,90,991.550
16,1,0,90,990.656
16,1,0,90,991.299
16,1,0,90,1000.405
16,1,0,90,990.418
16,1,0,90,989.783
16,1,0,90,990.426
16,1,0,90,991.550
16,1,0,90,991.008
16,1,0,90,990.743
16,1,0,90,977.460
16,1,0,90,995.159
16,1,0,90,991.190
16,1,0,90,990.241
16,1,0,90,990.569
16,1,0,90,990.563
16,1,0,90,989.910
16,1,0,90,1010.997
16,1,0,90,992.233
16,1,0,90,992.394
16,1,0,90,991.296
16,1,0,90,990.920
16,1,0,90,991.137
16,1,0,90,991.354
16,1,0,90,989.886
16,1,0,90,989.621
16,1,0,90,990.616
16,1,0,90,989.611
16,1,0,90,989.550
16,1,0,90,944.489
16,1,0,90,995.132
16,1,0,90,991.145
16,1,0,90,991.232
16,1,0,90,990.597
16,1,0,90,990.444
16,1,0,90,989.939
16,1,0,90,1000.304
16,1,0,90,990.169
16,1,0,90,990.756
16,1,0,90,992.103
16,1,0,90,989.783
16,1,0,90,989.925
16,1,0,90,990.476
16,1,0,90,990.174
16,1,0,90,989.576
16,1,0,90,990.237
16,1,0,90,989.806
16,1,0,90,990.653
16,1,0,90,967.870
16,1,0,90,995.716
16,1,0,90,990.100
16,1,0,90,989.817
16,1,0,90,981.330
16,1,0,90,989.917
16,1,0,90,990.023
16,1,0,90,989.758
16,1,0,90,989.827
16,1,0,90,989.470
16,1,0,90,990.613
16,1,0,90,991.626
16,1,0,90,989.936
16,1,0,90,990.208
16,1,0,90,995.351
16,1,0,90,990.309
16,1,0,90,990.377
16,1,0,90,990.242
16,1,0,90,990.533
16,1,0,90,960.343
16,1,0,90,994.801
16,1,0,90,990.332
16,1,0,90,990.438
16,1,0,90,990.581
16,1,0,90,989.965
16,1,0,90,989.478
16,1,0,90,989.843
16,1,0,90,990.134
16,1,0,90,989.147
16,1,0,90,989.716
16,1,0,90,989.377
16,1,0,90,992.298
16,1,0,90,989.404
16,1,0,90,989.806
16,1,0,90,989.708
16,1,0,90,989.647
16,1,0,90,989.771
16,1,0,90,990.470
16,1,0,90,970.742
16,1,0,90,995.774
16,1,0,90,991.157
16,1,0,90,989.782
16,1,0,90,991.702
16,1,0,90,990.419
16,1,0,90,990.284
16,1,0,90,989.927
16,1,0,90,989.792
16,1,0,90,989.769
16,1,0,90,989.948
16,1,0,90,989.443
16,1,0,90,989.308
16,1,0,90,991.470
16,1,0,90,989.816
16,1,0,90,989.774
16,1,0,90,990.287
16,1,0,90,990.671
16,1,0,90,990.406
16,1,0,90,966.456
16,1,0,90,996.136
16,1,0,90,989.872
16,1,0,90,989.811
16,1,0,90,989.028
16,1,0,90,989.800
16,1,0,90,989.961
16,1,0,90,990.549
16,1,0,90,990.747
16,1,0,90,990.557
16,1,0,90,990.014
16,1,0,90,989.953
16,1,0,90,988.800
16,1,0,90,992.480
16,1,0,90,991.512
16,1,0,90,989.506
16,1,0,90,989.390
16,1,0,90,991.533
16,1,0,90,990.194
16,1,0,90,966.059
16,1,0,90,995.239
16,1,0,90,990.345
16,1,0,90,990.117
16,1,0,90,990.445
16,1,0,90,990.199
16,1,0,90,990.138
16,1,0,90,990.078
16,1,0,90,990.406
16,1,0,90,1686.637
16,1,0,90,1166.894
16,1,0,90,990.408
16,1,0,90,990.310
16,1,0,90,989.953
16,1,0,90,989.522
16,1,0,90,991.517
16,1,0,90,989.511
16,1,0,90,989.450
16,1,0,90,1000.056
16,1,0,90,953.199
16,1,0,90,996.527
16,1,0,90,990.077
16,1,0,90,989.942
16,1,0,90,989.863
16,1,0,90,989.673
16,1,0,90,989.538
16,1,0,90,990.551
16,1,0,90,989.416
16,1,0,90,989.559
16,1,0,90,990.979
16,1,0,90,991.733
16,1,0,90,990.265
16,1,0,90,989.445
16,1,0,90,989.625
16,1,0,90,989.619
16,1,0,90,1000.670
16,1,0,90,991.664
16,1,0,90,951.567
16,1,0,90,995.876
16,1,0,90,991.037
16,1,0,90,990.773
16,1,0,90,990.656
16,1,0,90,990.225
16,1,0,90,990.183
16,1,0,90,990.344
16,1,0,90,990.950
16,1,0,90,990.482
16,1,0,90,990.421
16,1,0,90,990.156
16,1,0,90,989.836
16,1,0,90,989.998
16,1,0,90,990.159
16,1,0,90,990.339
16,1,0,90,989.945
16,1,0,90,989.810
16,1,0,90,991.341
16,1,0,90,968.447
16,1,0,90,998.257
16,1,0,90,991.381
16,1,0,90,991.561
16,1,0,90,991.093
16,1,0,90,989.958
16,1,0,90,991.286
16,1,0,90,991.299
16,1,0,90,989.664
16,1,0,90,990.066
16,1,0,90,989.468
16,1,0,90,990.074
16,1,0,90,990.439
16,1,0,90,990.563
16,1,0,90,990.762
16,1,0,90,990.201
16,1,0,90,990.362
16,1,0,90,990.153
16,1,0,90,990.259
16,1,0,90,957.754
16,1,0,90,997.323
16,1,0,90,990.132
16,1,0,90,989.886
16,1,0,90,992.288
16,1,0,90,989.524
16,1,0,90,990.222
16,1,0,90,989.587
16,1,0,90,989.971
16,1,0,90,989.928
16,1,0,90,989.238
16,1,0,90,989.603
16,1,0,90,989.672
16,1,0,90,989.407
16,1,0,90,989.105
16,1,0,90,989.804
16,1,0,90,989.558
16,1,0,90,990.719
16,1,0,90,989.529
16,1,0,90,966.875
16,1,0,90,999.111
16,1,0,90,990.994
16,1,0,90,991.730
16,1,0,90,989.873
16,1,0,90,990.201
16,1,0,90,989.880
16,1,0,90,993.264
16,1,0,90,990.722
16,1,0,90,993.439
16,1,0,90,989.915
16,1,0,90,1681.239
16,1,0,90,1161.144
16,1,0,90,990.529
16,1,0,90,989.986
16,1,0,90,990.388
16,1,0,90,990.383
16,1,0,90,989.581
16,1,0,90,989.780
16,1,0,90,970.330
16,1,0,90,995.399
16,1,0,90,991.968
16,1,0,90,991.536
16,1,0,90,990.161
16,1,0,90,990.470
16,1,0,90,990.261
16,1,0,90,990.589
16,1,0,90,990.565
16,1,0,90,990.153
16,1,0,90,989.536
16,1,0,90,989.531
16,1,0,90,990.081
16,1,0,90,991.613
16,1,0,90,990.182
16,1,0,90,989.843
16,1,0,90,990.282
16,1,0,90,989.925
16,1,0,90,1000.346
16,1,0,90,963.896
16,1,0,90,1008.316
16,1,0,90,990.108
16,1,0,90,992.639
16,1,0,90,991.041
16,1,0,90,990.462
16,1,0,90,990.290
16,1,0,90,991.007
16,1,0,90,990.946
16,1,0,90,989.867
16,1,0,90,990.232
16,1,0,90,989.671
16,1,0,90,989.110
16,1,0,90,989.382
16,1,0,90,989.081
16,1,0,90,990.057
16,1,0,90,989.255
16,1,0,90,989.454
16,1,0,90,990.430
16,1,0,90,953.758
16,1,0,90,994.956
16,1,0,90,1682.281
16,1,0,90,1162.445
16,1,0,90,992.941
16,1,0,90,990.528
16,1,0,90,990.115
16,1,0,90,991.369
16,1,0,90,991.012
16,1,0,90,991.303
16,1,0,90,990.742
16,1,0,90,990.218
16,1,0,90,990.194
16,1,0,90,990.208
16,1,0,90,990.147
16,1,0,90,989.493
16,1,0,90,989.784
16,1,0,90,989.779
16,1,0,90,990.385
16,1,0,90,982.805
16,1,0,90,996.504
16,1,0,90,990.702
16,1,0,90,989.641
16,1,0,90,990.155
16,1,0,90,991.686
16,1,0,90,991.255
16,1,0,90,989.842
16,1,0,90,990.263
16,1,0,90,991.887
16,1,0,90,990.826
16,1,0,90,1009.080
16,1,0,90,990.297
16,1,0,90,989.755
16,1,0,90,989.546
16,1,0,90,989.670
16,1,0,90,989.758
16,1,0,90,990.474
16,1,0,90,989.247
16,1,0,90,953.983
16,1,0,90,997.903
16,1,0,90,990.157
16,1,0,90,989.911
16,1,0,90,990.220
16,1,0,90,990.660
16,1,0,90,991.765
16,1,0,90,992.186
16,1,0,90,991.292
16,1,0,90,991.212
16,1,0,90,989.911
16,1,0,90,990.128
16,1,0,90,1684.193
16,1,0,90,1162.987
16,1,0,90,990.964
16,1,0,90,990.236
16,1,0,90,989.657
16,1,0,90,990.689
16,1,0,90,989.461
16,1,0,90,970.771
16,1,0,90,994.432
16,1,0,90,990.723
16,1,0,90,991.384
16,1,0,90,989.934
16,1,0,90,990.744
16,1,0,90,990.091
16,1,0,90,991.326
16,1,0,90,990.617
16,1,0,90,991.167
16,1,0,90,989.662
16,1,0,90,990.323
16,1,0,90,984.633
16,1,0,90,990.387
16,1,0,90,991.344
16,1,0,90,989.821
16,1,0,90,989.797
16,1,0,90,989.847
16,1,0,90,989.619
16,1,0,90,948.096
16,1,0,90,995.701
16,1,0,90,990.492
16,1,0,90,992.080
16,1,0,90,990.352
16,1,0,90,990.217
16,1,0,90,990.268
16,1,0,90,990.262
16,1,0,90,991.757
16,1,0,90,990.881
16,1,0,90,991.635
16,1,0,90,990.519
16,1,0,90,990.106
16,1,0,90,989.656
16,1,0,90,989.632
16,1,0,90,989.664
16,1,0,90,989.289
16,1,0,90,989.172
16,1,0,90,989.759
16,1,0,90,969.976
16,1,0,90,995.119
16,1,0,90,989.410
16,1,0,90,989.738
16,1,0,90,989.844
16,1,0,90,991.579
16,1,0,90,990.148
16,1,0,90,989.828
16,1,0,90,991.341
16,1,0,90,992.151
16,1,0,90,990.886
16,1,0,90,991.548
16,1,0,90,990.468
16,1,0,90,990.148
16,1,0,90,989.661
16,1,0,90,989.989
16,1,0,90,990.058
16,1,0,90,990.219
16,1,0,90,990.159
16,1,0,90,951.894
16,1,0,90,995.111
16,1,0,90,990.513
16,1,0,90,990.211
16,1,0,90,990.225
16,1,0,90,989.849
16,1,0,90,1002.177
16,1,0,90,990.338
16,1,0,90,990.259
16,1,0,90,989.402
16,1,0,90,992.082
16,1,0,90,989.373
16,1,0,90,1009.367
16,1,0,90,990.714
16,1,0,90,990.375
16,1,0,90,989.833
16,1,0,90,989.476
16,1,0,90,990.637
16,1,0,90,989.576
16,1,0,90,981.441
16,1,0,90,1008.177
16,1,0,90,990.931
16,1,0,90,989.574
16,1,0,90,990.457
16,1,0,90,989.396
16,1,0,90,989.465
16,1,0,90,990.775
16,1,0,90,990.566
16,1,0,90,990.134
16,1,0,90,990.444
16,1,0,90,991.346
16,1,0,90,990.470
16,1,0,90,19266.146
17,1,0,90,0.111
17,1,0,90,682.898
17,1,0,90,115.896
17,1,0,90,29.447
17,1,0,90,452.050
17,1,0,90,444.193
17,1,0,90,1028.388
17,1,0,90,837.403
17,1,0,90,990.434
17,1,0,90,988.150
17,1,0,90,377.667
17,1,0,90,47.571
17,1,0,90,988.523
17,1,0,90,987.222
17,1,0,90,986.661
17,1,0,90,989.211
17,1,0,90,989.021
17,1,0,90,988.793
17,1,0,90,986.825
17,1,0,90,986.875
17,1,0,90,972.037
17,1,0,90,989.309
17,1,0,90,1027.896
17,1,0,90,909.614
17,1,0,90,990.330
17,1,0,90,988.806
17,1,0,90,987.579
17,1,0,90,987.833
17,1,0,90,992.494
17,1,0,90,988.600
17,1,0,90,988.113
17,1,0,90,986.886
17,1,0,90,989.677
17,1,0,90,999.356
17,1,0,90,988.444
17,1,0,90,987.661
17,1,0,90,989.804
17,1,0,90,987.761
17,1,0,90,976.423
17,1,0,90,989.843
17,1,0,90,991.542
17,1,0,90,988.129
17,1,0,90,987.087
17,1,0,90,988.489
17,1,0,90,991.002
17,1,0,90,986.589
17,1,0,90,986.695
17,1,0,90,988.393
17,1,0,90,989.647
17,1,0,90,987.031
17,1,0,90,985.563
17,1,0,90,987.761
17,1,0,90,989.441
17,1,0,90,987.899
17,1,0,90,987.875
17,1,0,90,987.943
17,1,0,90,991.475
17,1,0,90,994.192
17,1,0,90,989.668
17,1,0,90,988.404
17,1,0,90,989.398
17,1,0,90,988.338
17,1,0,90,987.184
17,1,0,90,986.697
17,1,0,90,988.025
17,1,0,90,988.909
17,1,0,90,989.607
17,1,0,90,989.806
17,1,0,90,990.763
17,1,0,90,988.314
17,1,0,90,986.438
17,1,0,90,986.451
17,1,0,90,988.353
17,1,0,90,986.941
17,1,0,90,945.565
17,1,0,90,995.615
17,1,0,90,997.388
17,1,0,90,988.160
17,1,0,90,988.784
17,1,0,90,975.427
17,1,0,90,989.440
17,1,0,90,986.083
17,1,0,90,986.004
17,1,0,90,989.091
17,1,0,90,988.234
17,1,0,90,986.321
17,1,0,90,985.816
17,1,0,90,987.014
17,1,0,90,988.528
17,1,0,90,990.967
17,1,0,90,986.369
17,1,0,90,986.808
17,1,0,90,988.747
17,1,0,90,963.964
17,1,0,90,991.070
17,1,0,90,985.750
17,1,0,90,988.726
17,1,0,90,989.813
17,1,0,90,998.660
17,1,0,90,987.284
17,1,0,90,989.649
17,1,0,90,986.607
17,1,0,90,987.527
17,1,0,90,985.633
17,1,0,90,988.813
17,1,0,90,987.549
17,1,0,90,987.210
17,1,0,90,986.464
17,1,0,90,999.459
17,1,0,90,986.583
17,1,0,90,987.244
17,1,0,90,988.720
17,1,0,90,991.289
17,1,0,90,986.080
17,1,0,90,985.186
17,1,0,90,986.292
17,1,0,90,989.435
17,1,0,90,988.374
17,1,0,90,987.739
17,1,0,90,1680.971
17,1,0,90,1167.042
17,1,0,90,988.075
17,1,0,90,986.958
17,1,0,90,986.694
17,1,0,90,988.726
17,1,0,90,986.202
17,1,0,90,987.919
17,1,0,90,985.950
17,1,0,90,988.204
17,1,0,90,986.977
17,1,0,90,986.897
17,1,0,90,974.726
17,1,0,90,993.961
17,1,0,90,986.919
17,1,0,90,986.395
17,1,0,90,1009.278
17,1,0,90,988.569
17,1,0,90,989.008
17,1,0,90,987.929
17,1,0,90,985.553
17,1,0,90,989.696
17,1,0,90,986.950
17,1,0,90,985.982
17,1,0,90,987.069
17,1,0,90,997.138
17,1,0,90,985.762
17,1,0,90,987.201
17,1,0,90,987.011
17,1,0,90,989.191
17,1,0,90,986.482
17,1,0,90,959.773
17,1,0,90,993.693
17,1,0,90,988.299
17,1,0,90,986.109
17,1,0,90,986.381
17,1,0,90,987.987
17,1,0,90,989.519
17,1,0,90,987.773
17,1,0,90,989.286
17,1,0,90,986.225
17,1,0,90,990.220
17,1,0,90,987.770
17,1,0,90,987.802
17,1,0,90,988.759
17,1,0,90,988.532
17,1,0,90,986.212
17,1,0,90,996.169
17,1,0,90,986.849
17,1,0,90,990.677
17,1,0,90,972.746
17,1,0,90,994.111
17,1,0,90,986.550
17,1,0,90,996.397
17,1,0,90,986.206
17,1,0,90,995.905
17,1,0,90,986.511
17,1,0,90,988.209
17,1,0,90,988.907
17,1,0,90,988.606
17,1,0,90,987.100
17,1,0,90,990.354
17,1,0,90,998.127
17,1,0,90,988.622
17,1,0,90,986.042
17,1,0,90,990.185
17,1,0,90,988.698
17,1,0,90,987.823
17,1,0,90,987.669
17,1,0,90,976.997
17,1,0,90,991.770
17,1,0,90,989.024
17,1,0,90,987.537
17,1,0,90,988.698
17,1,0,90,986.008
17,1,0,90,985.447
17,1,0,90,1008.478
17,1,0,90,991.288
17,1,0,90,989.357
17,1,0,90,988.777
17,1,0,90,987.791
17,1,0,90,990.730
17,1,0,90,986.780
17,1,0,90,986.219
17,1,0,90,987.251
17,1,0,90,989.153
17,1,0,90,985.185
17,1,0,90,986.439
17,1,0,90,940.026
17,1,0,90,993.169
17,1,0,90,987.460
17,1,0,90,988.084
17,1,0,90,987.375
17,1,0,90,989.944
17,1,0,90,985.550
17,1,0,90,996.526
17,1,0,90,987.298
17,1,0,90,989.756
17,1,0,90,987.917
17,1,0,90,986.949
17,1,0,90,985.481
17,1,0,90,989.420
17,1,0,90,986.174
17,1,0,90,987.224
17,1,0,90,986.700
17,1,0,90,989.380
17,1,0,90,987.412
17,1,0,90,963.907
17,1,0,90,992.901
17,1,0,90,989.229
17,1,0,90,985.965
17,1,0,90,979.182
17,1,0,90,986.602
17,1,0,90,989.227
17,1,0,90,986.555
17,1,0,90,986.068
17,1,0,90,985.803
17,1,0,90,989.668
17,1,0,90,987.348
17,1,0,90,988.973
17,1,0,90,986.967
17,1,0,90,994.129
17,1,0,90,986.827
17,1,0,90,986.988
17,1,0,90,986.242
17,1,0,90,988.978
17,1,0,90,957.399
17,1,0,90,992.930
17,1,0,90,986.406
17,1,0,90,989.790
17,1,0,90,987.451
17,1,0,90,986.428
17,1,0,90,987.015
17,1,0,90,989.232
17,1,0,90,987.393
17,1,0,90,984.980
17,1,0,90,986.864
17,1,0,90,986.933
17,1,0,90,989.557
17,1,0,90,986.718
17,1,0,90,986.769
17,1,0,90,988.837
17,1,0,90,985.314
17,1,0,90,988.012
17,1,0,90,987.247
17,1,0,90,970.224
17,1,0,90,991.218
17,1,0,90,987.435
17,1,0,90,987.023
17,1,0,90,989.684
17,1,0,90,987.919
17,1,0,90,988.507
17,1,0,90,985.983
17,1,0,90,988.015
17,1,0,90,987.435
17,1,0,90,988.059
17,1,0,90,987.517
17,1,0,90,987.327
17,1,0,90,987.377
17,1,0,90,987.001
17,1,0,90,986.311
17,1,0,90,988.657
17,1,0,90,986.356
17,1,0,90,986.276
17,1,0,90,962.567
17,1,0,90,995.451
17,1,0,90,986.705
17,1,0,90,988.274
17,1,0,90,985.583
17,1,0,90,989.281
17,1,0,90,985.591
17,1,0,90,986.493
17,1,0,90,986.840
17,1,0,90,989.371
17,1,0,90,986.070
17,1,0,90,986.139
17,1,0,90,985.244
17,1,0,90,991.332
17,1,0,90,987.549
17,1,0,90,986.654
17,1,0,90,985.168
17,1,0,90,990.718
17,1,0,90,986.953
17,1,0,90,963.522
17,1,0,90,991.183
17,1,0,90,990.456
17,1,0,90,987.080
17,1,0,90,986.686
17,1,0,90,986.607
17,1,0,90,987.953
17,1,0,90,987.078
17,1,0,90,987.776
17,1,0,90,1684.267
17,1,0,90,1170.820
17,1,0,90,987.204
17,1,0,90,987.366
17,1,0,90,986.194
17,1,0,90,988.726
17,1,0,90,988.054
17,1,0,90,987.233
17,1,0,90,986.487
17,1,0,90,998.112
17,1,0,90,950.570
17,1,0,90,991.786
17,1,0,90,986.059
17,1,0,90,989.350
17,1,0,90,986.270
17,1,0,90,987.228
17,1,0,90,986.426
17,1,0,90,988.625
17,1,0,90,986.768
17,1,0,90,986.948
17,1,0,90,988.498
17,1,0,90,991.363
17,1,0,90,986.691
17,1,0,90,986.000
17,1,0,90,986.754
17,1,0,90,987.490
17,1,0,90,997.170
17,1,0,90,988.738
17,1,0,90,948.715
17,1,0,90,993.487
17,1,0,90,988.074
17,1,0,90,986.717
17,1,0,90,986.249
17,1,0,90,988.373
17,1,0,90,986.627
17,1,0,90,986.548
17,1,0,90,987.839
17,1,0,90,989.852
17,1,0,90,987.550
17,1,0,90,987.471
17,1,0,90,985.744
17,1,0,90,988.460
17,1,0,90,987.826
17,1,0,90,987.598
17,1,0,90,986.482
17,1,0,90,987.717
17,1,0,90,987.119
17,1,0,90,967.540
17,1,0,90,994.442
17,1,0,90,990.696
17,1,0,90,986.968
17,1,0,90,986.574
17,1,0,90,987.161
17,1,0,90,991.212
17,1,0,90,987.410
17,1,0,90,986.590
17,1,0,90,986.251
17,1,0,90,988.042
17,1,0,90,986.778
17,1,0,90,986.458
17,1,0,90,986.934
17,1,0,90,989.354
17,1,0,90,986.794
17,1,0,90,988.622
17,1,0,90,987.079
17,1,0,90,988.259
17,1,0,90,954.884
17,1,0,90,994.526
17,1,0,90,986.225
17,1,0,90,989.793
17,1,0,90,990.010
17,1,0,90,986.764
17,1,0,90,987.500
17,1,0,90,988.328
17,1,0,90,985.322
17,1,0,90,986.539
17,1,0,90,985.367
17,1,0,90,989.066
17,1,0,90,986.894
17,1,0,90,986.722
17,1,0,90,984.031
17,1,0,90,987.730
17,1,0,90,985.558
17,1,0,90,987.441
17,1,0,90,985.103
17,1,0,90,965.912
17,1,0,90,995.000
17,1,0,90,988.624
17,1,0,90,988.804
17,1,0,90,987.798
17,1,0,90,987.534
17,1,0,90,986.029
17,1,0,90,990.042
17,1,0,90,989.518
17,1,0,90,991.068
17,1,0,90,986.581
17,1,0,90,1678.498
17,1,0,90,1164.903
17,1,0,90,987.417
17,1,0,90,985.282
17,1,0,90,987.222
17,1,0,90,989.883
17,1,0,90,986.285
17,1,0,90,986.465
17,1,0,90,967.367
17,1,0,90,994.214
17,1,0,90,988.060
17,1,0,90,988.536
17,1,0,90,986.772
17,1,0,90,988.840
17,1,0,90,987.076
17,1,0,90,986.497
17,1,0,90,986.788
17,1,0,90,989.060
17,1,0,90,985.499
17,1,0,90,987.105
17,1,0,90,985.692
17,1,0,90,990.668
17,1,0,90,988.441
17,1,0,90,987.676
17,1,0,90,986.578
17,1,0,90,988.943
17,1,0,90,995.920
17,1,0,90,960.877
17,1,0,90,1004.798
17,1,0,90,990.533
17,1,0,90,988.973
17,1,0,90,987.912
17,1,0,90,987.610
17,1,0,90,988.512
17,1,0,90,987.470
17,1,0,90,988.205
17,1,0,90,986.774
17,1,0,90,988.750
17,1,0,90,986.763
17,1,0,90,985.721
17,1,0,90,985.605
17,1,0,90,987.988
17,1,0,90,986.816
17,1,0,90,986.718
17,1,0,90,985.639
17,1,0,90,989.263
17,1,0,90,950.629
17,1,0,90,990.605
17,1,0,90,1679.707
17,1,0,90,1166.315
17,1,0,90,989.496
17,1,0,90,987.898
17,1,0,90,986.985
17,1,0,90,989.036
17,1,0,90,987.160
17,1,0,90,988.377
17,1,0,90,986.964
17,1,0,90,988.792
17,1,0,90,986.546
17,1,0,90,987.448
17,1,0,90,986.221
17,1,0,90,986.993
17,1,0,90,986.877
17,1,0,90,988.168
17,1,0,90,986.959
17,1,0,90,980.472
17,1,0,90,991.856
17,1,0,90,988.313
17,1,0,90,985.327
17,1,0,90,987.914
17,1,0,90,989.186
17,1,0,90,988.329
17,1,0,90,986.490
17,1,0,90,988.856
17,1,0,90,988.702
17,1,0,90,988.197
17,1,0,90,1006.210
17,1,0,90,989.612
17,1,0,90,985.236
17,1,0,90,986.157
17,1,0,90,986.930
17,1,0,90,987.350
17,1,0,90,986.123
17,1,0,90,985.043
17,1,0,90,951.279
17,1,0,90,997.292
17,1,0,90,986.694
17,1,0,90,985.689
17,1,0,90,987.424
17,1,0,90,990.419
17,1,0,90,987.451
17,1,0,90,987.390
17,1,0,90,987.625
17,1,0,90,989.731
17,1,0,90,986.670
17,1,0,90,986.109
17,1,0,90,1680.526
17,1,0,90,1166.357
17,1,0,90,987.223
17,1,0,90,986.107
17,1,0,90,986.694
17,1,0,90,988.540
17,1,0,90,986.257
17,1,0,90,968.048
17,1,0,90,991.710
17,1,0,90,989.204
17,1,0,90,988.588
17,1,0,90,986.879
17,1,0,90,986.762
17,1,0,90,987.887
17,1,0,90,986.993
17,1,0,90,987.950
17,1,0,90,988.204
17,1,0,90,988.403
17,1,0,90,986.175
17,1,0,90,981.559
17,1,0,90,986.701
17,1,0,90,990.974
17,1,0,90,987.061
17,1,0,90,986.704
17,1,0,90,985.347
17,1,0,90,987.212
17,1,0,90,945.300
17,1,0,90,992.572
17,1,0,90,987.326
17,1,0,90,989.543
17,1,0,90,985.778
17,1,0,90,987.828
17,1,0,90,987.490
17,1,0,90,989.540
17,1,0,90,989.368
17,1,0,90,987.326
17,1,0,90,986.709
17,1,0,90,988.296
17,1,0,90,987.810
17,1,0,90,986.953
17,1,0,90,986.207
17,1,0,90,987.868
17,1,0,90,985.955
17,1,0,90,986.135
17,1,0,90,985.945
17,1,0,90,968.125
17,1,0,90,992.064
17,1,0,90,985.984
17,1,0,90,985.868
17,1,0,90,988.418
17,1,0,90,986.987
17,1,0,90,987.019
17,1,0,90,985.569
17,1,0,90,990.545
17,1,0,90,988.003
17,1,0,90,988.794
17,1,0,90,987.585
17,1,0,90,987.320
17,1,0,90,987.148
17,1,0,90,986.346
17,1,0,90,985.508
17,1,0,90,988.262
17,1,0,90,987.090
17,1,0,90,987.103
17,1,0,90,949.653
17,1,0,90,992.963
17,1,0,90,985.661
17,1,0,90,985.989
17,1,0,90,986.095
17,1,0,90,988.775
17,1,0,90,998.751
17,1,0,90,986.746
17,1,0,90,987.240
17,1,0,90,987.161
17,1,0,90,989.248
17,1,0,90,985.743
17,1,0,90,1006.664
17,1,0,90,989.010
17,1,0,90,986.153
17,1,0,90,987.018
17,1,0,90,985.105
17,1,0,90,988.470
17,1,0,90,986.502
17,1,0,90,979.608
17,1,0,90,1004.325
17,1,0,90,988.542
17,1,0,90,984.962
17,1,0,90,987.328
17,1,0,90,985.359
17,1,0,90,987.187
17,1,0,90,987.867
17,1,0,90,987.417
17,1,0,90,986.579
17,1,0,90,989.814
17,1,0,90,988.476
17,1,0,90,988.359
17,1,0,90,19109.387
18,1,0,90,0.074
18,1,0,90,677.824
18,1,0,90,109.637
18,1,0,90,28.706
18,1,0,90,445.828
18,1,0,90,437.600
18,1,0,90,1028.388
18,1,0,90,834.680
18,1,0,90,989.933
18,1,0,90,986.910
18,1,0,90,371.334
18,1,0,90,48.015
18,1,0,90,987.375
18,1,0,90,986.388
18,1,0,90,985.920
18,1,0,90,988.433
18,1,0,90,988.410
18,1,0,90,987.941
18,1,0,90,985.955
18,1,0,90,986.153
18,1,0,90,970.925
18,1,0,90,988.679
18,1,0,90,1028.340
18,1,0,90,907.558
18,1,0,90,989.812
18,1,0,90,987.806
18,1,0,90,986.505
18,1,0,90,986.851
18,1,0,90,991.679
18,1,0,90,987.859
18,1,0,90,987.261
18,1,0,90,985.645
18,1,0,90,989.399
18,1,0,90,998.708
18,1,0,90,987.592
18,1,0,90,986.772
18,1,0,90,989.174
18,1,0,90,986.928
18,1,0,90,975.589
18,1,0,90,988.936
18,1,0,90,991.116
18,1,0,90,987.314
18,1,0,90,986.272
18,1,0,90,987.655
18,1,0,90,990.446
18,1,0,90,985.793
18,1,0,90,985.621
18,1,0,90,987.893
18,1,0,90,989.221
18,1,0,90,986.364
18,1,0,90,984.563
18,1,0,90,987.094
18,1,0,90,988.904
18,1,0,90,987.158
18,1,0,90,987.171
18,1,0,90,987.055
18,1,0,90,991.179
18,1,0,90,993.322
18,1,0,90,989.076
18,1,0,90,987.441
18,1,0,90,988.565
18,1,0,90,987.504
18,1,0,90,986.443
18,1,0,90,985.568
18,1,0,90,987.544
18,1,0,90,988.113
18,1,0,90,988.718
18,1,0,90,989.083
18,1,0,90,990.134
18,1,0,90,987.351
18,1,0,90,985.438
18,1,0,90,985.599
18,1,0,90,987.946
18,1,0,90,986.070
18,1,0,90,944.676
18,1,0,90,994.485
18,1,0,90,996.554
18,1,0,90,987.475
18,1,0,90,988.340
18,1,0,90,974.538
18,1,0,90,988.570
18,1,0,90,984.824
18,1,0,90,985.115
18,1,0,90,988.036
18,1,0,90,987.938
18,1,0,90,985.599
18,1,0,90,984.816
18,1,0,90,986.366
18,1,0,90,988.176
18,1,0,90,990.041
18,1,0,90,985.480
18,1,0,90,985.827
18,1,0,90,988.229
18,1,0,90,963.335
18,1,0,90,990.422
18,1,0,90,984.657
18,1,0,90,988.189
18,1,0,90,989.091
18,1,0,90,998.030
18,1,0,90,986.562
18,1,0,90,989.131
18,1,0,90,986.014
18,1,0,90,986.453
18,1,0,90,984.615
18,1,0,90,988.313
18,1,0,90,986.697
18,1,0,90,986.358
18,1,0,90,985.464
18,1,0,90,999.496
18,1,0,90,985.453
18,1,0,90,986.522
18,1,0,90,987.943
18,1,0,90,991.011
18,1,0,90,985.321
18,1,0,90,984.260
18,1,0,90,985.551
18,1,0,90,988.601
18,1,0,90,987.485
18,1,0,90,986.720
18,1,0,90,1974.525
18,1,0,90,1166.375
18,1,0,90,987.334
18,1,0,90,985.755
18,1,0,90,986.101
18,1,0,90,987.596
18,1,0,90,985.387
18,1,0,90,987.085
18,1,0,90,985.080
18,1,0,90,987.445
18,1,0,90,986.088
18,1,0,90,986.138
18,1,0,90,973.707
18,1,0,90,993.276
18,1,0,90,986.048
18,1,0,90,985.728
18,1,0,90,1008.278
18,1,0,90,988.291
18,1,0,90,988.212
18,1,0,90,987.003
18,1,0,90,984.313
18,1,0,90,989.067
18,1,0,90,985.969
18,1,0,90,984.778
18,1,0,90,986.125
18,1,0,90,996.582
18,1,0,90,984.892
18,1,0,90,986.461
18,1,0,90,986.270
18,1,0,90,988.395
18,1,0,90,985.778
18,1,0,90,958.680
18,1,0,90,993.045
18,1,0,90,987.540
18,1,0,90,985.090
18,1,0,90,985.622
18,1,0,90,986.987
18,1,0,90,988.963
18,1,0,90,986.625
18,1,0,90,988.471
18,1,0,90,985.318
18,1,0,90,989.812
18,1,0,90,986.696
18,1,0,90,987.191
18,1,0,90,988.148
18,1,0,90,987.773
18,1,0,90,985.008
18,1,0,90,995.521
18,1,0,90,985.905
18,1,0,90,990.270
18,1,0,90,971.876
18,1,0,90,993.630
18,1,0,90,985.717
18,1,0,90,995.804
18,1,0,90,984.984
18,1,0,90,995.090
18,1,0,90,985.659
18,1,0,90,987.968
18,1,0,90,988.241
18,1,0,90,987.680
18,1,0,90,986.452
18,1,0,90,989.410
18,1,0,90,997.553
18,1,0,90,988.214
18,1,0,90,985.320
18,1,0,90,989.741
18,1,0,90,987.791
18,1,0,90,986.878
18,1,0,90,986.725
18,1,0,90,976.293
18,1,0,90,991.010
18,1,0,90,988.264
18,1,0,90,986.629
18,1,0,90,988.013
18,1,0,90,984.860
18,1,0,90,984.262
18,1,0,90,1007.812
18,1,0,90,990.381
18,1,0,90,988.449
18,1,0,90,987.833
18,1,0,90,986.828
18,1,0,90,990.211
18,1,0,90,985.521
18,1,0,90,985.590
18,1,0,90,986.566
18,1,0,90,988.320
18,1,0,90,983.888
18,1,0,90,985.587
18,1,0,90,938.915
18,1,0,90,992.354
18,1,0,90,986.478
18,1,0,90,987.251
18,1,0,90,986.616
18,1,0,90,989.129
18,1,0,90,984.568
18,1,0,90,995.526
18,1,0,90,986.354
18,1,0,90,989.460
18,1,0,90,987.288
18,1,0,90,986.097
18,1,0,90,984.314
18,1,0,90,988.624
18,1,0,90,985.026
18,1,0,90,986.409
18,1,0,90,985.774
18,1,0,90,988.973
18,1,0,90,986.597
18,1,0,90,963.110
18,1,0,90,992.179
18,1,0,90,988.415
18,1,0,90,985.131
18,1,0,90,978.460
18,1,0,90,985.732
18,1,0,90,989.041
18,1,0,90,985.592
18,1,0,90,985.049
18,1,0,90,984.840
18,1,0,90,989.057
18,1,0,90,986.145
18,1,0,90,988.324
18,1,0,90,986.078
18,1,0,90,993.777
18,1,0,90,985.846
18,1,0,90,986.007
18,1,0,90,985.279
18,1,0,90,988.182
18,1,0,90,956.732
18,1,0,90,992.375
18,1,0,90,985.740
18,1,0,90,989.345
18,1,0,90,986.729
18,1,0,90,985.613
18,1,0,90,986.330
18,1,0,90,988.584
18,1,0,90,986.652
18,1,0,90,984.166
18,1,0,90,985.919
18,1,0,90,986.488
18,1,0,90,988.779
18,1,0,90,985.904
18,1,0,90,985.898
18,1,0,90,988.245
18,1,0,90,984.128
18,1,0,90,987.308
18,1,0,90,986.340
18,1,0,90,969.687
18,1,0,90,990.015
18,1,0,90,986.583
18,1,0,90,986.226
18,1,0,90,988.591
18,1,0,90,987.253
18,1,0,90,987.803
18,1,0,90,984.779
18,1,0,90,987.218
18,1,0,90,986.657
18,1,0,90,987.356
18,1,0,90,986.721
18,1,0,90,986.604
18,1,0,90,986.266
18,1,0,90,986.279
18,1,0,90,985.459
18,1,0,90,988.268
18,1,0,90,985.374
18,1,0,90,985.091
18,1,0,90,961.660
18,1,0,90,994.858
18,1,0,90,985.946
18,1,0,90,987.607
18,1,0,90,984.694
18,1,0,90,988.893
18,1,0,90,984.498
18,1,0,90,985.234
18,1,0,90,985.914
18,1,0,90,988.779
18,1,0,90,985.181
18,1,0,90,985.157
18,1,0,90,984.411
18,1,0,90,990.702
18,1,0,90,986.289
18,1,0,90,985.710
18,1,0,90,983.927
18,1,0,90,990.070
18,1,0,90,986.083
18,1,0,90,962.689
18,1,0,90,990.183
18,1,0,90,990.011
18,1,0,90,986.284
18,1,0,90,985.760
18,1,0,90,985.681
18,1,0,90,987.527
18,1,0,90,986.133
18,1,0,90,987.035
18,1,0,90,1978.469
18,1,0,90,1170.301
18,1,0,90,986.334
18,1,0,90,986.514
18,1,0,90,985.286
18,1,0,90,988.003
18,1,0,90,987.146
18,1,0,90,986.326
18,1,0,90,985.543
18,1,0,90,997.482
18,1,0,90,949.847
18,1,0,90,990.805
18,1,0,90,984.799
18,1,0,90,988.850
18,1,0,90,985.400
18,1,0,90,986.376
18,1,0,90,985.445
18,1,0,90,988.125
18,1,0,90,986.045
18,1,0,90,986.077
18,1,0,90,987.831
18,1,0,90,990.844
18,1,0,90,985.802
18,1,0,90,985.204
18,1,0,90,985.902
18,1,0,90,986.823
18,1,0,90,996.484
18,1,0,90,987.794
18,1,0,90,948.104
18,1,0,90,992.543
18,1,0,90,987.130
18,1,0,90,985.699
18,1,0,90,985.101
18,1,0,90,987.744
18,1,0,90,985.738
18,1,0,90,985.770
18,1,0,90,987.080
18,1,0,90,989.259
18,1,0,90,986.754
18,1,0,90,986.638
18,1,0,90,984.484
18,1,0,90,987.886
18,1,0,90,986.992
18,1,0,90,986.691
18,1,0,90,985.574
18,1,0,90,986.698
18,1,0,90,986.267
18,1,0,90,966.781
18,1,0,90,993.331
18,1,0,90,990.399
18,1,0,90,986.135
18,1,0,90,985.407
18,1,0,90,986.272
18,1,0,90,990.563
18,1,0,90,986.188
18,1,0,90,986.053
18,1,0,90,985.436
18,1,0,90,987.709
18,1,0,90,985.926
18,1,0,90,985.476
18,1,0,90,986.100
18,1,0,90,988.651
18,1,0,90,985.923
18,1,0,90,988.010
18,1,0,90,986.227
18,1,0,90,987.389
18,1,0,90,953.995
18,1,0,90,993.637
18,1,0,90,985.262
18,1,0,90,989.053
18,1,0,90,989.381
18,1,0,90,985.968
18,1,0,90,986.666
18,1,0,90,988.050
18,1,0,90,984.230
18,1,0,90,985.687
18,1,0,90,984.404
18,1,0,90,988.344
18,1,0,90,986.246
18,1,0,90,985.907
18,1,0,90,983.087
18,1,0,90,987.063
18,1,0,90,984.650
18,1,0,90,986.627
18,1,0,90,983.843
18,1,0,90,965.357
18,1,0,90,994.074
18,1,0,90,987.790
18,1,0,90,987.859
18,1,0,90,987.150
18,1,0,90,986.775
18,1,0,90,985.158
18,1,0,90,989.468
18,1,0,90,988.981
18,1,0,90,990.216
18,1,0,90,985.859
18,1,0,90,1972.775
18,1,0,90,1164.255
18,1,0,90,986.806
18,1,0,90,984.134
18,1,0,90,986.407
18,1,0,90,989.605
18,1,0,90,985.470
18,1,0,90,985.761
18,1,0,90,966.552
18,1,0,90,993.658
18,1,0,90,987.208
18,1,0,90,987.647
18,1,0,90,985.920
18,1,0,90,988.044
18,1,0,90,986.539
18,1,0,90,985.422
18,1,0,90,985.602
18,1,0,90,988.764
18,1,0,90,984.703
18,1,0,90,986.216
18,1,0,90,984.433
18,1,0,90,990.094
18,1,0,90,987.737
18,1,0,90,986.880
18,1,0,90,985.671
18,1,0,90,988.332
18,1,0,90,994.827
18,1,0,90,959.896
18,1,0,90,1003.798
18,1,0,90,989.811
18,1,0,90,988.010
18,1,0,90,987.078
18,1,0,90,986.610
18,1,0,90,987.586
18,1,0,90,986.562
18,1,0,90,987.427
18,1,0,90,985.848
18,1,0,90,987.991
18,1,0,90,985.837
18,1,0,90,984.925
18,1,0,90,984.697
18,1,0,90,987.303
18,1,0,90,985.983
18,1,0,90,985.885
18,1,0,90,984.843
18,1,0,90,988.523
18,1,0,90,949.758
18,1,0,90,989.364
18,1,0,90,1974.020
18,1,0,90,1165.519
18,1,0,90,988.515
18,1,0,90,986.917
18,1,0,90,986.022
18,1,0,90,988.147
18,1,0,90,986.253
18,1,0,90,987.414
18,1,0,90,985.909
18,1,0,90,988.163
18,1,0,90,985.491
18,1,0,90,986.559
18,1,0,90,985.295
18,1,0,90,985.790
18,1,0,90,985.969
18,1,0,90,987.483
18,1,0,90,986.014
18,1,0,90,979.879
18,1,0,90,990.670
18,1,0,90,987.424
18,1,0,90,984.364
18,1,0,90,986.747
18,1,0,90,988.353
18,1,0,90,987.403
18,1,0,90,985.546
18,1,0,90,988.207
18,1,0,90,987.758
18,1,0,90,987.308
18,1,0,90,1005.358
18,1,0,90,988.927
18,1,0,90,983.996
18,1,0,90,984.898
18,1,0,90,985.985
18,1,0,90,986.387
18,1,0,90,984.993
18,1,0,90,983.988
18,1,0,90,950.408
18,1,0,90,996.495
18,1,0,90,985.805
18,1,0,90,984.578
18,1,0,90,986.535
18,1,0,90,989.771
18,1,0,90,986.210
18,1,0,90,986.186
18,1,0,90,986.847
18,1,0,90,988.860
18,1,0,90,985.800
18,1,0,90,985.091
18,1,0,90,1974.617
18,1,0,90,1165.561
18,1,0,90,986.297
18,1,0,90,985.236
18,1,0,90,985.879
18,1,0,90,988.170
18,1,0,90,985.350
18,1,0,90,967.233
18,1,0,90,990.802
18,1,0,90,988.538
18,1,0,90,987.792
18,1,0,90,985.934
18,1,0,90,985.818
18,1,0,90,986.776
18,1,0,90,985.733
18,1,0,90,987.043
18,1,0,90,987.278
18,1,0,90,987.754
18,1,0,90,984.990
18,1,0,90,980.744
18,1,0,90,985.776
18,1,0,90,990.511
18,1,0,90,986.172
18,1,0,90,986.000
18,1,0,90,984.384
18,1,0,90,986.156
18,1,0,90,944.281
18,1,0,90,991.627
18,1,0,90,986.307
18,1,0,90,988.450
18,1,0,90,984.537
18,1,0,90,986.976
18,1,0,90,986.712
18,1,0,90,988.984
18,1,0,90,988.627
18,1,0,90,986.437
18,1,0,90,985.709
18,1,0,90,987.167
18,1,0,90,986.939
18,1,0,90,985.934
18,1,0,90,985.318
18,1,0,90,987.127
18,1,0,90,985.066
18,1,0,90,985.228
18,1,0,90,984.926
18,1,0,90,967.384
18,1,0,90,991.138
18,1,0,90,985.151
18,1,0,90,984.997
18,1,0,90,987.492
18,1,0,90,985.987
18,1,0,90,986.056
18,1,0,90,984.347
18,1,0,90,989.952
18,1,0,90,986.780
18,1,0,90,987.886
18,1,0,90,986.307
18,1,0,90,986.172
18,1,0,90,986.167
18,1,0,90,985.495
18,1,0,90,984.619
18,1,0,90,987.539
18,1,0,90,986.127
18,1,0,90,986.196
18,1,0,90,948.931
18,1,0,90,992.278
18,1,0,90,984.846
18,1,0,90,984.860
18,1,0,90,985.169
18,1,0,90,987.997
18,1,0,90,997.936
18,1,0,90,985.838
18,1,0,90,986.314
18,1,0,90,986.143
18,1,0,90,988.341
18,1,0,90,984.780
18,1,0,90,1005.793
18,1,0,90,987.918
18,1,0,90,984.912
18,1,0,90,986.092
18,1,0,90,983.883
18,1,0,90,987.507
18,1,0,90,985.521
18,1,0,90,978.867
18,1,0,90,1003.473
18,1,0,90,987.727
18,1,0,90,983.648
18,1,0,90,986.365
18,1,0,90,984.396
18,1,0,90,986.280
18,1,0,90,986.812
18,1,0,90,986.529
18,1,0,90,985.708
18,1,0,90,988.944
18,1,0,90,987.605
18,1,0,90,987.544
18,1,0,90,19103.073
19,2,0,80,0.167
19,2,0,80,494.358
19,2,0,80,896.845
19,2,0,80,494.707
19,2,0,80,453.770
19,2,0,80,514.204
19,2,0,80,451.305
19,2,0,80,449.831
19,2,0,80,452.246
19,2,0,80,449.717
19,2,0,80,434.744
19,2,0,80,494.603
19,2,0,80,453.741
19,2,0,80,450.397
19,2,0,80,455.461
19,2,0,80,451.006
19,2,0,80,453.236
19,2,0,80,451.503
19,2,0,80,453.196
19,2,0,80,439.426
19,2,0,80,454.915
19,2,0,80,450.034
19,2,0,80,454.153
19,2,0,80,449.365
19,2,0,80,452.929
19,2,0,80,448.418
19,2,0,80,452.722
19,2,0,80,451.137
19,2,0,80,455.127
19,2,0,80,452.931
19,2,0,80,452.309
19,2,0,80,450.206
19,2,0,80,451.418
19,2,0,80,452.592
19,2,0,80,454.045
19,2,0,80,449.367
19,2,0,80,451.931
19,2,0,80,408.587
19,2,0,80,460.576
19,2,0,80,452.306
19,2,0,80,452.611
19,2,0,80,448.933
19,2,0,80,451.904
19,2,0,80,448.708
19,2,0,80,452.068
19,2,0,80,449.298
19,2,0,80,452.103
19,2,0,80,454.277
19,2,0,80,452.026
19,2,0,80,462.015
19,2,0,80,453.097
19,2,0,80,450.142
19,2,0,80,452.187
19,2,0,80,450.232
19,2,0,80,463.444
19,2,0,80,450.359
19,2,0,80,454.848
19,2,0,80,448.153
19,2,0,80,452.364
19,2,0,80,450.594
19,2,0,80,643.879
19,2,0,80,449.647
19,2,0,80,451.359
19,2,0,80,450.941
19,2,0,80,451.263
19,2,0,80,450.012
19,2,0,80,457.150
19,2,0,80,449.528
19,2,0,80,452.017
19,2,0,80,450.766
19,2,0,80,453.089
19,2,0,80,448.763
19,2,0,80,460.549
19,2,0,80,450.298
19,2,0,80,452.194
19,2,0,80,422.573
19,2,0,80,451.377
19,2,0,80,449.533
19,2,0,80,452.856
19,2,0,80,452.456
19,2,0,80,453.760
19,2,0,80,451.009
19,2,0,80,451.776
19,2,0,80,459.432
19,2,0,80,454.199
19,2,0,80,457.485
19,2,0,80,460.104
19,2,0,80,459.075
19,2,0,80,451.824
19,2,0,80,451.535
19,2,0,80,453.284
19,2,0,80,452.107
19,2,0,80,453.559
19,2,0,80,450.734
19,2,0,80,440.204
19,2,0,80,452.064
19,2,0,80,451.924
19,2,0,80,448.061
19,2,0,80,454.162
19,2,0,80,451.688
19,2,0,80,454.141
19,2,0,80,449.445
19,2,0,80,452.379
19,2,0,80,449.553
19,2,0,80,456.283
19,2,0,80,451.088
19,2,0,80,452.966
19,2,0,80,459.529
19,2,0,80,453.297
19,2,0,80,449.767
19,2,0,80,452.553
19,2,0,80,450.357
19,2,0,80,452.865
19,2,0,80,427.021
19,2,0,80,452.326
19,2,0,80,442.426
19,2,0,80,452.971
19,2,0,80,448.868
19,2,0,80,452.894
19,2,0,80,452.272
19,2,0,80,457.614
19,2,0,80,449.881
19,2,0,80,452.055
19,2,0,80,456.323
19,2,0,80,453.127
19,2,0,80,449.338
19,2,0,80,452.494
19,2,0,80,448.151
19,2,0,80,450.307
19,2,0,80,449.759
19,2,0,80,451.989
19,2,0,80,451.256
19,2,0,80,433.524
19,2,0,80,450.476
19,2,0,80,452.613
19,2,0,80,451.695
19,2,0,80,451.055
19,2,0,80,451.230
19,2,0,80,450.423
19,2,0,80,450.116
19,2,0,80,452.031
19,2,0,80,448.946
19,2,0,80,458.732
19,2,0,80,451.610
19,2,0,80,452.692
19,2,0,80,448.941
19,2,0,80,452.653
19,2,0,80,449.124
19,2,0,80,454.576
19,2,0,80,449.547
19,2,0,80,453.907
19,2,0,80,426.563
19,2,0,80,453.885
19,2,0,80,449.652
19,2,0,80,451.327
19,2,0,80,450.872
19,2,0,80,647.990
19,2,0,80,450.425
19,2,0,80,451.840
19,2,0,80,450.163
19,2,0,80,461.523
19,2,0,80,454.642
19,2,0,80,452.742
19,2,0,80,450.213
19,2,0,80,452.036
19,2,0,80,449.933
19,2,0,80,454.848
19,2,0,80,449.115
19,2,0,80,450.808
19,2,0,80,451.668
19,2,0,80,456.509
19,2,0,80,449.554
19,2,0,80,451.655
19,2,0,80,449.607
19,2,0,80,453.170
19,2,0,80,450.549
19,2,0,80,451.797
19,2,0,80,450.620
19,2,0,80,450.572
19,2,0,80,430.673
19,2,0,80,454.310
19,2,0,80,449.318
19,2,0,80,454.456
19,2,0,80,449.871
19,2,0,80,451.601
19,2,0,80,449.294
19,2,0,80,452.580
19,2,0,80,451.921
19,2,0,80,451.226
19,2,0,80,457.548
19,2,0,80,453.001
19,2,0,80,449.749
19,2,0,80,451.998
19,2,0,80,449.506
19,2,0,80,452.217
19,2,0,80,449.799
19,2,0,80,450.993
19,2,0,80,450.500
19,2,0,80,429.286
19,2,0,80,451.794
19,2,0,80,451.061
19,2,0,80,449.051
19,2,0,80,452.855
19,2,0,80,449.826
19,2,0,80,641.814
19,2,0,80,447.897
19,2,0,80,453.498
19,2,0,80,449.580
19,2,0,80,457.513
19,2,0,80,451.503
19,2,0,80,451.918
19,2,0,80,449.370
19,2,0,80,452.638
19,2,0,80,449.997
19,2,0,80,454.005
19,2,0,80,450.680
19,2,0,80,452.262
19,2,0,80,423.659
19,2,0,80,453.574
19,2,0,80,451.008
19,2,0,80,451.479
19,2,0,80,451.301
19,2,0,80,451.976
19,2,0,80,448.891
19,2,0,80,451.195
19,2,0,80,449.722
19,2,0,80,452.415
19,2,0,80,453.256
19,2,0,80,642.985
19,2,0,80,450.828
19,2,0,80,452.150
19,2,0,80,451.306
19,2,0,80,452.129
19,2,0,80,450.452
19,2,0,80,449.738
19,2,0,80,451.375
19,2,0,80,443.790
19,2,0,80,451.243
19,2,0,80,450.528
19,2,0,80,451.184
19,2,0,80,452.155
19,2,0,80,451.145
19,2,0,80,452.801
19,2,0,80,448.753
19,2,0,80,450.354
19,2,0,80,447.769
19,2,0,80,460.277
19,2,0,80,448.433
19,2,0,80,453.626
19,2,0,80,450.041
19,2,0,80,452.734
19,2,0,80,449.002
19,2,0,80,643.120
19,2,0,80,449.073
19,2,0,80,451.988
19,2,0,80,431.089
19,2,0,80,452.411
19,2,0,80,449.808
19,2,0,80,450.612
19,2,0,80,450.954
19,2,0,80,451.647
19,2,0,80,444.581
19,2,0,80,454.496
19,2,0,80,449.930
19,2,0,80,450.030
19,2,0,80,455.446
19,2,0,80,452.268
19,2,0,80,450.924
19,2,0,80,452.821
19,2,0,80,450.218
19,2,0,80,451.004
19,2,0,80,449.826
19,2,0,80,450.964
19,2,0,80,449.120
19,2,0,80,431.239
19,2,0,80,449.117
19,2,0,80,451.329
19,2,0,80,449.911
19,2,0,80,453.826
19,2,0,80,451.760
19,2,0,80,450.046
19,2,0,80,449.239
19,2,0,80,451.413
19,2,0,80,450.088
19,2,0,80,456.207
19,2,0,80,448.733
19,2,0,80,451.797
19,2,0,80,449.786
19,2,0,80,450.072
19,2,0,80,448.580
19,2,0,80,451.903
19,2,0,80,449.911
19,2,0,80,451.474
19,2,0,80,442.667
19,2,0,80,451.675
19,2,0,80,450.331
19,2,0,80,449.969
19,2,0,80,450.365
19,2,0,80,452.762
19,2,0,80,451.455
20,2,0,80,0.148
20,2,0,80,493.598
20,2,0,80,651.827
20,2,0,80,494.281
20,2,0,80,453.159
20,2,0,80,513.167
20,2,0,80,450.879
20,2,0,80,449.146
20,2,0,80,452.154
20,2,0,80,449.180
20,2,0,80,433.688
20,2,0,80,493.696
20,2,0,80,452.796
20,2,0,80,449.897
20,2,0,80,454.257
20,2,0,80,450.061
20,2,0,80,452.198
20,2,0,80,450.892
20,2,0,80,452.325
20,2,0,80,438.907
20,2,0,80,454.600
20,2,0,80,448.997
20,2,0,80,453.616
20,2,0,80,448.624
20,2,0,80,452.336
20,2,0,80,447.529
20,2,0,80,451.389
20,2,0,80,449.841
20,2,0,80,454.386
20,2,0,80,452.153
20,2,0,80,451.346
20,2,0,80,456.799
20,2,0,80,455.251
20,2,0,80,452.129
20,2,0,80,453.063
20,2,0,80,449.367
20,2,0,80,451.449
20,2,0,80,407.568
20,2,0,80,459.539
20,2,0,80,451.214
20,2,0,80,451.499
20,2,0,80,448.229
20,2,0,80,451.867
20,2,0,80,447.597
20,2,0,80,450.920
20,2,0,80,448.169
20,2,0,80,451.028
20,2,0,80,453.147
20,2,0,80,451.192
20,2,0,80,460.922
20,2,0,80,452.282
20,2,0,80,449.568
20,2,0,80,451.205
20,2,0,80,448.954
20,2,0,80,462.573
20,2,0,80,449.174
20,2,0,80,454.422
20,2,0,80,447.226
20,2,0,80,451.327
20,2,0,80,449.353
20,2,0,80,643.119
20,2,0,80,448.536
20,2,0,80,450.377
20,2,0,80,450.403
20,2,0,80,450.800
20,2,0,80,448.734
20,2,0,80,456.020
20,2,0,80,448.361
20,2,0,80,450.999
20,2,0,80,449.673
20,2,0,80,452.625
20,2,0,80,447.578
20,2,0,80,459.549
20,2,0,80,449.964
20,2,0,80,451.398
20,2,0,80,421.906
20,2,0,80,450.284
20,2,0,80,448.403
20,2,0,80,451.837
20,2,0,80,451.549
20,2,0,80,452.982
20,2,0,80,449.935
20,2,0,80,450.702
20,2,0,80,458.173
20,2,0,80,453.125
20,2,0,80,456.059
20,2,0,80,459.159
20,2,0,80,458.519
20,2,0,80,451.657
20,2,0,80,450.405
20,2,0,80,452.080
20,2,0,80,451.458
20,2,0,80,453.670
20,2,0,80,450.104
20,2,0,80,439.741
20,2,0,80,451.064
20,2,0,80,451.183
20,2,0,80,446.987
20,2,0,80,452.902
20,2,0,80,451.429
20,2,0,80,453.381
20,2,0,80,448.352
20,2,0,80,451.564
20,2,0,80,448.609
20,2,0,80,455.283
20,2,0,80,449.865
20,2,0,80,452.669
20,2,0,80,458.696
20,2,0,80,452.222
20,2,0,80,448.619
20,2,0,80,451.775
20,2,0,80,449.376
20,2,0,80,452.106
20,2,0,80,426.503
20,2,0,80,451.288
20,2,0,80,441.370
20,2,0,80,451.878
20,2,0,80,448.442
20,2,0,80,451.875
20,2,0,80,451.680
20,2,0,80,456.891
20,2,0,80,449.307
20,2,0,80,450.815
20,2,0,80,455.396
20,2,0,80,452.312
20,2,0,80,448.172
20,2,0,80,451.476
20,2,0,80,447.187
20,2,0,80,449.677
20,2,0,80,448.592
20,2,0,80,450.748
20,2,0,80,451.089
20,2,0,80,432.931
20,2,0,80,449.439
20,2,0,80,451.687
20,2,0,80,451.177
20,2,0,80,450.592
20,2,0,80,449.989
20,2,0,80,449.626
20,2,0,80,449.560
20,2,0,80,450.920
20,2,0,80,448.002
20,2,0,80,458.269
20,2,0,80,450.684
20,2,0,80,451.914
20,2,0,80,448.089
20,2,0,80,451.652
20,2,0,80,448.864
20,2,0,80,454.168
20,2,0,80,448.417
20,2,0,80,452.999
20,2,0,80,425.600
20,2,0,80,452.996
20,2,0,80,448.560
20,2,0,80,450.327
20,2,0,80,449.779
20,2,0,80,647.008
20,2,0,80,449.258
20,2,0,80,450.933
20,2,0,80,449.829
20,2,0,80,461.115
20,2,0,80,453.641
20,2,0,80,452.149
20,2,0,80,449.380
20,2,0,80,451.054
20,2,0,80,448.784
20,2,0,80,454.403
20,2,0,80,448.263
20,2,0,80,449.993
20,2,0,80,451.057
20,2,0,80,455.602
20,2,0,80,448.387
20,2,0,80,450.766
20,2,0,80,448.403
20,2,0,80,452.837
20,2,0,80,449.641
20,2,0,80,450.519
20,2,0,80,449.935
20,2,0,80,449.517
20,2,0,80,429.284
20,2,0,80,453.273
20,2,0,80,448.392
20,2,0,80,453.863
20,2,0,80,449.204
20,2,0,80,451.249
20,2,0,80,448.387
20,2,0,80,451.469
20,2,0,80,450.736
20,2,0,80,450.466
20,2,0,80,456.400
20,2,0,80,452.575
20,2,0,80,448.768
20,2,0,80,451.905
20,2,0,80,449.265
20,2,0,80,451.217
20,2,0,80,449.225
20,2,0,80,450.770
20,2,0,80,449.260
20,2,0,80,428.675
20,2,0,80,450.664
20,2,0,80,450.117
20,2,0,80,448.773
20,2,0,80,452.447
20,2,0,80,448.751
20,2,0,80,640.851
20,2,0,80,446.656
20,2,0,80,452.627
20,2,0,80,448.505
20,2,0,80,456.402
20,2,0,80,450.503
20,2,0,80,451.066
20,2,0,80,448.278
20,2,0,80,451.563
20,2,0,80,448.849
20,2,0,80,453.746
20,2,0,80,450.124
20,2,0,80,451.502
20,2,0,80,422.918
20,2,0,80,452.555
20,2,0,80,450.045
20,2,0,80,451.960
20,2,0,80,450.635
20,2,0,80,451.087
20,2,0,80,447.854
20,2,0,80,450.343
20,2,0,80,448.592
20,2,0,80,451.489
20,2,0,80,452.441
20,2,0,80,641.874
20,2,0,80,450.050
20,2,0,80,451.113
20,2,0,80,450.695
20,2,0,80,451.221
20,2,0,80,449.359
20,2,0,80,448.867
20,2,0,80,450.467
20,2,0,80,442.809
20,2,0,80,450.094
20,2,0,80,450.250
20,2,0,80,450.110
20,2,0,80,450.951
20,2,0,80,450.682
20,2,0,80,452.189
20,2,0,80,447.697
20,2,0,80,450.224
20,2,0,80,446.658
20,2,0,80,459.573
20,2,0,80,447.322
20,2,0,80,452.570
20,2,0,80,449.189
20,2,0,80,452.105
20,2,0,80,447.761
20,2,0,80,642.101
20,2,0,80,448.091
20,2,0,80,451.562
20,2,0,80,430.070
20,2,0,80,451.467
20,2,0,80,448.604
20,2,0,80,449.779
20,2,0,80,450.231
20,2,0,80,450.554
20,2,0,80,444.043
20,2,0,80,453.829
20,2,0,80,448.726
20,2,0,80,449.160
20,2,0,80,454.779
20,2,0,80,451.935
20,2,0,80,450.128
20,2,0,80,451.765
20,2,0,80,449.051
20,2,0,80,449.911
20,2,0,80,449.363
20,2,0,80,450.001
20,2,0,80,449.157
20,2,0,80,430.146
20,2,0,80,447.950
20,2,0,80,451.347
20,2,0,80,449.096
20,2,0,80,452.770
20,2,0,80,450.852
20,2,0,80,449.490
20,2,0,80,448.091
20,2,0,80,450.969
20,2,0,80,448.958
20,2,0,80,455.299
20,2,0,80,447.752
20,2,0,80,450.815
20,2,0,80,449.156
20,2,0,80,449.201
20,2,0,80,447.728
20,2,0,80,450.717
20,2,0,80,449.021
20,2,0,80,450.344
20,2,0,80,441.685
20,2,0,80,450.490
20,2,0,80,449.127
20,2,0,80,449.172
20,2,0,80,449.050
20,2,0,80,452.855
20,2,0,80,450.418
21,2,0,80,0.148
21,2,0,80,511.708
21,2,0,80,507.328
21,2,0,80,812.834
21,2,0,80,448.399
21,2,0,80,525.073
21,2,0,80,445.822
21,2,0,80,445.164
21,2,0,80,448.394
21,2,0,80,445.365
21,2,0,80,428.039
21,2,0,80,900.082
21,2,0,80,447.740
21,2,0,80,445.415
21,2,0,80,450.404
21,2,0,80,445.894
21,2,0,80,448.476
21,2,0,80,445.539
21,2,0,80,447.195
21,2,0,80,434.573
21,2,0,80,449.359
21,2,0,80,445.163
21,2,0,80,450.505
21,2,0,80,444.346
21,2,0,80,445.706
21,2,0,80,443.639
21,2,0,80,446.332
21,2,0,80,444.766
21,2,0,80,449.774
21,2,0,80,447.690
21,2,0,80,447.216
21,2,0,80,452.613
21,2,0,80,450.954
21,2,0,80,454.351
21,2,0,80,448.229
21,2,0,80,445.089
21,2,0,80,445.671
21,2,0,80,402.772
21,2,0,80,456.075
21,2,0,80,446.843
21,2,0,80,445.462
21,2,0,80,443.266
21,2,0,80,445.681
21,2,0,80,441.541
21,2,0,80,446.771
21,2,0,80,444.112
21,2,0,80,944.155
21,2,0,80,449.665
21,2,0,80,447.062
21,2,0,80,457.292
21,2,0,80,448.874
21,2,0,80,443.845
21,2,0,80,447.686
21,2,0,80,444.861
21,2,0,80,457.165
21,2,0,80,444.228
21,2,0,80,450.255
21,2,0,80,442.744
21,2,0,80,447.493
21,2,0,80,445.630
21,2,0,80,1122.876
21,2,0,80,443.665
21,2,0,80,445.062
21,2,0,80,446.255
21,2,0,80,446.577
21,2,0,80,444.622
21,2,0,80,451.945
21,2,0,80,444.083
21,2,0,80,446.202
21,2,0,80,446.154
21,2,0,80,449.477
21,2,0,80,442.614
21,2,0,80,454.493
21,2,0,80,445.334
21,2,0,80,445.619
21,2,0,80,418.091
21,2,0,80,445.450
21,2,0,80,443.995
21,2,0,80,447.484
21,2,0,80,446.455
21,2,0,80,448.667
21,2,0,80,444.564
21,2,0,80,445.720
21,2,0,80,453.987
21,2,0,80,449.421
21,2,0,80,451.336
21,2,0,80,453.381
21,2,0,80,454.111
21,2,0,80,448.582
21,2,0,80,445.738
21,2,0,80,448.246
21,2,0,80,446.921
21,2,0,80,447.873
21,2,0,80,444.714
21,2,0,80,436.315
21,2,0,80,446.415
21,2,0,80,447.164
21,2,0,80,443.024
21,2,0,80,447.698
21,2,0,80,447.206
21,2,0,80,449.140
21,2,0,80,443.722
21,2,0,80,447.971
21,2,0,80,919.846
21,2,0,80,450.746
21,2,0,80,444.976
21,2,0,80,446.632
21,2,0,80,454.417
21,2,0,80,446.185
21,2,0,80,443.489
21,2,0,80,447.571
21,2,0,80,444.986
21,2,0,80,447.790
21,2,0,80,421.206
21,2,0,80,446.047
21,2,0,80,436.888
21,2,0,80,445.748
21,2,0,80,442.848
21,2,0,80,446.523
21,2,0,80,447.031
21,2,0,80,452.576
21,2,0,80,444.565
21,2,0,80,937.737
21,2,0,80,451.118
21,2,0,80,447.070
21,2,0,80,442.023
21,2,0,80,446.901
21,2,0,80,441.353
21,2,0,80,444.972
21,2,0,80,442.943
21,2,0,80,446.488
21,2,0,80,446.626
21,2,0,80,427.004
21,2,0,80,445.086
21,2,0,80,447.557
21,2,0,80,445.102
21,2,0,80,444.702
21,2,0,80,445.729
21,2,0,80,444.866
21,2,0,80,445.689
21,2,0,80,444.938
21,2,0,80,942.332
21,2,0,80,454.398
21,2,0,80,446.813
21,2,0,80,447.655
21,2,0,80,443.903
21,2,0,80,447.707
21,2,0,80,445.086
21,2,0,80,448.427
21,2,0,80,443.676
21,2,0,80,448.480
21,2,0,80,422.877
21,2,0,80,448.218
21,2,0,80,442.633
21,2,0,80,446.160
21,2,0,80,444.519
21,2,0,80,1121.857
21,2,0,80,445.220
21,2,0,80,445.025
21,2,0,80,443.736
21,2,0,80,930.686
21,2,0,80,449.530
21,2,0,80,449.112
21,2,0,80,444.879
21,2,0,80,446.683
21,2,0,80,443.061
21,2,0,80,450.440
21,2,0,80,442.225
21,2,0,80,444.159
21,2,0,80,929.220
21,2,0,80,451.101
21,2,0,80,443.868
21,2,0,80,446.265
21,2,0,80,444.717
21,2,0,80,447.670
21,2,0,80,445.270
21,2,0,80,446.630
21,2,0,80,445.193
21,2,0,80,444.886
21,2,0,80,424.487
21,2,0,80,448.087
21,2,0,80,444.077
21,2,0,80,448.992
21,2,0,80,444.370
21,2,0,80,446.897
21,2,0,80,442.238
21,2,0,80,447.079
21,2,0,80,444.772
21,2,0,80,934.796
21,2,0,80,452.325
21,2,0,80,449.444
21,2,0,80,444.489
21,2,0,80,446.071
21,2,0,80,444.061
21,2,0,80,447.050
21,2,0,80,445.243
21,2,0,80,445.751
21,2,0,80,445.055
21,2,0,80,425.878
21,2,0,80,445.590
21,2,0,80,445.060
21,2,0,80,443.476
21,2,0,80,447.743
21,2,0,80,444.806
21,2,0,80,1122.163
21,2,0,80,442.804
21,2,0,80,447.497
21,2,0,80,444.208
21,2,0,80,452.346
21,2,0,80,446.335
21,2,0,80,445.973
21,2,0,80,443.777
21,2,0,80,446.118
21,2,0,80,445.219
21,2,0,80,450.190
21,2,0,80,445.290
21,2,0,80,446.854
21,2,0,80,419.528
21,2,0,80,448.258
21,2,0,80,444.840
21,2,0,80,445.348
21,2,0,80,446.393
21,2,0,80,447.216
21,2,0,80,442.576
21,2,0,80,445.028
21,2,0,80,442.851
21,2,0,80,930.578
21,2,0,80,447.107
21,2,0,80,1123.204
21,2,0,80,443.882
21,2,0,80,447.724
21,2,0,80,446.509
21,2,0,80,446.702
21,2,0,80,443.470
21,2,0,80,444.385
21,2,0,80,446.041
21,2,0,80,437.104
21,2,0,80,444.149
21,2,0,80,444.639
21,2,0,80,444.369
21,2,0,80,446.229
21,2,0,80,445.662
21,2,0,80,446.504
21,2,0,80,443.141
21,2,0,80,444.594
21,2,0,80,931.377
21,2,0,80,455.628
21,2,0,80,442.895
21,2,0,80,447.996
21,2,0,80,443.152
21,2,0,80,448.715
21,2,0,80,443.538
21,2,0,80,1121.264
21,2,0,80,445.776
21,2,0,80,446.710
21,2,0,80,425.699
21,2,0,80,446.300
21,2,0,80,443.215
21,2,0,80,443.723
21,2,0,80,445.509
21,2,0,80,445.850
21,2,0,80,438.524
21,2,0,80,448.514
21,2,0,80,442.651
21,2,0,80,925.175
21,2,0,80,450.741
21,2,0,80,447.453
21,2,0,80,446.035
21,2,0,80,446.802
21,2,0,80,444.347
21,2,0,80,444.318
21,2,0,80,443.326
21,2,0,80,445.148
21,2,0,80,444.416
21,2,0,80,425.461
21,2,0,80,443.672
21,2,0,80,448.069
21,2,0,80,444.040
21,2,0,80,448.529
21,2,0,80,443.907
21,2,0,80,443.804
21,2,0,80,443.405
21,2,0,80,446.283
21,2,0,80,929.844
21,2,0,80,450.299
21,2,0,80,443.085
21,2,0,80,446.481
21,2,0,80,444.434
21,2,0,80,444.849
21,2,0,80,441.338
21,2,0,80,445.772
21,2,0,80,444.650
21,2,0,80,446.084
21,2,0,80,436.463
21,2,0,80,446.415
21,2,0,80,444.701
21,2,0,80,444.857
21,2,0,80,443.679
21,2,0,80,448.150
21,2,0,80,445.214
22,2,0,80,0.111
22,2,0,80,494.079
22,2,0,80,950.437
22,2,0,80,494.373
22,2,0,80,453.381
22,2,0,80,513.796
22,2,0,80,451.026
22,2,0,80,449.590
22,2,0,80,452.135
22,2,0,80,449.365
22,2,0,80,434.428
22,2,0,80,494.232
22,2,0,80,453.481
22,2,0,80,450.137
22,2,0,80,455.090
22,2,0,80,450.672
22,2,0,80,452.939
22,2,0,80,451.150
22,2,0,80,452.936
22,2,0,80,439.166
22,2,0,80,454.619
22,2,0,80,449.664
22,2,0,80,453.838
22,2,0,80,449.031
22,2,0,80,452.576
22,2,0,80,448.010
22,2,0,80,452.333
22,2,0,80,450.674
22,2,0,80,455.089
22,2,0,80,452.745
22,2,0,80,451.938
22,2,0,80,449.909
22,2,0,80,455.269
22,2,0,80,452.240
22,2,0,80,453.674
22,2,0,80,449.052
22,2,0,80,451.615
22,2,0,80,408.272
22,2,0,80,460.224
22,2,0,80,451.936
22,2,0,80,452.314
22,2,0,80,448.655
22,2,0,80,451.626
22,2,0,80,448.375
22,2,0,80,451.697
22,2,0,80,448.946
22,2,0,80,451.843
22,2,0,80,453.925
22,2,0,80,451.729
22,2,0,80,461.644
22,2,0,80,452.745
22,2,0,80,449.882
22,2,0,80,451.890
22,2,0,80,449.935
22,2,0,80,463.147
22,2,0,80,449.988
22,2,0,80,454.644
22,2,0,80,447.800
22,2,0,80,452.012
22,2,0,80,450.242
22,2,0,80,643.582
22,2,0,80,449.332
22,2,0,80,451.062
22,2,0,80,450.662
22,2,0,80,451.022
22,2,0,80,449.641
22,2,0,80,456.742
22,2,0,80,449.175
22,2,0,80,451.683
22,2,0,80,450.414
22,2,0,80,452.699
22,2,0,80,448.392
22,2,0,80,460.289
22,2,0,80,450.019
22,2,0,80,451.842
22,2,0,80,422.183
22,2,0,80,451.043
22,2,0,80,449.292
22,2,0,80,452.540
22,2,0,80,452.178
22,2,0,80,453.538
22,2,0,80,450.638
22,2,0,80,451.424
22,2,0,80,459.043
22,2,0,80,453.884
22,2,0,80,457.096
22,2,0,80,459.696
22,2,0,80,458.778
22,2,0,80,451.601
22,2,0,80,451.146
22,2,0,80,452.931
22,2,0,80,451.828
22,2,0,80,453.540
22,2,0,80,450.437
22,2,0,80,439.982
22,2,0,80,451.730
22,2,0,80,451.701
22,2,0,80,447.709
22,2,0,80,453.810
22,2,0,80,451.392
22,2,0,80,453.733
22,2,0,80,449.130
22,2,0,80,452.137
22,2,0,80,449.219
22,2,0,80,456.005
22,2,0,80,450.772
22,2,0,80,452.632
22,2,0,80,459.214
22,2,0,80,452.963
22,2,0,80,449.415
22,2,0,80,452.349
22,2,0,80,450.005
22,2,0,80,452.698
22,2,0,80,426.613
22,2,0,80,451.992
22,2,0,80,442.129
22,2,0,80,452.693
22,2,0,80,448.515
22,2,0,80,452.505
22,2,0,80,451.920
22,2,0,80,457.298
22,2,0,80,449.510
22,2,0,80,451.666
22,2,0,80,456.007
22,2,0,80,452.997
22,2,0,80,449.023
22,2,0,80,452.253
22,2,0,80,447.835
22,2,0,80,450.010
22,2,0,80,449.351
22,2,0,80,451.655
22,2,0,80,450.996
22,2,0,80,433.301
22,2,0,80,450.179
22,2,0,80,452.205
22,2,0,80,451.398
22,2,0,80,450.795
22,2,0,80,450.822
22,2,0,80,450.107
22,2,0,80,449.819
22,2,0,80,451.753
22,2,0,80,448.631
22,2,0,80,458.509
22,2,0,80,451.258
22,2,0,80,452.451
22,2,0,80,448.589
22,2,0,80,452.356
22,2,0,80,448.938
22,2,0,80,454.242
22,2,0,80,449.139
22,2,0,80,453.591
22,2,0,80,426.321
22,2,0,80,453.607
22,2,0,80,449.300
22,2,0,80,450.975
22,2,0,80,450.483
22,2,0,80,647.786
22,2,0,80,450.091
22,2,0,80,451.488
22,2,0,80,449.792
22,2,0,80,461.189
22,2,0,80,454.252
22,2,0,80,452.316
22,2,0,80,449.916
22,2,0,80,451.646
22,2,0,80,449.654
22,2,0,80,454.458
22,2,0,80,448.837
22,2,0,80,450.567
22,2,0,80,451.334
22,2,0,80,456.194
22,2,0,80,449.220
22,2,0,80,451.302
22,2,0,80,449.236
22,2,0,80,452.874
22,2,0,80,450.104
22,2,0,80,451.445
22,2,0,80,450.323
22,2,0,80,450.239
22,2,0,80,430.302
22,2,0,80,453.995
22,2,0,80,449.040
22,2,0,80,454.140
22,2,0,80,449.593
22,2,0,80,451.249
22,2,0,80,448.849
22,2,0,80,452.154
22,2,0,80,451.513
22,2,0,80,451.095
22,2,0,80,457.196
22,2,0,80,452.611
22,2,0,80,449.415
22,2,0,80,451.960
22,2,0,80,449.172
22,2,0,80,451.939
22,2,0,80,449.484
22,2,0,80,450.825
22,2,0,80,450.055
22,2,0,80,429.101
22,2,0,80,451.479
22,2,0,80,450.820
22,2,0,80,448.846
22,2,0,80,452.465
22,2,0,80,449.529
22,2,0,80,641.499
22,2,0,80,447.489
22,2,0,80,453.219
22,2,0,80,449.190
22,2,0,80,457.198
22,2,0,80,451.261
22,2,0,80,451.640
22,2,0,80,449.055
22,2,0,80,452.230
22,2,0,80,449.682
22,2,0,80,453.727
22,2,0,80,450.290
22,2,0,80,451.983
22,2,0,80,423.343
22,2,0,80,453.259
22,2,0,80,450.692
22,2,0,80,451.441
22,2,0,80,450.967
22,2,0,80,451.679
22,2,0,80,448.539
22,2,0,80,450.954
22,2,0,80,449.388
22,2,0,80,452.118
22,2,0,80,452.885
22,2,0,80,642.614
22,2,0,80,450.586
22,2,0,80,451.742
22,2,0,80,451.010
22,2,0,80,451.906
22,2,0,80,450.025
22,2,0,80,449.311
22,2,0,80,450.986
22,2,0,80,443.475
22,2,0,80,450.909
22,2,0,80,450.157
22,2,0,80,450.869
22,2,0,80,451.803
22,2,0,80,450.774
22,2,0,80,452.485
22,2,0,80,448.382
22,2,0,80,450.131
22,2,0,80,447.380
22,2,0,80,460.017
22,2,0,80,448.081
22,2,0,80,453.366
22,2,0,80,449.726
22,2,0,80,452.401
22,2,0,80,448.668
22,2,0,80,642.897
22,2,0,80,448.832
22,2,0,80,451.599
22,2,0,80,430.662
22,2,0,80,452.152
22,2,0,80,449.400
22,2,0,80,450.297
22,2,0,80,450.564
22,2,0,80,451.239
22,2,0,80,444.321
22,2,0,80,454.255
22,2,0,80,449.540
22,2,0,80,449.752
22,2,0,80,455.130
22,2,0,80,451.842
22,2,0,80,450.553
22,2,0,80,452.450
22,2,0,80,449.921
22,2,0,80,450.614
22,2,0,80,449.437
22,2,0,80,450.649
22,2,0,80,448.842
22,2,0,80,430.850
22,2,0,80,448.709
22,2,0,80,451.217
22,2,0,80,449.521
22,2,0,80,453.474
22,2,0,80,451.519
22,2,0,80,449.786
22,2,0,80,448.923
22,2,0,80,451.042
22,2,0,80,449.717
22,2,0,80,456.095
22,2,0,80,448.344
22,2,0,80,451.463
22,2,0,80,449.545
22,2,0,80,449.812
22,2,0,80,448.246
22,2,0,80,451.513
22,2,0,80,449.595
22,2,0,80,451.122
22,2,0,80,442.259
22,2,0,80,451.304
22,2,0,80,449.923
22,2,0,80,449.653
22,2,0,80,450.031
22,2,0,80,452.465
22,2,0,80,451.121
23,2,0,80,0.111
23,2,0,80,488.968
23,2,0,80,719.271
23,2,0,80,489.206
23,2,0,80,448.122
23,2,0,80,508.500
23,2,0,80,445.989
23,2,0,80,444.275
23,2,0,80,447.357
23,2,0,80,444.291
23,2,0,80,428.799
23,2,0,80,488.992
23,2,0,80,447.667
23,2,0,80,444.897
23,2,0,80,449.590
23,2,0,80,445.209
23,2,0,80,447.476
23,2,0,80,445.799
23,2,0,80,447.492
23,2,0,80,434.074
23,2,0,80,450.026
23,2,0,80,443.941
23,2,0,80,448.820
23,2,0,80,443.791
23,2,0,80,447.150
23,2,0,80,442.566
23,2,0,80,446.574
23,2,0,80,444.989
23,2,0,80,449.145
23,2,0,80,447.245
23,2,0,80,446.809
23,2,0,80,452.243
23,2,0,80,450.380
23,2,0,80,447.536
23,2,0,80,448.155
23,2,0,80,444.423
23,2,0,80,446.504
23,2,0,80,402.476
23,2,0,80,454.742
23,2,0,80,446.287
23,2,0,80,446.721
23,2,0,80,443.174
23,2,0,80,446.626
23,2,0,80,442.430
23,2,0,80,446.179
23,2,0,80,443.576
23,2,0,80,445.880
23,2,0,80,448.425
23,2,0,80,446.303
23,2,0,80,456.163
23,2,0,80,447.726
23,2,0,80,444.642
23,2,0,80,446.594
23,2,0,80,444.194
23,2,0,80,457.684
23,2,0,80,444.081
23,2,0,80,449.496
23,2,0,80,442.115
23,2,0,80,446.715
23,2,0,80,444.816
23,2,0,80,1121.876
23,2,0,80,443.776
23,2,0,80,445.525
23,2,0,80,445.477
23,2,0,80,445.930
23,2,0,80,444.141
23,2,0,80,451.371
23,2,0,80,443.824
23,2,0,80,445.943
23,2,0,80,445.043
23,2,0,80,448.070
23,2,0,80,442.781
23,2,0,80,454.697
23,2,0,80,445.056
23,2,0,80,446.601
23,2,0,80,416.961
23,2,0,80,445.487
23,2,0,80,443.403
23,2,0,80,446.985
23,2,0,80,446.363
23,2,0,80,448.112
23,2,0,80,445.175
23,2,0,80,445.831
23,2,0,80,453.413
23,2,0,80,448.514
23,2,0,80,451.170
23,2,0,80,454.381
23,2,0,80,453.611
23,2,0,80,447.027
23,2,0,80,445.442
23,2,0,80,447.543
23,2,0,80,446.551
23,2,0,80,448.836
23,2,0,80,445.215
23,2,0,80,435.019
23,2,0,80,446.230
23,2,0,80,446.331
23,2,0,80,442.154
23,2,0,80,448.013
23,2,0,80,446.780
23,2,0,80,448.529
23,2,0,80,443.500
23,2,0,80,446.860
23,2,0,80,444.016
23,2,0,80,450.487
23,2,0,80,444.846
23,2,0,80,447.817
23,2,0,80,453.825
23,2,0,80,447.315
23,2,0,80,443.952
23,2,0,80,447.256
23,2,0,80,444.727
23,2,0,80,446.957
23,2,0,80,421.521
23,2,0,80,446.103
23,2,0,80,436.574
23,2,0,80,446.841
23,2,0,80,443.349
23,2,0,80,446.746
23,2,0,80,446.624
23,2,0,80,451.854
23,2,0,80,444.454
23,2,0,80,446.092
23,2,0,80,450.655
23,2,0,80,447.293
23,2,0,80,443.264
23,2,0,80,446.716
23,2,0,80,442.317
23,2,0,80,444.862
23,2,0,80,443.759
23,2,0,80,446.174
23,2,0,80,446.182
23,2,0,80,428.097
23,2,0,80,444.846
23,2,0,80,446.705
23,2,0,80,446.047
23,2,0,80,445.332
23,2,0,80,445.414
23,2,0,80,444.793
23,2,0,80,445.134
23,2,0,80,446.031
23,2,0,80,443.261
23,2,0,80,453.380
23,2,0,80,446.036
23,2,0,80,447.229
23,2,0,80,443.496
23,2,0,80,447.097
23,2,0,80,444.345
23,2,0,80,449.242
23,2,0,80,443.565
23,2,0,80,447.943
23,2,0,80,421.044
23,2,0,80,447.774
23,2,0,80,443.337
23,2,0,80,445.419
23,2,0,80,444.594
23,2,0,80,1121.024
23,2,0,80,444.739
23,2,0,80,445.858
23,2,0,80,444.848
23,2,0,80,456.337
23,2,0,80,449.141
23,2,0,80,447.816
23,2,0,80,444.527
23,2,0,80,445.980
23,2,0,80,443.636
23,2,0,80,449.810
23,2,0,80,443.281
23,2,0,80,444.993
23,2,0,80,446.204
23,2,0,80,450.453
23,2,0,80,443.572
23,2,0,80,445.895
23,2,0,80,443.514
23,2,0,80,447.948
23,2,0,80,445.048
23,2,0,80,445.408
23,2,0,80,445.194
23,2,0,80,444.516
23,2,0,80,424.432
23,2,0,80,448.384
23,2,0,80,443.670
23,2,0,80,448.659
23,2,0,80,444.037
23,2,0,80,446.379
23,2,0,80,443.201
23,2,0,80,446.265
23,2,0,80,445.810
23,2,0,80,445.373
23,2,0,80,451.714
23,2,0,80,448.093
23,2,0,80,443.953
23,2,0,80,446.831
23,2,0,80,444.413
23,2,0,80,446.384
23,2,0,80,444.373
23,2,0,80,445.807
23,2,0,80,444.704
23,2,0,80,424.082
23,2,0,80,445.405
23,2,0,80,445.190
23,2,0,80,443.606
23,2,0,80,447.262
23,2,0,80,443.973
23,2,0,80,1121.533
23,2,0,80,442.045
23,2,0,80,447.756
23,2,0,80,443.690
23,2,0,80,451.383
23,2,0,80,445.780
23,2,0,80,446.158
23,2,0,80,443.314
23,2,0,80,446.600
23,2,0,80,444.256
23,2,0,80,448.931
23,2,0,80,445.235
23,2,0,80,446.335
23,2,0,80,418.362
23,2,0,80,447.814
23,2,0,80,445.155
23,2,0,80,446.719
23,2,0,80,446.116
23,2,0,80,446.587
23,2,0,80,442.965
23,2,0,80,445.399
23,2,0,80,443.814
23,2,0,80,446.359
23,2,0,80,447.404
23,2,0,80,1122.760
23,2,0,80,444.846
23,2,0,80,446.483
23,2,0,80,446.047
23,2,0,80,446.258
23,2,0,80,444.396
23,2,0,80,443.867
23,2,0,80,445.578
23,2,0,80,437.957
23,2,0,80,445.261
23,2,0,80,445.380
23,2,0,80,445.221
23,2,0,80,446.044
23,2,0,80,445.626
23,2,0,80,447.208
23,2,0,80,442.790
23,2,0,80,445.372
23,2,0,80,441.620
23,2,0,80,454.999
23,2,0,80,442.525
23,2,0,80,447.551
23,2,0,80,444.337
23,2,0,80,447.530
23,2,0,80,443.223
23,2,0,80,1120.728
23,2,0,80,443.721
23,2,0,80,446.895
23,2,0,80,425.274
23,2,0,80,446.744
23,2,0,80,443.530
23,2,0,80,444.816
23,2,0,80,445.527
23,2,0,80,445.628
23,2,0,80,439.154
23,2,0,80,448.588
23,2,0,80,443.837
23,2,0,80,444.567
23,2,0,80,450.186
23,2,0,80,446.879
23,2,0,80,445.498
23,2,0,80,446.858
23,2,0,80,444.218
23,2,0,80,445.059
23,2,0,80,444.437
23,2,0,80,445.075
23,2,0,80,444.064
23,2,0,80,425.165
23,2,0,80,443.358
23,2,0,80,446.940
23,2,0,80,444.096
23,2,0,80,448.252
23,2,0,80,445.704
23,2,0,80,444.601
23,2,0,80,443.053
23,2,0,80,446.006
23,2,0,80,443.791
23,2,0,80,450.318
23,2,0,80,442.807
23,2,0,80,446.056
23,2,0,80,444.267
23,2,0,80,444.386
23,2,0,80,442.524
23,2,0,80,445.773
23,2,0,80,444.373
23,2,0,80,445.788
23,2,0,80,436.611
23,2,0,80,445.563
23,2,0,80,444.164
23,2,0,80,444.357
23,2,0,80,444.032
23,2,0,80,447.928
23,2,0,80,445.325
24,2,0,80,0.111
24,2,0,80,511.542
24,2,0,80,595.105
24,2,0,80,812.630
24,2,0,80,448.214
24,2,0,80,524.870
24,2,0,80,445.712
24,2,0,80,444.942
24,2,0,80,448.190
24,2,0,80,445.161
24,2,0,80,427.929
24,2,0,80,899.878
24,2,0,80,447.518
24,2,0,80,445.193
24,2,0,80,450.219
24,2,0,80,445.690
24,2,0,80,448.309
24,2,0,80,445.354
24,2,0,80,447.066
24,2,0,80,434.370
24,2,0,80,449.174
24,2,0,80,444.997
24,2,0,80,450.338
24,2,0,80,444.124
24,2,0,80,445.521
24,2,0,80,443.436
24,2,0,80,446.222
24,2,0,80,444.544
24,2,0,80,449.589
24,2,0,80,447.486
24,2,0,80,447.050
24,2,0,80,452.446
24,2,0,80,450.751
24,2,0,80,454.166
24,2,0,80,448.137
24,2,0,80,444.904
24,2,0,80,445.467
24,2,0,80,402.568
24,2,0,80,455.946
24,2,0,80,446.639
24,2,0,80,445.258
24,2,0,80,443.063
24,2,0,80,445.589
24,2,0,80,441.356
24,2,0,80,446.568
24,2,0,80,443.909
24,2,0,80,943.970
24,2,0,80,449.462
24,2,0,80,446.877
24,2,0,80,457.089
24,2,0,80,448.726
24,2,0,80,443.642
24,2,0,80,447.483
24,2,0,80,444.713
24,2,0,80,456.999
24,2,0,80,444.044
24,2,0,80,450.070
24,2,0,80,442.522
24,2,0,80,447.364
24,2,0,80,445.427
24,2,0,80,1122.654
24,2,0,80,443.480
24,2,0,80,444.895
24,2,0,80,446.070
24,2,0,80,446.355
24,2,0,80,444.400
24,2,0,80,451.816
24,2,0,80,443.879
24,2,0,80,446.017
24,2,0,80,445.969
24,2,0,80,449.384
24,2,0,80,442.392
24,2,0,80,454.326
24,2,0,80,445.167
24,2,0,80,445.472
24,2,0,80,417.887
24,2,0,80,445.302
24,2,0,80,443.792
24,2,0,80,447.263
24,2,0,80,446.252
24,2,0,80,448.464
24,2,0,80,444.397
24,2,0,80,445.590
24,2,0,80,453.765
24,2,0,80,449.199
24,2,0,80,451.114
24,2,0,80,453.196
24,2,0,80,453.926
24,2,0,80,448.416
24,2,0,80,445.553
24,2,0,80,448.117
24,2,0,80,446.754
24,2,0,80,447.688
24,2,0,80,444.529
24,2,0,80,436.093
24,2,0,80,446.193
24,2,0,80,446.997
24,2,0,80,442.839
24,2,0,80,447.587
24,2,0,80,447.003
24,2,0,80,448.936
24,2,0,80,443.537
24,2,0,80,447.841
24,2,0,80,919.624
24,2,0,80,450.542
24,2,0,80,444.772
24,2,0,80,446.540
24,2,0,80,454.233
24,2,0,80,446.018
24,2,0,80,443.285
24,2,0,80,447.367
24,2,0,80,444.801
24,2,0,80,447.568
24,2,0,80,421.021
24,2,0,80,445.918
24,2,0,80,436.666
24,2,0,80,445.582
24,2,0,80,442.664
24,2,0,80,446.320
24,2,0,80,446.828
24,2,0,80,452.391
24,2,0,80,444.362
24,2,0,80,937.608
24,2,0,80,450.970
24,2,0,80,446.886
24,2,0,80,441.838
24,2,0,80,446.698
24,2,0,80,441.150
24,2,0,80,444.788
24,2,0,80,442.740
24,2,0,80,446.359
24,2,0,80,446.385
24,2,0,80,426.819
24,2,0,80,444.901
24,2,0,80,447.428
24,2,0,80,444.861
24,2,0,80,444.573
24,2,0,80,445.525
24,2,0,80,444.756
24,2,0,80,445.504
24,2,0,80,444.734
24,2,0,80,942.128
24,2,0,80,454.213
24,2,0,80,446.610
24,2,0,80,447.451
24,2,0,80,443.681
24,2,0,80,447.578
24,2,0,80,444.919
24,2,0,80,448.242
24,2,0,80,443.472
24,2,0,80,448.295
24,2,0,80,422.673
24,2,0,80,448.033
24,2,0,80,442.411
24,2,0,80,446.067
24,2,0,80,444.334
24,2,0,80,1121.654
24,2,0,80,445.017
24,2,0,80,444.840
24,2,0,80,443.551
24,2,0,80,930.464
24,2,0,80,449.326
24,2,0,80,449.001
24,2,0,80,444.657
24,2,0,80,446.498
24,2,0,80,442.858
24,2,0,80,450.310
24,2,0,80,442.059
24,2,0,80,443.993
24,2,0,80,928.998
24,2,0,80,450.953
24,2,0,80,443.665
24,2,0,80,446.080
24,2,0,80,444.532
24,2,0,80,447.466
24,2,0,80,445.085
24,2,0,80,446.445
24,2,0,80,444.990
24,2,0,80,444.776
24,2,0,80,424.302
24,2,0,80,447.884
24,2,0,80,443.910
24,2,0,80,448.789
24,2,0,80,444.167
24,2,0,80,446.675
24,2,0,80,442.053
24,2,0,80,446.968
24,2,0,80,444.550
24,2,0,80,934.593
24,2,0,80,452.103
24,2,0,80,449.278
24,2,0,80,444.304
24,2,0,80,445.886
24,2,0,80,443.857
24,2,0,80,446.921
24,2,0,80,445.040
24,2,0,80,445.566
24,2,0,80,444.852
24,2,0,80,425.767
24,2,0,80,445.368
24,2,0,80,444.876
24,2,0,80,443.272
24,2,0,80,447.595
24,2,0,80,444.603
24,2,0,80,1121.941
24,2,0,80,442.600
24,2,0,80,447.312
24,2,0,80,444.005
24,2,0,80,452.142
24,2,0,80,446.132
24,2,0,80,445.843
24,2,0,80,443.574
24,2,0,80,445.896
24,2,0,80,445.015
24,2,0,80,450.005
24,2,0,80,445.068
24,2,0,80,446.632
24,2,0,80,419.380
24,2,0,80,448.129
24,2,0,80,444.674
24,2,0,80,445.182
24,2,0,80,446.208
24,2,0,80,446.994
24,2,0,80,442.372
24,2,0,80,444.825
24,2,0,80,442.666
24,2,0,80,930.449
24,2,0,80,446.922
24,2,0,80,1122.982
24,2,0,80,443.697
24,2,0,80,447.594
24,2,0,80,446.287
24,2,0,80,446.480
24,2,0,80,443.266
24,2,0,80,444.293
24,2,0,80,445.838
24,2,0,80,436.882
24,2,0,80,443.946
24,2,0,80,444.454
24,2,0,80,444.184
24,2,0,80,446.062
24,2,0,80,445.459
24,2,0,80,446.393
24,2,0,80,442.956
24,2,0,80,444.409
24,2,0,80,931.155
24,2,0,80,455.406
24,2,0,80,442.729
24,2,0,80,447.774
24,2,0,80,442.930
24,2,0,80,448.586
24,2,0,80,443.353
24,2,0,80,1121.042
24,2,0,80,445.591
24,2,0,80,446.525
24,2,0,80,425.496
24,2,0,80,446.078
24,2,0,80,443.012
24,2,0,80,443.631
24,2,0,80,445.305
24,2,0,80,445.665
24,2,0,80,438.302
24,2,0,80,448.366
24,2,0,80,442.429
24,2,0,80,924.953
24,2,0,80,450.556
24,2,0,80,447.323
24,2,0,80,445.850
24,2,0,80,446.598
24,2,0,80,444.162
24,2,0,80,444.151
24,2,0,80,443.122
24,2,0,80,444.982
24,2,0,80,444.212
24,2,0,80,425.350
24,2,0,80,443.487
24,2,0,80,447.884
24,2,0,80,443.818
24,2,0,80,448.363
24,2,0,80,443.704
24,2,0,80,443.638
24,2,0,80,443.220
24,2,0,80,446.154
24,2,0,80,929.622
24,2,0,80,450.077
24,2,0,80,442.881
24,2,0,80,446.278
24,2,0,80,444.267
24,2,0,80,444.646
24,2,0,80,441.135
24,2,0,80,445.569
24,2,0,80,444.429
24,2,0,80,445.881
24,2,0,80,436.259
24,2,0,80,446.286
24,2,0,80,444.534
24,2,0,80,444.672
24,2,0,80,443.495
24,2,0,80,447.947
24,2,0,80,445.029
25,2,0,80,0.222
25,2,0,80,494.042
25,2,0,80,990.603
25,2,0,80,494.354
25,2,0,80,453.344
25,2,0,80,513.666
25,2,0,80,450.952
25,2,0,80,449.442
25,2,0,80,452.246
25,2,0,80,449.254
25,2,0,80,434.280
25,2,0,80,494.158
25,2,0,80,453.389
25,2,0,80,450.137
25,2,0,80,454.960
25,2,0,80,450.616
25,2,0,80,452.883
25,2,0,80,451.447
25,2,0,80,452.807
25,2,0,80,439.148
25,2,0,80,454.582
25,2,0,80,449.590
25,2,0,80,453.838
25,2,0,80,448.902
25,2,0,80,452.465
25,2,0,80,447.973
25,2,0,80,452.222
25,2,0,80,450.600
25,2,0,80,454.997
25,2,0,80,452.708
25,2,0,80,451.809
25,2,0,80,449.761
25,2,0,80,455.214
25,2,0,80,452.314
25,2,0,80,453.600
25,2,0,80,449.015
25,2,0,80,451.542
25,2,0,80,408.198
25,2,0,80,460.131
25,2,0,80,451.862
25,2,0,80,452.184
25,2,0,80,448.526
25,2,0,80,451.700
25,2,0,80,448.282
25,2,0,80,451.623
25,2,0,80,448.835
25,2,0,80,451.713
25,2,0,80,453.851
25,2,0,80,451.636
25,2,0,80,461.718
25,2,0,80,452.634
25,2,0,80,449.882
25,2,0,80,451.742
25,2,0,80,449.843
25,2,0,80,463.073
25,2,0,80,449.914
25,2,0,80,454.700
25,2,0,80,447.726
25,2,0,80,451.882
25,2,0,80,450.075
25,2,0,80,643.619
25,2,0,80,449.258
25,2,0,80,450.932
25,2,0,80,450.737
25,2,0,80,450.948
25,2,0,80,449.475
25,2,0,80,456.594
25,2,0,80,449.102
25,2,0,80,451.646
25,2,0,80,450.321
25,2,0,80,452.718
25,2,0,80,448.318
25,2,0,80,460.234
25,2,0,80,450.001
25,2,0,80,451.768
25,2,0,80,422.072
25,2,0,80,450.950
25,2,0,80,449.199
25,2,0,80,452.485
25,2,0,80,452.085
25,2,0,80,453.464
25,2,0,80,450.657
25,2,0,80,451.331
25,2,0,80,458.895
25,2,0,80,453.754
25,2,0,80,456.985
25,2,0,80,459.770
25,2,0,80,458.686
25,2,0,80,451.564
25,2,0,80,451.035
25,2,0,80,452.765
25,2,0,80,451.662
25,2,0,80,453.651
25,2,0,80,450.455
25,2,0,80,439.908
25,2,0,80,451.582
25,2,0,80,451.609
25,2,0,80,447.654
25,2,0,80,453.680
25,2,0,80,451.410
25,2,0,80,453.696
25,2,0,80,449.093
25,2,0,80,452.026
25,2,0,80,449.183
25,2,0,80,455.894
25,2,0,80,450.661
25,2,0,80,452.595
25,2,0,80,459.251
25,2,0,80,452.833
25,2,0,80,449.341
25,2,0,80,452.256
25,2,0,80,449.912
25,2,0,80,452.717
25,2,0,80,426.688
25,2,0,80,451.899
25,2,0,80,442.074
25,2,0,80,452.582
25,2,0,80,448.571
25,2,0,80,452.357
25,2,0,80,451.883
25,2,0,80,457.261
25,2,0,80,449.417
25,2,0,80,451.536
25,2,0,80,455.933
25,2,0,80,452.923
25,2,0,80,448.949
25,2,0,80,452.105
25,2,0,80,447.724
25,2,0,80,449.917
25,2,0,80,449.296
25,2,0,80,451.526
25,2,0,80,450.997
25,2,0,80,433.227
25,2,0,80,450.179
25,2,0,80,452.168
25,2,0,80,451.343
25,2,0,80,450.666
25,2,0,80,450.748
25,2,0,80,449.959
25,2,0,80,449.782
25,2,0,80,451.660
25,2,0,80,448.557
25,2,0,80,458.509
25,2,0,80,451.184
25,2,0,80,452.396
25,2,0,80,448.663
25,2,0,80,452.282
25,2,0,80,448.975
25,2,0,80,454.261
25,2,0,80,449.065
25,2,0,80,453.462
25,2,0,80,426.210
25,2,0,80,453.533
25,2,0,80,449.263
25,2,0,80,450.882
25,2,0,80,450.427
25,2,0,80,647.693
25,2,0,80,449.961
25,2,0,80,451.451
25,2,0,80,449.681
25,2,0,80,461.059
25,2,0,80,454.215
25,2,0,80,452.316
25,2,0,80,449.787
25,2,0,80,451.572
25,2,0,80,449.580
25,2,0,80,454.477
25,2,0,80,448.800
25,2,0,80,450.456
25,2,0,80,451.260
25,2,0,80,456.120
25,2,0,80,449.091
25,2,0,80,451.265
25,2,0,80,449.144
25,2,0,80,452.874
25,2,0,80,449.900
25,2,0,80,451.315
25,2,0,80,450.379
25,2,0,80,450.109
25,2,0,80,430.191
25,2,0,80,453.884
25,2,0,80,448.929
25,2,0,80,454.085
25,2,0,80,449.556
25,2,0,80,451.193
25,2,0,80,448.757
25,2,0,80,452.024
25,2,0,80,451.439
25,2,0,80,451.077
25,2,0,80,457.159
25,2,0,80,452.759
25,2,0,80,449.267
25,2,0,80,452.053
25,2,0,80,449.228
25,2,0,80,451.865
25,2,0,80,449.429
25,2,0,80,450.899
25,2,0,80,449.944
25,2,0,80,429.138
25,2,0,80,451.331
25,2,0,80,450.709
25,2,0,80,448.772
25,2,0,80,452.391
25,2,0,80,449.510
25,2,0,80,641.369
25,2,0,80,447.397
25,2,0,80,453.219
25,2,0,80,449.061
25,2,0,80,457.050
25,2,0,80,451.373
25,2,0,80,451.547
25,2,0,80,448.907
25,2,0,80,452.137
25,2,0,80,449.608
25,2,0,80,453.875
25,2,0,80,450.328
25,2,0,80,451.947
25,2,0,80,423.325
25,2,0,80,453.129
25,2,0,80,450.600
25,2,0,80,451.460
25,2,0,80,450.838
25,2,0,80,451.679
25,2,0,80,448.428
25,2,0,80,450.843
25,2,0,80,449.314
25,2,0,80,452.007
25,2,0,80,452.793
25,2,0,80,642.503
25,2,0,80,450.531
25,2,0,80,451.742
25,2,0,80,450.936
25,2,0,80,451.795
25,2,0,80,449.933
25,2,0,80,449.200
25,2,0,80,450.912
25,2,0,80,443.383
25,2,0,80,450.798
25,2,0,80,450.343
25,2,0,80,450.795
25,2,0,80,451.710
25,2,0,80,450.848
25,2,0,80,452.411
25,2,0,80,448.382
25,2,0,80,450.279
25,2,0,80,447.250
25,2,0,80,460.036
25,2,0,80,447.951
25,2,0,80,453.292
25,2,0,80,449.633
25,2,0,80,452.364
25,2,0,80,448.483
25,2,0,80,642.823
25,2,0,80,448.795
25,2,0,80,451.617
25,2,0,80,430.551
25,2,0,80,452.004
25,2,0,80,449.345
25,2,0,80,450.186
25,2,0,80,450.509
25,2,0,80,451.072
25,2,0,80,444.210
25,2,0,80,454.273
25,2,0,80,449.411
25,2,0,80,449.734
25,2,0,80,455.112
25,2,0,80,451.805
25,2,0,80,450.591
25,2,0,80,452.395
25,2,0,80,449.866
25,2,0,80,450.614
25,2,0,80,449.511
25,2,0,80,450.686
25,2,0,80,449.175
25,2,0,80,430.757
25,2,0,80,448.561
25,2,0,80,451.273
25,2,0,80,449.392
25,2,0,80,453.437
25,2,0,80,451.482
25,2,0,80,449.638
25,2,0,80,448.812
25,2,0,80,451.024
25,2,0,80,449.606
25,2,0,80,456.021
25,2,0,80,448.307
25,2,0,80,451.463
25,2,0,80,449.471
25,2,0,80,449.738
25,2,0,80,448.154
25,2,0,80,451.458
25,2,0,80,449.503
25,2,0,80,451.085
25,2,0,80,442.185
25,2,0,80,451.323
25,2,0,80,449.812
25,2,0,80,449.598
25,2,0,80,449.920
25,2,0,80,452.521
25,2,0,80,451.047
26,2,0,80,0.093
26,2,0,80,489.209
26,2,0,80,777.567
26,2,0,80,488.929
26,2,0,80,447.937
26,2,0,80,508.574
26,2,0,80,445.952
26,2,0,80,444.331
26,2,0,80,447.431
26,2,0,80,444.550
26,2,0,80,428.484
26,2,0,80,489.103
26,2,0,80,447.370
26,2,0,80,444.878
26,2,0,80,449.571
26,2,0,80,445.468
26,2,0,80,447.550
26,2,0,80,445.484
26,2,0,80,447.233
26,2,0,80,434.092
26,2,0,80,449.971
26,2,0,80,444.182
26,2,0,80,448.653
26,2,0,80,443.828
26,2,0,80,446.632
26,2,0,80,442.603
26,2,0,80,446.481
26,2,0,80,444.767
26,2,0,80,448.830
26,2,0,80,447.320
26,2,0,80,446.809
26,2,0,80,452.280
26,2,0,80,450.195
26,2,0,80,450.388
26,2,0,80,447.878
26,2,0,80,444.219
26,2,0,80,446.227
26,2,0,80,402.161
26,2,0,80,454.983
26,2,0,80,446.325
26,2,0,80,446.425
26,2,0,80,443.044
26,2,0,80,446.311
26,2,0,80,442.060
26,2,0,80,446.197
26,2,0,80,443.576
26,2,0,80,445.750
26,2,0,80,448.666
26,2,0,80,446.340
26,2,0,80,456.478
26,2,0,80,447.967
26,2,0,80,444.531
26,2,0,80,446.687
26,2,0,80,444.195
26,2,0,80,457.425
26,2,0,80,443.803
26,2,0,80,449.348
26,2,0,80,442.060
26,2,0,80,446.864
26,2,0,80,444.890
26,2,0,80,1121.969
26,2,0,80,443.573
26,2,0,80,445.284
26,2,0,80,445.514
26,2,0,80,445.763
26,2,0,80,444.067
26,2,0,80,451.483
26,2,0,80,443.861
26,2,0,80,445.869
26,2,0,80,445.284
26,2,0,80,448.514
26,2,0,80,442.504
26,2,0,80,454.456
26,2,0,80,444.797
26,2,0,80,446.305
26,2,0,80,417.184
26,2,0,80,445.302
26,2,0,80,443.181
26,2,0,80,446.726
26,2,0,80,446.196
26,2,0,80,447.927
26,2,0,80,445.138
26,2,0,80,445.461
26,2,0,80,453.469
26,2,0,80,448.773
26,2,0,80,450.929
26,2,0,80,454.067
26,2,0,80,453.612
26,2,0,80,447.231
26,2,0,80,445.183
26,2,0,80,447.580
26,2,0,80,446.403
26,2,0,80,448.577
26,2,0,80,444.900
26,2,0,80,435.019
26,2,0,80,446.082
26,2,0,80,446.201
26,2,0,80,441.913
26,2,0,80,447.662
26,2,0,80,446.762
26,2,0,80,448.622
26,2,0,80,443.389
26,2,0,80,447.230
26,2,0,80,444.090
26,2,0,80,450.209
26,2,0,80,444.550
26,2,0,80,447.484
26,2,0,80,453.881
26,2,0,80,446.981
26,2,0,80,443.860
26,2,0,80,447.219
26,2,0,80,444.727
26,2,0,80,447.124
26,2,0,80,421.262
26,2,0,80,445.825
26,2,0,80,436.537
26,2,0,80,446.508
26,2,0,80,443.016
26,2,0,80,446.357
26,2,0,80,446.550
26,2,0,80,451.576
26,2,0,80,444.214
26,2,0,80,445.944
26,2,0,80,450.711
26,2,0,80,447.071
26,2,0,80,442.949
26,2,0,80,446.494
26,2,0,80,442.021
26,2,0,80,444.658
26,2,0,80,443.573
26,2,0,80,446.192
26,2,0,80,445.941
26,2,0,80,427.894
26,2,0,80,444.846
26,2,0,80,446.854
26,2,0,80,445.862
26,2,0,80,445.110
26,2,0,80,445.470
26,2,0,80,444.496
26,2,0,80,445.190
26,2,0,80,445.772
26,2,0,80,443.279
26,2,0,80,453.287
26,2,0,80,446.036
26,2,0,80,447.248
26,2,0,80,443.552
26,2,0,80,447.152
26,2,0,80,444.475
26,2,0,80,448.909
26,2,0,80,443.324
26,2,0,80,447.739
26,2,0,80,421.192
26,2,0,80,447.681
26,2,0,80,442.763
26,2,0,80,445.512
26,2,0,80,444.186
26,2,0,80,1121.172
26,2,0,80,444.758
26,2,0,80,445.581
26,2,0,80,444.551
26,2,0,80,456.096
26,2,0,80,449.160
26,2,0,80,448.057
26,2,0,80,444.527
26,2,0,80,445.998
26,2,0,80,443.321
26,2,0,80,450.033
26,2,0,80,442.948
26,2,0,80,444.752
26,2,0,80,446.112
26,2,0,80,450.361
26,2,0,80,443.554
26,2,0,80,445.673
26,2,0,80,443.514
26,2,0,80,447.614
26,2,0,80,445.122
26,2,0,80,445.612
26,2,0,80,444.879
26,2,0,80,444.276
26,2,0,80,424.154
26,2,0,80,448.162
26,2,0,80,443.707
26,2,0,80,448.381
26,2,0,80,443.852
26,2,0,80,446.379
26,2,0,80,442.905
26,2,0,80,446.283
26,2,0,80,445.532
26,2,0,80,445.299
26,2,0,80,451.770
26,2,0,80,448.352
26,2,0,80,443.971
26,2,0,80,446.535
26,2,0,80,444.246
26,2,0,80,446.384
26,2,0,80,444.632
26,2,0,80,445.492
26,2,0,80,444.722
26,2,0,80,424.453
26,2,0,80,445.312
26,2,0,80,444.894
26,2,0,80,443.235
26,2,0,80,447.206
26,2,0,80,444.066
26,2,0,80,1121.644
26,2,0,80,442.063
26,2,0,80,447.608
26,2,0,80,443.709
26,2,0,80,451.309
26,2,0,80,445.780
26,2,0,80,446.047
26,2,0,80,443.463
26,2,0,80,446.619
26,2,0,80,444.386
26,2,0,80,449.060
26,2,0,80,445.235
26,2,0,80,446.243
26,2,0,80,418.640
26,2,0,80,447.870
26,2,0,80,445.044
26,2,0,80,446.367
26,2,0,80,446.097
26,2,0,80,446.642
26,2,0,80,442.669
26,2,0,80,445.103
26,2,0,80,443.536
26,2,0,80,446.489
26,2,0,80,447.089
26,2,0,80,1122.853
26,2,0,80,444.494
26,2,0,80,446.780
26,2,0,80,446.121
26,2,0,80,445.999
26,2,0,80,444.081
26,2,0,80,443.959
26,2,0,80,445.634
26,2,0,80,437.642
26,2,0,80,444.965
26,2,0,80,445.102
26,2,0,80,444.999
26,2,0,80,445.877
26,2,0,80,445.311
26,2,0,80,446.930
26,2,0,80,442.605
26,2,0,80,445.057
26,2,0,80,441.306
26,2,0,80,455.073
26,2,0,80,442.470
26,2,0,80,447.292
26,2,0,80,444.041
26,2,0,80,447.604
26,2,0,80,443.260
26,2,0,80,1120.802
26,2,0,80,444.054
26,2,0,80,446.636
26,2,0,80,425.311
26,2,0,80,446.411
26,2,0,80,443.252
26,2,0,80,444.575
26,2,0,80,445.324
26,2,0,80,445.628
26,2,0,80,438.840
26,2,0,80,448.496
26,2,0,80,443.504
26,2,0,80,444.548
26,2,0,80,450.242
26,2,0,80,446.861
26,2,0,80,445.591
26,2,0,80,446.543
26,2,0,80,444.014
26,2,0,80,444.800
26,2,0,80,444.178
26,2,0,80,444.815
26,2,0,80,443.897
26,2,0,80,424.980
26,2,0,80,443.450
26,2,0,80,447.069
26,2,0,80,443.799
26,2,0,80,448.196
26,2,0,80,445.075
26,2,0,80,444.231
26,2,0,80,443.053
26,2,0,80,445.783
26,2,0,80,443.495
26,2,0,80,450.003
26,2,0,80,442.752
26,2,0,80,446.019
26,2,0,80,443.971
26,2,0,80,444.386
26,2,0,80,441.987
26,2,0,80,445.476
26,2,0,80,444.299
26,2,0,80,445.807
26,2,0,80,436.352
26,2,0,80,445.841
26,2,0,80,444.108
26,2,0,80,444.413
26,2,0,80,443.698
26,2,0,80,447.632
26,2,0,80,445.029
27,2,0,80,0.093
27,2,0,80,511.543
27,2,0,80,682.957
27,2,0,80,812.631
27,2,0,80,448.178
27,2,0,80,524.889
27,2,0,80,445.768
27,2,0,80,444.942
27,2,0,80,448.172
27,2,0,80,445.143
27,2,0,80,427.929
27,2,0,80,899.860
27,2,0,80,447.519
27,2,0,80,445.193
27,2,0,80,450.294
27,2,0,80,445.672
27,2,0,80,448.291
27,2,0,80,445.336
27,2,0,80,447.029
27,2,0,80,434.352
27,2,0,80,449.156
27,2,0,80,445.016
27,2,0,80,450.413
27,2,0,80,444.161
27,2,0,80,445.521
27,2,0,80,443.418
27,2,0,80,446.241
27,2,0,80,444.545
27,2,0,80,449.608
27,2,0,80,447.468
27,2,0,80,447.069
27,2,0,80,452.428
27,2,0,80,450.733
27,2,0,80,454.148
27,2,0,80,448.119
27,2,0,80,444.886
27,2,0,80,445.449
27,2,0,80,402.606
27,2,0,80,455.928
27,2,0,80,446.621
27,2,0,80,445.240
27,2,0,80,443.063
27,2,0,80,445.571
27,2,0,80,441.338
27,2,0,80,446.568
27,2,0,80,443.910
27,2,0,80,943.970
27,2,0,80,449.444
27,2,0,80,446.878
27,2,0,80,457.089
27,2,0,80,448.727
27,2,0,80,443.642
27,2,0,80,447.465
27,2,0,80,444.695
27,2,0,80,457.036
27,2,0,80,444.044
27,2,0,80,450.052
27,2,0,80,442.504
27,2,0,80,447.364
27,2,0,80,445.409
27,2,0,80,1122.673
27,2,0,80,443.481
27,2,0,80,444.877
27,2,0,80,446.033
27,2,0,80,446.338
27,2,0,80,444.401
27,2,0,80,451.816
27,2,0,80,443.880
27,2,0,80,446.054
27,2,0,80,445.933
27,2,0,80,449.404
27,2,0,80,442.374
27,2,0,80,454.327
27,2,0,80,445.149
27,2,0,80,445.472
27,2,0,80,417.888
27,2,0,80,445.284
27,2,0,80,443.774
27,2,0,80,447.245
27,2,0,80,446.215
27,2,0,80,448.483
27,2,0,80,444.379
27,2,0,80,445.610
27,2,0,80,453.784
27,2,0,80,949.771
27,2,0,80,451.115
27,2,0,80,453.178
27,2,0,80,453.927
27,2,0,80,448.416
27,2,0,80,445.554
27,2,0,80,448.099
27,2,0,80,446.736
27,2,0,80,447.707
27,2,0,80,444.530
27,2,0,80,436.149
27,2,0,80,446.194
27,2,0,80,447.017
27,2,0,80,442.821
27,2,0,80,447.606
27,2,0,80,447.022
27,2,0,80,448.919
27,2,0,80,443.538
27,2,0,80,447.842
27,2,0,80,919.625
27,2,0,80,450.543
27,2,0,80,444.736
27,2,0,80,446.522
27,2,0,80,454.215
27,2,0,80,446.019
27,2,0,80,443.323
27,2,0,80,447.461
27,2,0,80,444.802
27,2,0,80,447.588
27,2,0,80,421.040
27,2,0,80,445.974
27,2,0,80,436.667
27,2,0,80,445.582
27,2,0,80,442.720
27,2,0,80,446.413
27,2,0,80,446.828
27,2,0,80,452.392
27,2,0,80,444.381
27,2,0,80,937.608
27,2,0,80,450.971
27,2,0,80,446.905
27,2,0,80,441.839
27,2,0,80,446.754
27,2,0,80,441.132
27,2,0,80,444.770
27,2,0,80,442.759
27,2,0,80,446.341
27,2,0,80,446.386
27,2,0,80,426.838
27,2,0,80,444.883
27,2,0,80,447.502
27,2,0,80,444.899
27,2,0,80,444.592
27,2,0,80,445.526
27,2,0,80,444.719
27,2,0,80,445.505
27,2,0,80,444.735
27,2,0,80,942.129
27,2,0,80,454.214
27,2,0,80,446.573
27,2,0,80,447.470
27,2,0,80,443.719
27,2,0,80,447.560
27,2,0,80,444.901
27,2,0,80,448.243
27,2,0,80,443.491
27,2,0,80,448.277
27,2,0,80,422.692
27,2,0,80,448.015
27,2,0,80,442.393
27,2,0,80,446.068
27,2,0,80,444.335
27,2,0,80,1121.673
27,2,0,80,444.999
27,2,0,80,444.914
27,2,0,80,443.570
27,2,0,80,930.483
27,2,0,80,449.327
27,2,0,80,449.001
27,2,0,80,444.621
27,2,0,80,446.480
27,2,0,80,442.877
27,2,0,80,450.385
27,2,0,80,442.023
27,2,0,80,443.956
27,2,0,80,929.017
27,2,0,80,450.935
27,2,0,80,443.647
27,2,0,80,446.081
27,2,0,80,444.514
27,2,0,80,447.596
27,2,0,80,445.086
27,2,0,80,446.409
27,2,0,80,444.972
27,2,0,80,444.758
27,2,0,80,424.284
27,2,0,80,447.922
27,2,0,80,443.893
27,2,0,80,448.863
27,2,0,80,444.168
27,2,0,80,446.675
27,2,0,80,442.054
27,2,0,80,446.951
27,2,0,80,444.551
27,2,0,80,934.593
27,2,0,80,452.104
27,2,0,80,449.353
27,2,0,80,444.323
27,2,0,80,445.887
27,2,0,80,443.839
27,2,0,80,446.921
27,2,0,80,445.022
27,2,0,80,445.567
27,2,0,80,444.834
27,2,0,80,425.823
27,2,0,80,445.350
27,2,0,80,444.895
27,2,0,80,443.291
27,2,0,80,447.577
27,2,0,80,444.567
27,2,0,80,1121.923
27,2,0,80,442.601
27,2,0,80,447.405
27,2,0,80,944.540
27,2,0,80,452.162
27,2,0,80,446.114
27,2,0,80,445.881
27,2,0,80,443.556
27,2,0,80,445.897
27,2,0,80,445.034
27,2,0,80,450.098
27,2,0,80,445.069
27,2,0,80,446.614
27,2,0,80,419.381
27,2,0,80,448.111
27,2,0,80,444.656
27,2,0,80,445.164
27,2,0,80,446.190
27,2,0,80,447.050
27,2,0,80,442.354
27,2,0,80,444.788
27,2,0,80,442.648
27,2,0,80,930.450
27,2,0,80,446.941
27,2,0,80,1122.964
27,2,0,80,443.698
27,2,0,80,447.650
27,2,0,80,446.269
27,2,0,80,446.463
27,2,0,80,443.248
27,2,0,80,444.275
27,2,0,80,445.820
27,2,0,80,436.902
27,2,0,80,443.928
27,2,0,80,444.584
27,2,0,80,444.166
27,2,0,80,446.044
27,2,0,80,445.478
27,2,0,80,446.375
27,2,0,80,442.975
27,2,0,80,444.391
27,2,0,80,931.155
27,2,0,80,455.481
27,2,0,80,442.692
27,2,0,80,447.774
27,2,0,80,442.912
27,2,0,80,448.568
27,2,0,80,443.335
27,2,0,80,1121.043
27,2,0,80,445.573
27,2,0,80,446.525
27,2,0,80,425.478
27,2,0,80,446.041
27,2,0,80,442.994
27,2,0,80,443.613
27,2,0,80,445.269
27,2,0,80,445.647
27,2,0,80,438.303
27,2,0,80,448.366
27,2,0,80,442.393
27,2,0,80,924.954
27,2,0,80,450.557
27,2,0,80,447.287
27,2,0,80,445.813
27,2,0,80,446.581
27,2,0,80,444.181
27,2,0,80,444.133
27,2,0,80,443.123
27,2,0,80,444.983
27,2,0,80,444.213
27,2,0,80,425.313
27,2,0,80,443.488
27,2,0,80,447.922
27,2,0,80,443.818
27,2,0,80,448.419
27,2,0,80,443.723
27,2,0,80,443.638
27,2,0,80,443.202
27,2,0,80,446.173
27,2,0,80,929.604
27,2,0,80,450.059
27,2,0,80,442.882
27,2,0,80,446.278
27,2,0,80,444.231
27,2,0,80,444.628
27,2,0,80,441.136
27,2,0,80,445.551
27,2,0,80,444.411
27,2,0,80,445.826
27,2,0,80,436.223
27,2,0,80,446.268
27,2,0,80,444.535
27,2,0,80,444.654
27,2,0,80,443.477
27,2,0,80,447.947
27,2,0,80,445.048
28,2,0,80,0.111
28,2,0,80,493.894
28,2,0,80,1030.436
28,2,0,80,494.317
28,2,0,80,453.196
28,2,0,80,513.481
28,2,0,80,450.915
28,2,0,80,449.238
28,2,0,80,452.190
28,2,0,80,449.105
28,2,0,80,434.076
28,2,0,80,494.028
28,2,0,80,453.203
28,2,0,80,449.933
28,2,0,80,454.756
28,2,0,80,450.375
28,2,0,80,452.642
28,2,0,80,451.261
28,2,0,80,452.640
28,2,0,80,439.036
28,2,0,80,454.433
28,2,0,80,449.349
28,2,0,80,453.616
28,2,0,80,448.716
28,2,0,80,452.261
28,2,0,80,447.899
28,2,0,80,451.962
28,2,0,80,450.322
28,2,0,80,454.756
28,2,0,80,452.467
28,2,0,80,451.697
28,2,0,80,449.557
28,2,0,80,455.139
28,2,0,80,452.295
28,2,0,80,453.396
28,2,0,80,449.126
28,2,0,80,451.449
28,2,0,80,407.994
28,2,0,80,459.909
28,2,0,80,451.602
28,2,0,80,451.943
28,2,0,80,448.396
28,2,0,80,451.515
28,2,0,80,448.115
28,2,0,80,451.382
28,2,0,80,448.686
28,2,0,80,451.435
28,2,0,80,453.647
28,2,0,80,451.451
28,2,0,80,461.477
28,2,0,80,452.467
28,2,0,80,449.623
28,2,0,80,451.538
28,2,0,80,449.565
28,2,0,80,462.869
28,2,0,80,449.729
28,2,0,80,454.607
28,2,0,80,447.541
28,2,0,80,451.604
28,2,0,80,449.927
28,2,0,80,643.415
28,2,0,80,449.054
28,2,0,80,450.747
28,2,0,80,450.588
28,2,0,80,450.726
28,2,0,80,449.289
28,2,0,80,456.427
28,2,0,80,448.916
28,2,0,80,451.405
28,2,0,80,450.228
28,2,0,80,452.606
28,2,0,80,448.077
28,2,0,80,459.974
28,2,0,80,449.926
28,2,0,80,451.620
28,2,0,80,421.998
28,2,0,80,450.691
28,2,0,80,448.977
28,2,0,80,452.281
28,2,0,80,451.881
28,2,0,80,453.297
28,2,0,80,450.471
28,2,0,80,451.109
28,2,0,80,458.691
28,2,0,80,453.532
28,2,0,80,456.725
28,2,0,80,459.603
28,2,0,80,458.648
28,2,0,80,451.286
28,2,0,80,450.905
28,2,0,80,452.579
28,2,0,80,451.458
28,2,0,80,453.614
28,2,0,80,450.270
28,2,0,80,439.833
28,2,0,80,451.323
28,2,0,80,451.405
28,2,0,80,447.505
28,2,0,80,453.439
28,2,0,80,451.465
28,2,0,80,453.492
28,2,0,80,448.870
28,2,0,80,451.897
28,2,0,80,449.053
28,2,0,80,455.690
28,2,0,80,450.420
28,2,0,80,452.391
28,2,0,80,459.103
28,2,0,80,452.648
28,2,0,80,449.156
28,2,0,80,452.293
28,2,0,80,449.764
28,2,0,80,452.531
28,2,0,80,426.521
28,2,0,80,451.695
28,2,0,80,441.833
28,2,0,80,452.378
28,2,0,80,448.571
28,2,0,80,452.245
28,2,0,80,451.624
28,2,0,80,457.076
28,2,0,80,449.213
28,2,0,80,451.332
28,2,0,80,455.748
28,2,0,80,452.700
28,2,0,80,448.671
28,2,0,80,451.938
28,2,0,80,447.520
28,2,0,80,449.806
28,2,0,80,449.129
28,2,0,80,451.340
28,2,0,80,451.144
28,2,0,80,433.078
28,2,0,80,449.994
28,2,0,80,452.020
28,2,0,80,451.176
28,2,0,80,450.554
28,2,0,80,450.544
28,2,0,80,449.755
28,2,0,80,449.615
28,2,0,80,451.475
28,2,0,80,448.427
28,2,0,80,458.324
28,2,0,80,451.091
28,2,0,80,452.247
28,2,0,80,448.477
28,2,0,80,452.041
28,2,0,80,448.901
28,2,0,80,454.057
28,2,0,80,448.935
28,2,0,80,453.332
28,2,0,80,426.099
28,2,0,80,453.310
28,2,0,80,449.078
28,2,0,80,450.660
28,2,0,80,450.205
28,2,0,80,647.489
28,2,0,80,449.757
28,2,0,80,451.339
28,2,0,80,449.514
28,2,0,80,460.929
28,2,0,80,454.067
28,2,0,80,452.130
28,2,0,80,449.823
28,2,0,80,451.387
28,2,0,80,449.302
28,2,0,80,454.366
28,2,0,80,448.596
28,2,0,80,450.252
28,2,0,80,451.056
28,2,0,80,455.823
28,2,0,80,448.905
28,2,0,80,451.117
28,2,0,80,448.902
28,2,0,80,452.762
28,2,0,80,449.733
28,2,0,80,451.167
28,2,0,80,450.230
28,2,0,80,449.961
28,2,0,80,429.932
28,2,0,80,453.606
28,2,0,80,448.707
28,2,0,80,453.937
28,2,0,80,449.278
28,2,0,80,450.971
28,2,0,80,448.571
28,2,0,80,451.802
28,2,0,80,451.217
28,2,0,80,450.910
28,2,0,80,456.881
28,2,0,80,452.667
28,2,0,80,449.026
28,2,0,80,451.923
28,2,0,80,449.283
28,2,0,80,451.698
28,2,0,80,449.558
28,2,0,80,450.825
28,2,0,80,449.722
28,2,0,80,429.045
28,2,0,80,451.108
28,2,0,80,450.542
28,2,0,80,448.624
28,2,0,80,452.317
28,2,0,80,449.343
28,2,0,80,641.202
28,2,0,80,447.230
28,2,0,80,453.089
28,2,0,80,448.894
28,2,0,80,456.846
28,2,0,80,451.150
28,2,0,80,451.417
28,2,0,80,448.740
28,2,0,80,452.026
28,2,0,80,449.404
28,2,0,80,453.838
28,2,0,80,450.142
28,2,0,80,451.761
28,2,0,80,423.102
28,2,0,80,452.907
28,2,0,80,450.470
28,2,0,80,451.293
28,2,0,80,450.671
28,2,0,80,451.586
28,2,0,80,448.205
28,2,0,80,450.676
28,2,0,80,449.054
28,2,0,80,451.729
28,2,0,80,452.885
28,2,0,80,642.299
28,2,0,80,450.401
28,2,0,80,451.594
28,2,0,80,450.843
28,2,0,80,451.721
28,2,0,80,449.747
28,2,0,80,448.978
28,2,0,80,450.763
28,2,0,80,443.160
28,2,0,80,450.575
28,2,0,80,450.342
28,2,0,80,450.628
28,2,0,80,451.525
28,2,0,80,450.607
28,2,0,80,452.226
28,2,0,80,448.197
28,2,0,80,450.186
28,2,0,80,447.046
28,2,0,80,459.980
28,2,0,80,447.673
28,2,0,80,453.014
28,2,0,80,449.392
28,2,0,80,452.197
28,2,0,80,448.242
28,2,0,80,642.600
28,2,0,80,448.646
28,2,0,80,451.506
28,2,0,80,430.403
28,2,0,80,451.892
28,2,0,80,449.122
28,2,0,80,450.038
28,2,0,80,450.509
28,2,0,80,450.868
28,2,0,80,444.154
28,2,0,80,454.143
28,2,0,80,449.207
28,2,0,80,449.548
28,2,0,80,454.889
28,2,0,80,451.694
28,2,0,80,450.368
28,2,0,80,452.209
28,2,0,80,449.662
28,2,0,80,450.503
28,2,0,80,449.511
28,2,0,80,450.482
28,2,0,80,449.101
28,2,0,80,430.535
28,2,0,80,448.413
28,2,0,80,451.273
28,2,0,80,449.206
28,2,0,80,453.288
28,2,0,80,451.315
28,2,0,80,449.415
28,2,0,80,448.590
28,2,0,80,450.876
28,2,0,80,449.421
28,2,0,80,455.762
28,2,0,80,448.103
28,2,0,80,451.296
28,2,0,80,449.341
28,2,0,80,449.516
28,2,0,80,448.079
28,2,0,80,451.217
28,2,0,80,449.576
28,2,0,80,450.955
28,2,0,80,442.037
28,2,0,80,451.100
28,2,0,80,449.627
28,2,0,80,449.486
28,2,0,80,449.642
28,2,0,80,452.558
28,2,0,80,450.825
29,2,0,80,0.074
29,2,0,80,489.468
29,2,0,80,835.603
29,2,0,80,488.910
29,2,0,80,447.844
29,2,0,80,508.703
29,2,0,80,445.841
29,2,0,80,444.478
29,2,0,80,447.653
29,2,0,80,444.661
29,2,0,80,428.317
29,2,0,80,489.454
29,2,0,80,447.518
29,2,0,80,445.007
29,2,0,80,449.830
29,2,0,80,445.542
29,2,0,80,447.698
29,2,0,80,445.280
29,2,0,80,447.028
29,2,0,80,434.222
29,2,0,80,449.729
29,2,0,80,444.404
29,2,0,80,449.393
29,2,0,80,443.957
29,2,0,80,446.261
29,2,0,80,442.806
29,2,0,80,446.351
29,2,0,80,444.618
29,2,0,80,448.996
29,2,0,80,447.356
29,2,0,80,446.957
29,2,0,80,452.335
29,2,0,80,450.306
29,2,0,80,452.703
29,2,0,80,447.933
29,2,0,80,444.348
29,2,0,80,446.041
29,2,0,80,402.290
29,2,0,80,455.242
29,2,0,80,446.398
29,2,0,80,446.239
29,2,0,80,443.118
29,2,0,80,446.070
29,2,0,80,441.856
29,2,0,80,446.382
29,2,0,80,443.649
29,2,0,80,445.916
29,2,0,80,448.869
29,2,0,80,446.469
29,2,0,80,456.699
29,2,0,80,448.115
29,2,0,80,444.345
29,2,0,80,447.001
29,2,0,80,444.305
29,2,0,80,457.276
29,2,0,80,443.802
29,2,0,80,449.644
29,2,0,80,442.226
29,2,0,80,447.048
29,2,0,80,445.056
29,2,0,80,1122.338
29,2,0,80,443.406
29,2,0,80,445.599
29,2,0,80,445.681
29,2,0,80,445.966
29,2,0,80,444.178
29,2,0,80,451.612
29,2,0,80,443.934
29,2,0,80,445.924
29,2,0,80,445.450
29,2,0,80,448.903
29,2,0,80,442.411
29,2,0,80,454.233
29,2,0,80,444.537
29,2,0,80,446.064
29,2,0,80,417.535
29,2,0,80,445.302
29,2,0,80,443.273
29,2,0,80,446.984
29,2,0,80,446.270
29,2,0,80,448.056
29,2,0,80,444.897
29,2,0,80,445.331
29,2,0,80,453.505
29,2,0,80,448.902
29,2,0,80,450.855
29,2,0,80,453.974
29,2,0,80,453.741
29,2,0,80,447.749
29,2,0,80,445.182
29,2,0,80,447.616
29,2,0,80,446.606
29,2,0,80,448.317
29,2,0,80,444.659
29,2,0,80,435.278
29,2,0,80,446.193
29,2,0,80,446.442
29,2,0,80,442.153
29,2,0,80,447.494
29,2,0,80,446.891
29,2,0,80,448.751
29,2,0,80,443.481
29,2,0,80,447.508
29,2,0,80,444.182
29,2,0,80,450.153
29,2,0,80,444.624
29,2,0,80,447.187
29,2,0,80,453.936
29,2,0,80,446.777
29,2,0,80,443.767
29,2,0,80,447.386
29,2,0,80,444.801
29,2,0,80,447.272
29,2,0,80,421.132
29,2,0,80,445.714
29,2,0,80,436.592
29,2,0,80,446.266
29,2,0,80,442.960
29,2,0,80,446.338
29,2,0,80,446.605
29,2,0,80,451.668
29,2,0,80,444.139
29,2,0,80,445.869
29,2,0,80,450.822
29,2,0,80,446.867
29,2,0,80,442.745
29,2,0,80,446.660
29,2,0,80,441.816
29,2,0,80,444.658
29,2,0,80,443.406
29,2,0,80,446.229
29,2,0,80,445.978
29,2,0,80,427.745
29,2,0,80,444.882
29,2,0,80,447.131
29,2,0,80,445.639
29,2,0,80,444.906
29,2,0,80,445.581
29,2,0,80,444.385
29,2,0,80,445.337
29,2,0,80,445.549
29,2,0,80,443.464
29,2,0,80,453.528
29,2,0,80,446.147
29,2,0,80,447.358
29,2,0,80,443.625
29,2,0,80,447.300
29,2,0,80,444.678
29,2,0,80,448.686
29,2,0,80,443.379
29,2,0,80,447.924
29,2,0,80,421.599
29,2,0,80,447.903
29,2,0,80,442.485
29,2,0,80,445.641
29,2,0,80,444.001
29,2,0,80,1121.320
29,2,0,80,444.850
29,2,0,80,445.432
29,2,0,80,444.292
29,2,0,80,456.262
29,2,0,80,449.270
29,2,0,80,448.297
29,2,0,80,444.657
29,2,0,80,446.220
29,2,0,80,443.135
29,2,0,80,450.199
29,2,0,80,442.744
29,2,0,80,444.548
29,2,0,80,445.963
29,2,0,80,450.434
29,2,0,80,443.646
29,2,0,80,445.654
29,2,0,80,443.680
29,2,0,80,447.484
29,2,0,80,445.122
29,2,0,80,445.685
29,2,0,80,444.712
29,2,0,80,444.294
29,2,0,80,424.098
29,2,0,80,447.995
29,2,0,80,443.799
29,2,0,80,448.492
29,2,0,80,443.667
29,2,0,80,446.545
29,2,0,80,442.757
29,2,0,80,446.561
29,2,0,80,445.309
29,2,0,80,445.428
29,2,0,80,451.862
29,2,0,80,448.741
29,2,0,80,443.971
29,2,0,80,446.275
29,2,0,80,444.098
29,2,0,80,446.550
29,2,0,80,444.743
29,2,0,80,445.547
29,2,0,80,444.796
29,2,0,80,424.915
29,2,0,80,445.367
29,2,0,80,444.708
29,2,0,80,443.216
29,2,0,80,447.187
29,2,0,80,444.214
29,2,0,80,1121.737
29,2,0,80,442.192
29,2,0,80,447.552
29,2,0,80,443.819
29,2,0,80,451.457
29,2,0,80,445.891
29,2,0,80,445.806
29,2,0,80,443.647
29,2,0,80,446.526
29,2,0,80,444.552
29,2,0,80,449.449
29,2,0,80,445.049
29,2,0,80,446.205
29,2,0,80,418.806
29,2,0,80,447.962
29,2,0,80,445.062
29,2,0,80,446.144
29,2,0,80,446.171
29,2,0,80,446.771
29,2,0,80,442.464
29,2,0,80,444.861
29,2,0,80,443.369
29,2,0,80,446.266
29,2,0,80,446.978
29,2,0,80,1123.056
29,2,0,80,444.271
29,2,0,80,447.020
29,2,0,80,446.268
29,2,0,80,445.906
29,2,0,80,443.895
29,2,0,80,444.033
29,2,0,80,445.763
29,2,0,80,437.364
29,2,0,80,444.686
29,2,0,80,444.916
29,2,0,80,444.832
29,2,0,80,446.025
29,2,0,80,445.329
29,2,0,80,446.689
29,2,0,80,442.697
29,2,0,80,444.797
29,2,0,80,441.101
29,2,0,80,455.294
29,2,0,80,442.599
29,2,0,80,447.551
29,2,0,80,443.781
29,2,0,80,447.715
29,2,0,80,443.390
29,2,0,80,1120.912
29,2,0,80,444.535
29,2,0,80,446.506
29,2,0,80,425.421
29,2,0,80,446.300
29,2,0,80,442.993
29,2,0,80,444.371
29,2,0,80,445.249
29,2,0,80,445.683
29,2,0,80,438.672
29,2,0,80,448.588
29,2,0,80,443.299
29,2,0,80,444.696
29,2,0,80,450.334
29,2,0,80,446.990
29,2,0,80,445.738
29,2,0,80,446.543
29,2,0,80,443.921
29,2,0,80,444.540
29,2,0,80,444.029
29,2,0,80,444.852
29,2,0,80,444.119
29,2,0,80,425.016
29,2,0,80,443.542
29,2,0,80,447.310
29,2,0,80,443.855
29,2,0,80,448.307
29,2,0,80,444.667
29,2,0,80,444.100
29,2,0,80,443.127
29,2,0,80,445.746
29,2,0,80,443.532
29,2,0,80,450.076
29,2,0,80,442.881
29,2,0,80,446.092
29,2,0,80,444.100
29,2,0,80,444.590
29,2,0,80,441.783
29,2,0,80,445.217
29,2,0,80,444.373
29,2,0,80,445.899
29,2,0,80,436.259
29,2,0,80,445.952
29,2,0,80,444.275
29,2,0,80,444.468
29,2,0,80,443.513
29,2,0,80,447.391
29,2,0,80,444.936
30,2,0,80,0.074
30,2,0,80,511.523
30,2,0,80,770.733
30,2,0,80,812.630
30,2,0,80,448.232
30,2,0,80,524.888
30,2,0,80,445.748
30,2,0,80,444.978
30,2,0,80,448.264
30,2,0,80,445.142
30,2,0,80,427.928
30,2,0,80,899.860
30,2,0,80,447.518
30,2,0,80,445.304
30,2,0,80,450.293
30,2,0,80,445.653
30,2,0,80,448.401
30,2,0,80,445.354
30,2,0,80,447.010
30,2,0,80,434.370
30,2,0,80,449.137
30,2,0,80,444.997
30,2,0,80,450.430
30,2,0,80,444.161
30,2,0,80,445.613
30,2,0,80,443.399
30,2,0,80,446.258
30,2,0,80,444.544
30,2,0,80,449.607
30,2,0,80,447.449
30,2,0,80,447.086
30,2,0,80,452.427
30,2,0,80,450.806
30,2,0,80,454.147
30,2,0,80,448.099
30,2,0,80,444.922
30,2,0,80,445.467
30,2,0,80,402.605
30,2,0,80,455.909
30,2,0,80,446.602
30,2,0,80,445.332
30,2,0,80,443.081
30,2,0,80,445.589
30,2,0,80,441.319
30,2,0,80,446.567
30,2,0,80,443.983
30,2,0,80,943.969
30,2,0,80,449.443
30,2,0,80,446.951
30,2,0,80,457.107
30,2,0,80,448.726
30,2,0,80,443.623
30,2,0,80,447.464
30,2,0,80,444.694
30,2,0,80,457.035
30,2,0,80,444.062
30,2,0,80,450.107
30,2,0,80,442.504
30,2,0,80,447.382
30,2,0,80,445.427
30,2,0,80,1122.672
30,2,0,80,443.498
30,2,0,80,444.895
30,2,0,80,446.051
30,2,0,80,446.337
30,2,0,80,444.400
30,2,0,80,451.797
30,2,0,80,443.879
30,2,0,80,446.035
30,2,0,80,445.932
30,2,0,80,449.421
30,2,0,80,442.373
30,2,0,80,454.437
30,2,0,80,445.130
30,2,0,80,445.471
30,2,0,80,417.887
30,2,0,80,445.283
30,2,0,80,443.847
30,2,0,80,447.244
30,2,0,80,446.233
30,2,0,80,448.537
30,2,0,80,444.360
30,2,0,80,445.646
30,2,0,80,453.802
30,2,0,80,949.788
30,2,0,80,451.151
30,2,0,80,453.196
30,2,0,80,453.963
30,2,0,80,448.489
30,2,0,80,445.534
30,2,0,80,448.098
30,2,0,80,446.754
30,2,0,80,447.725
30,2,0,80,444.510
30,2,0,80,436.148
30,2,0,80,446.137
30,2,0,80,447.108
30,2,0,80,442.820
30,2,0,80,447.606
30,2,0,80,447.021
30,2,0,80,448.918
30,2,0,80,443.555
30,2,0,80,447.878
30,2,0,80,919.624
30,2,0,80,450.634
30,2,0,80,444.735
30,2,0,80,446.521
30,2,0,80,454.214
30,2,0,80,446.018
30,2,0,80,443.378
30,2,0,80,447.460
30,2,0,80,444.801
30,2,0,80,447.679
30,2,0,80,421.039
30,2,0,80,445.991
30,2,0,80,436.703
30,2,0,80,445.563
30,2,0,80,442.737
30,2,0,80,446.412
30,2,0,80,446.827
30,2,0,80,452.446
30,2,0,80,444.362
30,2,0,80,937.589
30,2,0,80,451.007
30,2,0,80,446.959
30,2,0,80,441.838
30,2,0,80,446.790
30,2,0,80,441.150
30,2,0,80,444.843
30,2,0,80,442.740
30,2,0,80,446.340
30,2,0,80,446.385
30,2,0,80,426.837
30,2,0,80,444.882
30,2,0,80,447.501
30,2,0,80,444.898
30,2,0,80,444.665
30,2,0,80,445.525
30,2,0,80,444.700
30,2,0,80,445.522
30,2,0,80,444.734
30,2,0,80,942.239
30,2,0,80,454.213
30,2,0,80,446.591
30,2,0,80,447.543
30,2,0,80,443.718
30,2,0,80,447.578
30,2,0,80,444.919
30,2,0,80,448.242
30,2,0,80,443.490
30,2,0,80,448.258
30,2,0,80,422.729
30,2,0,80,448.107
30,2,0,80,442.429
30,2,0,80,446.085
30,2,0,80,444.334
30,2,0,80,1121.690
30,2,0,80,445.017
30,2,0,80,444.913
30,2,0,80,443.569
30,2,0,80,930.538
30,2,0,80,449.326
30,2,0,80,449.038
30,2,0,80,444.620
30,2,0,80,446.479
30,2,0,80,442.895
30,2,0,80,450.366
30,2,0,80,442.040
30,2,0,80,444.048
30,2,0,80,929.035
30,2,0,80,450.934
30,2,0,80,443.646
30,2,0,80,446.061
30,2,0,80,444.569
30,2,0,80,447.614
30,2,0,80,445.103
30,2,0,80,446.463
30,2,0,80,444.990
30,2,0,80,444.757
30,2,0,80,424.283
30,2,0,80,447.902
30,2,0,80,443.873
30,2,0,80,448.881
30,2,0,80,444.148
30,2,0,80,446.749
30,2,0,80,442.071
30,2,0,80,446.950
30,2,0,80,444.569
30,2,0,80,934.574
30,2,0,80,452.103
30,2,0,80,449.333
30,2,0,80,444.323
30,2,0,80,445.979
30,2,0,80,443.875
30,2,0,80,446.920
30,2,0,80,445.039
30,2,0,80,445.547
30,2,0,80,444.814
30,2,0,80,425.804
30,2,0,80,445.330
30,2,0,80,444.949
30,2,0,80,443.291
30,2,0,80,447.595
30,2,0,80,444.603
30,2,0,80,1121.903
30,2,0,80,442.655
30,2,0,80,447.404
30,2,0,80,944.558
30,2,0,80,452.253
30,2,0,80,446.113
30,2,0,80,445.862
30,2,0,80,443.592
30,2,0,80,445.915
30,2,0,80,445.034
30,2,0,80,450.078
30,2,0,80,445.068
30,2,0,80,446.687
30,2,0,80,419.380
30,2,0,80,448.129
30,2,0,80,444.637
30,2,0,80,445.163
30,2,0,80,446.189
30,2,0,80,447.086
30,2,0,80,442.372
30,2,0,80,444.861
30,2,0,80,442.665
30,2,0,80,930.467
30,2,0,80,446.941
30,2,0,80,1122.963
30,2,0,80,443.697
30,2,0,80,447.668
30,2,0,80,446.287
30,2,0,80,446.536
30,2,0,80,443.247
30,2,0,80,444.292
30,2,0,80,445.837
30,2,0,80,436.919
30,2,0,80,444.001
30,2,0,80,444.565
30,2,0,80,444.147
30,2,0,80,446.117
30,2,0,80,445.496
30,2,0,80,446.430
30,2,0,80,442.956
30,2,0,80,444.408
30,2,0,80,931.154
30,2,0,80,455.535
30,2,0,80,442.710
30,2,0,80,447.829
30,2,0,80,442.911
30,2,0,80,448.585
30,2,0,80,443.334
30,2,0,80,1121.061
30,2,0,80,445.572
30,2,0,80,446.506
30,2,0,80,425.477
30,2,0,80,446.133
30,2,0,80,442.993
30,2,0,80,443.593
30,2,0,80,445.249
30,2,0,80,445.665
30,2,0,80,438.284
30,2,0,80,448.365
30,2,0,80,442.429
30,2,0,80,925.008
30,2,0,80,450.556
30,2,0,80,447.305
30,2,0,80,445.812
30,2,0,80,446.598
30,2,0,80,444.236
30,2,0,80,444.132
30,2,0,80,443.140
30,2,0,80,445.037
30,2,0,80,444.212
30,2,0,80,425.331
30,2,0,80,443.487
30,2,0,80,447.902
30,2,0,80,443.855
30,2,0,80,448.399
30,2,0,80,443.722
30,2,0,80,443.730
30,2,0,80,443.182
30,2,0,80,446.190
30,2,0,80,929.585
30,2,0,80,450.058
30,2,0,80,442.881
30,2,0,80,446.278
30,2,0,80,444.267
30,2,0,80,444.719
30,2,0,80,441.153
30,2,0,80,445.568
30,2,0,80,444.391
30,2,0,80,445.862
30,2,0,80,436.222
30,2,0,80,446.285
30,2,0,80,444.552
30,2,0,80,444.746
30,2,0,80,443.494
30,2,0,80,447.965
30,2,0,80,445.028
31,2,0,80,0.111
31,2,0,80,494.042
31,2,0,80,1070.306
31,2,0,80,494.317
31,2,0,80,453.214
31,2,0,80,513.555
31,2,0,80,451.026
31,2,0,80,449.182
31,2,0,80,452.394
31,2,0,80,449.291
31,2,0,80,434.040
31,2,0,80,494.029
31,2,0,80,453.148
31,2,0,80,449.878
31,2,0,80,454.627
31,2,0,80,450.375
31,2,0,80,452.605
31,2,0,80,451.261
31,2,0,80,452.677
31,2,0,80,439.111
31,2,0,80,454.637
31,2,0,80,449.330
31,2,0,80,453.782
31,2,0,80,448.809
31,2,0,80,452.446
31,2,0,80,447.880
31,2,0,80,451.925
31,2,0,80,450.248
31,2,0,80,454.682
31,2,0,80,452.486
31,2,0,80,451.642
31,2,0,80,456.854
31,2,0,80,455.324
31,2,0,80,452.369
31,2,0,80,453.414
31,2,0,80,449.330
31,2,0,80,451.560
31,2,0,80,407.975
31,2,0,80,459.853
31,2,0,80,451.639
31,2,0,80,451.925
31,2,0,80,448.414
31,2,0,80,451.478
31,2,0,80,448.078
31,2,0,80,451.327
31,2,0,80,448.687
31,2,0,80,451.380
31,2,0,80,453.610
31,2,0,80,451.544
31,2,0,80,461.385
31,2,0,80,452.467
31,2,0,80,449.753
31,2,0,80,451.557
31,2,0,80,449.491
31,2,0,80,462.961
31,2,0,80,449.673
31,2,0,80,454.755
31,2,0,80,447.559
31,2,0,80,451.604
31,2,0,80,449.816
31,2,0,80,643.415
31,2,0,80,448.961
31,2,0,80,450.710
31,2,0,80,450.625
31,2,0,80,450.837
31,2,0,80,449.197
31,2,0,80,456.316
31,2,0,80,448.935
31,2,0,80,451.294
31,2,0,80,450.173
31,2,0,80,452.718
31,2,0,80,448.059
31,2,0,80,459.956
31,2,0,80,450.130
31,2,0,80,451.527
31,2,0,80,422.109
31,2,0,80,450.691
31,2,0,80,448.866
31,2,0,80,452.225
31,2,0,80,451.844
31,2,0,80,453.371
31,2,0,80,450.397
31,2,0,80,451.183
31,2,0,80,458.635
31,2,0,80,453.476
31,2,0,80,456.651
31,2,0,80,459.640
31,2,0,80,458.704
31,2,0,80,451.749
31,2,0,80,450.849
31,2,0,80,452.468
31,2,0,80,451.550
31,2,0,80,453.725
31,2,0,80,450.344
31,2,0,80,439.963
31,2,0,80,451.341
31,2,0,80,451.442
31,2,0,80,447.487
31,2,0,80,453.346
31,2,0,80,451.595
31,2,0,80,453.585
31,2,0,80,448.796
31,2,0,80,451.841
31,2,0,80,449.127
31,2,0,80,455.709
31,2,0,80,450.383
31,2,0,80,452.539
31,2,0,80,459.084
31,2,0,80,452.555
31,2,0,80,449.156
31,2,0,80,452.219
31,2,0,80,449.690
31,2,0,80,452.550
31,2,0,80,426.650
31,2,0,80,451.640
31,2,0,80,441.814
31,2,0,80,452.359
31,2,0,80,448.682
31,2,0,80,452.245
31,2,0,80,451.809
31,2,0,80,457.298
31,2,0,80,449.417
31,2,0,80,451.296
31,2,0,80,455.618
31,2,0,80,452.682
31,2,0,80,448.579
31,2,0,80,451.920
31,2,0,80,447.483
31,2,0,80,449.899
31,2,0,80,449.055
31,2,0,80,451.266
31,2,0,80,451.293
31,2,0,80,433.115
31,2,0,80,449.938
31,2,0,80,452.020
31,2,0,80,451.250
31,2,0,80,450.703
31,2,0,80,450.507
31,2,0,80,449.755
31,2,0,80,449.745
31,2,0,80,451.364
31,2,0,80,448.427
31,2,0,80,458.417
31,2,0,80,451.091
31,2,0,80,452.229
31,2,0,80,448.496
31,2,0,80,452.004
31,2,0,80,449.049
31,2,0,80,454.205
31,2,0,80,448.898
31,2,0,80,453.350
31,2,0,80,426.081
31,2,0,80,453.459
31,2,0,80,449.004
31,2,0,80,450.660
31,2,0,80,450.131
31,2,0,80,647.415
31,2,0,80,449.721
31,2,0,80,451.302
31,2,0,80,449.699
31,2,0,80,461.466
31,2,0,80,454.085
31,2,0,80,452.186
31,2,0,80,449.861
31,2,0,80,451.368
31,2,0,80,449.228
31,2,0,80,454.532
31,2,0,80,448.633
31,2,0,80,450.289
31,2,0,80,451.149
31,2,0,80,455.749
31,2,0,80,448.850
31,2,0,80,451.098
31,2,0,80,448.810
31,2,0,80,452.892
31,2,0,80,449.789
31,2,0,80,451.093
31,2,0,80,450.119
31,2,0,80,449.887
31,2,0,80,429.821
31,2,0,80,453.643
31,2,0,80,448.744
31,2,0,80,454.011
31,2,0,80,449.297
31,2,0,80,451.304
31,2,0,80,448.664
31,2,0,80,451.746
31,2,0,80,451.161
31,2,0,80,450.873
31,2,0,80,456.862
31,2,0,80,452.741
31,2,0,80,449.026
31,2,0,80,452.053
31,2,0,80,449.376
31,2,0,80,451.606
31,2,0,80,449.503
31,2,0,80,450.881
31,2,0,80,449.685
31,2,0,80,428.989
31,2,0,80,451.071
31,2,0,80,450.542
31,2,0,80,448.772
31,2,0,80,452.299
31,2,0,80,449.251
31,2,0,80,641.276
31,2,0,80,447.174
31,2,0,80,453.034
31,2,0,80,448.894
31,2,0,80,456.809
31,2,0,80,451.113
31,2,0,80,451.380
31,2,0,80,448.685
31,2,0,80,451.952
31,2,0,80,449.293
31,2,0,80,453.968
31,2,0,80,450.327
31,2,0,80,451.983
31,2,0,80,423.195
31,2,0,80,452.870
31,2,0,80,450.452
31,2,0,80,451.422
31,2,0,80,450.764
31,2,0,80,451.531
31,2,0,80,448.168
31,2,0,80,450.750
31,2,0,80,448.999
31,2,0,80,451.748
31,2,0,80,452.904
31,2,0,80,642.207
31,2,0,80,450.383
31,2,0,80,451.576
31,2,0,80,450.954
31,2,0,80,451.721
31,2,0,80,449.785
31,2,0,80,449.033
31,2,0,80,450.800
31,2,0,80,443.105
31,2,0,80,450.594
31,2,0,80,450.472
31,2,0,80,450.628
31,2,0,80,451.488
31,2,0,80,450.755
31,2,0,80,452.300
31,2,0,80,448.141
31,2,0,80,450.279
31,2,0,80,447.065
31,2,0,80,459.980
31,2,0,80,447.692
31,2,0,80,453.107
31,2,0,80,449.393
31,2,0,80,452.234
31,2,0,80,448.205
31,2,0,80,642.452
31,2,0,80,448.554
31,2,0,80,451.617
31,2,0,80,430.385
31,2,0,80,451.911
31,2,0,80,449.085
31,2,0,80,450.075
31,2,0,80,450.453
31,2,0,80,450.757
31,2,0,80,444.191
31,2,0,80,454.181
31,2,0,80,449.170
31,2,0,80,449.567
31,2,0,80,454.963
31,2,0,80,451.842
31,2,0,80,450.442
31,2,0,80,452.154
31,2,0,80,449.606
31,2,0,80,450.410
31,2,0,80,449.604
31,2,0,80,450.482
31,2,0,80,449.212
31,2,0,80,430.479
31,2,0,80,448.450
31,2,0,80,451.439
31,2,0,80,449.318
31,2,0,80,453.140
31,2,0,80,451.204
31,2,0,80,449.564
31,2,0,80,448.535
31,2,0,80,451.005
31,2,0,80,449.365
31,2,0,80,455.651
31,2,0,80,448.085
31,2,0,80,451.222
31,2,0,80,449.323
31,2,0,80,449.534
31,2,0,80,448.061
31,2,0,80,451.124
31,2,0,80,449.595
31,2,0,80,450.881
31,2,0,80,442.018
31,2,0,80,450.952
31,2,0,80,449.553
31,2,0,80,449.449
31,2,0,80,449.531
31,2,0,80,452.687
31,2,0,80,450.788
32,2,0,80,0.093
32,2,0,80,489.839
32,2,0,80,893.697
32,2,0,80,489.336
32,2,0,80,447.882
32,2,0,80,509.019
32,2,0,80,445.786
32,2,0,80,444.628
32,2,0,80,448.043
32,2,0,80,444.884
32,2,0,80,428.170
32,2,0,80,489.770
32,2,0,80,447.593
32,2,0,80,445.249
32,2,0,80,450.072
32,2,0,80,445.672
32,2,0,80,448.014
32,2,0,80,445.225
32,2,0,80,446.937
32,2,0,80,434.389
32,2,0,80,449.564
32,2,0,80,444.720
32,2,0,80,450.135
32,2,0,80,444.180
32,2,0,80,446.040
32,2,0,80,443.122
32,2,0,80,446.204
32,2,0,80,444.508
32,2,0,80,449.312
32,2,0,80,447.468
32,2,0,80,447.087
32,2,0,80,452.410
32,2,0,80,450.622
32,2,0,80,453.370
32,2,0,80,448.045
32,2,0,80,444.590
32,2,0,80,445.912
32,2,0,80,402.495
32,2,0,80,455.484
32,2,0,80,446.603
32,2,0,80,446.000
32,2,0,80,443.211
32,2,0,80,446.015
32,2,0,80,441.764
32,2,0,80,446.476
32,2,0,80,443.984
32,2,0,80,446.103
32,2,0,80,449.240
32,2,0,80,446.563
32,2,0,80,457.015
32,2,0,80,448.245
32,2,0,80,444.290
32,2,0,80,447.261
32,2,0,80,444.491
32,2,0,80,457.388
32,2,0,80,443.989
32,2,0,80,449.756
32,2,0,80,442.338
32,2,0,80,447.216
32,2,0,80,445.372
32,2,0,80,1122.580
32,2,0,80,443.481
32,2,0,80,445.544
32,2,0,80,445.848
32,2,0,80,446.134
32,2,0,80,444.364
32,2,0,80,451.724
32,2,0,80,444.047
32,2,0,80,446.036
32,2,0,80,445.877
32,2,0,80,449.367
32,2,0,80,442.486
32,2,0,80,454.068
32,2,0,80,444.650
32,2,0,80,445.917
32,2,0,80,417.795
32,2,0,80,445.266
32,2,0,80,443.700
32,2,0,80,447.245
32,2,0,80,446.327
32,2,0,80,448.205
32,2,0,80,444.694
32,2,0,80,445.480
32,2,0,80,453.784
32,2,0,80,449.107
32,2,0,80,451.041
32,2,0,80,453.845
32,2,0,80,453.964
32,2,0,80,448.101
32,2,0,80,445.424
32,2,0,80,447.821
32,2,0,80,446.773
32,2,0,80,448.152
32,2,0,80,444.493
32,2,0,80,435.816
32,2,0,80,446.249
32,2,0,80,446.665
32,2,0,80,442.617
32,2,0,80,447.477
32,2,0,80,447.022
32,2,0,80,448.900
32,2,0,80,443.575
32,2,0,80,447.749
32,2,0,80,444.313
32,2,0,80,450.395
32,2,0,80,444.754
32,2,0,80,446.966
32,2,0,80,454.067
32,2,0,80,446.593
32,2,0,80,443.879
32,2,0,80,447.535
32,2,0,80,444.895
32,2,0,80,447.458
32,2,0,80,421.133
32,2,0,80,445.844
32,2,0,80,436.667
32,2,0,80,446.008
32,2,0,80,442.738
32,2,0,80,446.505
32,2,0,80,446.754
32,2,0,80,451.855
32,2,0,80,444.307
32,2,0,80,445.981
32,2,0,80,450.934
32,2,0,80,446.701
32,2,0,80,442.524
32,2,0,80,446.865
32,2,0,80,441.632
32,2,0,80,444.733
32,2,0,80,443.370
32,2,0,80,446.341
32,2,0,80,446.127
32,2,0,80,427.505
32,2,0,80,444.957
32,2,0,80,447.317
32,2,0,80,445.529
32,2,0,80,444.685
32,2,0,80,445.674
32,2,0,80,444.571
32,2,0,80,445.505
32,2,0,80,445.328
32,2,0,80,443.743
32,2,0,80,453.862
32,2,0,80,446.351
32,2,0,80,447.415
32,2,0,80,443.737
32,2,0,80,447.449
32,2,0,80,444.938
32,2,0,80,448.483
32,2,0,80,443.473
32,2,0,80,448.221
32,2,0,80,422.155
32,2,0,80,448.052
32,2,0,80,442.523
32,2,0,80,445.809
32,2,0,80,444.076
32,2,0,80,1121.469
32,2,0,80,445.018
32,2,0,80,445.322
32,2,0,80,444.107
32,2,0,80,456.393
32,2,0,80,449.438
32,2,0,80,448.613
32,2,0,80,444.750
32,2,0,80,446.443
32,2,0,80,442.970
32,2,0,80,450.348
32,2,0,80,442.578
32,2,0,80,444.438
32,2,0,80,446.038
32,2,0,80,450.583
32,2,0,80,443.758
32,2,0,80,445.821
32,2,0,80,444.218
32,2,0,80,447.504
32,2,0,80,445.234
32,2,0,80,446.112
32,2,0,80,444.731
32,2,0,80,444.573
32,2,0,80,424.210
32,2,0,80,447.811
32,2,0,80,443.930
32,2,0,80,448.789
32,2,0,80,443.797
32,2,0,80,446.638
32,2,0,80,442.572
32,2,0,80,446.821
32,2,0,80,445.144
32,2,0,80,445.596
32,2,0,80,452.048
32,2,0,80,449.038
32,2,0,80,444.249
32,2,0,80,446.091
32,2,0,80,443.932
32,2,0,80,446.699
32,2,0,80,444.874
32,2,0,80,445.622
32,2,0,80,444.926
32,2,0,80,425.286
32,2,0,80,445.479
32,2,0,80,444.672
32,2,0,80,443.310
32,2,0,80,447.151
32,2,0,80,444.381
32,2,0,80,1121.830
32,2,0,80,442.527
32,2,0,80,447.553
32,2,0,80,443.987
32,2,0,80,451.754
32,2,0,80,446.040
32,2,0,80,445.603
32,2,0,80,443.759
32,2,0,80,446.545
32,2,0,80,444.905
32,2,0,80,449.968
32,2,0,80,444.902
32,2,0,80,446.299
32,2,0,80,419.196
32,2,0,80,448.037
32,2,0,80,445.008
32,2,0,80,445.905
32,2,0,80,446.264
32,2,0,80,447.013
32,2,0,80,442.336
32,2,0,80,444.714
32,2,0,80,443.222
32,2,0,80,445.971
32,2,0,80,446.886
32,2,0,80,1123.113
32,2,0,80,444.068
32,2,0,80,447.280
32,2,0,80,446.399
32,2,0,80,446.037
32,2,0,80,443.730
32,2,0,80,444.145
32,2,0,80,445.894
32,2,0,80,437.179
32,2,0,80,444.706
32,2,0,80,444.825
32,2,0,80,444.629
32,2,0,80,446.118
32,2,0,80,445.515
32,2,0,80,446.468
32,2,0,80,442.809
32,2,0,80,444.613
32,2,0,80,441.195
32,2,0,80,455.444
32,2,0,80,442.692
32,2,0,80,447.737
32,2,0,80,443.560
32,2,0,80,447.827
32,2,0,80,443.483
32,2,0,80,1121.099
32,2,0,80,444.999
32,2,0,80,446.562
32,2,0,80,425.533
32,2,0,80,446.134
32,2,0,80,442.957
32,2,0,80,444.187
32,2,0,80,445.361
32,2,0,80,445.740
32,2,0,80,438.433
32,2,0,80,448.515
32,2,0,80,443.152
32,2,0,80,444.827
32,2,0,80,450.557
32,2,0,80,447.083
32,2,0,80,445.925
32,2,0,80,446.673
32,2,0,80,444.181
32,2,0,80,444.448
32,2,0,80,443.790
32,2,0,80,444.946
32,2,0,80,444.250
32,2,0,80,425.110
32,2,0,80,443.654
32,2,0,80,447.496
32,2,0,80,443.985
32,2,0,80,448.456
32,2,0,80,444.445
32,2,0,80,443.916
32,2,0,80,443.295
32,2,0,80,445.914
32,2,0,80,443.699
32,2,0,80,450.170
32,2,0,80,442.956
32,2,0,80,446.297
32,2,0,80,444.194
32,2,0,80,444.702
32,2,0,80,441.562
32,2,0,80,445.292
32,2,0,80,444.485
32,2,0,80,445.993
32,2,0,80,436.352
32,2,0,80,446.157
32,2,0,80,444.424
32,2,0,80,444.672
32,2,0,80,443.606
32,2,0,80,447.614
32,2,0,80,445.067
33,2,0,80,0.074
33,2,0,80,511.579
33,2,0,80,858.215
33,2,0,80,812.630
33,2,0,80,448.214
33,2,0,80,524.870
33,2,0,80,445.748
33,2,0,80,444.979
33,2,0,80,448.246
33,2,0,80,445.124
33,2,0,80,427.910
33,2,0,80,899.841
33,2,0,80,447.648
33,2,0,80,445.304
33,2,0,80,450.256
33,2,0,80,445.671
33,2,0,80,448.420
33,2,0,80,445.335
33,2,0,80,447.028
33,2,0,80,434.351
33,2,0,80,449.192
33,2,0,80,444.978
33,2,0,80,450.412
33,2,0,80,444.161
33,2,0,80,445.594
33,2,0,80,443.399
33,2,0,80,446.258
33,2,0,80,444.544
33,2,0,80,449.682
33,2,0,80,447.430
33,2,0,80,447.123
33,2,0,80,452.409
33,2,0,80,450.824
33,2,0,80,454.166
33,2,0,80,448.081
33,2,0,80,444.941
33,2,0,80,445.504
33,2,0,80,402.586
33,2,0,80,455.927
33,2,0,80,446.620
33,2,0,80,445.332
33,2,0,80,443.081
33,2,0,80,445.626
33,2,0,80,441.356
33,2,0,80,446.623
33,2,0,80,444.001
33,2,0,80,943.969
33,2,0,80,449.480
33,2,0,80,446.969
33,2,0,80,457.088
33,2,0,80,448.726
33,2,0,80,443.641
33,2,0,80,447.520
33,2,0,80,444.694
33,2,0,80,457.017
33,2,0,80,444.062
33,2,0,80,450.125
33,2,0,80,442.504
33,2,0,80,447.363
33,2,0,80,445.427
33,2,0,80,1122.764
33,2,0,80,443.535
33,2,0,80,444.895
33,2,0,80,446.051
33,2,0,80,446.318
33,2,0,80,444.419
33,2,0,80,451.797
33,2,0,80,443.879
33,2,0,80,446.109
33,2,0,80,445.932
33,2,0,80,449.440
33,2,0,80,442.411
33,2,0,80,454.418
33,2,0,80,445.130
33,2,0,80,445.471
33,2,0,80,417.924
33,2,0,80,445.376
33,2,0,80,443.847
33,2,0,80,447.262
33,2,0,80,446.215
33,2,0,80,448.519
33,2,0,80,444.379
33,2,0,80,445.646
33,2,0,80,453.802
33,2,0,80,949.863
33,2,0,80,451.151
33,2,0,80,453.214
33,2,0,80,453.963
33,2,0,80,448.489
33,2,0,80,445.553
33,2,0,80,448.135
33,2,0,80,446.735
33,2,0,80,447.743
33,2,0,80,444.511
33,2,0,80,436.130
33,2,0,80,446.174
33,2,0,80,447.108
33,2,0,80,442.820
33,2,0,80,447.624
33,2,0,80,447.021
33,2,0,80,448.973
33,2,0,80,443.574
33,2,0,80,447.896
33,2,0,80,919.643
33,2,0,80,450.635
33,2,0,80,444.735
33,2,0,80,446.539
33,2,0,80,454.214
33,2,0,80,446.092
33,2,0,80,443.396
33,2,0,80,447.497
33,2,0,80,444.801
33,2,0,80,447.679
33,2,0,80,421.039
33,2,0,80,446.010
33,2,0,80,436.685
33,2,0,80,445.637
33,2,0,80,442.737
33,2,0,80,446.393
33,2,0,80,446.809
33,2,0,80,452.465
33,2,0,80,444.380
33,2,0,80,937.571
33,2,0,80,451.007
33,2,0,80,447.033
33,2,0,80,441.819
33,2,0,80,446.809
33,2,0,80,441.131
33,2,0,80,444.898
33,2,0,80,442.740
33,2,0,80,446.303
33,2,0,80,446.385
33,2,0,80,426.893
33,2,0,80,444.901
33,2,0,80,447.501
33,2,0,80,444.898
33,2,0,80,444.665
33,2,0,80,445.525
33,2,0,80,444.718
33,2,0,80,445.541
33,2,0,80,444.827
33,2,0,80,942.239
33,2,0,80,454.194
33,2,0,80,446.610
33,2,0,80,447.543
33,2,0,80,443.700
33,2,0,80,447.578
33,2,0,80,444.938
33,2,0,80,448.223
33,2,0,80,443.509
33,2,0,80,448.258
33,2,0,80,422.747
33,2,0,80,448.107
33,2,0,80,442.448
33,2,0,80,446.086
33,2,0,80,444.316
33,2,0,80,1121.764
33,2,0,80,445.017
33,2,0,80,444.913
33,2,0,80,443.570
33,2,0,80,930.556
33,2,0,80,449.308
33,2,0,80,449.075
33,2,0,80,444.638
33,2,0,80,446.479
33,2,0,80,442.913
33,2,0,80,450.366
33,2,0,80,442.040
33,2,0,80,444.067
33,2,0,80,929.035
33,2,0,80,450.953
33,2,0,80,443.701
33,2,0,80,446.117
33,2,0,80,444.588
33,2,0,80,447.614
33,2,0,80,445.085
33,2,0,80,446.463
33,2,0,80,444.990
33,2,0,80,444.757
33,2,0,80,424.283
33,2,0,80,447.995
33,2,0,80,443.855
33,2,0,80,448.900
33,2,0,80,444.130
33,2,0,80,446.786
33,2,0,80,442.127
33,2,0,80,446.968
33,2,0,80,444.569
33,2,0,80,934.648
33,2,0,80,452.103
33,2,0,80,449.370
33,2,0,80,444.304
33,2,0,80,445.997
33,2,0,80,443.875
33,2,0,80,446.957
33,2,0,80,445.039
33,2,0,80,445.603
33,2,0,80,444.796
33,2,0,80,425.822
33,2,0,80,445.312
33,2,0,80,444.949
33,2,0,80,443.328
33,2,0,80,447.613
33,2,0,80,444.584
33,2,0,80,1121.977
33,2,0,80,442.619
33,2,0,80,447.386
33,2,0,80,944.558
33,2,0,80,452.253
33,2,0,80,446.095
33,2,0,80,445.862
33,2,0,80,443.610
33,2,0,80,445.970
33,2,0,80,445.089
33,2,0,80,450.079
33,2,0,80,445.049
33,2,0,80,446.724
33,2,0,80,419.417
33,2,0,80,448.147
33,2,0,80,444.655
33,2,0,80,445.219
33,2,0,80,446.171
33,2,0,80,447.105
33,2,0,80,442.390
33,2,0,80,444.880
33,2,0,80,442.666
33,2,0,80,930.449
33,2,0,80,446.941
33,2,0,80,1123.038
33,2,0,80,443.716
33,2,0,80,447.668
33,2,0,80,446.324
33,2,0,80,446.517
33,2,0,80,443.247
33,2,0,80,444.274
33,2,0,80,445.837
33,2,0,80,436.993
33,2,0,80,444.001
33,2,0,80,444.546
33,2,0,80,444.128
33,2,0,80,446.118
33,2,0,80,445.496
33,2,0,80,446.411
33,2,0,80,442.975
33,2,0,80,444.464
33,2,0,80,931.173
33,2,0,80,455.591
33,2,0,80,442.691
33,2,0,80,447.847
33,2,0,80,442.911
33,2,0,80,448.567
33,2,0,80,443.334
33,2,0,80,1121.153
33,2,0,80,445.572
33,2,0,80,446.543
33,2,0,80,425.477
33,2,0,80,446.151
33,2,0,80,443.011
33,2,0,80,443.593
33,2,0,80,445.286
33,2,0,80,445.739
33,2,0,80,438.302
33,2,0,80,448.366
33,2,0,80,442.429
33,2,0,80,925.008
33,2,0,80,450.556
33,2,0,80,447.323
33,2,0,80,445.831
33,2,0,80,446.691
33,2,0,80,444.254
33,2,0,80,444.151
33,2,0,80,443.122
33,2,0,80,445.037
33,2,0,80,444.249
33,2,0,80,425.349
33,2,0,80,443.505
33,2,0,80,448.013
33,2,0,80,443.855
33,2,0,80,448.418
33,2,0,80,443.741
33,2,0,80,443.730
33,2,0,80,443.201
33,2,0,80,446.190
33,2,0,80,929.585
33,2,0,80,450.169
33,2,0,80,442.899
33,2,0,80,446.315
33,2,0,80,444.267
33,2,0,80,444.719
33,2,0,80,441.153
33,2,0,80,445.606
33,2,0,80,444.410
33,2,0,80,445.955
33,2,0,80,436.240
33,2,0,80,446.285
33,2,0,80,444.534
33,2,0,80,444.783
33,2,0,80,443.494
33,2,0,80,447.965
33,2,0,80,445.010
34,2,0,80,0.093
34,2,0,80,493.728
34,2,0,80,1109.695
34,2,0,80,494.243
34,2,0,80,453.011
34,2,0,80,513.259
34,2,0,80,450.878
34,2,0,80,449.090
34,2,0,80,452.209
34,2,0,80,449.124
34,2,0,80,433.799
34,2,0,80,493.770
34,2,0,80,452.815
34,2,0,80,449.730
34,2,0,80,454.294
34,2,0,80,450.098
34,2,0,80,452.328
34,2,0,80,451.021
34,2,0,80,452.399
34,2,0,80,438.926
34,2,0,80,454.434
34,2,0,80,449.071
34,2,0,80,453.635
34,2,0,80,448.587
34,2,0,80,452.280
34,2,0,80,447.566
34,2,0,80,451.555
34,2,0,80,449.878
34,2,0,80,454.349
34,2,0,80,452.116
34,2,0,80,451.476
34,2,0,80,456.465
34,2,0,80,455.177
34,2,0,80,452.129
34,2,0,80,453.155
34,2,0,80,449.275
34,2,0,80,451.338
34,2,0,80,407.642
34,2,0,80,459.576
34,2,0,80,451.325
34,2,0,80,451.592
34,2,0,80,448.211
34,2,0,80,451.941
34,2,0,80,447.745
34,2,0,80,451.031
34,2,0,80,448.409
34,2,0,80,451.028
34,2,0,80,453.314
34,2,0,80,451.303
34,2,0,80,461.033
34,2,0,80,452.282
34,2,0,80,449.586
34,2,0,80,451.224
34,2,0,80,449.158
34,2,0,80,462.721
34,2,0,80,449.359
34,2,0,80,454.533
34,2,0,80,447.263
34,2,0,80,451.382
34,2,0,80,449.464
34,2,0,80,643.175
34,2,0,80,448.684
34,2,0,80,450.488
34,2,0,80,450.366
34,2,0,80,450.671
34,2,0,80,448.901
34,2,0,80,456.131
34,2,0,80,448.509
34,2,0,80,450.998
34,2,0,80,449.784
34,2,0,80,452.588
34,2,0,80,447.744
34,2,0,80,459.660
34,2,0,80,449.945
34,2,0,80,451.546
34,2,0,80,421.850
34,2,0,80,450.321
34,2,0,80,448.477
34,2,0,80,451.892
34,2,0,80,451.585
34,2,0,80,453.112
34,2,0,80,450.064
34,2,0,80,450.905
34,2,0,80,458.302
34,2,0,80,453.143
34,2,0,80,456.225
34,2,0,80,459.289
34,2,0,80,458.519
34,2,0,80,451.601
34,2,0,80,450.553
34,2,0,80,452.191
34,2,0,80,451.403
34,2,0,80,453.596
34,2,0,80,450.122
34,2,0,80,439.778
34,2,0,80,451.027
34,2,0,80,451.164
34,2,0,80,447.135
34,2,0,80,453.051
34,2,0,80,451.429
34,2,0,80,453.307
34,2,0,80,448.445
34,2,0,80,451.545
34,2,0,80,448.757
34,2,0,80,455.357
34,2,0,80,450.050
34,2,0,80,452.651
34,2,0,80,458.825
34,2,0,80,452.278
34,2,0,80,448.786
34,2,0,80,451.942
34,2,0,80,449.450
34,2,0,80,452.217
34,2,0,80,426.484
34,2,0,80,451.399
34,2,0,80,441.481
34,2,0,80,451.971
34,2,0,80,448.460
34,2,0,80,451.986
34,2,0,80,451.661
34,2,0,80,456.984
34,2,0,80,449.251
34,2,0,80,450.981
34,2,0,80,455.285
34,2,0,80,452.330
34,2,0,80,448.301
34,2,0,80,451.605
34,2,0,80,447.113
34,2,0,80,449.621
34,2,0,80,448.759
34,2,0,80,450.933
34,2,0,80,451.052
34,2,0,80,432.894
34,2,0,80,449.587
34,2,0,80,451.817
34,2,0,80,451.121
34,2,0,80,450.555
34,2,0,80,450.118
34,2,0,80,449.737
34,2,0,80,449.541
34,2,0,80,450.994
34,2,0,80,448.076
34,2,0,80,458.213
34,2,0,80,450.758
34,2,0,80,451.988
34,2,0,80,448.200
34,2,0,80,451.726
34,2,0,80,448.827
34,2,0,80,454.020
34,2,0,80,448.584
34,2,0,80,453.091
34,2,0,80,425.822
34,2,0,80,453.107
34,2,0,80,448.652
34,2,0,80,450.382
34,2,0,80,449.835
34,2,0,80,647.064
34,2,0,80,449.332
34,2,0,80,450.969
34,2,0,80,449.514
34,2,0,80,461.115
34,2,0,80,453.752
34,2,0,80,452.149
34,2,0,80,449.491
34,2,0,80,451.110
34,2,0,80,448.895
34,2,0,80,454.422
34,2,0,80,448.393
34,2,0,80,450.086
34,2,0,80,450.982
34,2,0,80,455.731
34,2,0,80,448.535
34,2,0,80,450.784
34,2,0,80,448.514
34,2,0,80,452.781
34,2,0,80,449.641
34,2,0,80,450.667
34,2,0,80,449.842
34,2,0,80,449.646
34,2,0,80,429.432
34,2,0,80,453.366
34,2,0,80,448.466
34,2,0,80,453.844
34,2,0,80,449.112
34,2,0,80,451.175
34,2,0,80,448.442
34,2,0,80,451.487
34,2,0,80,450.847
34,2,0,80,450.596
34,2,0,80,456.492
34,2,0,80,452.463
34,2,0,80,448.675
34,2,0,80,451.849
34,2,0,80,449.172
34,2,0,80,451.365
34,2,0,80,449.188
34,2,0,80,450.733
34,2,0,80,449.333
34,2,0,80,428.804
34,2,0,80,450.701
34,2,0,80,450.246
34,2,0,80,448.643
34,2,0,80,452.558
34,2,0,80,448.955
34,2,0,80,640.906
34,2,0,80,446.841
34,2,0,80,452.738
34,2,0,80,448.579
34,2,0,80,456.476
34,2,0,80,450.688
34,2,0,80,451.177
34,2,0,80,448.389
34,2,0,80,451.656
34,2,0,80,448.942
34,2,0,80,453.764
34,2,0,80,450.180
34,2,0,80,451.669
34,2,0,80,422.955
34,2,0,80,452.666
34,2,0,80,450.137
34,2,0,80,451.330
34,2,0,80,450.616
34,2,0,80,451.253
34,2,0,80,447.817
34,2,0,80,450.454
34,2,0,80,448.685
34,2,0,80,451.674
34,2,0,80,452.552
34,2,0,80,641.911
34,2,0,80,450.087
34,2,0,80,451.261
34,2,0,80,450.751
34,2,0,80,451.425
34,2,0,80,449.507
34,2,0,80,448.959
34,2,0,80,450.486
34,2,0,80,442.809
34,2,0,80,450.224
34,2,0,80,450.232
34,2,0,80,450.295
34,2,0,80,451.155
34,2,0,80,450.626
34,2,0,80,452.189
34,2,0,80,447.753
34,2,0,80,450.020
34,2,0,80,446.750
34,2,0,80,459.665
34,2,0,80,447.396
34,2,0,80,452.700
34,2,0,80,449.134
34,2,0,80,452.049
34,2,0,80,447.872
34,2,0,80,642.101
34,2,0,80,448.165
34,2,0,80,451.544
34,2,0,80,430.052
34,2,0,80,451.596
34,2,0,80,448.752
34,2,0,80,449.834
34,2,0,80,450.213
34,2,0,80,450.554
34,2,0,80,444.006
34,2,0,80,453.903
34,2,0,80,448.855
34,2,0,80,449.271
34,2,0,80,454.779
34,2,0,80,451.990
34,2,0,80,450.165
34,2,0,80,451.728
34,2,0,80,449.199
34,2,0,80,450.040
34,2,0,80,449.363
34,2,0,80,450.186
34,2,0,80,449.101
34,2,0,80,430.220
34,2,0,80,448.099
34,2,0,80,451.255
34,2,0,80,449.114
34,2,0,80,452.863
34,2,0,80,450.945
34,2,0,80,449.453
34,2,0,80,448.220
34,2,0,80,450.913
34,2,0,80,449.051
34,2,0,80,455.262
34,2,0,80,447.770
34,2,0,80,450.926
34,2,0,80,449.008
34,2,0,80,449.257
34,2,0,80,447.820
34,2,0,80,450.865
34,2,0,80,449.244
34,2,0,80,450.474
34,2,0,80,441.759
34,2,0,80,450.656
34,2,0,80,449.275
34,2,0,80,449.135
34,2,0,80,449.235
34,2,0,80,452.854
34,2,0,80,450.511
35,2,0,80,0.093
35,2,0,80,490.172
35,2,0,80,951.566
35,2,0,80,489.392
35,2,0,80,448.085
35,2,0,80,524.759
35,2,0,80,445.804
35,2,0,80,444.757
35,2,0,80,448.265
35,2,0,80,445.013
35,2,0,80,427.966
35,2,0,80,490.103
35,2,0,80,447.648
35,2,0,80,445.286
35,2,0,80,450.219
35,2,0,80,445.727
35,2,0,80,448.235
35,2,0,80,445.391
35,2,0,80,446.992
35,2,0,80,434.518
35,2,0,80,449.378
35,2,0,80,444.942
35,2,0,80,450.246
35,2,0,80,444.217
35,2,0,80,445.891
35,2,0,80,443.399
35,2,0,80,446.018
35,2,0,80,444.378
35,2,0,80,449.423
35,2,0,80,447.505
35,2,0,80,447.105
35,2,0,80,452.558
35,2,0,80,450.806
35,2,0,80,453.870
35,2,0,80,448.081
35,2,0,80,444.923
35,2,0,80,445.708
35,2,0,80,402.605
35,2,0,80,455.743
35,2,0,80,446.732
35,2,0,80,445.814
35,2,0,80,443.211
35,2,0,80,445.756
35,2,0,80,441.597
35,2,0,80,446.586
35,2,0,80,444.020
35,2,0,80,446.269
35,2,0,80,449.462
35,2,0,80,446.859
35,2,0,80,457.200
35,2,0,80,448.504
35,2,0,80,444.068
35,2,0,80,447.335
35,2,0,80,444.602
35,2,0,80,457.351
35,2,0,80,444.099
35,2,0,80,450.144
35,2,0,80,442.430
35,2,0,80,447.290
35,2,0,80,445.483
35,2,0,80,1122.691
35,2,0,80,443.536
35,2,0,80,445.284
35,2,0,80,446.014
35,2,0,80,446.319
35,2,0,80,444.493
35,2,0,80,451.779
35,2,0,80,444.046
35,2,0,80,446.072
35,2,0,80,445.988
35,2,0,80,449.366
35,2,0,80,442.522
35,2,0,80,454.215
35,2,0,80,445.056
35,2,0,80,445.750
35,2,0,80,417.961
35,2,0,80,445.191
35,2,0,80,443.847
35,2,0,80,447.337
35,2,0,80,446.419
35,2,0,80,448.501
35,2,0,80,444.527
35,2,0,80,445.572
35,2,0,80,453.913
35,2,0,80,449.180
35,2,0,80,451.188
35,2,0,80,453.604
35,2,0,80,454.056
35,2,0,80,448.379
35,2,0,80,445.498
35,2,0,80,448.006
35,2,0,80,446.847
35,2,0,80,447.892
35,2,0,80,444.548
35,2,0,80,436.019
35,2,0,80,446.360
35,2,0,80,446.868
35,2,0,80,442.802
35,2,0,80,447.532
35,2,0,80,447.095
35,2,0,80,448.955
35,2,0,80,443.667
35,2,0,80,447.878
35,2,0,80,444.405
35,2,0,80,450.653
35,2,0,80,444.847
35,2,0,80,446.688
35,2,0,80,454.214
35,2,0,80,446.407
35,2,0,80,443.675
35,2,0,80,447.571
35,2,0,80,444.876
35,2,0,80,447.717
35,2,0,80,421.132
35,2,0,80,445.899
35,2,0,80,436.759
35,2,0,80,445.785
35,2,0,80,442.756
35,2,0,80,446.523
35,2,0,80,446.791
35,2,0,80,452.521
35,2,0,80,444.399
35,2,0,80,445.833
35,2,0,80,451.026
35,2,0,80,446.738
35,2,0,80,442.320
35,2,0,80,446.883
35,2,0,80,441.409
35,2,0,80,444.899
35,2,0,80,443.166
35,2,0,80,446.378
35,2,0,80,446.349
35,2,0,80,427.245
35,2,0,80,445.012
35,2,0,80,447.446
35,2,0,80,445.288
35,2,0,80,444.684
35,2,0,80,445.692
35,2,0,80,444.645
35,2,0,80,445.560
35,2,0,80,445.123
35,2,0,80,443.798
35,2,0,80,454.084
35,2,0,80,446.610
35,2,0,80,447.544
35,2,0,80,443.774
35,2,0,80,447.541
35,2,0,80,444.994
35,2,0,80,448.261
35,2,0,80,443.546
35,2,0,80,448.314
35,2,0,80,422.433
35,2,0,80,448.218
35,2,0,80,442.541
35,2,0,80,445.975
35,2,0,80,444.131
35,2,0,80,1121.783
35,2,0,80,445.110
35,2,0,80,445.025
35,2,0,80,443.940
35,2,0,80,456.559
35,2,0,80,449.456
35,2,0,80,448.834
35,2,0,80,444.768
35,2,0,80,446.572
35,2,0,80,442.821
35,2,0,80,450.348
35,2,0,80,442.337
35,2,0,80,444.382
35,2,0,80,446.056
35,2,0,80,450.750
35,2,0,80,443.832
35,2,0,80,445.969
35,2,0,80,444.440
35,2,0,80,447.577
35,2,0,80,445.234
35,2,0,80,446.427
35,2,0,80,444.879
35,2,0,80,444.683
35,2,0,80,424.265
35,2,0,80,447.903
35,2,0,80,444.040
35,2,0,80,448.900
35,2,0,80,443.963
35,2,0,80,446.842
35,2,0,80,442.313
35,2,0,80,446.839
35,2,0,80,444.940
35,2,0,80,445.633
35,2,0,80,452.196
35,2,0,80,449.111
35,2,0,80,444.379
35,2,0,80,446.035
35,2,0,80,443.968
35,2,0,80,446.884
35,2,0,80,444.910
35,2,0,80,445.696
35,2,0,80,444.945
35,2,0,80,425.564
35,2,0,80,445.534
35,2,0,80,444.931
35,2,0,80,443.347
35,2,0,80,447.336
35,2,0,80,444.473
35,2,0,80,1122.089
35,2,0,80,442.637
35,2,0,80,447.553
35,2,0,80,444.042
35,2,0,80,452.013
35,2,0,80,446.169
35,2,0,80,445.825
35,2,0,80,443.778
35,2,0,80,446.304
35,2,0,80,444.979
35,2,0,80,450.097
35,2,0,80,445.013
35,2,0,80,446.632
35,2,0,80,419.362
35,2,0,80,448.111
35,2,0,80,444.896
35,2,0,80,445.645
35,2,0,80,446.338
35,2,0,80,447.124
35,2,0,80,442.539
35,2,0,80,444.917
35,2,0,80,443.036
35,2,0,80,445.822
35,2,0,80,446.941
35,2,0,80,1123.149
35,2,0,80,443.883
35,2,0,80,447.465
35,2,0,80,446.491
35,2,0,80,446.592
35,2,0,80,443.507
35,2,0,80,444.256
35,2,0,80,445.912
35,2,0,80,437.068
35,2,0,80,444.409
35,2,0,80,444.584
35,2,0,80,444.351
35,2,0,80,446.229
35,2,0,80,445.626
35,2,0,80,446.282
35,2,0,80,442.901
35,2,0,80,444.427
35,2,0,80,441.232
35,2,0,80,455.554
35,2,0,80,442.803
35,2,0,80,447.866
35,2,0,80,443.337
35,2,0,80,447.993
35,2,0,80,443.464
35,2,0,80,1121.172
35,2,0,80,445.350
35,2,0,80,446.599
35,2,0,80,425.663
35,2,0,80,446.244
35,2,0,80,443.012
35,2,0,80,443.890
35,2,0,80,445.453
35,2,0,80,445.795
35,2,0,80,438.506
35,2,0,80,448.385
35,2,0,80,442.911
35,2,0,80,444.919
35,2,0,80,450.630
35,2,0,80,447.268
35,2,0,80,445.943
35,2,0,80,446.710
35,2,0,80,444.255
35,2,0,80,444.318
35,2,0,80,443.548
35,2,0,80,445.056
35,2,0,80,444.323
35,2,0,80,425.220
35,2,0,80,443.617
35,2,0,80,447.699
35,2,0,80,444.003
35,2,0,80,448.474
35,2,0,80,444.204
35,2,0,80,443.823
35,2,0,80,443.368
35,2,0,80,446.080
35,2,0,80,443.940
35,2,0,80,450.262
35,2,0,80,443.029
35,2,0,80,446.389
35,2,0,80,444.379
35,2,0,80,444.831
35,2,0,80,441.302
35,2,0,80,445.476
35,2,0,80,444.558
35,2,0,80,446.066
35,2,0,80,436.370
35,2,0,80,446.323
35,2,0,80,444.534
35,2,0,80,444.839
35,2,0,80,443.661
35,2,0,80,447.854
35,2,0,80,445.122
36,2,0,80,0.092
36,2,0,80,511.523
36,2,0,80,945.844
36,2,0,80,812.575
36,2,0,80,448.140
36,2,0,80,524.851
36,2,0,80,445.804
36,2,0,80,444.942
36,2,0,80,448.227
36,2,0,80,445.106
36,2,0,80,427.891
36,2,0,80,899.841
36,2,0,80,447.592
36,2,0,80,445.304
36,2,0,80,450.293
36,2,0,80,445.653
36,2,0,80,448.383
36,2,0,80,445.298
36,2,0,80,446.992
36,2,0,80,434.333
36,2,0,80,449.267
36,2,0,80,444.960
36,2,0,80,450.468
36,2,0,80,444.124
36,2,0,80,445.576
36,2,0,80,443.417
36,2,0,80,446.221
36,2,0,80,444.470
36,2,0,80,449.645
36,2,0,80,447.393
36,2,0,80,447.179
36,2,0,80,452.372
36,2,0,80,450.824
36,2,0,80,454.166
36,2,0,80,448.025
36,2,0,80,444.885
36,2,0,80,445.504
36,2,0,80,402.531
36,2,0,80,455.964
36,2,0,80,446.621
36,2,0,80,445.314
36,2,0,80,443.025
36,2,0,80,445.589
36,2,0,80,441.319
36,2,0,80,446.586
36,2,0,80,443.964
36,2,0,80,944.007
36,2,0,80,449.443
36,2,0,80,446.932
36,2,0,80,457.088
36,2,0,80,448.708
36,2,0,80,443.604
36,2,0,80,447.538
36,2,0,80,444.676
36,2,0,80,457.054
36,2,0,80,444.043
36,2,0,80,450.070
36,2,0,80,442.448
36,2,0,80,447.345
36,2,0,80,445.408
36,2,0,80,1122.746
36,2,0,80,443.517
36,2,0,80,444.914
36,2,0,80,446.014
36,2,0,80,446.300
36,2,0,80,444.382
36,2,0,80,451.779
36,2,0,80,443.842
36,2,0,80,446.091
36,2,0,80,445.913
36,2,0,80,449.458
36,2,0,80,442.392
36,2,0,80,454.382
36,2,0,80,445.093
36,2,0,80,445.434
36,2,0,80,417.905
36,2,0,80,445.358
36,2,0,80,443.810
36,2,0,80,447.336
36,2,0,80,446.178
36,2,0,80,448.519
36,2,0,80,444.379
36,2,0,80,445.590
36,2,0,80,453.765
36,2,0,80,949.937
36,2,0,80,451.151
36,2,0,80,453.252
36,2,0,80,453.908
36,2,0,80,448.471
36,2,0,80,445.553
36,2,0,80,448.079
36,2,0,80,446.698
36,2,0,80,447.706
36,2,0,80,444.492
36,2,0,80,436.167
36,2,0,80,446.119
36,2,0,80,447.090
36,2,0,80,442.783
36,2,0,80,447.624
36,2,0,80,447.002
36,2,0,80,448.955
36,2,0,80,443.518
36,2,0,80,447.952
36,2,0,80,919.606
36,2,0,80,450.579
36,2,0,80,444.754
36,2,0,80,446.484
36,2,0,80,454.195
36,2,0,80,446.055
36,2,0,80,443.341
36,2,0,80,447.571
36,2,0,80,444.783
36,2,0,80,447.661
36,2,0,80,421.021
36,2,0,80,445.954
36,2,0,80,436.648
36,2,0,80,445.711
36,2,0,80,442.719
36,2,0,80,446.431
36,2,0,80,446.772
36,2,0,80,452.446
36,2,0,80,444.343
36,2,0,80,937.552
36,2,0,80,450.970
36,2,0,80,447.034
36,2,0,80,441.801
36,2,0,80,446.864
36,2,0,80,441.094
36,2,0,80,444.880
36,2,0,80,442.684
36,2,0,80,446.322
36,2,0,80,446.367
36,2,0,80,426.875
36,2,0,80,444.864
36,2,0,80,447.520
36,2,0,80,444.843
36,2,0,80,444.610
36,2,0,80,445.488
36,2,0,80,444.663
36,2,0,80,445.504
36,2,0,80,444.790
36,2,0,80,942.221
36,2,0,80,454.250
36,2,0,80,446.554
36,2,0,80,447.525
36,2,0,80,443.663
36,2,0,80,447.559
36,2,0,80,444.882
36,2,0,80,448.260
36,2,0,80,443.491
36,2,0,80,448.295
36,2,0,80,422.729
36,2,0,80,448.088
36,2,0,80,442.411
36,2,0,80,446.049
36,2,0,80,444.297
36,2,0,80,1121.746
36,2,0,80,444.980
36,2,0,80,444.988
36,2,0,80,443.570
36,2,0,80,930.556
36,2,0,80,449.271
36,2,0,80,449.056
36,2,0,80,444.601
36,2,0,80,446.442
36,2,0,80,442.876
36,2,0,80,450.458
36,2,0,80,442.003
36,2,0,80,444.011
36,2,0,80,928.998
36,2,0,80,450.916
36,2,0,80,443.646
36,2,0,80,446.080
36,2,0,80,444.569
36,2,0,80,447.651
36,2,0,80,445.048
36,2,0,80,446.445
36,2,0,80,444.990
36,2,0,80,444.757
36,2,0,80,424.246
36,2,0,80,448.050
36,2,0,80,443.818
36,2,0,80,448.955
36,2,0,80,444.111
36,2,0,80,446.730
36,2,0,80,442.090
36,2,0,80,446.931
36,2,0,80,444.550
36,2,0,80,934.630
36,2,0,80,452.066
36,2,0,80,449.407
36,2,0,80,444.267
36,2,0,80,445.960
36,2,0,80,443.820
36,2,0,80,446.902
36,2,0,80,444.984
36,2,0,80,445.584
36,2,0,80,444.759
36,2,0,80,425.860
36,2,0,80,445.256
36,2,0,80,444.931
36,2,0,80,443.272
36,2,0,80,447.576
36,2,0,80,444.584
36,2,0,80,1121.940
36,2,0,80,442.582
36,2,0,80,447.423
36,2,0,80,944.521
36,2,0,80,452.198
36,2,0,80,446.095
36,2,0,80,445.825
36,2,0,80,443.573
36,2,0,80,446.026
36,2,0,80,445.052
36,2,0,80,450.097
36,2,0,80,444.994
36,2,0,80,446.724
36,2,0,80,419.362
36,2,0,80,448.147
36,2,0,80,444.600
36,2,0,80,445.200
36,2,0,80,446.153
36,2,0,80,447.160
36,2,0,80,442.372
36,2,0,80,444.843
36,2,0,80,442.629
36,2,0,80,930.412
36,2,0,80,446.885
36,2,0,80,1122.982
36,2,0,80,443.679
36,2,0,80,447.724
36,2,0,80,446.269
36,2,0,80,446.517
36,2,0,80,443.210
36,2,0,80,444.237
36,2,0,80,445.819
36,2,0,80,436.975
36,2,0,80,444.001
36,2,0,80,444.602
36,2,0,80,444.091
36,2,0,80,446.062
36,2,0,80,445.477
36,2,0,80,446.374
36,2,0,80,442.938
36,2,0,80,444.520
36,2,0,80,931.118
36,2,0,80,455.646
36,2,0,80,442.673
36,2,0,80,447.792
36,2,0,80,442.893
36,2,0,80,448.549
36,2,0,80,443.297
36,2,0,80,1121.135
36,2,0,80,445.554
36,2,0,80,446.580
36,2,0,80,425.422
36,2,0,80,446.115
36,2,0,80,442.993
36,2,0,80,443.556
36,2,0,80,445.231
36,2,0,80,445.720
36,2,0,80,438.265
36,2,0,80,448.440
36,2,0,80,442.411
36,2,0,80,924.953
36,2,0,80,450.519
36,2,0,80,447.286
36,2,0,80,445.794
36,2,0,80,446.635
36,2,0,80,444.217
36,2,0,80,444.188
36,2,0,80,443.104
36,2,0,80,445.019
36,2,0,80,444.249
36,2,0,80,425.313
36,2,0,80,443.469
36,2,0,80,448.069
36,2,0,80,443.799
36,2,0,80,448.437
36,2,0,80,443.704
36,2,0,80,443.712
36,2,0,80,443.183
36,2,0,80,446.191
36,2,0,80,929.566
36,2,0,80,450.132
36,2,0,80,442.862
36,2,0,80,446.370
36,2,0,80,444.249
36,2,0,80,444.701
36,2,0,80,441.116
36,2,0,80,445.569
36,2,0,80,444.410
36,2,0,80,445.936
36,2,0,80,436.185
36,2,0,80,446.322
36,2,0,80,444.516
36,2,0,80,444.746
36,2,0,80,443.513
36,2,0,80,447.928
36,2,0,80,444.955
37,3,0,70,0.185
37,3,0,70,1309.181
37,3,0,70,179.763
37,3,0,70,892.021
37,3,0,70,313.657
37,3,0,70,1316.784
37,3,0,70,312.403
37,3,0,70,1267.011
37,3,0,70,314.926
37,3,0,70,1318.201
37,3,0,70,311.950
37,3,0,70,1312.540
37,3,0,70,313.955
37,3,0,70,1317.138
37,3,0,70,313.979
37,3,0,70,1313.273
37,3,0,70,313.947
37,3,0,70,1314.296
37,3,0,70,313.415
37,3,0,70,1315.172
37,3,0,70,316.198
37,3,0,70,1319.807
37,3,0,70,322.426
37,3,0,70,1311.627
37,3,0,70,313.320
37,3,0,70,1322.780
37,3,0,70,314.121
37,3,0,70,813.547
37,3,0,70,313.756
37,3,0,70,813.738
37,3,0,70,312.224
37,3,0,70,1315.925
37,3,0,70,315.433
37,3,0,70,1315.319
37,3,0,70,311.050
37,3,0,70,1311.640
37,3,0,70,323.481
37,3,0,70,1318.552
37,3,0,70,311.986
37,3,0,70,812.634
37,3,0,70,489.935
37,3,0,70,1311.988
37,3,0,70,313.496
37,3,0,70,1310.660
37,3,0,70,319.390
37,3,0,70,1313.795
37,3,0,70,311.933
37,3,0,70,809.488
37,3,0,70,321.956
37,3,0,70,1312.917
37,3,0,70,319.388
37,3,0,70,810.851
37,3,0,70,312.985
37,3,0,70,1315.668
37,3,0,70,314.602
37,3,0,70,1320.321
37,3,0,70,316.996
37,3,0,70,1319.160
37,3,0,70,321.816
37,3,0,70,1313.202
37,3,0,70,327.488
37,3,0,70,1315.763
37,3,0,70,313.160
37,3,0,70,1313.694
37,3,0,70,313.424
37,3,0,70,1314.866
37,3,0,70,314.485
37,3,0,70,1311.964
37,3,0,70,314.101
37,3,0,70,1318.339
37,3,0,70,312.958
37,3,0,70,1321.863
37,3,0,70,313.667
37,3,0,70,1313.998
37,3,0,70,312.191
37,3,0,70,788.191
37,3,0,70,312.881
37,3,0,70,1313.397
37,3,0,70,311.201
37,3,0,70,1314.976
37,3,0,70,319.818
37,3,0,70,1304.685
37,3,0,70,318.193
37,3,0,70,808.712
37,3,0,70,315.698
37,3,0,70,1313.844
37,3,0,70,312.296
37,3,0,70,1313.738
37,3,0,70,316.431
37,3,0,70,1316.502
37,3,0,70,311.621
37,3,0,70,1314.304
37,3,0,70,312.534
37,3,0,70,1311.531
37,3,0,70,309.465
37,3,0,70,1313.425
37,3,0,70,313.915
37,3,0,70,1314.208
37,3,0,70,311.716
37,3,0,70,1309.677
37,3,0,70,316.296
37,3,0,70,1316.274
37,3,0,70,312.023
37,3,0,70,811.430
37,3,0,70,489.101
37,3,0,70,1312.248
37,3,0,70,311.867
37,3,0,70,1315.679
37,3,0,70,316.076
37,3,0,70,1314.647
37,3,0,70,314.229
37,3,0,70,809.136
37,3,0,70,322.864
37,3,0,70,1318.454
37,3,0,70,311.443
37,3,0,70,1312.089
37,3,0,70,316.115
37,3,0,70,1314.946
37,3,0,70,311.972
37,3,0,70,791.509
37,3,0,70,314.662
37,3,0,70,1316.215
37,3,0,70,311.816
37,3,0,70,809.186
37,3,0,70,314.543
37,3,0,70,1301.744
37,3,0,70,318.937
37,3,0,70,1312.472
37,3,0,70,312.276
37,3,0,70,1315.236
37,3,0,70,310.226
37,3,0,70,1310.945
37,3,0,70,320.397
37,3,0,70,1312.876
37,3,0,70,315.958
37,3,0,70,811.810
37,3,0,70,489.111
37,3,0,70,1314.701
37,3,0,70,311.580
37,3,0,70,1312.855
37,3,0,70,313.492
37,3,0,70,1312.675
37,3,0,70,311.794
37,3,0,70,1312.643
37,3,0,70,323.817
37,3,0,70,1315.315
37,3,0,70,312.952
37,3,0,70,1313.598
37,3,0,70,315.198
37,3,0,70,1312.640
37,3,0,70,311.111
37,3,0,70,814.092
37,3,0,70,490.115
37,3,0,70,1314.854
37,3,0,70,313.844
37,3,0,70,1310.711
37,3,0,70,312.312
37,3,0,70,804.127
37,3,0,70,310.706
37,3,0,70,1311.129
37,3,0,70,314.137
37,3,0,70,1312.523
37,3,0,70,312.364
37,3,0,70,1298.158
37,3,0,70,322.814
37,3,0,70,1313.811
37,3,0,70,313.134
37,3,0,70,810.449
37,3,0,70,488.324
37,3,0,70,1313.933
37,3,0,70,317.219
37,3,0,70,810.144
37,3,0,70,312.094
37,3,0,70,1311.980
37,3,0,70,312.173
37,3,0,70,809.636
37,3,0,70,292.142
37,3,0,70,1312.954
37,3,0,70,314.276
37,3,0,70,811.387
37,3,0,70,313.337
37,3,0,70,1311.872
37,3,0,70,311.361
37,3,0,70,1310.358
37,3,0,70,314.570
37,3,0,70,1315.493
37,3,0,70,312.686
37,3,0,70,1309.628
37,3,0,70,314.414
37,3,0,70,1316.615
37,3,0,70,311.585
37,3,0,70,1312.583
37,3,0,70,314.683
37,3,0,70,1311.847
37,3,0,70,310.337
37,3,0,70,803.337
37,3,0,70,312.101
37,3,0,70,1312.728
37,3,0,70,312.088
37,3,0,70,812.236
38,3,0,70,0.111
38,3,0,70,1161.922
38,3,0,70,178.949
38,3,0,70,891.521
38,3,0,70,313.527
38,3,0,70,1316.024
38,3,0,70,311.662
38,3,0,70,1266.234
38,3,0,70,314.408
38,3,0,70,1317.479
38,3,0,70,311.561
38,3,0,70,1311.781
38,3,0,70,313.492
38,3,0,70,1316.545
38,3,0,70,313.349
38,3,0,70,1312.754
38,3,0,70,313.058
38,3,0,70,1313.333
38,3,0,70,312.841
38,3,0,70,1314.172
38,3,0,70,315.495
38,3,0,70,1319.085
38,3,0,70,321.389
38,3,0,70,1310.682
38,3,0,70,312.487
38,3,0,70,1322.299
38,3,0,70,313.714
38,3,0,70,1311.582
38,3,0,70,312.941
38,3,0,70,1312.513
38,3,0,70,311.873
38,3,0,70,1315.055
38,3,0,70,314.581
38,3,0,70,1314.394
38,3,0,70,310.235
38,3,0,70,1310.677
38,3,0,70,322.610
38,3,0,70,1317.811
38,3,0,70,311.356
38,3,0,70,811.782
38,3,0,70,489.194
38,3,0,70,1311.063
38,3,0,70,313.200
38,3,0,70,1309.660
38,3,0,70,318.557
38,3,0,70,1313.017
38,3,0,70,310.988
38,3,0,70,1309.819
38,3,0,70,321.068
38,3,0,70,1311.917
38,3,0,70,318.610
38,3,0,70,1309.589
38,3,0,70,312.319
38,3,0,70,1314.797
38,3,0,70,313.805
38,3,0,70,1319.414
38,3,0,70,315.996
38,3,0,70,1318.438
38,3,0,70,321.649
38,3,0,70,1312.517
38,3,0,70,326.802
38,3,0,70,1314.855
38,3,0,70,312.678
38,3,0,70,1312.805
38,3,0,70,312.535
38,3,0,70,1313.977
38,3,0,70,314.003
38,3,0,70,1310.945
38,3,0,70,313.786
38,3,0,70,1317.691
38,3,0,70,312.088
38,3,0,70,1321.011
38,3,0,70,312.704
38,3,0,70,1313.164
38,3,0,70,311.783
38,3,0,70,1289.059
38,3,0,70,312.103
38,3,0,70,1312.471
38,3,0,70,310.331
38,3,0,70,1314.939
38,3,0,70,319.058
38,3,0,70,1303.833
38,3,0,70,317.341
38,3,0,70,1309.413
38,3,0,70,315.124
38,3,0,70,1313.122
38,3,0,70,311.370
38,3,0,70,1312.849
38,3,0,70,315.431
38,3,0,70,1315.576
38,3,0,70,311.270
38,3,0,70,1313.489
38,3,0,70,311.756
38,3,0,70,1310.976
38,3,0,70,308.706
38,3,0,70,1312.685
38,3,0,70,312.970
38,3,0,70,1313.338
38,3,0,70,311.068
38,3,0,70,1308.825
38,3,0,70,316.018
38,3,0,70,1315.256
38,3,0,70,311.079
38,3,0,70,810.616
38,3,0,70,488.175
38,3,0,70,1311.637
38,3,0,70,312.200
38,3,0,70,1314.957
38,3,0,70,315.353
38,3,0,70,1314.073
38,3,0,70,313.414
38,3,0,70,1309.393
38,3,0,70,322.105
38,3,0,70,1317.509
38,3,0,70,310.721
38,3,0,70,1311.292
38,3,0,70,315.245
38,3,0,70,1314.020
38,3,0,70,311.194
38,3,0,70,1290.395
38,3,0,70,313.774
38,3,0,70,1316.141
38,3,0,70,311.519
38,3,0,70,1308.572
38,3,0,70,313.728
38,3,0,70,1301.004
38,3,0,70,318.122
38,3,0,70,1311.731
38,3,0,70,311.461
38,3,0,70,1314.458
38,3,0,70,309.411
38,3,0,70,1310.501
38,3,0,70,319.564
38,3,0,70,1311.913
38,3,0,70,314.995
38,3,0,70,810.958
38,3,0,70,488.166
38,3,0,70,1313.683
38,3,0,70,311.209
38,3,0,70,1312.188
38,3,0,70,312.696
38,3,0,70,1311.730
38,3,0,70,311.312
38,3,0,70,1312.198
38,3,0,70,322.780
38,3,0,70,1314.444
38,3,0,70,312.675
38,3,0,70,1312.820
38,3,0,70,314.365
38,3,0,70,1311.696
38,3,0,70,310.222
38,3,0,70,813.203
38,3,0,70,489.134
38,3,0,70,1314.354
38,3,0,70,313.325
38,3,0,70,1309.859
38,3,0,70,311.627
38,3,0,70,1301.976
38,3,0,70,310.095
38,3,0,70,1310.351
38,3,0,70,313.285
38,3,0,70,1311.634
38,3,0,70,311.698
38,3,0,70,1297.343
38,3,0,70,321.795
38,3,0,70,1313.034
38,3,0,70,312.393
38,3,0,70,809.523
38,3,0,70,487.490
38,3,0,70,1312.970
38,3,0,70,316.737
38,3,0,70,1308.660
38,3,0,70,311.131
38,3,0,70,1311.128
38,3,0,70,311.433
38,3,0,70,1308.782
38,3,0,70,291.345
38,3,0,70,1312.046
38,3,0,70,313.591
38,3,0,70,1309.700
38,3,0,70,312.708
38,3,0,70,1311.038
38,3,0,70,310.953
38,3,0,70,1309.506
38,3,0,70,313.681
38,3,0,70,1314.623
38,3,0,70,312.390
38,3,0,70,1308.832
38,3,0,70,314.136
38,3,0,70,1315.615
38,3,0,70,310.697
38,3,0,70,1311.861
38,3,0,70,313.942
38,3,0,70,1311.051
38,3,0,70,309.429
38,3,0,70,1312.908
38,3,0,70,311.268
38,3,0,70,1311.747
38,3,0,70,311.291
38,3,0,70,811.532
39,3,0,70,0.092
39,3,0,70,1069.219
39,3,0,70,177.837
39,3,0,70,890.021
39,3,0,70,314.249
39,3,0,70,1315.709
39,3,0,70,310.439
39,3,0,70,1265.270
39,3,0,70,314.667
39,3,0,70,1317.312
39,3,0,70,310.450
39,3,0,70,1311.725
39,3,0,70,312.418
39,3,0,70,1315.823
39,3,0,70,313.275
39,3,0,70,1312.532
39,3,0,70,312.688
39,3,0,70,1313.204
39,3,0,70,312.619
39,3,0,70,1313.987
39,3,0,70,315.457
39,3,0,70,1322.992
39,3,0,70,321.296
39,3,0,70,1310.441
39,3,0,70,312.338
39,3,0,70,1321.187
39,3,0,70,314.121
39,3,0,70,1310.730
39,3,0,70,313.145
39,3,0,70,1312.235
39,3,0,70,311.669
39,3,0,70,1314.684
39,3,0,70,313.952
39,3,0,70,1312.764
39,3,0,70,309.920
39,3,0,70,1310.380
39,3,0,70,321.999
39,3,0,70,1316.348
39,3,0,70,310.856
39,3,0,70,811.912
39,3,0,70,487.897
39,3,0,70,1310.803
39,3,0,70,312.626
39,3,0,70,1309.068
39,3,0,70,318.298
39,3,0,70,1312.036
39,3,0,70,310.433
39,3,0,70,1308.208
39,3,0,70,320.382
39,3,0,70,1311.194
39,3,0,70,317.128
39,3,0,70,1308.311
39,3,0,70,311.911
39,3,0,70,1314.649
39,3,0,70,311.953
39,3,0,70,1319.284
39,3,0,70,315.996
39,3,0,70,1317.178
39,3,0,70,321.427
39,3,0,70,1311.183
39,3,0,70,327.450
39,3,0,70,1314.503
39,3,0,70,312.548
39,3,0,70,1311.564
39,3,0,70,311.942
39,3,0,70,1313.717
39,3,0,70,312.818
39,3,0,70,1310.074
39,3,0,70,312.601
39,3,0,70,1316.339
39,3,0,70,312.106
39,3,0,70,1320.677
39,3,0,70,312.000
39,3,0,70,1312.164
39,3,0,70,311.542
39,3,0,70,1287.558
39,3,0,70,311.974
39,3,0,70,1312.267
39,3,0,70,310.220
39,3,0,70,1314.661
39,3,0,70,318.762
39,3,0,70,1303.944
39,3,0,70,316.415
39,3,0,70,1309.412
39,3,0,70,314.939
39,3,0,70,1311.658
39,3,0,70,311.111
39,3,0,70,1311.515
39,3,0,70,315.079
39,3,0,70,1315.613
39,3,0,70,309.954
39,3,0,70,1313.544
39,3,0,70,311.497
39,3,0,70,1309.309
39,3,0,70,307.761
39,3,0,70,1311.777
39,3,0,70,311.526
39,3,0,70,1312.875
39,3,0,70,310.605
39,3,0,70,1308.750
39,3,0,70,316.499
39,3,0,70,1314.922
39,3,0,70,310.986
39,3,0,70,809.134
39,3,0,70,486.768
39,3,0,70,1311.081
39,3,0,70,311.811
39,3,0,70,1314.512
39,3,0,70,314.316
39,3,0,70,1312.462
39,3,0,70,313.229
39,3,0,70,1308.559
39,3,0,70,321.975
39,3,0,70,1317.287
39,3,0,70,309.406
39,3,0,70,1310.922
39,3,0,70,315.041
39,3,0,70,1314.205
39,3,0,70,311.120
39,3,0,70,1288.840
39,3,0,70,313.662
39,3,0,70,1316.030
39,3,0,70,311.223
39,3,0,70,1308.202
39,3,0,70,313.543
39,3,0,70,1299.448
39,3,0,70,317.882
39,3,0,70,1311.453
39,3,0,70,311.090
39,3,0,70,1313.551
39,3,0,70,309.151
39,3,0,70,1309.056
39,3,0,70,319.379
39,3,0,70,1312.228
39,3,0,70,314.662
39,3,0,70,810.847
39,3,0,70,487.425
39,3,0,70,1312.942
39,3,0,70,310.246
39,3,0,70,1311.818
39,3,0,70,312.640
39,3,0,70,1311.582
39,3,0,70,310.868
39,3,0,70,1312.402
39,3,0,70,322.299
39,3,0,70,1314.166
39,3,0,70,311.693
39,3,0,70,1312.727
39,3,0,70,314.365
39,3,0,70,1311.603
39,3,0,70,310.407
39,3,0,70,812.277
39,3,0,70,488.133
39,3,0,70,1312.947
39,3,0,70,312.603
39,3,0,70,1308.600
39,3,0,70,311.330
39,3,0,70,1301.309
39,3,0,70,308.743
39,3,0,70,1309.870
39,3,0,70,313.026
39,3,0,70,1310.634
39,3,0,70,311.290
39,3,0,70,1295.769
39,3,0,70,321.610
39,3,0,70,1311.607
39,3,0,70,311.819
39,3,0,70,807.893
39,3,0,70,487.157
39,3,0,70,1312.988
39,3,0,70,316.033
39,3,0,70,1308.697
39,3,0,70,310.520
39,3,0,70,1310.128
39,3,0,70,311.340
39,3,0,70,1308.263
39,3,0,70,289.716
39,3,0,70,1311.491
39,3,0,70,313.202
39,3,0,70,1309.440
39,3,0,70,312.911
39,3,0,70,1309.297
39,3,0,70,311.138
39,3,0,70,1308.043
39,3,0,70,313.181
39,3,0,70,1313.104
39,3,0,70,311.908
39,3,0,70,1307.387
39,3,0,70,313.339
39,3,0,70,1315.337
39,3,0,70,310.585
39,3,0,70,1310.157
39,3,0,70,312.572
39,3,0,70,1309.569
39,3,0,70,308.948
39,3,0,70,1312.648
39,3,0,70,311.323
39,3,0,70,1310.543
39,3,0,70,311.199
39,3,0,70,811.254
40,3,0,70,0.129
40,3,0,70,1349.476
40,3,0,70,179.633
40,3,0,70,892.021
40,3,0,70,313.731
40,3,0,70,1316.709
40,3,0,70,312.384
40,3,0,70,1266.844
40,3,0,70,314.778
40,3,0,70,1318.090
40,3,0,70,311.857
40,3,0,70,1312.392
40,3,0,70,313.881
40,3,0,70,1316.989
40,3,0,70,313.942
40,3,0,70,1313.124
40,3,0,70,313.836
40,3,0,70,1314.148
40,3,0,70,313.341
40,3,0,70,1315.005
40,3,0,70,316.068
40,3,0,70,1319.695
40,3,0,70,322.351
40,3,0,70,1311.460
40,3,0,70,313.246
40,3,0,70,1322.780
40,3,0,70,313.936
40,3,0,70,1312.304
40,3,0,70,313.645
40,3,0,70,1313.235
40,3,0,70,312.261
40,3,0,70,1315.758
40,3,0,70,315.266
40,3,0,70,1315.171
40,3,0,70,310.901
40,3,0,70,1311.473
40,3,0,70,323.332
40,3,0,70,1318.533
40,3,0,70,311.986
40,3,0,70,812.597
40,3,0,70,489.786
40,3,0,70,1311.822
40,3,0,70,313.441
40,3,0,70,1310.456
40,3,0,70,319.224
40,3,0,70,1313.665
40,3,0,70,311.858
40,3,0,70,1310.208
40,3,0,70,321.808
40,3,0,70,1312.731
40,3,0,70,319.184
40,3,0,70,1310.181
40,3,0,70,312.855
40,3,0,70,1315.538
40,3,0,70,314.509
40,3,0,70,1320.117
40,3,0,70,316.792
40,3,0,70,1318.993
40,3,0,70,321.760
40,3,0,70,1313.072
40,3,0,70,327.469
40,3,0,70,1315.614
40,3,0,70,313.067
40,3,0,70,1313.490
40,3,0,70,313.239
40,3,0,70,1314.736
40,3,0,70,314.336
40,3,0,70,1311.778
40,3,0,70,314.082
40,3,0,70,1318.283
40,3,0,70,312.958
40,3,0,70,1321.751
40,3,0,70,313.426
40,3,0,70,1313.886
40,3,0,70,312.024
40,3,0,70,1289.706
40,3,0,70,312.714
40,3,0,70,1313.230
40,3,0,70,311.071
40,3,0,70,1315.069
40,3,0,70,319.614
40,3,0,70,1304.518
40,3,0,70,317.971
40,3,0,70,1309.931
40,3,0,70,315.550
40,3,0,70,1313.806
40,3,0,70,312.240
40,3,0,70,1313.627
40,3,0,70,316.208
40,3,0,70,1316.243
40,3,0,70,311.473
40,3,0,70,1314.100
40,3,0,70,312.423
40,3,0,70,1311.494
40,3,0,70,309.428
40,3,0,70,1313.277
40,3,0,70,313.729
40,3,0,70,1314.060
40,3,0,70,311.531
40,3,0,70,1309.528
40,3,0,70,316.166
40,3,0,70,1316.089
40,3,0,70,311.930
40,3,0,70,811.282
40,3,0,70,489.027
40,3,0,70,1312.210
40,3,0,70,311.941
40,3,0,70,1315.567
40,3,0,70,315.946
40,3,0,70,1314.591
40,3,0,70,314.192
40,3,0,70,1309.930
40,3,0,70,322.752
40,3,0,70,1318.324
40,3,0,70,311.258
40,3,0,70,1311.940
40,3,0,70,315.948
40,3,0,70,1314.779
40,3,0,70,311.972
40,3,0,70,1291.154
40,3,0,70,314.570
40,3,0,70,1316.215
40,3,0,70,311.649
40,3,0,70,1309.405
40,3,0,70,314.321
40,3,0,70,1301.614
40,3,0,70,318.900
40,3,0,70,1312.379
40,3,0,70,312.090
40,3,0,70,1315.125
40,3,0,70,310.003
40,3,0,70,1310.908
40,3,0,70,320.156
40,3,0,70,1312.691
40,3,0,70,315.884
40,3,0,70,811.754
40,3,0,70,488.962
40,3,0,70,1314.553
40,3,0,70,311.413
40,3,0,70,1312.725
40,3,0,70,313.325
40,3,0,70,1312.471
40,3,0,70,311.812
40,3,0,70,1312.550
40,3,0,70,323.558
40,3,0,70,1315.148
40,3,0,70,312.971
40,3,0,70,1313.486
40,3,0,70,315.050
40,3,0,70,1312.492
40,3,0,70,311.018
40,3,0,70,813.851
40,3,0,70,489.930
40,3,0,70,1314.835
40,3,0,70,313.677
40,3,0,70,1310.581
40,3,0,70,312.108
40,3,0,70,1302.605
40,3,0,70,310.687
40,3,0,70,1311.036
40,3,0,70,314.026
40,3,0,70,1312.412
40,3,0,70,312.123
40,3,0,70,1298.028
40,3,0,70,322.610
40,3,0,70,1313.663
40,3,0,70,313.078
40,3,0,70,810.337
40,3,0,70,488.212
40,3,0,70,1313.784
40,3,0,70,317.052
40,3,0,70,1309.475
40,3,0,70,311.890
40,3,0,70,1311.906
40,3,0,70,312.081
40,3,0,70,1309.059
40,3,0,70,292.049
40,3,0,70,1312.787
40,3,0,70,314.147
40,3,0,70,1310.459
40,3,0,70,313.189
40,3,0,70,1311.686
40,3,0,70,311.379
40,3,0,70,1310.191
40,3,0,70,314.477
40,3,0,70,1315.308
40,3,0,70,312.538
40,3,0,70,1309.498
40,3,0,70,314.450
40,3,0,70,1316.448
40,3,0,70,311.493
40,3,0,70,1312.453
40,3,0,70,314.609
40,3,0,70,1311.754
40,3,0,70,310.151
40,3,0,70,1313.519
40,3,0,70,311.990
40,3,0,70,1312.580
40,3,0,70,312.069
40,3,0,70,812.106
41,3,0,70,0.148
41,3,0,70,1221.088
41,3,0,70,179.078
41,3,0,70,891.299
41,3,0,70,313.842
41,3,0,70,1316.024
41,3,0,70,311.717
41,3,0,70,1266.215
41,3,0,70,314.686
41,3,0,70,1317.535
41,3,0,70,311.506
41,3,0,70,1312.021
41,3,0,70,313.103
41,3,0,70,1316.434
41,3,0,70,313.572
41,3,0,70,1312.717
41,3,0,70,312.984
41,3,0,70,1313.444
41,3,0,70,313.082
41,3,0,70,1314.357
41,3,0,70,315.791
41,3,0,70,1319.159
41,3,0,70,321.481
41,3,0,70,1310.997
41,3,0,70,312.709
41,3,0,70,1322.187
41,3,0,70,313.992
41,3,0,70,1311.452
41,3,0,70,313.275
41,3,0,70,1312.735
41,3,0,70,312.243
41,3,0,70,1314.999
41,3,0,70,314.470
41,3,0,70,1314.060
41,3,0,70,310.124
41,3,0,70,1310.862
41,3,0,70,322.629
41,3,0,70,1317.459
41,3,0,70,311.301
41,3,0,70,811.949
41,3,0,70,489.009
41,3,0,70,1311.340
41,3,0,70,313.219
41,3,0,70,1309.623
41,3,0,70,318.853
41,3,0,70,1312.888
41,3,0,70,311.118
41,3,0,70,1309.578
41,3,0,70,321.030
41,3,0,70,1311.528
41,3,0,70,318.554
41,3,0,70,1309.459
41,3,0,70,312.263
41,3,0,70,1315.038
41,3,0,70,313.509
41,3,0,70,1319.691
41,3,0,70,316.255
41,3,0,70,1318.400
41,3,0,70,321.927
41,3,0,70,1312.387
41,3,0,70,327.247
41,3,0,70,1315.040
41,3,0,70,312.697
41,3,0,70,1312.509
41,3,0,70,312.498
41,3,0,70,1314.218
41,3,0,70,313.892
41,3,0,70,1310.889
41,3,0,70,313.731
41,3,0,70,1317.506
41,3,0,70,312.365
41,3,0,70,1321.307
41,3,0,70,312.852
41,3,0,70,1313.090
41,3,0,70,312.061
41,3,0,70,1288.892
41,3,0,70,312.196
41,3,0,70,1312.693
41,3,0,70,310.590
41,3,0,70,1315.050
41,3,0,70,319.262
41,3,0,70,1304.111
41,3,0,70,317.267
41,3,0,70,1309.505
41,3,0,70,315.328
41,3,0,70,1313.047
41,3,0,70,311.370
41,3,0,70,1312.627
41,3,0,70,315.542
41,3,0,70,1315.854
41,3,0,70,311.325
41,3,0,70,1313.637
41,3,0,70,311.775
41,3,0,70,1310.902
41,3,0,70,308.484
41,3,0,70,1312.629
41,3,0,70,312.896
41,3,0,70,1313.338
41,3,0,70,311.216
41,3,0,70,1309.158
41,3,0,70,316.314
41,3,0,70,1315.274
41,3,0,70,311.393
41,3,0,70,810.412
41,3,0,70,488.157
41,3,0,70,1311.785
41,3,0,70,312.330
41,3,0,70,1314.734
41,3,0,70,315.224
41,3,0,70,1313.647
41,3,0,70,313.673
41,3,0,70,1309.263
41,3,0,70,322.290
41,3,0,70,1317.731
41,3,0,70,310.721
41,3,0,70,1311.422
41,3,0,70,315.411
41,3,0,70,1314.260
41,3,0,70,311.453
41,3,0,70,1290.229
41,3,0,70,314.070
41,3,0,70,1316.123
41,3,0,70,311.742
41,3,0,70,1308.757
41,3,0,70,313.895
41,3,0,70,1300.855
41,3,0,70,318.400
41,3,0,70,1311.786
41,3,0,70,311.720
41,3,0,70,1314.440
41,3,0,70,309.633
41,3,0,70,1310.463
41,3,0,70,319.712
41,3,0,70,1312.302
41,3,0,70,315.032
41,3,0,70,811.217
41,3,0,70,487.888
41,3,0,70,1313.664
41,3,0,70,311.024
41,3,0,70,1312.299
41,3,0,70,312.900
41,3,0,70,1311.989
41,3,0,70,311.331
41,3,0,70,1312.476
41,3,0,70,322.762
41,3,0,70,1314.704
41,3,0,70,312.582
41,3,0,70,1313.098
41,3,0,70,314.550
41,3,0,70,1311.751
41,3,0,70,310.592
41,3,0,70,813.259
41,3,0,70,489.078
41,3,0,70,1314.243
41,3,0,70,313.269
41,3,0,70,1309.470
41,3,0,70,311.719
41,3,0,70,1301.902
41,3,0,70,310.132
41,3,0,70,1310.259
41,3,0,70,313.544
41,3,0,70,1311.597
41,3,0,70,311.901
41,3,0,70,1297.195
41,3,0,70,321.888
41,3,0,70,1313.015
41,3,0,70,312.264
41,3,0,70,809.134
41,3,0,70,487.638
41,3,0,70,1313.174
41,3,0,70,316.570
41,3,0,70,1308.790
41,3,0,70,311.057
41,3,0,70,1310.962
41,3,0,70,311.821
41,3,0,70,1308.745
41,3,0,70,291.197
41,3,0,70,1312.139
41,3,0,70,313.684
41,3,0,70,1309.959
41,3,0,70,312.763
41,3,0,70,1310.797
41,3,0,70,311.231
41,3,0,70,1309.414
41,3,0,70,313.866
41,3,0,70,1314.567
41,3,0,70,312.408
41,3,0,70,1308.720
41,3,0,70,314.136
41,3,0,70,1315.855
41,3,0,70,311.011
41,3,0,70,1311.620
41,3,0,70,313.887
41,3,0,70,1310.977
41,3,0,70,309.466
41,3,0,70,1312.982
41,3,0,70,311.194
41,3,0,70,1311.691
41,3,0,70,311.588
41,3,0,70,811.791
42,3,0,70,0.092
42,3,0,70,1157.978
42,3,0,70,177.800
42,3,0,70,890.058
42,3,0,70,314.268
42,3,0,70,1315.654
42,3,0,70,310.458
42,3,0,70,1265.252
42,3,0,70,314.723
42,3,0,70,1317.275
42,3,0,70,310.431
42,3,0,70,1311.688
42,3,0,70,312.381
42,3,0,70,1315.804
42,3,0,70,313.238
42,3,0,70,1312.513
42,3,0,70,312.725
42,3,0,70,1313.167
42,3,0,70,312.600
42,3,0,70,1313.950
42,3,0,70,315.439
42,3,0,70,1322.955
42,3,0,70,321.259
42,3,0,70,1310.423
42,3,0,70,312.375
42,3,0,70,1321.169
42,3,0,70,314.140
42,3,0,70,1310.693
42,3,0,70,313.108
42,3,0,70,1312.253
42,3,0,70,311.632
42,3,0,70,1314.648
42,3,0,70,313.989
42,3,0,70,1312.745
42,3,0,70,309.901
42,3,0,70,1310.362
42,3,0,70,321.981
42,3,0,70,1316.348
42,3,0,70,310.838
42,3,0,70,811.893
42,3,0,70,487.990
42,3,0,70,1310.785
42,3,0,70,312.607
42,3,0,70,1309.086
42,3,0,70,318.261
42,3,0,70,1311.980
42,3,0,70,310.396
42,3,0,70,1308.208
42,3,0,70,320.475
42,3,0,70,1311.194
42,3,0,70,317.091
42,3,0,70,1308.311
42,3,0,70,311.911
42,3,0,70,1314.631
42,3,0,70,311.916
42,3,0,70,1319.303
42,3,0,70,316.088
42,3,0,70,1317.160
42,3,0,70,321.427
42,3,0,70,1311.183
42,3,0,70,327.450
42,3,0,70,1314.466
42,3,0,70,312.530
42,3,0,70,1311.564
42,3,0,70,311.998
42,3,0,70,1313.699
42,3,0,70,312.818
42,3,0,70,1310.056
42,3,0,70,312.620
42,3,0,70,1316.321
42,3,0,70,312.106
42,3,0,70,1320.659
42,3,0,70,312.074
42,3,0,70,1312.164
42,3,0,70,311.506
42,3,0,70,1287.559
42,3,0,70,311.974
42,3,0,70,1312.249
42,3,0,70,310.183
42,3,0,70,1314.661
42,3,0,70,318.836
42,3,0,70,1303.944
42,3,0,70,316.397
42,3,0,70,1309.394
42,3,0,70,314.976
42,3,0,70,1311.658
42,3,0,70,311.129
42,3,0,70,1311.479
42,3,0,70,315.116
42,3,0,70,1315.558
42,3,0,70,309.918
42,3,0,70,1313.544
42,3,0,70,311.515
42,3,0,70,1309.290
42,3,0,70,307.724
42,3,0,70,1311.740
42,3,0,70,311.581
42,3,0,70,1312.875
42,3,0,70,310.587
42,3,0,70,1308.713
42,3,0,70,316.499
42,3,0,70,1314.904
42,3,0,70,310.986
42,3,0,70,809.134
42,3,0,70,486.842
42,3,0,70,1311.044
42,3,0,70,311.811
42,3,0,70,1314.512
42,3,0,70,314.261
42,3,0,70,1312.443
42,3,0,70,313.229
42,3,0,70,1308.541
42,3,0,70,322.030
42,3,0,70,1317.268
42,3,0,70,309.387
42,3,0,70,1310.922
42,3,0,70,315.004
42,3,0,70,1314.168
42,3,0,70,311.120
42,3,0,70,1288.840
42,3,0,70,313.718
42,3,0,70,1315.974
42,3,0,70,311.205
42,3,0,70,1308.202
42,3,0,70,313.525
42,3,0,70,1299.429
42,3,0,70,317.863
42,3,0,70,1311.453
42,3,0,70,311.165
42,3,0,70,1313.532
42,3,0,70,309.133
42,3,0,70,1309.075
42,3,0,70,319.342
42,3,0,70,1312.265
42,3,0,70,314.625
42,3,0,70,810.828
42,3,0,70,487.518
42,3,0,70,1312.979
42,3,0,70,310.228
42,3,0,70,1311.799
42,3,0,70,312.603
42,3,0,70,1311.527
42,3,0,70,310.831
42,3,0,70,1312.402
42,3,0,70,322.706
42,3,0,70,1314.185
42,3,0,70,311.656
42,3,0,70,1312.690
42,3,0,70,314.328
42,3,0,70,1311.603
42,3,0,70,310.407
42,3,0,70,812.259
42,3,0,70,488.208
42,3,0,70,1312.947
42,3,0,70,312.640
42,3,0,70,1308.582
42,3,0,70,311.312
42,3,0,70,1301.290
42,3,0,70,308.724
42,3,0,70,1309.870
42,3,0,70,313.081
42,3,0,70,1310.616
42,3,0,70,311.290
42,3,0,70,1295.751
42,3,0,70,321.610
42,3,0,70,1311.589
42,3,0,70,311.819
42,3,0,70,807.838
42,3,0,70,487.212
42,3,0,70,1312.970
42,3,0,70,315.996
42,3,0,70,1308.679
42,3,0,70,310.483
42,3,0,70,1310.110
42,3,0,70,311.340
42,3,0,70,1308.300
42,3,0,70,289.864
42,3,0,70,1311.454
42,3,0,70,313.184
42,3,0,70,1309.422
42,3,0,70,312.893
42,3,0,70,1309.316
42,3,0,70,311.102
42,3,0,70,1307.988
42,3,0,70,313.236
42,3,0,70,1313.123
42,3,0,70,311.908
42,3,0,70,1307.369
42,3,0,70,313.321
42,3,0,70,1315.318
42,3,0,70,310.567
42,3,0,70,1310.138
42,3,0,70,312.683
42,3,0,70,1309.569
42,3,0,70,308.911
42,3,0,70,1312.593
42,3,0,70,311.323
42,3,0,70,1310.506
42,3,0,70,311.162
42,3,0,70,811.254
43,3,0,70,0.111
43,3,0,70,1390.310
43,3,0,70,179.486
43,3,0,70,891.874
43,3,0,70,313.750
43,3,0,70,1316.543
43,3,0,70,312.292
43,3,0,70,1266.715
43,3,0,70,314.760
43,3,0,70,1318.017
43,3,0,70,311.858
43,3,0,70,1312.300
43,3,0,70,313.808
43,3,0,70,1316.934
43,3,0,70,313.794
43,3,0,70,1313.051
43,3,0,70,313.688
43,3,0,70,1314.000
43,3,0,70,313.249
43,3,0,70,1314.783
43,3,0,70,315.939
43,3,0,70,1319.677
43,3,0,70,322.130
43,3,0,70,1311.294
43,3,0,70,313.117
43,3,0,70,1322.743
43,3,0,70,313.992
43,3,0,70,1312.119
43,3,0,70,313.534
43,3,0,70,1313.069
43,3,0,70,312.243
43,3,0,70,1315.611
43,3,0,70,315.211
43,3,0,70,1315.024
43,3,0,70,310.828
43,3,0,70,1311.362
43,3,0,70,323.185
43,3,0,70,1318.441
43,3,0,70,311.875
43,3,0,70,812.449
43,3,0,70,489.713
43,3,0,70,1311.711
43,3,0,70,313.534
43,3,0,70,1310.327
43,3,0,70,319.132
43,3,0,70,1313.610
43,3,0,70,311.692
43,3,0,70,1310.116
43,3,0,70,321.679
43,3,0,70,1312.547
43,3,0,70,319.110
43,3,0,70,1310.107
43,3,0,70,312.726
43,3,0,70,1315.446
43,3,0,70,314.454
43,3,0,70,1319.951
43,3,0,70,316.626
43,3,0,70,1318.864
43,3,0,70,321.816
43,3,0,70,1313.017
43,3,0,70,327.414
43,3,0,70,1315.467
43,3,0,70,313.030
43,3,0,70,1313.324
43,3,0,70,313.221
43,3,0,70,1314.588
43,3,0,70,314.374
43,3,0,70,1311.612
43,3,0,70,314.027
43,3,0,70,1318.210
43,3,0,70,312.792
43,3,0,70,1321.660
43,3,0,70,313.279
43,3,0,70,1313.850
43,3,0,70,312.043
43,3,0,70,1289.633
43,3,0,70,312.567
43,3,0,70,1313.101
43,3,0,70,310.924
43,3,0,70,1315.125
43,3,0,70,319.429
43,3,0,70,1304.463
43,3,0,70,317.860
43,3,0,70,1309.895
43,3,0,70,315.476
43,3,0,70,1313.696
43,3,0,70,312.056
43,3,0,70,1313.498
43,3,0,70,316.135
43,3,0,70,1316.169
43,3,0,70,311.418
43,3,0,70,1314.045
43,3,0,70,312.331
43,3,0,70,1311.384
43,3,0,70,309.317
43,3,0,70,1313.111
43,3,0,70,313.619
43,3,0,70,1313.968
43,3,0,70,311.531
43,3,0,70,1309.399
43,3,0,70,316.037
43,3,0,70,1315.941
43,3,0,70,311.820
43,3,0,70,811.208
43,3,0,70,488.879
43,3,0,70,1312.230
43,3,0,70,312.108
43,3,0,70,1315.494
43,3,0,70,315.835
43,3,0,70,1314.499
43,3,0,70,314.044
43,3,0,70,1309.801
43,3,0,70,322.623
43,3,0,70,1318.158
43,3,0,70,311.258
43,3,0,70,1311.774
43,3,0,70,315.819
43,3,0,70,1314.742
43,3,0,70,311.843
43,3,0,70,1291.007
43,3,0,70,314.422
43,3,0,70,1316.364
43,3,0,70,311.687
43,3,0,70,1309.313
43,3,0,70,314.229
43,3,0,70,1301.597
43,3,0,70,318.771
43,3,0,70,1312.305
43,3,0,70,311.961
43,3,0,70,1315.014
43,3,0,70,309.948
43,3,0,70,1310.871
43,3,0,70,320.101
43,3,0,70,1312.580
43,3,0,70,315.699
43,3,0,70,811.607
43,3,0,70,488.833
43,3,0,70,1314.387
43,3,0,70,311.395
43,3,0,70,1312.614
43,3,0,70,313.270
43,3,0,70,1312.360
43,3,0,70,311.831
43,3,0,70,1312.495
43,3,0,70,323.410
43,3,0,70,1315.093
43,3,0,70,312.916
43,3,0,70,1313.394
43,3,0,70,314.976
43,3,0,70,1312.381
43,3,0,70,310.852
43,3,0,70,813.741
43,3,0,70,489.819
43,3,0,70,1314.762
43,3,0,70,313.622
43,3,0,70,1310.471
43,3,0,70,311.979
43,3,0,70,1302.476
43,3,0,70,310.540
43,3,0,70,1310.870
43,3,0,70,313.934
43,3,0,70,1312.301
43,3,0,70,312.161
43,3,0,70,1297.862
43,3,0,70,322.444
43,3,0,70,1313.571
43,3,0,70,312.968
43,3,0,70,810.208
43,3,0,70,488.102
43,3,0,70,1313.692
43,3,0,70,317.071
43,3,0,70,1309.327
43,3,0,70,311.761
43,3,0,70,1311.777
43,3,0,70,311.933
43,3,0,70,1309.041
43,3,0,70,291.846
43,3,0,70,1312.658
43,3,0,70,314.092
43,3,0,70,1310.367
43,3,0,70,313.152
43,3,0,70,1311.631
43,3,0,70,311.361
43,3,0,70,1310.136
43,3,0,70,314.329
43,3,0,70,1315.160
43,3,0,70,312.575
43,3,0,70,1309.388
43,3,0,70,314.525
43,3,0,70,1316.337
43,3,0,70,311.364
43,3,0,70,1312.305
43,3,0,70,314.517
43,3,0,70,1311.644
43,3,0,70,310.041
43,3,0,70,1313.464
43,3,0,70,311.842
43,3,0,70,1312.469
43,3,0,70,311.866
43,3,0,70,812.125
44,3,0,70,0.093
44,3,0,70,1279.551
44,3,0,70,178.800
44,3,0,70,890.910
44,3,0,70,313.805
44,3,0,70,1315.913
44,3,0,70,311.403
44,3,0,70,1265.771
44,3,0,70,314.760
44,3,0,70,1317.627
44,3,0,70,311.191
44,3,0,70,1312.003
44,3,0,70,312.770
44,3,0,70,1316.138
44,3,0,70,313.535
44,3,0,70,1312.699
44,3,0,70,312.947
44,3,0,70,1313.389
44,3,0,70,312.971
44,3,0,70,1314.376
44,3,0,70,315.661
44,3,0,70,1323.381
44,3,0,70,321.648
44,3,0,70,1310.905
44,3,0,70,312.672
44,3,0,70,1321.836
44,3,0,70,314.010
44,3,0,70,1311.137
44,3,0,70,313.182
44,3,0,70,1312.698
44,3,0,70,312.113
44,3,0,70,1314.963
44,3,0,70,314.359
44,3,0,70,1313.671
44,3,0,70,309.902
44,3,0,70,1310.806
44,3,0,70,322.203
44,3,0,70,1317.108
44,3,0,70,311.190
44,3,0,70,811.968
44,3,0,70,488.620
44,3,0,70,1311.285
44,3,0,70,313.052
44,3,0,70,1309.512
44,3,0,70,318.705
44,3,0,70,1312.536
44,3,0,70,310.951
44,3,0,70,1309.226
44,3,0,70,320.938
44,3,0,70,1311.658
44,3,0,70,318.110
44,3,0,70,1309.107
44,3,0,70,312.189
44,3,0,70,1314.983
44,3,0,70,312.880
44,3,0,70,1319.655
44,3,0,70,316.385
44,3,0,70,1317.956
44,3,0,70,321.797
44,3,0,70,1312.091
44,3,0,70,327.377
44,3,0,70,1314.948
44,3,0,70,312.363
44,3,0,70,1312.046
44,3,0,70,312.424
44,3,0,70,1314.107
44,3,0,70,313.466
44,3,0,70,1310.538
44,3,0,70,313.305
44,3,0,70,1317.321
44,3,0,70,312.273
44,3,0,70,1321.141
44,3,0,70,312.667
44,3,0,70,1312.683
44,3,0,70,311.932
44,3,0,70,1288.540
44,3,0,70,312.122
44,3,0,70,1312.638
44,3,0,70,310.479
44,3,0,70,1314.995
44,3,0,70,319.207
44,3,0,70,1304.111
44,3,0,70,316.915
44,3,0,70,1309.413
44,3,0,70,315.198
44,3,0,70,1312.640
44,3,0,70,311.389
44,3,0,70,1312.238
44,3,0,70,315.450
44,3,0,70,1315.984
44,3,0,70,310.955
44,3,0,70,1313.711
44,3,0,70,311.682
44,3,0,70,1310.457
44,3,0,70,308.076
44,3,0,70,1312.166
44,3,0,70,312.526
44,3,0,70,1313.042
44,3,0,70,311.105
44,3,0,70,1309.177
44,3,0,70,316.314
44,3,0,70,1315.200
44,3,0,70,311.301
44,3,0,70,810.060
44,3,0,70,487.750
44,3,0,70,1311.581
44,3,0,70,312.256
44,3,0,70,1314.697
44,3,0,70,314.798
44,3,0,70,1312.962
44,3,0,70,313.562
44,3,0,70,1308.912
44,3,0,70,322.271
44,3,0,70,1317.639
44,3,0,70,310.388
44,3,0,70,1311.329
44,3,0,70,315.319
44,3,0,70,1314.372
44,3,0,70,311.417
44,3,0,70,1289.858
44,3,0,70,314.014
44,3,0,70,1316.141
44,3,0,70,311.594
44,3,0,70,1308.610
44,3,0,70,313.840
44,3,0,70,1300.467
44,3,0,70,318.271
44,3,0,70,1311.787
44,3,0,70,311.609
44,3,0,70,1314.144
44,3,0,70,309.559
44,3,0,70,1310.130
44,3,0,70,319.583
44,3,0,70,1312.469
44,3,0,70,315.051
44,3,0,70,811.162
44,3,0,70,487.685
44,3,0,70,1313.516
44,3,0,70,310.617
44,3,0,70,1312.281
44,3,0,70,312.881
44,3,0,70,1311.916
44,3,0,70,311.090
44,3,0,70,1312.458
44,3,0,70,322.632
44,3,0,70,1314.593
44,3,0,70,312.323
44,3,0,70,1313.098
44,3,0,70,314.495
44,3,0,70,1311.677
44,3,0,70,310.518
44,3,0,70,813.055
44,3,0,70,488.800
44,3,0,70,1313.854
44,3,0,70,313.029
44,3,0,70,1309.063
44,3,0,70,311.645
44,3,0,70,1301.735
44,3,0,70,309.687
44,3,0,70,1310.240
44,3,0,70,313.544
44,3,0,70,1311.245
44,3,0,70,311.772
44,3,0,70,1296.899
44,3,0,70,321.796
44,3,0,70,1312.589
44,3,0,70,311.856
44,3,0,70,808.653
44,3,0,70,487.675
44,3,0,70,1313.137
44,3,0,70,316.348
44,3,0,70,1308.809
44,3,0,70,310.872
44,3,0,70,1310.740
44,3,0,70,311.674
44,3,0,70,1308.597
44,3,0,70,290.846
44,3,0,70,1312.009
44,3,0,70,313.647
44,3,0,70,1309.885
44,3,0,70,312.671
44,3,0,70,1310.427
44,3,0,70,311.083
44,3,0,70,1309.062
44,3,0,70,313.774
44,3,0,70,1314.197
44,3,0,70,312.316
44,3,0,70,1308.332
44,3,0,70,313.784
44,3,0,70,1315.800
44,3,0,70,310.900
44,3,0,70,1311.194
44,3,0,70,313.591
44,3,0,70,1310.607
44,3,0,70,309.355
44,3,0,70,1312.982
44,3,0,70,311.064
44,3,0,70,1311.265
44,3,0,70,311.532
44,3,0,70,811.754
45,3,0,70,0.093
45,3,0,70,1246.219
45,3,0,70,177.782
45,3,0,70,890.059
45,3,0,70,314.287
45,3,0,70,1315.636
45,3,0,70,310.459
45,3,0,70,1265.234
45,3,0,70,314.705
45,3,0,70,1317.276
45,3,0,70,310.506
45,3,0,70,1311.689
45,3,0,70,312.382
45,3,0,70,1315.823
45,3,0,70,313.220
45,3,0,70,1312.495
45,3,0,70,312.744
45,3,0,70,1313.186
45,3,0,70,312.694
45,3,0,70,1313.932
45,3,0,70,315.458
45,3,0,70,1322.974
45,3,0,70,321.297
45,3,0,70,1310.387
45,3,0,70,312.357
45,3,0,70,1321.169
45,3,0,70,314.251
45,3,0,70,1310.675
45,3,0,70,313.109
45,3,0,70,1312.254
45,3,0,70,311.651
45,3,0,70,1314.667
45,3,0,70,314.026
45,3,0,70,1312.801
45,3,0,70,309.939
45,3,0,70,1310.362
45,3,0,70,321.963
45,3,0,70,1316.349
45,3,0,70,310.857
45,3,0,70,811.894
45,3,0,70,488.009
45,3,0,70,1310.748
45,3,0,70,312.701
45,3,0,70,1309.068
45,3,0,70,318.224
45,3,0,70,1311.962
45,3,0,70,310.396
45,3,0,70,1308.208
45,3,0,70,320.420
45,3,0,70,1311.214
45,3,0,70,317.147
45,3,0,70,1308.274
45,3,0,70,311.912
45,3,0,70,1314.594
45,3,0,70,311.898
45,3,0,70,1319.322
45,3,0,70,316.089
45,3,0,70,1317.142
45,3,0,70,321.483
45,3,0,70,1311.165
45,3,0,70,327.470
45,3,0,70,1314.467
45,3,0,70,312.530
45,3,0,70,1311.546
45,3,0,70,312.017
45,3,0,70,1313.718
45,3,0,70,312.893
45,3,0,70,1310.038
45,3,0,70,312.583
45,3,0,70,1316.303
45,3,0,70,312.088
45,3,0,70,1320.623
45,3,0,70,312.075
45,3,0,70,1312.128
45,3,0,70,311.988
45,3,0,70,1287.578
45,3,0,70,311.956
45,3,0,70,1312.249
45,3,0,70,310.165
45,3,0,70,1314.662
45,3,0,70,318.855
45,3,0,70,1303.945
45,3,0,70,316.490
45,3,0,70,1309.395
45,3,0,70,314.977
45,3,0,70,1311.622
45,3,0,70,311.093
45,3,0,70,1311.498
45,3,0,70,315.098
45,3,0,70,1315.577
45,3,0,70,309.992
45,3,0,70,1313.527
45,3,0,70,311.516
45,3,0,70,1309.273
45,3,0,70,307.725
45,3,0,70,1311.741
45,3,0,70,311.563
45,3,0,70,1312.857
45,3,0,70,310.661
45,3,0,70,1308.696
45,3,0,70,316.481
45,3,0,70,1314.886
45,3,0,70,310.986
45,3,0,70,809.098
45,3,0,70,486.824
45,3,0,70,1311.026
45,3,0,70,311.886
45,3,0,70,1314.513
45,3,0,70,314.261
45,3,0,70,1312.425
45,3,0,70,313.211
45,3,0,70,1308.560
45,3,0,70,321.994
45,3,0,70,1317.269
45,3,0,70,309.444
45,3,0,70,1310.904
45,3,0,70,314.986
45,3,0,70,1314.168
45,3,0,70,311.102
45,3,0,70,1288.840
45,3,0,70,313.681
45,3,0,70,1315.938
45,3,0,70,311.261
45,3,0,70,1308.184
45,3,0,70,313.525
45,3,0,70,1299.411
45,3,0,70,317.845
45,3,0,70,1311.472
45,3,0,70,311.165
45,3,0,70,1313.551
45,3,0,70,309.207
45,3,0,70,1309.057
45,3,0,70,319.361
45,3,0,70,1312.247
45,3,0,70,314.607
45,3,0,70,810.829
45,3,0,70,487.500
45,3,0,70,1312.943
45,3,0,70,310.284
45,3,0,70,1311.800
45,3,0,70,312.585
45,3,0,70,1311.546
45,3,0,70,310.831
45,3,0,70,1312.384
45,3,0,70,322.688
45,3,0,70,1314.149
45,3,0,70,311.731
45,3,0,70,1312.691
45,3,0,70,314.328
45,3,0,70,1311.622
45,3,0,70,310.371
45,3,0,70,812.204
45,3,0,70,488.190
45,3,0,70,1312.910
45,3,0,70,312.714
45,3,0,70,1308.582
45,3,0,70,311.331
45,3,0,70,1301.273
45,3,0,70,308.725
45,3,0,70,1309.833
45,3,0,70,313.063
45,3,0,70,1310.598
45,3,0,70,311.346
45,3,0,70,1295.751
45,3,0,70,321.611
45,3,0,70,1311.571
45,3,0,70,311.783
45,3,0,70,807.801
45,3,0,70,487.250
45,3,0,70,1312.915
45,3,0,70,316.126
45,3,0,70,1308.661
45,3,0,70,310.465
45,3,0,70,1310.092
45,3,0,70,311.341
45,3,0,70,1308.282
45,3,0,70,289.846
45,3,0,70,1311.436
45,3,0,70,313.240
45,3,0,70,1309.459
45,3,0,70,312.912
45,3,0,70,1309.298
45,3,0,70,311.102
45,3,0,70,1307.988
45,3,0,70,313.200
45,3,0,70,1313.105
45,3,0,70,311.983
45,3,0,70,1307.351
45,3,0,70,313.321
45,3,0,70,1315.337
45,3,0,70,310.530
45,3,0,70,1310.120
45,3,0,70,312.665
45,3,0,70,1309.533
45,3,0,70,308.967
45,3,0,70,1312.594
45,3,0,70,311.305
45,3,0,70,1310.488
45,3,0,70,311.181
45,3,0,70,811.273
46,3,0,70,0.093
46,3,0,70,1430.477
46,3,0,70,179.190
46,3,0,70,891.652
46,3,0,70,313.676
46,3,0,70,1316.284
46,3,0,70,311.959
46,3,0,70,1266.456
46,3,0,70,314.594
46,3,0,70,1317.795
46,3,0,70,311.729
46,3,0,70,1312.170
46,3,0,70,313.678
46,3,0,70,1316.657
46,3,0,70,313.498
46,3,0,70,1312.736
46,3,0,70,313.355
46,3,0,70,1313.667
46,3,0,70,313.027
46,3,0,70,1314.487
46,3,0,70,315.718
46,3,0,70,1319.381
46,3,0,70,321.778
46,3,0,70,1310.998
46,3,0,70,312.839
46,3,0,70,1322.540
46,3,0,70,313.900
46,3,0,70,1311.879
46,3,0,70,313.349
46,3,0,70,1312.810
46,3,0,70,312.095
46,3,0,70,1315.278
46,3,0,70,314.952
46,3,0,70,1314.691
46,3,0,70,310.532
46,3,0,70,1311.066
46,3,0,70,322.944
46,3,0,70,1318.164
46,3,0,70,311.616
46,3,0,70,812.116
46,3,0,70,489.435
46,3,0,70,1311.434
46,3,0,70,313.312
46,3,0,70,1310.031
46,3,0,70,318.947
46,3,0,70,1313.314
46,3,0,70,311.359
46,3,0,70,1309.838
46,3,0,70,321.383
46,3,0,70,1312.195
46,3,0,70,318.814
46,3,0,70,1309.904
46,3,0,70,312.523
46,3,0,70,1315.169
46,3,0,70,314.158
46,3,0,70,1319.637
46,3,0,70,316.330
46,3,0,70,1318.605
46,3,0,70,321.650
46,3,0,70,1312.740
46,3,0,70,327.155
46,3,0,70,1315.226
46,3,0,70,312.808
46,3,0,70,1313.009
46,3,0,70,312.888
46,3,0,70,1314.292
46,3,0,70,314.152
46,3,0,70,1311.242
46,3,0,70,313.880
46,3,0,70,1317.858
46,3,0,70,312.459
46,3,0,70,1321.382
46,3,0,70,312.964
46,3,0,70,1313.535
46,3,0,70,311.877
46,3,0,70,1289.337
46,3,0,70,312.437
46,3,0,70,1312.787
46,3,0,70,310.646
46,3,0,70,1314.921
46,3,0,70,319.189
46,3,0,70,1304.130
46,3,0,70,317.564
46,3,0,70,1309.654
46,3,0,70,315.384
46,3,0,70,1313.437
46,3,0,70,311.741
46,3,0,70,1313.202
46,3,0,70,315.783
46,3,0,70,1315.873
46,3,0,70,311.289
46,3,0,70,1313.805
46,3,0,70,312.090
46,3,0,70,1311.143
46,3,0,70,309.040
46,3,0,70,1312.815
46,3,0,70,313.341
46,3,0,70,1313.672
46,3,0,70,311.272
46,3,0,70,1309.103
46,3,0,70,316.167
46,3,0,70,1315.608
46,3,0,70,311.468
46,3,0,70,810.931
46,3,0,70,488.546
46,3,0,70,1311.915
46,3,0,70,312.275
46,3,0,70,1315.328
46,3,0,70,315.669
46,3,0,70,1314.314
46,3,0,70,313.730
46,3,0,70,1309.431
46,3,0,70,322.364
46,3,0,70,1317.862
46,3,0,70,310.962
46,3,0,70,1311.552
46,3,0,70,315.560
46,3,0,70,1314.372
46,3,0,70,311.510
46,3,0,70,1290.692
46,3,0,70,314.163
46,3,0,70,1316.290
46,3,0,70,311.761
46,3,0,70,1308.980
46,3,0,70,314.025
46,3,0,70,1301.338
46,3,0,70,318.512
46,3,0,70,1311.991
46,3,0,70,311.647
46,3,0,70,1314.700
46,3,0,70,309.634
46,3,0,70,1310.612
46,3,0,70,319.861
46,3,0,70,1312.284
46,3,0,70,315.385
46,3,0,70,811.329
46,3,0,70,488.500
46,3,0,70,1314.109
46,3,0,70,311.247
46,3,0,70,1312.337
46,3,0,70,313.049
46,3,0,70,1312.009
46,3,0,70,311.591
46,3,0,70,1312.255
46,3,0,70,323.077
46,3,0,70,1314.834
46,3,0,70,312.842
46,3,0,70,1313.173
46,3,0,70,314.699
46,3,0,70,1312.048
46,3,0,70,310.538
46,3,0,70,813.426
46,3,0,70,489.523
46,3,0,70,1314.484
46,3,0,70,313.492
46,3,0,70,1310.175
46,3,0,70,311.812
46,3,0,70,1302.273
46,3,0,70,310.336
46,3,0,70,1310.574
46,3,0,70,313.601
46,3,0,70,1312.005
46,3,0,70,311.939
46,3,0,70,1297.622
46,3,0,70,322.222
46,3,0,70,1313.256
46,3,0,70,312.783
46,3,0,70,809.875
46,3,0,70,487.769
46,3,0,70,1313.341
46,3,0,70,317.015
46,3,0,70,1308.994
46,3,0,70,311.539
46,3,0,70,1311.444
46,3,0,70,311.600
46,3,0,70,1308.801
46,3,0,70,291.550
46,3,0,70,1312.399
46,3,0,70,313.814
46,3,0,70,1310.052
46,3,0,70,312.967
46,3,0,70,1311.317
46,3,0,70,311.047
46,3,0,70,1309.840
46,3,0,70,313.996
46,3,0,70,1314.846
46,3,0,70,312.576
46,3,0,70,1309.110
46,3,0,70,314.377
46,3,0,70,1315.986
46,3,0,70,311.068
46,3,0,70,1312.028
46,3,0,70,314.147
46,3,0,70,1311.403
46,3,0,70,309.652
46,3,0,70,1313.205
46,3,0,70,311.639
46,3,0,70,1312.136
46,3,0,70,311.625
46,3,0,70,811.848
47,3,0,70,0.092
47,3,0,70,1337.958
47,3,0,70,178.467
47,3,0,70,890.614
47,3,0,70,313.712
47,3,0,70,1315.857
47,3,0,70,310.995
47,3,0,70,1265.493
47,3,0,70,314.834
47,3,0,70,1317.572
47,3,0,70,311.024
47,3,0,70,1312.021
47,3,0,70,312.696
47,3,0,70,1316.008
47,3,0,70,313.590
47,3,0,70,1312.754
47,3,0,70,312.984
47,3,0,70,1313.333
47,3,0,70,312.952
47,3,0,70,1314.283
47,3,0,70,315.587
47,3,0,70,1323.362
47,3,0,70,321.666
47,3,0,70,1310.867
47,3,0,70,312.635
47,3,0,70,1321.613
47,3,0,70,314.103
47,3,0,70,1311.063
47,3,0,70,313.219
47,3,0,70,1312.605
47,3,0,70,312.076
47,3,0,70,1314.999
47,3,0,70,314.285
47,3,0,70,1313.356
47,3,0,70,309.883
47,3,0,70,1310.787
47,3,0,70,322.018
47,3,0,70,1316.830
47,3,0,70,311.245
47,3,0,70,811.986
47,3,0,70,488.286
47,3,0,70,1311.192
47,3,0,70,312.978
47,3,0,70,1309.438
47,3,0,70,318.594
47,3,0,70,1312.369
47,3,0,70,310.784
47,3,0,70,1308.911
47,3,0,70,320.678
47,3,0,70,1311.528
47,3,0,70,317.776
47,3,0,70,1308.829
47,3,0,70,312.059
47,3,0,70,1314.964
47,3,0,70,312.564
47,3,0,70,1319.617
47,3,0,70,316.329
47,3,0,70,1317.567
47,3,0,70,321.779
47,3,0,70,1311.739
47,3,0,70,327.487
47,3,0,70,1314.874
47,3,0,70,312.863
47,3,0,70,1311.879
47,3,0,70,312.294
47,3,0,70,1314.069
47,3,0,70,313.225
47,3,0,70,1310.278
47,3,0,70,312.897
47,3,0,70,1316.969
47,3,0,70,312.328
47,3,0,70,1321.029
47,3,0,70,312.426
47,3,0,70,1312.516
47,3,0,70,311.876
47,3,0,70,1288.207
47,3,0,70,312.177
47,3,0,70,1312.619
47,3,0,70,310.460
47,3,0,70,1314.995
47,3,0,70,319.095
47,3,0,70,1304.111
47,3,0,70,316.748
47,3,0,70,1309.394
47,3,0,70,315.106
47,3,0,70,1312.270
47,3,0,70,311.426
47,3,0,70,1311.867
47,3,0,70,315.394
47,3,0,70,1315.928
47,3,0,70,310.603
47,3,0,70,1313.730
47,3,0,70,311.663
47,3,0,70,1310.031
47,3,0,70,308.076
47,3,0,70,1312.055
47,3,0,70,312.118
47,3,0,70,1312.967
47,3,0,70,310.975
47,3,0,70,1309.176
47,3,0,70,316.240
47,3,0,70,1315.163
47,3,0,70,311.338
47,3,0,70,809.708
47,3,0,70,487.379
47,3,0,70,1311.470
47,3,0,70,312.144
47,3,0,70,1314.679
47,3,0,70,314.631
47,3,0,70,1312.758
47,3,0,70,313.599
47,3,0,70,1308.930
47,3,0,70,322.271
47,3,0,70,1317.565
47,3,0,70,309.998
47,3,0,70,1311.144
47,3,0,70,315.189
47,3,0,70,1314.371
47,3,0,70,311.509
47,3,0,70,1289.488
47,3,0,70,313.996
47,3,0,70,1316.122
47,3,0,70,311.538
47,3,0,70,1308.591
47,3,0,70,313.765
47,3,0,70,1300.059
47,3,0,70,318.252
47,3,0,70,1311.786
47,3,0,70,311.479
47,3,0,70,1313.921
47,3,0,70,309.466
47,3,0,70,1309.741
47,3,0,70,319.434
47,3,0,70,1312.450
47,3,0,70,315.088
47,3,0,70,811.106
47,3,0,70,487.629
47,3,0,70,1313.238
47,3,0,70,310.468
47,3,0,70,1312.169
47,3,0,70,312.825
47,3,0,70,1311.934
47,3,0,70,311.127
47,3,0,70,1312.587
47,3,0,70,322.595
47,3,0,70,1314.555
47,3,0,70,312.174
47,3,0,70,1313.042
47,3,0,70,314.476
47,3,0,70,1311.658
47,3,0,70,310.611
47,3,0,70,812.888
47,3,0,70,488.615
47,3,0,70,1313.521
47,3,0,70,312.917
47,3,0,70,1308.970
47,3,0,70,311.552
47,3,0,70,1301.642
47,3,0,70,309.446
47,3,0,70,1310.221
47,3,0,70,313.396
47,3,0,70,1311.023
47,3,0,70,311.642
47,3,0,70,1296.454
47,3,0,70,321.703
47,3,0,70,1312.219
47,3,0,70,312.171
47,3,0,70,808.263
47,3,0,70,487.546
47,3,0,70,1313.192
47,3,0,70,316.311
47,3,0,70,1308.882
47,3,0,70,310.761
47,3,0,70,1310.573
47,3,0,70,311.710
47,3,0,70,1308.541
47,3,0,70,290.401
47,3,0,70,1311.879
47,3,0,70,313.554
47,3,0,70,1309.811
47,3,0,70,312.559
47,3,0,70,1310.001
47,3,0,70,311.435
47,3,0,70,1308.654
47,3,0,70,313.607
47,3,0,70,1313.789
47,3,0,70,312.241
47,3,0,70,1307.943
47,3,0,70,313.636
47,3,0,70,1315.725
47,3,0,70,310.900
47,3,0,70,1310.823
47,3,0,70,313.202
47,3,0,70,1310.217
47,3,0,70,309.281
47,3,0,70,1312.963
47,3,0,70,311.119
47,3,0,70,1310.969
47,3,0,70,311.513
47,3,0,70,811.606
48,3,0,70,0.111
48,3,0,70,1334.514
48,3,0,70,177.800
48,3,0,70,890.096
48,3,0,70,314.397
48,3,0,70,1315.636
48,3,0,70,310.477
48,3,0,70,1265.234
48,3,0,70,314.834
48,3,0,70,1317.294
48,3,0,70,310.561
48,3,0,70,1311.744
48,3,0,70,312.418
48,3,0,70,1315.842
48,3,0,70,313.238
48,3,0,70,1312.532
48,3,0,70,312.855
48,3,0,70,1313.222
48,3,0,70,312.749
48,3,0,70,1313.950
48,3,0,70,315.587
48,3,0,70,1322.992
48,3,0,70,321.370
48,3,0,70,1310.405
48,3,0,70,312.450
48,3,0,70,1321.206
48,3,0,70,314.251
48,3,0,70,1310.730
48,3,0,70,313.145
48,3,0,70,1312.254
48,3,0,70,311.687
48,3,0,70,1314.722
48,3,0,70,314.137
48,3,0,70,1312.820
48,3,0,70,309.957
48,3,0,70,1310.380
48,3,0,70,322.036
48,3,0,70,1316.385
48,3,0,70,310.875
48,3,0,70,811.912
48,3,0,70,1988.816
48,3,0,70,1310.785
48,3,0,70,312.737
48,3,0,70,1309.086
48,3,0,70,318.261
48,3,0,70,1311.999
48,3,0,70,310.414
48,3,0,70,1308.245
48,3,0,70,320.512
48,3,0,70,1311.232
48,3,0,70,317.202
48,3,0,70,1308.292
48,3,0,70,312.004
48,3,0,70,1314.649
48,3,0,70,311.954
48,3,0,70,1319.340
48,3,0,70,316.162
48,3,0,70,1317.197
48,3,0,70,321.557
48,3,0,70,1311.221
48,3,0,70,327.506
48,3,0,70,1314.485
48,3,0,70,312.548
48,3,0,70,1311.620
48,3,0,70,312.128
48,3,0,70,1313.792
48,3,0,70,312.911
48,3,0,70,1310.056
48,3,0,70,312.675
48,3,0,70,1316.339
48,3,0,70,312.106
48,3,0,70,1320.659
48,3,0,70,312.167
48,3,0,70,1312.164
48,3,0,70,312.043
48,3,0,70,1287.596
48,3,0,70,311.992
48,3,0,70,1312.267
48,3,0,70,310.201
48,3,0,70,1314.680
48,3,0,70,318.966
48,3,0,70,1304.000
48,3,0,70,316.489
48,3,0,70,1309.431
48,3,0,70,315.124
48,3,0,70,1311.640
48,3,0,70,311.130
48,3,0,70,1311.571
48,3,0,70,315.209
48,3,0,70,1315.632
48,3,0,70,310.010
48,3,0,70,1313.526
48,3,0,70,311.534
48,3,0,70,1309.328
48,3,0,70,307.761
48,3,0,70,1311.777
48,3,0,70,311.730
48,3,0,70,1312.894
48,3,0,70,310.679
48,3,0,70,1308.732
48,3,0,70,316.573
48,3,0,70,1314.904
48,3,0,70,311.042
48,3,0,70,809.153
48,3,0,70,486.953
48,3,0,70,1311.063
48,3,0,70,311.904
48,3,0,70,1314.531
48,3,0,70,314.261
48,3,0,70,1312.462
48,3,0,70,313.248
48,3,0,70,1308.578
48,3,0,70,322.086
48,3,0,70,1317.287
48,3,0,70,309.462
48,3,0,70,1310.903
48,3,0,70,315.096
48,3,0,70,1314.186
48,3,0,70,311.120
48,3,0,70,1288.877
48,3,0,70,313.774
48,3,0,70,1315.938
48,3,0,70,311.279
48,3,0,70,1308.184
48,3,0,70,313.543
48,3,0,70,1299.448
48,3,0,70,317.900
48,3,0,70,1311.490
48,3,0,70,311.276
48,3,0,70,1313.588
48,3,0,70,309.226
48,3,0,70,1309.075
48,3,0,70,319.490
48,3,0,70,1312.302
48,3,0,70,314.625
48,3,0,70,810.884
48,3,0,70,1485.920
48,3,0,70,1312.979
48,3,0,70,310.339
48,3,0,70,1311.799
48,3,0,70,312.603
48,3,0,70,1311.564
48,3,0,70,310.831
48,3,0,70,1312.402
48,3,0,70,322.799
48,3,0,70,1314.204
48,3,0,70,311.767
48,3,0,70,1312.727
48,3,0,70,314.458
48,3,0,70,1311.659
48,3,0,70,310.407
48,3,0,70,812.241
48,3,0,70,1487.073
48,3,0,70,1312.965
48,3,0,70,312.714
48,3,0,70,1308.600
48,3,0,70,311.386
48,3,0,70,1301.346
48,3,0,70,308.743
48,3,0,70,1309.814
48,3,0,70,313.193
48,3,0,70,1310.653
48,3,0,70,311.383
48,3,0,70,1295.769
48,3,0,70,321.777
48,3,0,70,1311.589
48,3,0,70,311.819
48,3,0,70,807.856
48,3,0,70,487.324
48,3,0,70,1312.914
48,3,0,70,316.144
48,3,0,70,1308.679
48,3,0,70,310.483
48,3,0,70,1310.128
48,3,0,70,311.377
48,3,0,70,1308.300
48,3,0,70,289.938
48,3,0,70,1311.435
48,3,0,70,313.295
48,3,0,70,1309.533
48,3,0,70,313.041
48,3,0,70,1309.335
48,3,0,70,311.139
48,3,0,70,1308.025
48,3,0,70,313.329
48,3,0,70,1313.141
48,3,0,70,312.019
48,3,0,70,1307.387
48,3,0,70,313.340
48,3,0,70,1315.355
48,3,0,70,310.567
48,3,0,70,1310.138
48,3,0,70,312.794
48,3,0,70,1309.569
48,3,0,70,309.003
48,3,0,70,1312.593
48,3,0,70,311.416
48,3,0,70,1310.524
48,3,0,70,311.236
48,3,0,70,811.310
49,4,0,60,0.204
49,4,0,60,633.402
49,4,0,60,345.438
49,4,0,60,436.916
49,4,0,60,765.985
49,4,0,60,720.668
49,4,0,60,433.574
49,4,0,60,766.033
49,4,0,60,767.178
49,4,0,60,4768.154
49,4,0,60,4768.041
49,4,0,60,4433.169
49,4,0,60,4767.683
49,4,0,60,4769.347
49,4,0,60,4439.643
49,4,0,60,4776.897
49,4,0,60,4765.821
49,4,0,60,3894.712
49,4,0,60,4769.649
49,4,0,60,4766.183
49,4,0,60,3929.037
49,4,0,60,4766.715
49,4,0,60,4770.119
49,4,0,60,4445.655
49,4,0,60,4764.336
49,4,0,60,4765.945
49,4,0,60,4434.851
49,4,0,60,3930.629
49,4,0,60,4267.402
49,4,0,60,4444.121
49,4,0,60,4768.283
49,4,0,60,4764.539
49,4,0,60,3941.634
49,4,0,60,4765.775
49,4,0,60,4763.791
49,4,0,60,4433.567
49,4,0,60,3906.142
49,4,0,60,4763.708
49,4,0,60,4433.782
49,4,0,60,4767.240
49,4,0,60,4774.737
49,4,0,60,4438.829
49,4,0,60,4777.047
49,4,0,60,4766.655
49,4,0,60,4438.080
49,4,0,60,4767.557
49,4,0,60,4767.110
49,4,0,60,3940.890
49,4,0,60,4768.345
49,4,0,60,4765.491
49,4,0,60,4407.694
49,4,0,60,4767.615
49,4,0,60,4776.131
49,4,0,60,4433.537
49,4,0,60,4767.459
49,4,0,60,4743.104
49,4,0,60,3924.828
49,4,0,60,4764.543
49,4,0,60,4770.189
49,4,0,60,4431.669
49,4,0,60,4771.943
49,4,0,60,4764.718
49,4,0,60,3929.219
49,4,0,60,3930.902
49,4,0,60,4766.969
49,4,0,60,4433.209
49,4,0,60,4765.352
49,4,0,60,4769.053
49,4,0,60,4433.867
49,4,0,60,4763.196
49,4,0,60,4767.212
49,4,0,60,3931.417
49,4,0,60,4766.207
49,4,0,60,4764.241
49,4,0,60,3914.743
49,4,0,60,3930.592
49,4,0,60,4264.532
49,4,0,60,4443.176
49,4,0,60,4766.857
49,4,0,60,4770.039
49,4,0,60,4432.094
49,4,0,60,3930.964
49,4,0,60,4764.161
49,4,0,60,4417.142
49,4,0,60,4763.693
49,4,0,60,4766.375
49,4,0,60,4431.670
49,4,0,60,4766.573
49,4,0,60,4744.293
49,4,0,60,4432.848
49,4,0,60,4766.306
49,4,0,60,4763.600
49,4,0,60,4433.043
49,4,0,60,4773.409
49,4,0,60,4767.073
49,4,0,60,4431.109
49,4,0,60,4764.790
49,4,0,60,4764.509
49,4,0,60,4435.045
49,4,0,60,4768.967
49,4,0,60,4266.337
49,4,0,60,4442.148
49,4,0,60,4765.792
49,4,0,60,4767.160
49,4,0,60,4431.714
49,4,0,60,4766.414
49,4,0,60,4767.800
49,4,0,60,3911.357
49,4,0,60,4766.646
49,4,0,60,4768.218
49,4,0,60,3930.664
49,4,0,60,3930.828
49,4,0,60,4267.786
49,4,0,60,4443.134
49,4,0,60,4768.223
49,4,0,60,4764.072
49,4,0,60,4435.163
49,4,0,60,4763.641
49,4,0,60,4765.286
49,4,0,60,3935.399
49,4,0,60,3931.026
49,4,0,60,4751.167
49,4,0,60,3930.854
49,4,0,60,3931.073
49,4,0,60,4263.272
49,4,0,60,4444.602
49,4,0,60,3913.621
49,4,0,60,4764.113
49,4,0,60,4434.094
49,4,0,60,3926.427
49,4,0,60,4763.809
49,4,0,60,4439.604
49,4,0,60,4768.748
49,4,0,60,4765.042
49,4,0,60,4431.263
49,4,0,60,4766.666
49,4,0,60,4763.478
49,4,0,60,4430.959
49,4,0,60,3931.829
49,4,0,60,4762.655
49,4,0,60,4417.673
49,4,0,60,3931.006
49,4,0,60,4765.610
49,4,0,60,3938.445
49,4,0,60,4764.438
49,4,0,60,4768.009
49,4,0,60,4431.101
49,4,0,60,4765.559
49,4,0,60,4266.819
49,4,0,60,18656.314
50,4,0,60,0.129
50,4,0,60,634.327
50,4,0,60,344.789
50,4,0,60,436.138
50,4,0,60,2269.181
50,4,0,60,2573.324
50,4,0,60,433.055
50,4,0,60,2285.043
50,4,0,60,2601.520
50,4,0,60,6271.942
50,4,0,60,6603.141
50,4,0,60,4432.502
50,4,0,60,6284.508
50,4,0,60,6606.781
50,4,0,60,4439.198
50,4,0,60,6279.611
50,4,0,60,6600.885
50,4,0,60,4394.431
50,4,0,60,6267.048
50,4,0,60,6601.876
50,4,0,60,4429.904
50,4,0,60,6266.206
50,4,0,60,6607.072
50,4,0,60,4444.951
50,4,0,60,6268.642
50,4,0,60,6608.768
50,4,0,60,4434.332
50,4,0,60,6266.801
50,4,0,60,4266.698
50,4,0,60,4443.287
50,4,0,60,6271.367
50,4,0,60,6599.511
50,4,0,60,4441.427
50,4,0,60,6268.877
50,4,0,60,6607.188
50,4,0,60,4433.048
50,4,0,60,6238.518
50,4,0,60,6596.920
50,4,0,60,4433.170
50,4,0,60,6266.528
50,4,0,60,6611.505
50,4,0,60,4438.180
50,4,0,60,6281.316
50,4,0,60,6615.274
50,4,0,60,4438.265
50,4,0,60,6272.049
50,4,0,60,6601.192
50,4,0,60,4447.109
50,4,0,60,6270.207
50,4,0,60,6600.351
50,4,0,60,4407.082
50,4,0,60,6267.921
50,4,0,60,6610.417
50,4,0,60,4432.907
50,4,0,60,6271.450
50,4,0,60,6577.668
50,4,0,60,4424.381
50,4,0,60,6264.868
50,4,0,60,6605.938
50,4,0,60,4430.928
50,4,0,60,6275.119
50,4,0,60,6602.281
50,4,0,60,4429.494
50,4,0,60,6265.222
50,4,0,60,6600.810
50,4,0,60,4432.430
50,4,0,60,6265.918
50,4,0,60,6602.006
50,4,0,60,4433.200
50,4,0,60,6267.539
50,4,0,60,6601.776
50,4,0,60,4430.266
50,4,0,60,6265.939
50,4,0,60,6602.656
50,4,0,60,4414.758
50,4,0,60,6266.338
50,4,0,60,4263.753
50,4,0,60,4442.250
50,4,0,60,6253.089
50,4,0,60,6606.974
50,4,0,60,4431.427
50,4,0,60,6271.266
50,4,0,60,6597.317
50,4,0,60,4416.419
50,4,0,60,6264.925
50,4,0,60,6603.439
50,4,0,60,4430.855
50,4,0,60,6265.509
50,4,0,60,6579.653
50,4,0,60,4431.940
50,4,0,60,6268.686
50,4,0,60,6599.441
50,4,0,60,4432.394
50,4,0,60,6279.752
50,4,0,60,6601.118
50,4,0,60,4430.460
50,4,0,60,6265.096
50,4,0,60,6603.499
50,4,0,60,4434.212
50,4,0,60,6275.144
50,4,0,60,4265.670
50,4,0,60,4441.222
50,4,0,60,6267.913
50,4,0,60,6601.853
50,4,0,60,4431.177
50,4,0,60,6274.479
50,4,0,60,6613.549
50,4,0,60,4422.502
50,4,0,60,6266.545
50,4,0,60,6605.059
50,4,0,60,4429.550
50,4,0,60,6250.537
50,4,0,60,4267.101
50,4,0,60,4442.338
50,4,0,60,6269.529
50,4,0,60,6598.302
50,4,0,60,4434.330
50,4,0,60,6264.465
50,4,0,60,6600.590
50,4,0,60,4436.451
50,4,0,60,6265.383
50,4,0,60,6588.527
50,4,0,60,4431.869
50,4,0,60,6268.134
50,4,0,60,4262.439
50,4,0,60,4443.824
50,4,0,60,6249.274
50,4,0,60,6594.085
50,4,0,60,4433.779
50,4,0,60,6264.988
50,4,0,60,6576.373
50,4,0,60,4438.678
50,4,0,60,6271.425
50,4,0,60,6599.920
50,4,0,60,4430.744
50,4,0,60,6268.435
50,4,0,60,6599.431
50,4,0,60,4430.440
50,4,0,60,6265.538
50,4,0,60,6597.978
50,4,0,60,4416.728
50,4,0,60,6278.104
50,4,0,60,6599.711
50,4,0,60,4439.664
50,4,0,60,6265.281
50,4,0,60,6601.962
50,4,0,60,4430.286
50,4,0,60,6268.699
50,4,0,60,4266.003
50,4,0,60,18509.240
51,4,0,60,0.093
51,4,0,60,2117.171
51,4,0,60,344.548
51,4,0,60,436.304
51,4,0,60,2269.996
51,4,0,60,2573.825
51,4,0,60,431.648
51,4,0,60,2285.691
51,4,0,60,3602.941
51,4,0,60,6272.183
51,4,0,60,6603.364
51,4,0,60,4431.169
51,4,0,60,6285.749
51,4,0,60,6606.837
51,4,0,60,4437.735
51,4,0,60,6280.482
51,4,0,60,7571.972
51,4,0,60,4394.357
51,4,0,60,6265.863
51,4,0,60,6602.154
51,4,0,60,4429.145
51,4,0,60,6266.169
51,4,0,60,6607.406
51,4,0,60,4443.877
51,4,0,60,6268.846
51,4,0,60,6608.990
51,4,0,60,4433.740
51,4,0,60,6267.320
51,4,0,60,4265.531
51,4,0,60,4441.991
51,4,0,60,6271.571
51,4,0,60,6598.974
51,4,0,60,4440.205
51,4,0,60,6268.748
51,4,0,60,6607.447
51,4,0,60,4432.012
51,4,0,60,6237.555
51,4,0,60,6596.809
51,4,0,60,4432.133
51,4,0,60,6265.028
51,4,0,60,6611.486
51,4,0,60,4437.958
51,4,0,60,6281.612
51,4,0,60,8115.433
51,4,0,60,4438.209
51,4,0,60,6272.178
51,4,0,60,6601.304
51,4,0,60,4451.998
51,4,0,60,6269.596
51,4,0,60,6599.703
51,4,0,60,4406.027
51,4,0,60,6267.810
51,4,0,60,6610.917
51,4,0,60,4432.833
51,4,0,60,6272.210
51,4,0,60,6577.854
51,4,0,60,4424.325
51,4,0,60,6264.776
51,4,0,60,6605.734
51,4,0,60,4429.354
51,4,0,60,6275.416
51,4,0,60,6600.985
51,4,0,60,4429.698
51,4,0,60,6264.611
51,4,0,60,6600.662
51,4,0,60,4431.116
51,4,0,60,6266.511
51,4,0,60,6602.154
51,4,0,60,4433.645
51,4,0,60,6267.910
51,4,0,60,6601.202
51,4,0,60,4429.822
51,4,0,60,6265.643
51,4,0,60,7592.059
51,4,0,60,4414.554
51,4,0,60,6266.394
51,4,0,60,4263.717
51,4,0,60,4442.287
51,4,0,60,6253.071
51,4,0,60,6606.900
51,4,0,60,4431.316
51,4,0,60,6271.415
51,4,0,60,6597.595
51,4,0,60,4415.660
51,4,0,60,6265.277
51,4,0,60,6603.161
51,4,0,60,4429.726
51,4,0,60,6264.806
51,4,0,60,6579.505
51,4,0,60,4430.495
51,4,0,60,6268.668
51,4,0,60,6599.923
51,4,0,60,4432.265
51,4,0,60,6280.345
51,4,0,60,6599.841
51,4,0,60,4430.238
51,4,0,60,6265.541
51,4,0,60,6602.092
51,4,0,60,4432.823
51,4,0,60,6275.644
51,4,0,60,4264.763
51,4,0,60,4440.944
51,4,0,60,6268.062
51,4,0,60,6602.150
51,4,0,60,4430.807
51,4,0,60,6274.702
51,4,0,60,7588.655
51,4,0,60,4421.502
51,4,0,60,6266.360
51,4,0,60,6604.874
51,4,0,60,4430.013
51,4,0,60,6251.037
51,4,0,60,4265.767
51,4,0,60,4442.116
51,4,0,60,6269.344
51,4,0,60,6598.210
51,4,0,60,4434.219
51,4,0,60,6264.280
51,4,0,60,6600.350
51,4,0,60,4435.562
51,4,0,60,6264.013
51,4,0,60,6587.805
51,4,0,60,4430.962
51,4,0,60,6268.227
51,4,0,60,4262.365
51,4,0,60,4442.472
51,4,0,60,6249.182
51,4,0,60,6594.159
51,4,0,60,4432.816
51,4,0,60,6265.026
51,4,0,60,6576.151
51,4,0,60,4436.956
51,4,0,60,6272.481
51,4,0,60,6599.791
51,4,0,60,4429.874
51,4,0,60,6268.084
51,4,0,60,6599.172
51,4,0,60,4429.310
51,4,0,60,6265.538
51,4,0,60,6598.034
51,4,0,60,4416.006
51,4,0,60,6278.290
51,4,0,60,6599.396
51,4,0,60,4439.257
51,4,0,60,6265.263
51,4,0,60,6602.666
51,4,0,60,4428.767
51,4,0,60,6268.403
51,4,0,60,4266.059
51,4,0,60,18416.555
52,4,0,60,0.093
52,4,0,60,633.050
52,4,0,60,345.086
52,4,0,60,436.601
52,4,0,60,768.319
52,4,0,60,720.446
52,4,0,60,433.315
52,4,0,60,765.700
52,4,0,60,767.030
52,4,0,60,4767.951
52,4,0,60,4767.670
52,4,0,60,4432.910
52,4,0,60,4767.443
52,4,0,60,4769.014
52,4,0,60,4439.439
52,4,0,60,4776.453
52,4,0,60,4765.617
52,4,0,60,4393.709
52,4,0,60,4769.260
52,4,0,60,4765.887
52,4,0,60,4429.997
52,4,0,60,4766.344
52,4,0,60,4769.767
52,4,0,60,4445.285
52,4,0,60,4764.021
52,4,0,60,4765.648
52,4,0,60,4434.777
52,4,0,60,4764.310
52,4,0,60,4267.143
52,4,0,60,4443.769
52,4,0,60,4767.987
52,4,0,60,4764.151
52,4,0,60,4441.909
52,4,0,60,4765.367
52,4,0,60,4763.476
52,4,0,60,4433.456
52,4,0,60,4739.378
52,4,0,60,4763.505
52,4,0,60,4433.356
52,4,0,60,4766.925
52,4,0,60,4774.441
52,4,0,60,4438.792
52,4,0,60,4776.639
52,4,0,60,4766.285
52,4,0,60,4437.784
52,4,0,60,4767.168
52,4,0,60,4766.684
52,4,0,60,4447.239
52,4,0,60,4767.975
52,4,0,60,4765.195
52,4,0,60,4407.397
52,4,0,60,4767.337
52,4,0,60,4775.779
52,4,0,60,4433.426
52,4,0,60,4767.070
52,4,0,60,4742.864
52,4,0,60,4424.881
52,4,0,60,4764.247
52,4,0,60,4769.837
52,4,0,60,4431.373
52,4,0,60,4771.591
52,4,0,60,4764.366
52,4,0,60,4429.995
52,4,0,60,4765.120
52,4,0,60,4766.654
52,4,0,60,4432.857
52,4,0,60,4764.945
52,4,0,60,4768.609
52,4,0,60,4433.589
52,4,0,60,4762.863
52,4,0,60,4766.879
52,4,0,60,4430.878
52,4,0,60,4765.855
52,4,0,60,4763.907
52,4,0,60,4413.981
52,4,0,60,4764.347
52,4,0,60,4264.217
52,4,0,60,4442.861
52,4,0,60,4766.487
52,4,0,60,4769.688
52,4,0,60,4431.853
52,4,0,60,4765.904
52,4,0,60,4763.735
52,4,0,60,4416.753
52,4,0,60,4763.415
52,4,0,60,4766.042
52,4,0,60,4431.319
52,4,0,60,4766.184
52,4,0,60,4743.997
52,4,0,60,4432.459
52,4,0,60,4765.936
52,4,0,60,4763.155
52,4,0,60,4432.747
52,4,0,60,4773.094
52,4,0,60,4766.814
52,4,0,60,4430.757
52,4,0,60,4764.493
52,4,0,60,4764.343
52,4,0,60,4434.749
52,4,0,60,4768.652
52,4,0,60,4265.948
52,4,0,60,4441.741
52,4,0,60,4765.588
52,4,0,60,4766.826
52,4,0,60,4431.455
52,4,0,60,4766.154
52,4,0,60,4767.522
52,4,0,60,4421.706
52,4,0,60,4766.313
52,4,0,60,4767.829
52,4,0,60,4430.143
52,4,0,60,4764.434
52,4,0,60,4267.564
52,4,0,60,4442.764
52,4,0,60,4767.852
52,4,0,60,4763.794
52,4,0,60,4434.867
52,4,0,60,4763.344
52,4,0,60,4764.860
52,4,0,60,4436.859
52,4,0,60,4765.281
52,4,0,60,4750.908
52,4,0,60,4432.018
52,4,0,60,4764.735
52,4,0,60,4262.846
52,4,0,60,4444.232
52,4,0,60,4747.616
52,4,0,60,4763.706
52,4,0,60,4433.872
52,4,0,60,4760.034
52,4,0,60,4763.513
52,4,0,60,4439.215
52,4,0,60,4768.433
52,4,0,60,4764.579
52,4,0,60,4431.041
52,4,0,60,4766.259
52,4,0,60,4763.182
52,4,0,60,4430.681
52,4,0,60,4765.510
52,4,0,60,4762.229
52,4,0,60,4417.284
52,4,0,60,4764.242
52,4,0,60,4765.184
52,4,0,60,4439.720
52,4,0,60,4764.160
52,4,0,60,4767.620
52,4,0,60,4430.805
52,4,0,60,4765.245
52,4,0,60,4266.467
52,4,0,60,18696.128
53,4,0,60,0.222
53,4,0,60,634.846
53,4,0,60,344.660
53,4,0,60,435.934
53,4,0,60,2269.718
53,4,0,60,2573.732
53,4,0,60,432.463
53,4,0,60,2285.358
53,4,0,60,2601.724
53,4,0,60,6272.146
53,4,0,60,6603.383
53,4,0,60,4432.391
53,4,0,60,6284.897
53,4,0,60,6607.115
53,4,0,60,4439.087
53,4,0,60,6279.815
53,4,0,60,6601.181
53,4,0,60,4394.579
53,4,0,60,6266.955
53,4,0,60,6602.118
53,4,0,60,4429.849
53,4,0,60,6266.336
53,4,0,60,6607.258
53,4,0,60,4444.674
53,4,0,60,6268.847
53,4,0,60,6608.953
53,4,0,60,4434.240
53,4,0,60,6267.079
53,4,0,60,4266.569
53,4,0,60,4442.769
53,4,0,60,6271.571
53,4,0,60,6599.382
53,4,0,60,4441.464
53,4,0,60,6269.082
53,4,0,60,6607.447
53,4,0,60,4432.956
53,4,0,60,6238.481
53,4,0,60,6597.069
53,4,0,60,4433.059
53,4,0,60,6266.417
53,4,0,60,6611.765
53,4,0,60,4438.366
53,4,0,60,6281.539
53,4,0,60,6615.682
53,4,0,60,4438.487
53,4,0,60,6272.345
53,4,0,60,6601.378
53,4,0,60,4451.627
53,4,0,60,6270.300
53,4,0,60,6600.222
53,4,0,60,4406.953
53,4,0,60,6268.181
53,4,0,60,6610.677
53,4,0,60,4432.852
53,4,0,60,6271.729
53,4,0,60,6578.058
53,4,0,60,4424.566
53,4,0,60,6264.998
53,4,0,60,6606.197
53,4,0,60,4430.614
53,4,0,60,6275.435
53,4,0,60,6601.930
53,4,0,60,4429.494
53,4,0,60,6265.223
53,4,0,60,6600.996
53,4,0,60,4432.301
53,4,0,60,6266.307
53,4,0,60,6602.266
53,4,0,60,4433.386
53,4,0,60,6267.799
53,4,0,60,6601.609
53,4,0,60,4430.211
53,4,0,60,6265.939
53,4,0,60,6602.935
53,4,0,60,4414.907
53,4,0,60,6266.579
53,4,0,60,4263.772
53,4,0,60,4442.491
53,4,0,60,6253.330
53,4,0,60,6607.215
53,4,0,60,4431.557
53,4,0,60,6271.582
53,4,0,60,6597.522
53,4,0,60,4416.067
53,4,0,60,6265.240
53,4,0,60,6603.643
53,4,0,60,4430.763
53,4,0,60,6265.602
53,4,0,60,6579.839
53,4,0,60,4431.847
53,4,0,60,6268.891
53,4,0,60,6599.719
53,4,0,60,4432.599
53,4,0,60,6279.919
53,4,0,60,6601.008
53,4,0,60,4430.516
53,4,0,60,6265.356
53,4,0,60,6603.370
53,4,0,60,4434.064
53,4,0,60,6275.551
53,4,0,60,4265.504
53,4,0,60,4441.296
53,4,0,60,6268.117
53,4,0,60,6602.113
53,4,0,60,4431.344
53,4,0,60,6274.720
53,4,0,60,6613.753
53,4,0,60,4422.466
53,4,0,60,6266.768
53,4,0,60,6605.245
53,4,0,60,4429.939
53,4,0,60,6250.927
53,4,0,60,4266.897
53,4,0,60,4442.486
53,4,0,60,6269.715
53,4,0,60,6598.506
53,4,0,60,4434.441
53,4,0,60,6264.651
53,4,0,60,6600.795
53,4,0,60,4436.322
53,4,0,60,6265.254
53,4,0,60,6588.379
53,4,0,60,4431.406
53,4,0,60,6268.301
53,4,0,60,4262.754
53,4,0,60,4443.787
53,4,0,60,6249.497
53,4,0,60,6594.270
53,4,0,60,4433.483
53,4,0,60,6265.193
53,4,0,60,6576.392
53,4,0,60,4438.327
53,4,0,60,6271.944
53,4,0,60,6600.106
53,4,0,60,4430.374
53,4,0,60,6268.584
53,4,0,60,6599.635
53,4,0,60,4430.144
53,4,0,60,6265.742
53,4,0,60,6598.312
53,4,0,60,4416.821
53,4,0,60,6278.308
53,4,0,60,6599.730
53,4,0,60,4439.590
53,4,0,60,6265.522
53,4,0,60,6602.314
53,4,0,60,4430.082
53,4,0,60,6268.866
53,4,0,60,4266.263
53,4,0,60,18567.518
54,4,0,60,0.111
54,4,0,60,2117.208
54,4,0,60,344.548
54,4,0,60,436.304
54,4,0,60,2269.977
54,4,0,60,2573.806
54,4,0,60,431.630
54,4,0,60,2285.654
54,4,0,60,3602.996
54,4,0,60,6272.183
54,4,0,60,6603.345
54,4,0,60,4431.188
54,4,0,60,6285.749
54,4,0,60,6606.837
54,4,0,60,4437.735
54,4,0,60,6280.482
54,4,0,60,7572.046
54,4,0,60,4394.357
54,4,0,60,6265.863
54,4,0,60,6602.154
54,4,0,60,4429.145
54,4,0,60,6266.151
54,4,0,60,6607.369
54,4,0,60,4443.896
54,4,0,60,6268.958
54,4,0,60,6608.972
54,4,0,60,4433.721
54,4,0,60,6267.338
54,4,0,60,4265.513
54,4,0,60,4441.954
54,4,0,60,6271.571
54,4,0,60,6598.974
54,4,0,60,4440.279
54,4,0,60,6268.730
54,4,0,60,6607.447
54,4,0,60,4432.030
54,4,0,60,6237.555
54,4,0,60,6596.810
54,4,0,60,4432.115
54,4,0,60,6264.991
54,4,0,60,6611.505
54,4,0,60,4437.940
54,4,0,60,6281.613
54,4,0,60,8115.396
54,4,0,60,4438.210
54,4,0,60,6272.160
54,4,0,60,6601.285
54,4,0,60,4451.979
54,4,0,60,6269.652
54,4,0,60,6599.703
54,4,0,60,4406.008
54,4,0,60,6267.792
54,4,0,60,7610.449
54,4,0,60,4432.815
54,4,0,60,6272.191
54,4,0,60,6577.854
54,4,0,60,4424.418
54,4,0,60,6264.757
54,4,0,60,6605.716
54,4,0,60,4429.336
54,4,0,60,6275.379
54,4,0,60,6600.967
54,4,0,60,4429.679
54,4,0,60,6264.574
54,4,0,60,6600.718
54,4,0,60,4431.116
54,4,0,60,6266.492
54,4,0,60,6602.154
54,4,0,60,4433.645
54,4,0,60,6267.892
54,4,0,60,6601.183
54,4,0,60,4429.803
54,4,0,60,6265.698
54,4,0,60,7592.040
54,4,0,60,4414.536
54,4,0,60,6266.375
54,4,0,60,4263.717
54,4,0,60,4442.306
54,4,0,60,6253.071
54,4,0,60,6606.900
54,4,0,60,4431.353
54,4,0,60,6271.415
54,4,0,60,6597.595
54,4,0,60,4415.660
54,4,0,60,6265.258
54,4,0,60,6603.143
54,4,0,60,4429.707
54,4,0,60,6264.806
54,4,0,60,6579.579
54,4,0,60,4430.514
54,4,0,60,6268.668
54,4,0,60,6599.904
54,4,0,60,4432.247
54,4,0,60,6280.327
54,4,0,60,6599.841
54,4,0,60,4430.238
54,4,0,60,6265.541
54,4,0,60,6602.092
54,4,0,60,4432.804
54,4,0,60,6275.625
54,4,0,60,4264.781
54,4,0,60,4440.944
54,4,0,60,6268.043
54,4,0,60,6602.113
54,4,0,60,4430.807
54,4,0,60,6274.702
54,4,0,60,7588.618
54,4,0,60,4421.484
54,4,0,60,6266.360
54,4,0,60,6604.856
54,4,0,60,4429.994
54,4,0,60,6251.019
54,4,0,60,4265.749
54,4,0,60,4442.097
54,4,0,60,6269.363
54,4,0,60,6598.191
54,4,0,60,4434.219
54,4,0,60,6264.280
54,4,0,60,6600.350
54,4,0,60,4435.563
54,4,0,60,6263.995
54,4,0,60,6587.805
54,4,0,60,4430.943
54,4,0,60,6268.190
54,4,0,60,4262.365
54,4,0,60,4442.472
54,4,0,60,6249.145
54,4,0,60,6594.141
54,4,0,60,4432.927
54,4,0,60,6265.044
54,4,0,60,6576.170
54,4,0,60,4436.956
54,4,0,60,6272.499
54,4,0,60,6599.772
54,4,0,60,4429.874
54,4,0,60,6268.121
54,4,0,60,6599.153
54,4,0,60,4429.329
54,4,0,60,6265.520
54,4,0,60,6598.034
54,4,0,60,4415.987
54,4,0,60,6278.290
54,4,0,60,6599.396
54,4,0,60,4439.275
54,4,0,60,6265.245
54,4,0,60,6602.684
54,4,0,60,4428.749
54,4,0,60,6268.385
54,4,0,60,4266.059
54,4,0,60,18504.536
55,4,0,60,0.130
55,4,0,60,633.161
55,4,0,60,344.975
55,4,0,60,436.434
55,4,0,60,768.115
55,4,0,60,720.372
55,4,0,60,433.315
55,4,0,60,765.496
55,4,0,60,766.938
55,4,0,60,4767.877
55,4,0,60,4767.596
55,4,0,60,4432.725
55,4,0,60,4767.332
55,4,0,60,4768.847
55,4,0,60,4439.402
55,4,0,60,4776.342
55,4,0,60,4765.580
55,4,0,60,4393.598
55,4,0,60,4769.149
55,4,0,60,4765.720
55,4,0,60,4429.923
55,4,0,60,4766.270
55,4,0,60,4769.712
55,4,0,60,4445.230
55,4,0,60,4763.910
55,4,0,60,4765.445
55,4,0,60,4434.592
55,4,0,60,4764.143
55,4,0,60,4266.995
55,4,0,60,4443.602
55,4,0,60,4767.968
55,4,0,60,4763.947
55,4,0,60,4441.816
55,4,0,60,4765.182
55,4,0,60,4763.365
55,4,0,60,4433.401
55,4,0,60,4739.285
55,4,0,60,4763.486
55,4,0,60,4433.189
55,4,0,60,4766.777
55,4,0,60,4774.274
55,4,0,60,4438.588
55,4,0,60,4776.547
55,4,0,60,4766.100
55,4,0,60,4437.617
55,4,0,60,4767.113
55,4,0,60,4766.499
55,4,0,60,4447.109
55,4,0,60,4767.827
55,4,0,60,4765.195
55,4,0,60,4407.286
55,4,0,60,4767.226
55,4,0,60,4775.724
55,4,0,60,4433.278
55,4,0,60,4767.014
55,4,0,60,4742.716
55,4,0,60,4424.715
55,4,0,60,4764.192
55,4,0,60,4769.670
55,4,0,60,4431.336
55,4,0,60,4771.554
55,4,0,60,4764.218
55,4,0,60,4429.865
55,4,0,60,4764.916
55,4,0,60,4766.543
55,4,0,60,4432.764
55,4,0,60,4764.834
55,4,0,60,4768.479
55,4,0,60,4433.478
55,4,0,60,4762.789
55,4,0,60,4766.823
55,4,0,60,4430.748
55,4,0,60,4765.744
55,4,0,60,4763.778
55,4,0,60,4413.870
55,4,0,60,4764.217
55,4,0,60,4264.087
55,4,0,60,4442.658
55,4,0,60,4766.579
55,4,0,60,4769.577
55,4,0,60,4431.816
55,4,0,60,4765.867
55,4,0,60,4763.531
55,4,0,60,4416.660
55,4,0,60,4763.396
55,4,0,60,4765.912
55,4,0,60,4431.226
55,4,0,60,4766.018
55,4,0,60,4743.960
55,4,0,60,4432.311
55,4,0,60,4765.769
55,4,0,60,4763.007
55,4,0,60,4432.654
55,4,0,60,4772.909
55,4,0,60,4766.684
55,4,0,60,4430.609
55,4,0,60,4764.364
55,4,0,60,4764.435
55,4,0,60,4434.675
55,4,0,60,4768.467
55,4,0,60,4265.930
55,4,0,60,4441.611
55,4,0,60,4765.514
55,4,0,60,4766.790
55,4,0,60,4431.474
55,4,0,60,4766.210
55,4,0,60,4767.393
55,4,0,60,4421.688
55,4,0,60,4766.183
55,4,0,60,4767.625
55,4,0,60,4429.958
55,4,0,60,4764.323
55,4,0,60,4267.472
55,4,0,60,4442.616
55,4,0,60,4767.741
55,4,0,60,4763.665
55,4,0,60,4434.719
55,4,0,60,4763.307
55,4,0,60,4764.712
55,4,0,60,4436.767
55,4,0,60,4765.207
55,4,0,60,4750.834
55,4,0,60,4431.925
55,4,0,60,4764.680
55,4,0,60,4262.810
55,4,0,60,4444.102
55,4,0,60,4747.450
55,4,0,60,4763.595
55,4,0,60,4433.835
55,4,0,60,4760.127
55,4,0,60,4763.346
55,4,0,60,4439.012
55,4,0,60,4768.304
55,4,0,60,4764.394
55,4,0,60,4431.022
55,4,0,60,4766.185
55,4,0,60,4763.034
55,4,0,60,4430.644
55,4,0,60,4765.380
55,4,0,60,4762.100
55,4,0,60,4417.173
55,4,0,60,4764.131
55,4,0,60,4765.073
55,4,0,60,4439.702
55,4,0,60,4764.068
55,4,0,60,4767.565
55,4,0,60,4430.657
55,4,0,60,4765.152
55,4,0,60,4266.337
55,4,0,60,18736.184
56,4,0,60,0.148
56,4,0,60,635.531
56,4,0,60,344.641
56,4,0,60,436.360
56,4,0,60,2270.052
56,4,0,60,2573.936
56,4,0,60,432.278
56,4,0,60,2285.729
56,4,0,60,2601.798
56,4,0,60,6272.258
56,4,0,60,6603.549
56,4,0,60,4432.206
56,4,0,60,6285.398
56,4,0,60,6607.245
56,4,0,60,4438.828
56,4,0,60,6280.075
56,4,0,60,6601.255
56,4,0,60,4394.709
56,4,0,60,6266.678
56,4,0,60,6602.247
56,4,0,60,4429.701
56,4,0,60,6266.410
56,4,0,60,6607.461
56,4,0,60,4444.637
56,4,0,60,6268.976
56,4,0,60,6609.138
56,4,0,60,4434.055
56,4,0,60,6267.339
56,4,0,60,4266.384
56,4,0,60,4442.621
56,4,0,60,6271.645
56,4,0,60,6599.196
56,4,0,60,4441.168
56,4,0,60,6269.137
56,4,0,60,6607.762
56,4,0,60,4432.845
56,4,0,60,6238.370
56,4,0,60,6597.162
56,4,0,60,4432.819
56,4,0,60,6266.158
56,4,0,60,6611.820
56,4,0,60,4438.440
56,4,0,60,6281.835
56,4,0,60,6616.034
56,4,0,60,4438.599
56,4,0,60,6272.475
56,4,0,60,6601.526
56,4,0,60,4451.961
56,4,0,60,6270.300
56,4,0,60,6600.074
56,4,0,60,4406.694
56,4,0,60,6268.218
56,4,0,60,6610.973
56,4,0,60,4433.111
56,4,0,60,6272.284
56,4,0,60,6578.280
56,4,0,60,4424.640
56,4,0,60,6265.109
56,4,0,60,6606.235
56,4,0,60,4430.392
56,4,0,60,6275.638
56,4,0,60,6601.615
56,4,0,60,4429.717
56,4,0,60,6265.056
56,4,0,60,6601.052
56,4,0,60,4432.042
56,4,0,60,6266.585
56,4,0,60,6602.599
56,4,0,60,4433.515
56,4,0,60,6268.095
56,4,0,60,6601.702
56,4,0,60,4430.285
56,4,0,60,6265.865
56,4,0,60,6603.046
56,4,0,60,4414.925
56,4,0,60,6266.672
56,4,0,60,4264.069
56,4,0,60,4442.713
56,4,0,60,6253.386
56,4,0,60,6607.307
56,4,0,60,4431.613
56,4,0,60,6271.730
56,4,0,60,6597.688
56,4,0,60,4415.975
56,4,0,60,6265.370
56,4,0,60,6603.662
56,4,0,60,4430.596
56,4,0,60,6265.399
56,4,0,60,6579.894
56,4,0,60,4431.607
56,4,0,60,6269.094
56,4,0,60,6599.997
56,4,0,60,4432.710
56,4,0,60,6280.364
56,4,0,60,6600.915
56,4,0,60,4430.554
56,4,0,60,6265.615
56,4,0,60,6603.166
56,4,0,60,4433.768
56,4,0,60,6275.829
56,4,0,60,4265.245
56,4,0,60,4441.389
56,4,0,60,6268.303
56,4,0,60,6602.243
56,4,0,60,4431.307
56,4,0,60,6274.887
56,4,0,60,6614.179
56,4,0,60,4422.392
56,4,0,60,6266.805
56,4,0,60,6605.319
56,4,0,60,4430.161
56,4,0,60,6251.186
56,4,0,60,4266.657
56,4,0,60,4442.579
56,4,0,60,6269.752
56,4,0,60,6598.581
56,4,0,60,4434.497
56,4,0,60,6264.725
56,4,0,60,6600.832
56,4,0,60,4436.044
56,4,0,60,6265.069
56,4,0,60,6588.305
56,4,0,60,4431.147
56,4,0,60,6268.394
56,4,0,60,4262.791
56,4,0,60,4443.528
56,4,0,60,6249.664
56,4,0,60,6594.437
56,4,0,60,4433.224
56,4,0,60,6265.470
56,4,0,60,6576.429
56,4,0,60,4438.049
56,4,0,60,6272.203
56,4,0,60,6600.291
56,4,0,60,4430.282
56,4,0,60,6268.621
56,4,0,60,6599.728
56,4,0,60,4429.866
56,4,0,60,6265.872
56,4,0,60,6598.386
56,4,0,60,4416.710
56,4,0,60,6278.382
56,4,0,60,6599.841
56,4,0,60,4439.646
56,4,0,60,6265.634
56,4,0,60,6602.666
56,4,0,60,4429.786
56,4,0,60,6268.866
56,4,0,60,4266.300
56,4,0,60,18625.814
57,4,0,60,0.111
57,4,0,60,2117.208
57,4,0,60,344.548
57,4,0,60,436.286
57,4,0,60,2269.940
57,4,0,60,2573.750
57,4,0,60,431.574
57,4,0,60,2285.654
57,4,0,60,3602.959
57,4,0,60,6272.146
57,4,0,60,6603.345
57,4,0,60,4431.150
57,4,0,60,6285.730
57,4,0,60,6606.781
57,4,0,60,4437.661
57,4,0,60,6280.481
57,4,0,60,7572.009
57,4,0,60,4394.319
57,4,0,60,6265.881
57,4,0,60,6602.154
57,4,0,60,4429.126
57,4,0,60,6266.132
57,4,0,60,6607.442
57,4,0,60,4443.840
57,4,0,60,6268.957
57,4,0,60,6608.934
57,4,0,60,4433.665
57,4,0,60,6267.357
57,4,0,60,4265.457
57,4,0,60,4441.916
57,4,0,60,6271.534
57,4,0,60,6598.918
57,4,0,60,4440.242
57,4,0,60,6268.766
57,4,0,60,6607.410
57,4,0,60,4431.974
57,4,0,60,6237.518
57,4,0,60,6596.754
57,4,0,60,4432.151
57,4,0,60,6264.972
57,4,0,60,6611.468
57,4,0,60,4437.884
57,4,0,60,6281.594
57,4,0,60,8115.378
57,4,0,60,4438.172
57,4,0,60,6272.104
57,4,0,60,6601.229
57,4,0,60,4451.960
57,4,0,60,6269.615
57,4,0,60,6599.703
57,4,0,60,4405.989
57,4,0,60,6267.773
57,4,0,60,8109.594
57,4,0,60,4432.777
57,4,0,60,6272.172
57,4,0,60,6577.853
57,4,0,60,4424.381
57,4,0,60,6264.720
57,4,0,60,6605.678
57,4,0,60,4429.317
57,4,0,60,6275.323
57,4,0,60,6600.985
57,4,0,60,4429.624
57,4,0,60,6264.537
57,4,0,60,6600.718
57,4,0,60,4431.097
57,4,0,60,6266.473
57,4,0,60,6602.117
57,4,0,60,4433.607
57,4,0,60,6267.836
57,4,0,60,6601.183
57,4,0,60,4429.729
57,4,0,60,6265.679
57,4,0,60,7592.040
57,4,0,60,4414.480
57,4,0,60,6266.338
57,4,0,60,4263.679
57,4,0,60,4442.324
57,4,0,60,6253.108
57,4,0,60,6606.844
57,4,0,60,4431.353
57,4,0,60,6271.377
57,4,0,60,6597.577
57,4,0,60,4415.622
57,4,0,60,6265.221
57,4,0,60,6603.124
57,4,0,60,4429.688
57,4,0,60,6264.769
57,4,0,60,6579.560
57,4,0,60,4430.477
57,4,0,60,6268.668
57,4,0,60,6599.886
57,4,0,60,4432.209
57,4,0,60,6280.308
57,4,0,60,6599.840
57,4,0,60,4430.183
57,4,0,60,6265.503
57,4,0,60,6602.055
57,4,0,60,4432.804
57,4,0,60,6275.588
57,4,0,60,4264.763
57,4,0,60,4440.926
57,4,0,60,6268.006
57,4,0,60,6602.094
57,4,0,60,4430.788
57,4,0,60,6274.664
57,4,0,60,7588.618
57,4,0,60,4421.446
57,4,0,60,6266.341
57,4,0,60,6604.837
57,4,0,60,4429.938
57,4,0,60,6251.037
57,4,0,60,4265.730
57,4,0,60,4442.060
57,4,0,60,6269.307
57,4,0,60,6598.173
57,4,0,60,4434.200
57,4,0,60,6264.243
57,4,0,60,6600.294
57,4,0,60,4435.544
57,4,0,60,6263.994
57,4,0,60,6587.749
57,4,0,60,4430.906
57,4,0,60,6268.153
57,4,0,60,4262.346
57,4,0,60,4442.435
57,4,0,60,6249.089
57,4,0,60,6594.140
57,4,0,60,4432.908
57,4,0,60,6265.007
57,4,0,60,6576.151
57,4,0,60,4436.919
57,4,0,60,6272.462
57,4,0,60,6599.772
57,4,0,60,4429.836
57,4,0,60,6268.083
57,4,0,60,6599.116
57,4,0,60,4429.291
57,4,0,60,6265.501
57,4,0,60,6598.052
57,4,0,60,4415.931
57,4,0,60,6278.234
57,4,0,60,6599.396
57,4,0,60,4439.257
57,4,0,60,6265.207
57,4,0,60,6602.629
57,4,0,60,4428.674
57,4,0,60,6268.384
57,4,0,60,4266.003
57,4,0,60,18592.462
58,4,0,60,0.111
58,4,0,60,633.160
58,4,0,60,344.733
58,4,0,60,436.137
58,4,0,60,1768.054
58,4,0,60,735.742
58,4,0,60,433.092
58,4,0,60,769.069
58,4,0,60,766.604
58,4,0,60,4767.746
58,4,0,60,4767.410
58,4,0,60,4432.595
58,4,0,60,4767.146
58,4,0,60,4768.625
58,4,0,60,4439.235
58,4,0,60,4776.008
58,4,0,60,4765.320
58,4,0,60,4393.301
58,4,0,60,4768.833
58,4,0,60,4765.386
58,4,0,60,4429.811
58,4,0,60,4766.029
58,4,0,60,4769.526
58,4,0,60,4444.988
58,4,0,60,4763.799
58,4,0,60,4765.185
58,4,0,60,4434.425
58,4,0,60,4763.920
58,4,0,60,4266.790
58,4,0,60,4443.324
58,4,0,60,4767.819
58,4,0,60,4763.613
58,4,0,60,4441.501
58,4,0,60,4764.848
58,4,0,60,4763.049
58,4,0,60,4433.141
58,4,0,60,4739.044
58,4,0,60,4763.245
58,4,0,60,4433.114
58,4,0,60,4766.480
58,4,0,60,4773.959
58,4,0,60,4438.328
58,4,0,60,4776.361
58,4,0,60,4765.821
58,4,0,60,4437.302
58,4,0,60,4766.853
58,4,0,60,4766.332
58,4,0,60,4446.831
58,4,0,60,4767.549
58,4,0,60,4764.935
58,4,0,60,4407.119
58,4,0,60,4766.985
58,4,0,60,4775.667
58,4,0,60,4432.981
58,4,0,60,4766.810
58,4,0,60,4742.493
58,4,0,60,4424.492
58,4,0,60,4764.024
58,4,0,60,4769.355
58,4,0,60,4431.058
58,4,0,60,4771.312
58,4,0,60,4763.939
58,4,0,60,4429.568
58,4,0,60,4764.601
58,4,0,60,5768.111
58,4,0,60,4432.449
58,4,0,60,4764.611
58,4,0,60,4768.201
58,4,0,60,4433.237
58,4,0,60,4762.492
58,4,0,60,4766.637
58,4,0,60,4430.377
58,4,0,60,4765.447
58,4,0,60,4763.425
58,4,0,60,4413.610
58,4,0,60,4763.994
58,4,0,60,4263.846
58,4,0,60,4442.342
58,4,0,60,4766.375
58,4,0,60,4769.298
58,4,0,60,4431.501
58,4,0,60,4765.570
58,4,0,60,4763.253
58,4,0,60,4416.437
58,4,0,60,4763.099
58,4,0,60,4765.689
58,4,0,60,4430.985
58,4,0,60,4765.739
58,4,0,60,4743.792
58,4,0,60,4431.995
58,4,0,60,4765.602
58,4,0,60,4762.803
58,4,0,60,4432.413
58,4,0,60,4772.649
58,4,0,60,4766.498
58,4,0,60,4430.349
58,4,0,60,4764.086
58,4,0,60,5770.374
58,4,0,60,4434.341
58,4,0,60,4768.189
58,4,0,60,4265.707
58,4,0,60,4441.240
58,4,0,60,4765.366
58,4,0,60,4766.511
58,4,0,60,4431.214
58,4,0,60,4766.135
58,4,0,60,4767.244
58,4,0,60,4421.428
58,4,0,60,4765.905
58,4,0,60,4767.328
58,4,0,60,4429.698
58,4,0,60,4764.138
58,4,0,60,4267.156
58,4,0,60,4442.375
58,4,0,60,4767.500
58,4,0,60,4763.349
58,4,0,60,4434.385
58,4,0,60,4763.029
58,4,0,60,4764.415
58,4,0,60,4436.507
58,4,0,60,4764.891
58,4,0,60,4750.629
58,4,0,60,4431.906
58,4,0,60,4764.420
58,4,0,60,4262.550
58,4,0,60,4443.805
58,4,0,60,4747.153
58,4,0,60,4763.298
58,4,0,60,4433.630
58,4,0,60,4759.978
58,4,0,60,4763.049
58,4,0,60,4438.733
58,4,0,60,4768.044
58,4,0,60,4764.152
58,4,0,60,4430.725
58,4,0,60,5767.938
58,4,0,60,4762.774
58,4,0,60,4430.477
58,4,0,60,4765.268
58,4,0,60,4761.803
58,4,0,60,4416.839
58,4,0,60,4763.945
58,4,0,60,4764.758
58,4,0,60,4439.497
58,4,0,60,4763.863
58,4,0,60,4767.453
58,4,0,60,4430.378
58,4,0,60,4764.837
58,4,0,60,4266.059
58,4,0,60,18776.053
59,4,0,60,0.093
59,4,0,60,635.328
59,4,0,60,345.141
59,4,0,60,436.379
59,4,0,60,2270.255
59,4,0,60,2574.140
59,4,0,60,432.241
59,4,0,60,2285.877
59,4,0,60,2601.835
59,4,0,60,6272.369
59,4,0,60,6603.661
59,4,0,60,4431.984
59,4,0,60,6285.842
59,4,0,60,6607.245
59,4,0,60,4438.513
59,4,0,60,6280.556
59,4,0,60,6601.478
59,4,0,60,4394.820
59,4,0,60,6266.419
59,4,0,60,6602.433
59,4,0,60,4429.423
59,4,0,60,6266.577
59,4,0,60,6607.628
59,4,0,60,4444.322
59,4,0,60,6269.069
59,4,0,60,6609.250
59,4,0,60,4434.129
59,4,0,60,6267.524
59,4,0,60,4266.087
59,4,0,60,4442.473
59,4,0,60,6271.738
59,4,0,60,6599.215
59,4,0,60,4440.909
59,4,0,60,6269.193
59,4,0,60,6607.874
59,4,0,60,4432.734
59,4,0,60,6238.129
59,4,0,60,6597.217
59,4,0,60,4432.541
59,4,0,60,6265.880
59,4,0,60,6611.820
59,4,0,60,4438.403
59,4,0,60,6281.854
59,4,0,60,6616.275
59,4,0,60,4438.617
59,4,0,60,6272.642
59,4,0,60,6601.619
59,4,0,60,4452.257
59,4,0,60,6270.078
59,4,0,60,6600.185
59,4,0,60,4406.398
59,4,0,60,6268.255
59,4,0,60,6610.973
59,4,0,60,4433.093
59,4,0,60,6272.358
59,4,0,60,6578.317
59,4,0,60,4424.659
59,4,0,60,6265.110
59,4,0,60,6606.216
59,4,0,60,4430.114
59,4,0,60,6275.712
59,4,0,60,6601.449
59,4,0,60,4429.902
59,4,0,60,6265.056
59,4,0,60,6601.107
59,4,0,60,4431.875
59,4,0,60,6266.826
59,4,0,60,6602.618
59,4,0,60,4433.664
59,4,0,60,6268.114
59,4,0,60,6601.684
59,4,0,60,4430.285
59,4,0,60,6265.958
59,4,0,60,6603.139
59,4,0,60,4414.907
59,4,0,60,6266.709
59,4,0,60,4264.161
59,4,0,60,4442.769
59,4,0,60,6253.405
59,4,0,60,6607.363
59,4,0,60,4431.613
59,4,0,60,6271.804
59,4,0,60,6597.855
59,4,0,60,4416.068
59,4,0,60,6265.444
59,4,0,60,6603.662
59,4,0,60,4430.356
59,4,0,60,6265.195
59,4,0,60,6579.913
59,4,0,60,4431.274
59,4,0,60,6269.131
59,4,0,60,6600.071
59,4,0,60,4432.747
59,4,0,60,6280.697
59,4,0,60,6600.582
59,4,0,60,4430.665
59,4,0,60,6265.800
59,4,0,60,6602.889
59,4,0,60,4433.527
59,4,0,60,6275.866
59,4,0,60,4265.097
59,4,0,60,4441.352
59,4,0,60,6268.358
59,4,0,60,6602.280
59,4,0,60,4431.307
59,4,0,60,6275.017
59,4,0,60,6614.586
59,4,0,60,4422.077
59,4,0,60,6266.842
59,4,0,60,6605.356
59,4,0,60,4430.328
59,4,0,60,6251.445
59,4,0,60,4266.360
59,4,0,60,4442.542
59,4,0,60,6269.733
59,4,0,60,6598.581
59,4,0,60,4434.478
59,4,0,60,6264.762
59,4,0,60,6600.813
59,4,0,60,4436.007
59,4,0,60,6264.791
59,4,0,60,6588.268
59,4,0,60,4431.129
59,4,0,60,6268.357
59,4,0,60,4262.810
59,4,0,60,4443.250
59,4,0,60,6249.645
59,4,0,60,6594.567
59,4,0,60,4433.279
59,4,0,60,6265.600
59,4,0,60,6576.485
59,4,0,60,4437.697
59,4,0,60,6272.425
59,4,0,60,6600.236
59,4,0,60,4430.319
59,4,0,60,6268.602
59,4,0,60,6599.654
59,4,0,60,4429.774
59,4,0,60,6265.909
59,4,0,60,6598.460
59,4,0,60,4416.543
59,4,0,60,6278.475
59,4,0,60,6599.804
59,4,0,60,4439.739
59,4,0,60,6265.689
59,4,0,60,6602.907
59,4,0,60,4429.453
59,4,0,60,6268.885
59,4,0,60,4266.263
59,4,0,60,18684.036
60,4,0,60,0.092
60,4,0,60,2117.190
60,4,0,60,344.530
60,4,0,60,436.304
60,4,0,60,2269.903
60,4,0,60,2573.713
60,4,0,60,431.555
60,4,0,60,2285.617
60,4,0,60,3607.774
60,4,0,60,6272.183
60,4,0,60,6603.345
60,4,0,60,4431.132
60,4,0,60,6285.712
60,4,0,60,6606.782
60,4,0,60,4437.698
60,4,0,60,6280.463
60,4,0,60,8266.616
60,4,0,60,4394.282
60,4,0,60,6265.862
60,4,0,60,6602.154
60,4,0,60,4429.182
60,4,0,60,6266.095
60,4,0,60,6607.461
60,4,0,60,4443.822
60,4,0,60,6268.939
60,4,0,60,7608.707
60,4,0,60,4433.665
60,4,0,60,6267.338
60,4,0,60,4265.439
60,4,0,60,4441.916
60,4,0,60,6271.534
60,4,0,60,6598.900
60,4,0,60,4440.223
60,4,0,60,6268.766
60,4,0,60,6607.428
60,4,0,60,4431.993
60,4,0,60,6237.573
60,4,0,60,6596.754
60,4,0,60,4432.151
60,4,0,60,6264.954
60,4,0,60,6611.431
60,4,0,60,4437.903
60,4,0,60,6281.575
60,4,0,60,8310.451
60,4,0,60,4438.135
60,4,0,60,6272.067
60,4,0,60,6601.211
60,4,0,60,4451.942
60,4,0,60,6269.615
60,4,0,60,6599.721
60,4,0,60,4405.990
60,4,0,60,6267.736
60,4,0,60,8109.668
60,4,0,60,4432.759
60,4,0,60,6272.228
60,4,0,60,6577.853
60,4,0,60,4424.362
60,4,0,60,6264.702
60,4,0,60,6605.641
60,4,0,60,4429.335
60,4,0,60,6275.341
60,4,0,60,6600.948
60,4,0,60,4429.605
60,4,0,60,6264.500
60,4,0,60,6600.699
60,4,0,60,4431.097
60,4,0,60,6266.473
60,4,0,60,6602.117
60,4,0,60,4433.682
60,4,0,60,6267.854
60,4,0,60,6601.146
60,4,0,60,4429.710
60,4,0,60,6265.661
60,4,0,60,8286.981
60,4,0,60,4414.443
60,4,0,60,6266.301
60,4,0,60,4263.698
60,4,0,60,4442.305
60,4,0,60,6253.145
60,4,0,60,6606.788
60,4,0,60,4431.353
60,4,0,60,6271.359
60,4,0,60,6597.540
60,4,0,60,4415.567
60,4,0,60,6265.277
60,4,0,60,6603.143
60,4,0,60,4429.744
60,4,0,60,6264.732
60,4,0,60,6579.542
60,4,0,60,4430.495
60,4,0,60,6268.649
60,4,0,60,6599.886
60,4,0,60,4432.191
60,4,0,60,6280.289
60,4,0,60,6599.896
60,4,0,60,4430.146
60,4,0,60,6265.485
60,4,0,60,6602.036
60,4,0,60,4432.786
60,4,0,60,6275.551
60,4,0,60,4264.874
60,4,0,60,4440.963
60,4,0,60,6267.950
60,4,0,60,6602.094
60,4,0,60,4430.788
60,4,0,60,6274.664
60,4,0,60,8294.688
60,4,0,60,4421.391
60,4,0,60,6266.323
60,4,0,60,6604.856
60,4,0,60,4429.938
60,4,0,60,6251.019
60,4,0,60,4265.730
60,4,0,60,4442.060
60,4,0,60,6269.288
60,4,0,60,6598.173
60,4,0,60,4434.293
60,4,0,60,6264.243
60,4,0,60,6600.276
60,4,0,60,4435.544
60,4,0,60,6263.994
60,4,0,60,6587.749
60,4,0,60,4430.869
60,4,0,60,6268.116
60,4,0,60,4262.327
60,4,0,60,4442.416
60,4,0,60,6249.071
60,4,0,60,6594.122
60,4,0,60,4432.890
60,4,0,60,6264.988
60,4,0,60,6576.114
60,4,0,60,4436.919
60,4,0,60,6272.554
60,4,0,60,6599.735
60,4,0,60,4429.892
60,4,0,60,6268.046
60,4,0,60,6599.079
60,4,0,60,4429.291
60,4,0,60,6265.446
60,4,0,60,6598.034
60,4,0,60,4415.895
60,4,0,60,6278.197
60,4,0,60,6599.415
60,4,0,60,4439.220
60,4,0,60,6265.189
60,4,0,60,6602.629
60,4,0,60,4428.675
60,4,0,60,6268.403
60,4,0,60,4266.077
60,4,0,60,18680.295
61,6,0,50,0.130
61,6,0,50,1685.626
61,6,0,50,1777.668
61,6,0,50,3914.755
61,6,0,50,1874.659
61,6,0,50,5451.868
61,6,0,50,1777.874
61,6,0,50,5776.784
61,6,0,50,1901.199
61,6,0,50,5790.683
61,6,0,50,1930.413
61,6,0,50,5749.231
61,6,0,50,1881.775
61,6,0,50,5773.575
61,6,0,50,1896.267
61,6,0,50,5792.770
61,6,0,50,1885.629
61,6,0,50,5789.225
61,6,0,50,1915.751
61,6,0,50,1610.165
61,6,0,50,1882.632
61,6,0,50,5780.727
61,6,0,50,1903.475
61,6,0,50,5781.738
61,6,0,50,1904.615
61,6,0,50,3937.425
61,6,0,50,1894.792
61,6,0,50,5784.129
61,6,0,50,1911.284
61,6,0,50,5792.917
61,6,0,50,1887.961
61,6,0,50,5797.168
61,6,0,50,1889.787
61,6,0,50,5753.012
61,6,0,50,1874.982
61,6,0,50,5782.819
61,6,0,50,1905.307
61,6,0,50,3923.654
61,6,0,50,1882.873
61,6,0,50,5776.821
61,6,0,50,1891.921
61,6,0,50,5772.461
61,6,0,50,1895.154
61,6,0,50,5773.509
61,6,0,50,1899.386
61,6,0,50,5777.260
61,6,0,50,1897.119
61,6,0,50,5773.029
61,6,0,50,1897.296
61,6,0,50,5763.929
61,6,0,50,1889.158
61,6,0,50,1614.517
61,6,0,50,1884.650
61,6,0,50,5780.672
61,6,0,50,1904.846
61,6,0,50,3937.729
61,6,0,50,1876.727
61,6,0,50,5773.989
61,6,0,50,1899.070
61,6,0,50,3925.083
61,6,0,50,1882.377
61,6,0,50,5773.602
61,6,0,50,1883.369
61,6,0,50,5772.224
61,6,0,50,1897.231
61,6,0,50,5775.030
61,6,0,50,1897.556
61,6,0,50,1607.674
61,6,0,50,1884.196
61,6,0,50,5773.496
61,6,0,50,1897.170
61,6,0,50,5771.469
61,6,0,50,1897.291
61,6,0,50,5777.054
61,6,0,50,1901.709
61,6,0,50,1608.790
61,6,0,50,1883.257
61,6,0,50,5775.241
61,6,0,50,1894.730
61,6,0,50,5777.196
61,6,0,50,1899.037
61,6,0,50,3928.124
61,6,0,50,1883.158
61,6,0,50,1612.757
61,6,0,50,1887.798
61,6,0,50,3935.126
61,6,0,50,1889.994
61,6,0,50,3916.859
61,6,0,50,1871.930
61,6,0,50,5771.711
61,6,0,50,1891.403
61,6,0,50,5770.073
61,6,0,50,1892.747
61,6,0,50,5755.825
61,6,0,50,1876.961
61,6,0,50,5780.464
61,6,0,50,1901.083
61,6,0,50,5773.475
61,6,0,50,1895.427
61,6,0,50,1606.563
62,6,0,50,0.149
62,6,0,50,1685.071
62,6,0,50,5449.149
62,6,0,50,7585.865
62,6,0,50,5593.955
62,6,0,50,5466.072
62,6,0,50,5449.762
62,6,0,50,7612.589
62,6,0,50,5621.586
62,6,0,50,7641.303
62,6,0,50,5642.578
62,6,0,50,7592.814
62,6,0,50,5581.793
62,6,0,50,7608.472
62,6,0,50,5597.192
62,6,0,50,7628.649
62,6,0,50,5619.554
62,6,0,50,7627.123
62,6,0,50,5617.453
62,6,0,50,7594.170
62,6,0,50,5589.168
62,6,0,50,7615.477
62,6,0,50,5605.641
62,6,0,50,7616.006
62,6,0,50,5603.762
62,6,0,50,7606.146
62,6,0,50,5594.143
62,6,0,50,7622.804
62,6,0,50,5628.376
62,6,0,50,7630.370
62,6,0,50,5623.275
62,6,0,50,7632.121
62,6,0,50,5622.378
62,6,0,50,7587.558
62,6,0,50,5576.981
62,6,0,50,7616.846
62,6,0,50,5612.658
62,6,0,50,7594.708
62,6,0,50,5582.743
62,6,0,50,7603.219
62,6,0,50,5597.160
62,6,0,50,7607.229
62,6,0,50,5595.208
62,6,0,50,7610.869
62,6,0,50,5600.570
62,6,0,50,7609.491
62,6,0,50,5599.821
62,6,0,50,7608.631
62,6,0,50,5598.221
62,6,0,50,7601.345
62,6,0,50,5590.527
62,6,0,50,7596.244
62,6,0,50,5573.501
62,6,0,50,7616.217
62,6,0,50,5611.493
62,6,0,50,7588.172
62,6,0,50,5576.151
62,6,0,50,7610.386
62,6,0,50,5598.513
62,6,0,50,7595.064
62,6,0,50,5586.246
62,6,0,50,7595.426
62,6,0,50,5591.423
62,6,0,50,7609.214
62,6,0,50,5598.248
62,6,0,50,7609.780
62,6,0,50,5608.240
62,6,0,50,7595.476
62,6,0,50,5586.955
62,6,0,50,7608.430
62,6,0,50,5607.409
62,6,0,50,7608.774
62,6,0,50,5596.938
62,6,0,50,7611.914
62,6,0,50,5588.208
62,6,0,50,7594.814
62,6,0,50,5586.367
62,6,0,50,7606.491
62,6,0,50,5594.081
62,6,0,50,7610.649
62,6,0,50,5597.776
62,6,0,50,7595.067
62,6,0,50,5584.731
62,6,0,50,7598.744
62,6,0,50,5590.742
62,6,0,50,7601.829
62,6,0,50,5595.307
62,6,0,50,7583.339
62,6,0,50,5579.448
62,6,0,50,7603.775
62,6,0,50,5594.810
62,6,0,50,7605.230
62,6,0,50,5592.042
62,6,0,50,7588.444
62,6,0,50,5590.386
62,6,0,50,7612.751
62,6,0,50,5602.045
62,6,0,50,7606.817
62,6,0,50,5598.277
62,6,0,50,1605.804
63,6,0,50,0.112
63,6,0,50,3516.746
63,6,0,50,5448.149
63,6,0,50,11464.937
63,6,0,50,5592.399
63,6,0,50,5462.831
63,6,0,50,5448.040
63,6,0,50,11492.587
63,6,0,50,11465.611
63,6,0,50,11513.579
63,6,0,50,11424.196
63,6,0,50,11452.849
63,6,0,50,5579.163
63,6,0,50,11468.211
63,6,0,50,5595.858
63,6,0,50,11491.647
63,6,0,50,11464.134
63,6,0,50,11488.454
63,6,0,50,5614.657
63,6,0,50,11460.224
63,6,0,50,5586.482
63,6,0,50,11476.642
63,6,0,50,5603.159
63,6,0,50,11474.745
63,6,0,50,5600.614
63,6,0,50,11465.162
63,6,0,50,5592.106
63,6,0,50,11499.376
63,6,0,50,11467.863
63,6,0,50,11495.331
63,6,0,50,10623.767
63,6,0,50,11494.490
63,6,0,50,11428.032
63,6,0,50,11447.963
63,6,0,50,5574.203
63,6,0,50,11483.640
63,6,0,50,9598.637
63,6,0,50,11453.725
63,6,0,50,5581.169
63,6,0,50,11468.180
63,6,0,50,5596.179
63,6,0,50,11466.153
63,6,0,50,5592.634
63,6,0,50,11471.571
63,6,0,50,5599.589
63,6,0,50,11470.785
63,6,0,50,5598.192
63,6,0,50,11469.221
63,6,0,50,5596.776
63,6,0,50,11461.510
63,6,0,50,5588.231
63,6,0,50,11444.465
63,6,0,50,5572.260
63,6,0,50,11482.475
63,6,0,50,5610.196
63,6,0,50,11447.208
63,6,0,50,5573.818
63,6,0,50,11469.514
63,6,0,50,9599.992
63,6,0,50,11457.265
63,6,0,50,5584.691
63,6,0,50,11462.480
63,6,0,50,5589.886
63,6,0,50,11469.249
63,6,0,50,5597.267
63,6,0,50,11479.278
63,6,0,50,5606.963
63,6,0,50,11457.974
63,6,0,50,5584.177
63,6,0,50,11478.447
63,6,0,50,5605.372
63,6,0,50,11467.920
63,6,0,50,5593.975
63,6,0,50,11459.153
63,6,0,50,5585.634
63,6,0,50,11457.312
63,6,0,50,5584.848
63,6,0,50,11465.026
63,6,0,50,5592.710
63,6,0,50,11468.777
63,6,0,50,5595.110
63,6,0,50,11455.787
63,6,0,50,5583.583
63,6,0,50,11461.705
63,6,0,50,5589.371
63,6,0,50,11466.290
63,6,0,50,5593.826
63,6,0,50,11450.411
63,6,0,50,5576.744
63,6,0,50,11465.829
63,6,0,50,5593.514
63,6,0,50,11463.043
63,6,0,50,5590.728
63,6,0,50,11461.442
63,6,0,50,5589.145
63,6,0,50,11473.082
63,6,0,50,5600.600
63,6,0,50,11469.297
63,6,0,50,5596.074
63,6,0,50,1601.878
64,6,0,50,0.093
64,6,0,50,1685.052
64,6,0,50,1777.131
64,6,0,50,5746.374
64,6,0,50,1874.085
64,6,0,50,5451.386
64,6,0,50,1777.429
64,6,0,50,5776.265
64,6,0,50,5587.845
64,6,0,50,5790.072
64,6,0,50,5608.893
64,6,0,50,5748.675
64,6,0,50,1881.219
64,6,0,50,5773.056
64,6,0,50,5564.062
64,6,0,50,5792.196
64,6,0,50,1885.018
64,6,0,50,5788.687
64,6,0,50,5584.453
64,6,0,50,5760.605
64,6,0,50,1882.039
64,6,0,50,5780.282
64,6,0,50,5572.289
64,6,0,50,5781.274
64,6,0,50,5570.503
64,6,0,50,5769.803
64,6,0,50,5560.587
64,6,0,50,5783.647
64,6,0,50,5594.320
64,6,0,50,5792.287
64,6,0,50,1887.387
64,6,0,50,5796.668
64,6,0,50,1889.175
64,6,0,50,5752.382
64,6,0,50,1874.426
64,6,0,50,5782.244
64,6,0,50,5578.991
64,6,0,50,5757.940
64,6,0,50,1882.299
64,6,0,50,5776.209
64,6,0,50,1891.291
64,6,0,50,5771.961
64,6,0,50,5561.226
64,6,0,50,5773.008
64,6,0,50,5566.885
64,6,0,50,5776.815
64,6,0,50,5566.395
64,6,0,50,5772.510
64,6,0,50,5564.498
64,6,0,50,5763.336
64,6,0,50,5556.972
64,6,0,50,5761.679
64,6,0,50,1884.076
64,6,0,50,5780.116
64,6,0,50,5577.881
64,6,0,50,5753.052
64,6,0,50,1876.115
64,6,0,50,5773.470
64,6,0,50,5564.976
64,6,0,50,5755.795
64,6,0,50,1881.784
64,6,0,50,5773.065
64,6,0,50,1882.757
64,6,0,50,5771.797
64,6,0,50,5564.359
64,6,0,50,5774.493
64,6,0,50,5574.481
64,6,0,50,5759.318
64,6,0,50,1883.603
64,6,0,50,5773.051
64,6,0,50,5573.650
64,6,0,50,5771.043
64,6,0,50,5563.660
64,6,0,50,5776.535
64,6,0,50,5554.486
64,6,0,50,5759.712
64,6,0,50,1882.701
64,6,0,50,5774.741
64,6,0,50,5560.117
64,6,0,50,5776.714
64,6,0,50,5564.424
64,6,0,50,5760.188
64,6,0,50,1882.565
64,6,0,50,5762.661
64,6,0,50,5557.149
64,6,0,50,5768.468
64,6,0,50,5561.659
64,6,0,50,5749.886
64,6,0,50,1871.337
64,6,0,50,5771.192
64,6,0,50,5561.217
64,6,0,50,5769.610
64,6,0,50,5558.413
64,6,0,50,5755.324
64,6,0,50,1876.368
64,6,0,50,5779.983
64,6,0,50,5568.063
64,6,0,50,5773.030
64,6,0,50,5564.962
64,6,0,50,1606.137
65,6,0,50,0.129
65,6,0,50,1684.588
65,6,0,50,5449.444
65,6,0,50,7585.975
65,6,0,50,5593.843
65,6,0,50,5466.015
65,6,0,50,5449.891
65,6,0,50,7612.662
65,6,0,50,5621.678
65,6,0,50,7641.506
65,6,0,50,5642.485
65,6,0,50,7592.998
65,6,0,50,5581.495
65,6,0,50,7608.194
65,6,0,50,5597.154
65,6,0,50,7628.204
65,6,0,50,5619.646
65,6,0,50,7627.159
65,6,0,50,5616.971
65,6,0,50,7594.132
65,6,0,50,5588.833
65,6,0,50,7615.254
65,6,0,50,5605.473
65,6,0,50,7616.023
65,6,0,50,5603.095
65,6,0,50,7606.200
65,6,0,50,5593.957
65,6,0,50,7622.822
65,6,0,50,5628.134
65,6,0,50,7630.332
65,6,0,50,5622.941
65,6,0,50,7632.158
65,6,0,50,5622.192
65,6,0,50,7587.020
65,6,0,50,5576.666
65,6,0,50,7616.827
65,6,0,50,5612.842
65,6,0,50,7594.374
65,6,0,50,5582.612
65,6,0,50,7603.273
65,6,0,50,5597.345
65,6,0,50,7607.062
65,6,0,50,5594.985
65,6,0,50,7610.905
65,6,0,50,5600.532
65,6,0,50,7609.305
65,6,0,50,5599.561
65,6,0,50,7608.871
65,6,0,50,5598.331
65,6,0,50,7601.140
65,6,0,50,5590.267
65,6,0,50,7596.243
65,6,0,50,5573.778
65,6,0,50,7616.346
65,6,0,50,5611.566
65,6,0,50,7588.264
65,6,0,50,5575.854
65,6,0,50,7610.367
65,6,0,50,5598.327
65,6,0,50,7594.618
65,6,0,50,5586.190
65,6,0,50,7595.018
65,6,0,50,5591.311
65,6,0,50,7608.843
65,6,0,50,5598.229
65,6,0,50,7609.594
65,6,0,50,5608.258
65,6,0,50,7595.604
65,6,0,50,5586.565
65,6,0,50,7608.559
65,6,0,50,5607.223
65,6,0,50,7608.829
65,6,0,50,5596.400
65,6,0,50,7612.265
65,6,0,50,5587.966
65,6,0,50,7594.739
65,6,0,50,5586.329
65,6,0,50,7606.342
65,6,0,50,5594.098
65,6,0,50,7610.574
65,6,0,50,5597.498
65,6,0,50,7594.770
65,6,0,50,5584.841
65,6,0,50,7598.984
65,6,0,50,5590.796
65,6,0,50,7601.772
65,6,0,50,5595.362
65,6,0,50,7583.449
65,6,0,50,5579.132
65,6,0,50,7603.608
65,6,0,50,5594.864
65,6,0,50,7605.007
65,6,0,50,5592.116
65,6,0,50,7588.536
65,6,0,50,5590.422
65,6,0,50,7612.583
65,6,0,50,5602.081
65,6,0,50,7606.946
65,6,0,50,5597.999
65,6,0,50,1605.395
66,6,0,50,0.111
66,6,0,50,3516.635
66,6,0,50,5448.074
66,6,0,50,11464.844
66,6,0,50,5592.269
66,6,0,50,5462.738
66,6,0,50,5447.947
66,6,0,50,11492.494
66,6,0,50,11465.518
66,6,0,50,11513.467
66,6,0,50,11424.066
66,6,0,50,11452.719
66,6,0,50,5579.033
66,6,0,50,11468.100
66,6,0,50,5595.747
66,6,0,50,11491.536
66,6,0,50,11464.023
66,6,0,50,11488.361
66,6,0,50,5614.546
66,6,0,50,11460.112
66,6,0,50,5586.352
66,6,0,50,11476.530
66,6,0,50,5603.011
66,6,0,50,11474.633
66,6,0,50,5600.484
66,6,0,50,11465.051
66,6,0,50,5592.050
66,6,0,50,11499.265
66,6,0,50,11467.752
66,6,0,50,11495.238
66,6,0,50,11471.929
66,6,0,50,11494.360
66,6,0,50,11427.902
66,6,0,50,11447.852
66,6,0,50,5574.166
66,6,0,50,11483.566
66,6,0,50,9598.507
66,6,0,50,11453.632
66,6,0,50,5581.020
66,6,0,50,11468.068
66,6,0,50,5596.049
66,6,0,50,11466.042
66,6,0,50,5592.597
66,6,0,50,11471.460
66,6,0,50,5599.459
66,6,0,50,11470.692
66,6,0,50,5598.080
66,6,0,50,11469.110
66,6,0,50,5596.646
66,6,0,50,11461.417
66,6,0,50,5588.175
66,6,0,50,11444.372
66,6,0,50,5572.130
66,6,0,50,11482.363
66,6,0,50,5610.066
66,6,0,50,11447.078
66,6,0,50,5573.688
66,6,0,50,11469.403
66,6,0,50,9599.955
66,6,0,50,11457.154
66,6,0,50,5584.542
66,6,0,50,11462.350
66,6,0,50,5589.756
66,6,0,50,11469.138
66,6,0,50,5597.156
66,6,0,50,11479.148
66,6,0,50,5606.833
66,6,0,50,11457.881
66,6,0,50,5584.084
66,6,0,50,11478.317
66,6,0,50,5605.279
66,6,0,50,11467.828
66,6,0,50,5593.845
66,6,0,50,11459.079
66,6,0,50,5585.504
66,6,0,50,11457.219
66,6,0,50,5584.700
66,6,0,50,11464.933
66,6,0,50,5592.580
66,6,0,50,11468.666
66,6,0,50,5594.980
66,6,0,50,11455.676
66,6,0,50,5583.453
66,6,0,50,11461.612
66,6,0,50,5589.260
66,6,0,50,11466.197
66,6,0,50,5593.678
66,6,0,50,11450.300
66,6,0,50,5576.595
66,6,0,50,11465.699
66,6,0,50,5593.365
66,6,0,50,11462.969
66,6,0,50,5590.598
66,6,0,50,11461.331
66,6,0,50,5589.016
66,6,0,50,11472.990
66,6,0,50,5600.452
66,6,0,50,11469.185
66,6,0,50,5595.925
66,6,0,50,1601.785
67,6,0,50,0.111
67,6,0,50,1685.107
67,6,0,50,1777.057
67,6,0,50,5746.411
67,6,0,50,5560.269
67,6,0,50,5451.386
67,6,0,50,1777.411
67,6,0,50,5776.265
67,6,0,50,5587.920
67,6,0,50,5789.998
67,6,0,50,5608.874
67,6,0,50,5748.897
67,6,0,50,5548.348
67,6,0,50,5773.019
67,6,0,50,5564.025
67,6,0,50,5792.196
67,6,0,50,5555.813
67,6,0,50,5788.576
67,6,0,50,5584.416
67,6,0,50,5760.587
67,6,0,50,5555.760
67,6,0,50,5780.264
67,6,0,50,5572.344
67,6,0,50,5781.256
67,6,0,50,5570.484
67,6,0,50,5769.766
67,6,0,50,5560.569
67,6,0,50,5783.647
67,6,0,50,5594.413
67,6,0,50,5792.306
67,6,0,50,5560.905
67,6,0,50,5796.668
67,6,0,50,5559.341
67,6,0,50,5752.419
67,6,0,50,5543.500
67,6,0,50,5782.170
67,6,0,50,5578.954
67,6,0,50,5757.921
67,6,0,50,5549.169
67,6,0,50,5776.135
67,6,0,50,5563.808
67,6,0,50,5771.961
67,6,0,50,5561.171
67,6,0,50,5773.008
67,6,0,50,5566.922
67,6,0,50,5776.852
67,6,0,50,5566.414
67,6,0,50,5772.399
67,6,0,50,5564.535
67,6,0,50,5763.299
67,6,0,50,5557.046
67,6,0,50,5761.661
67,6,0,50,5539.630
67,6,0,50,5780.153
67,6,0,50,5577.844
67,6,0,50,5753.034
67,6,0,50,5542.744
67,6,0,50,5773.396
67,6,0,50,5564.902
67,6,0,50,5755.703
67,6,0,50,5552.413
67,6,0,50,5773.065
67,6,0,50,5557.997
67,6,0,50,5771.760
67,6,0,50,5564.378
67,6,0,50,5774.475
67,6,0,50,5574.407
67,6,0,50,5759.318
67,6,0,50,5553.658
67,6,0,50,5773.070
67,6,0,50,5573.687
67,6,0,50,5771.098
67,6,0,50,5563.623
67,6,0,50,5776.590
67,6,0,50,5554.430
67,6,0,50,5759.675
67,6,0,50,5552.885
67,6,0,50,5774.685
67,6,0,50,5560.173
67,6,0,50,5776.714
67,6,0,50,5564.350
67,6,0,50,5760.169
67,6,0,50,5550.898
67,6,0,50,5762.624
67,6,0,50,5557.093
67,6,0,50,5768.449
67,6,0,50,5561.659
67,6,0,50,5749.867
67,6,0,50,5546.151
67,6,0,50,5771.155
67,6,0,50,5561.180
67,6,0,50,5769.629
67,6,0,50,5558.394
67,6,0,50,5755.343
67,6,0,50,5556.553
67,6,0,50,5779.927
67,6,0,50,5568.026
67,6,0,50,5773.086
67,6,0,50,5564.851
67,6,0,50,1606.118
68,6,0,50,0.111
68,6,0,50,3519.116
68,6,0,50,5450.037
68,6,0,50,7586.234
68,6,0,50,5593.917
68,6,0,50,5465.997
68,6,0,50,5450.298
68,6,0,50,7612.792
68,6,0,50,5621.752
68,6,0,50,7641.821
68,6,0,50,5642.651
68,6,0,50,7593.220
68,6,0,50,5581.310
68,6,0,50,7607.934
68,6,0,50,5597.339
68,6,0,50,11494.091
68,6,0,50,5619.738
68,6,0,50,7627.344
68,6,0,50,5616.712
68,6,0,50,7594.262
68,6,0,50,5588.630
68,6,0,50,7615.087
68,6,0,50,5605.325
68,6,0,50,7616.172
68,6,0,50,5602.836
68,6,0,50,7606.386
68,6,0,50,5593.735
68,6,0,50,7622.915
68,6,0,50,5627.949
68,6,0,50,11498.960
68,6,0,50,5622.867
68,6,0,50,11497.581
68,6,0,50,5621.988
68,6,0,50,7586.798
68,6,0,50,5576.369
68,6,0,50,7616.938
68,6,0,50,5613.028
68,6,0,50,7594.522
68,6,0,50,5582.797
68,6,0,50,7603.459
68,6,0,50,5597.512
68,6,0,50,7607.080
68,6,0,50,5594.800
68,6,0,50,7610.998
68,6,0,50,5600.829
68,6,0,50,7609.101
68,6,0,50,5599.728
68,6,0,50,7608.963
68,6,0,50,5598.386
68,6,0,50,7601.066
68,6,0,50,5590.175
68,6,0,50,7596.336
68,6,0,50,5573.833
68,6,0,50,7616.476
68,6,0,50,5611.788
68,6,0,50,7588.394
68,6,0,50,5575.706
68,6,0,50,7610.682
68,6,0,50,5598.476
68,6,0,50,7594.248
68,6,0,50,5586.245
68,6,0,50,7595.055
68,6,0,50,5591.459
68,6,0,50,7608.880
68,6,0,50,5598.507
68,6,0,50,7609.575
68,6,0,50,5608.406
68,6,0,50,7595.845
68,6,0,50,5586.398
68,6,0,50,7608.689
68,6,0,50,5607.038
68,6,0,50,7608.922
68,6,0,50,5596.197
68,6,0,50,7612.821
68,6,0,50,5587.707
68,6,0,50,7594.868
68,6,0,50,5586.477
68,6,0,50,7606.416
68,6,0,50,5594.246
68,6,0,50,7610.704
68,6,0,50,5597.257
68,6,0,50,7594.788
68,6,0,50,5584.952
68,6,0,50,7599.262
68,6,0,50,5590.889
68,6,0,50,7601.735
68,6,0,50,5595.436
68,6,0,50,7583.579
68,6,0,50,5578.891
68,6,0,50,7603.404
68,6,0,50,5594.902
68,6,0,50,7604.729
68,6,0,50,5592.208
68,6,0,50,7588.629
68,6,0,50,5590.645
68,6,0,50,7612.732
68,6,0,50,5602.210
68,6,0,50,7607.020
68,6,0,50,5597.814
68,6,0,50,1605.155
69,6,0,50,0.111
69,6,0,50,3516.671
69,6,0,50,5448.074
69,6,0,50,11464.862
69,6,0,50,5592.269
69,6,0,50,5462.756
69,6,0,50,5447.928
69,6,0,50,11492.475
69,6,0,50,11465.518
69,6,0,50,11513.467
69,6,0,50,11424.047
69,6,0,50,11452.700
69,6,0,50,5579.014
69,6,0,50,11468.081
69,6,0,50,5595.728
69,6,0,50,17459.652
69,6,0,50,11464.059
69,6,0,50,11488.361
69,6,0,50,5614.508
69,6,0,50,11460.093
69,6,0,50,5586.334
69,6,0,50,11476.530
69,6,0,50,5603.011
69,6,0,50,11474.651
69,6,0,50,5600.539
69,6,0,50,11465.051
69,6,0,50,5592.031
69,6,0,50,11499.265
69,6,0,50,11467.714
69,6,0,50,16619.248
69,6,0,50,11471.947
69,6,0,50,17423.550
69,6,0,50,11427.865
69,6,0,50,11447.870
69,6,0,50,5574.129
69,6,0,50,11483.566
69,6,0,50,9598.488
69,6,0,50,11453.632
69,6,0,50,5581.001
69,6,0,50,11468.086
69,6,0,50,5596.049
69,6,0,50,11466.078
69,6,0,50,5592.578
69,6,0,50,11471.459
69,6,0,50,5599.458
69,6,0,50,11470.710
69,6,0,50,5598.098
69,6,0,50,11469.110
69,6,0,50,5596.627
69,6,0,50,11461.435
69,6,0,50,5588.175
69,6,0,50,11444.371
69,6,0,50,5572.111
69,6,0,50,11482.381
69,6,0,50,5610.047
69,6,0,50,11447.096
69,6,0,50,5573.669
69,6,0,50,11469.402
69,6,0,50,9599.936
69,6,0,50,11457.154
69,6,0,50,5584.505
69,6,0,50,11462.331
69,6,0,50,5589.719
69,6,0,50,11469.137
69,6,0,50,5597.118
69,6,0,50,11479.148
69,6,0,50,5606.795
69,6,0,50,11457.862
69,6,0,50,5584.065
69,6,0,50,11478.317
69,6,0,50,5605.242
69,6,0,50,11467.827
69,6,0,50,5593.808
69,6,0,50,11459.097
69,6,0,50,5585.485
69,6,0,50,11457.255
69,6,0,50,5584.681
69,6,0,50,11464.951
69,6,0,50,5592.580
69,6,0,50,11468.665
69,6,0,50,5594.979
69,6,0,50,11455.639
69,6,0,50,5583.453
69,6,0,50,11461.667
69,6,0,50,5589.222
69,6,0,50,11466.215
69,6,0,50,5593.659
69,6,0,50,11450.318
69,6,0,50,5576.577
69,6,0,50,11465.699
69,6,0,50,5593.365
69,6,0,50,11462.968
69,6,0,50,5590.597
69,6,0,50,11461.312
69,6,0,50,5589.015
69,6,0,50,11472.971
69,6,0,50,5600.433
69,6,0,50,11469.185
69,6,0,50,5595.925
69,6,0,50,1601.766
70,6,0,50,0.111
70,6,0,50,1685.107
70,6,0,50,1776.945
70,6,0,50,5746.318
70,6,0,50,5560.250
70,6,0,50,5465.997
70,6,0,50,1777.318
70,6,0,50,5776.117
70,6,0,50,5587.771
70,6,0,50,5789.905
70,6,0,50,5608.726
70,6,0,50,5749.026
70,6,0,50,5548.236
70,6,0,50,5772.907
70,6,0,50,5563.932
70,6,0,50,7628.760
70,6,0,50,5555.831
70,6,0,50,5788.446
70,6,0,50,5584.286
70,6,0,50,5760.475
70,6,0,50,5555.648
70,6,0,50,5780.338
70,6,0,50,5572.251
70,6,0,50,5781.144
70,6,0,50,5570.373
70,6,0,50,5769.673
70,6,0,50,5560.494
70,6,0,50,5783.573
70,6,0,50,5594.357
70,6,0,50,7629.518
70,6,0,50,5560.719
70,6,0,50,7631.047
70,6,0,50,5559.211
70,6,0,50,5752.400
70,6,0,50,5543.425
70,6,0,50,5782.114
70,6,0,50,5578.861
70,6,0,50,5757.828
70,6,0,50,5549.113
70,6,0,50,5776.117
70,6,0,50,5563.604
70,6,0,50,5771.868
70,6,0,50,5561.133
70,6,0,50,5773.026
70,6,0,50,5566.792
70,6,0,50,5776.759
70,6,0,50,5566.265
70,6,0,50,5772.343
70,6,0,50,5564.387
70,6,0,50,5763.280
70,6,0,50,5557.008
70,6,0,50,5761.568
70,6,0,50,5539.482
70,6,0,50,5780.134
70,6,0,50,5577.714
70,6,0,50,5753.015
70,6,0,50,5542.614
70,6,0,50,5773.321
70,6,0,50,5564.883
70,6,0,50,5755.591
70,6,0,50,5552.394
70,6,0,50,5772.861
70,6,0,50,5557.904
70,6,0,50,5771.649
70,6,0,50,5564.285
70,6,0,50,5774.363
70,6,0,50,5574.369
70,6,0,50,5759.225
70,6,0,50,5553.602
70,6,0,50,5773.143
70,6,0,50,5573.668
70,6,0,50,5771.005
70,6,0,50,5563.493
70,6,0,50,5776.553
70,6,0,50,5554.356
70,6,0,50,5759.526
70,6,0,50,5552.866
70,6,0,50,5774.574
70,6,0,50,5560.099
70,6,0,50,5776.677
70,6,0,50,5564.202
70,6,0,50,5760.113
70,6,0,50,5550.916
70,6,0,50,5762.531
70,6,0,50,5556.982
70,6,0,50,5768.393
70,6,0,50,5561.566
70,6,0,50,5749.793
70,6,0,50,5546.077
70,6,0,50,5771.081
70,6,0,50,5561.087
70,6,0,50,5769.554
70,6,0,50,5558.283
70,6,0,50,5755.268
70,6,0,50,5556.460
70,6,0,50,5779.797
70,6,0,50,5567.970
70,6,0,50,5772.993
70,6,0,50,5564.684
70,6,0,50,1606.007
71,6,0,50,0.222
71,6,0,50,3516.690
71,6,0,50,5447.944
71,6,0,50,11465.288
71,6,0,50,5591.417
71,6,0,50,5463.182
71,6,0,50,5448.002
71,6,0,50,11492.790
71,6,0,50,5619.382
71,6,0,50,11513.763
71,6,0,50,5640.133
71,6,0,50,11453.200
71,6,0,50,5578.496
71,6,0,50,11468.877
71,6,0,50,5594.839
71,6,0,50,11491.721
71,6,0,50,5617.109
71,6,0,50,11489.212
71,6,0,50,5614.027
71,6,0,50,11460.686
71,6,0,50,5585.871
71,6,0,50,11477.196
71,6,0,50,5602.510
71,6,0,50,11475.355
71,6,0,50,5600.002
71,6,0,50,11465.513
71,6,0,50,5591.142
71,6,0,50,11499.487
71,6,0,50,5625.338
71,6,0,50,11495.849
71,6,0,50,5620.330
71,6,0,50,11494.730
71,6,0,50,5619.137
71,6,0,50,11448.370
71,6,0,50,5573.592
71,6,0,50,11483.843
71,6,0,50,5611.065
71,6,0,50,11454.206
71,6,0,50,5580.261
71,6,0,50,11468.605
71,6,0,50,5595.160
71,6,0,50,11466.097
71,6,0,50,5591.929
71,6,0,50,11471.811
71,6,0,50,5598.458
71,6,0,50,11471.303
71,6,0,50,5597.265
71,6,0,50,11469.498
71,6,0,50,5595.850
71,6,0,50,11461.990
71,6,0,50,5587.527
71,6,0,50,11444.556
71,6,0,50,5571.315
71,6,0,50,11482.752
71,6,0,50,5609.214
71,6,0,50,11447.633
71,6,0,50,5572.947
71,6,0,50,11469.865
71,6,0,50,5596.087
71,6,0,50,11457.394
71,6,0,50,5583.708
71,6,0,50,11462.812
71,6,0,50,5588.923
71,6,0,50,11469.359
71,6,0,50,5596.174
71,6,0,50,11479.314
71,6,0,50,5605.962
71,6,0,50,11458.621
71,6,0,50,5583.546
71,6,0,50,11478.706
71,6,0,50,5604.372
71,6,0,50,11468.494
71,6,0,50,5593.326
71,6,0,50,11459.301
71,6,0,50,5584.855
71,6,0,50,11457.866
71,6,0,50,5583.977
71,6,0,50,11465.099
71,6,0,50,5591.765
71,6,0,50,11469.387
71,6,0,50,5594.387
71,6,0,50,11455.861
71,6,0,50,5582.508
71,6,0,50,11462.075
71,6,0,50,5588.500
71,6,0,50,11466.511
71,6,0,50,5592.899
71,6,0,50,11451.133
71,6,0,50,5576.095
71,6,0,50,11466.199
71,6,0,50,5592.402
71,6,0,50,11463.191
71,6,0,50,5589.782
71,6,0,50,11461.516
71,6,0,50,5588.126
71,6,0,50,11473.156
71,6,0,50,5599.674
71,6,0,50,11469.740
71,6,0,50,5595.147
71,6,0,50,1602.377
72,6,0,50,0.093
72,6,0,50,3516.598
72,6,0,50,5448.019
72,6,0,50,11587.806
72,6,0,50,5592.177
72,6,0,50,5462.701
72,6,0,50,5447.855
72,6,0,50,17461.092
72,6,0,50,13511.026
72,6,0,50,17419.640
72,6,0,50,13462.518
72,6,0,50,11574.589
72,6,0,50,5578.941
72,6,0,50,11591.266
72,6,0,50,5595.636
72,6,0,50,17459.597
72,6,0,50,13496.845
72,6,0,50,11610.138
72,6,0,50,7282.389
72,6,0,50,11581.945
72,6,0,50,5586.223
72,6,0,50,11598.585
72,6,0,50,5603.011
72,6,0,50,11596.059
72,6,0,50,5600.429
72,6,0,50,11587.551
72,6,0,50,5591.921
72,6,0,50,17463.289
72,6,0,50,13500.075
72,6,0,50,16619.193
72,6,0,50,13501.826
72,6,0,50,17423.477
72,6,0,50,13457.299
72,6,0,50,11569.648
72,6,0,50,5574.018
72,6,0,50,15594.081
72,6,0,50,13464.283
72,6,0,50,11576.632
72,6,0,50,5581.002
72,6,0,50,11591.605
72,6,0,50,5595.975
72,6,0,50,11588.097
72,6,0,50,5592.486
72,6,0,50,11594.996
72,6,0,50,5599.385
72,6,0,50,11593.618
72,6,0,50,5597.969
72,6,0,50,11592.239
72,6,0,50,5596.535
72,6,0,50,11583.676
72,6,0,50,5588.083
72,6,0,50,11567.705
72,6,0,50,5572.001
72,6,0,50,11605.622
72,6,0,50,5610.048
72,6,0,50,11569.244
72,6,0,50,5573.559
72,6,0,50,15595.289
72,6,0,50,13464.768
72,6,0,50,11580.098
72,6,0,50,5584.431
72,6,0,50,11585.331
72,6,0,50,5589.720
72,6,0,50,11592.711
72,6,0,50,5597.045
72,6,0,50,11602.388
72,6,0,50,5606.703
72,6,0,50,11579.584
72,6,0,50,5583.955
72,6,0,50,11600.798
72,6,0,50,5605.131
72,6,0,50,11589.420
72,6,0,50,5593.698
72,6,0,50,11581.097
72,6,0,50,5585.393
72,6,0,50,11580.311
72,6,0,50,5584.552
72,6,0,50,11588.118
72,6,0,50,5592.469
72,6,0,50,11590.554
72,6,0,50,5594.924
72,6,0,50,11579.027
72,6,0,50,5583.398
72,6,0,50,11584.834
72,6,0,50,5589.112
72,6,0,50,11589.270
72,6,0,50,5593.567
72,6,0,50,11572.207
72,6,0,50,5576.485
72,6,0,50,11588.958
72,6,0,50,5593.254
72,6,0,50,11586.172
72,6,0,50,5590.505
72,6,0,50,11584.516
72,6,0,50,5588.905
72,6,0,50,11596.045
72,6,0,50,5600.359
72,6,0,50,11591.518
72,6,0,50,5595.851
72,6,0,50,1601.674
73,12,0,40,0.223
73,12,0,40,8083.987
73,12,0,40,7990.257
73,12,0,40,550414.797
73,12,0,40,538643.888
73,12,0,40,526844.610
73,12,0,40,515045.312
73,12,0,40,503245.941
73,12,0,40,491446.717
73,12,0,40,479647.365
73,12,0,40,467848.030
73,12,0,40,456048.936
73,12,0,40,444249.695
73,12,0,40,432450.434
73,12,0,40,420651.193
73,12,0,40,408851.728
73,12,0,40,397052.357
73,12,0,40,385253.004
73,12,0,40,373453.596
73,12,0,40,361654.428
73,12,0,40,349855.149
73,12,0,40,338055.926
73,12,0,40,326256.425
73,12,0,40,314459.683
73,12,0,40,302660.349
73,12,0,40,290860.810
73,12,0,40,279061.402
73,12,0,40,267262.382
73,12,0,40,255463.159
73,12,0,40,243663.843
73,12,0,40,231864.268
73,12,0,40,220065.045
73,12,0,40,208265.692
73,12,0,40,196466.265
73,12,0,40,184666.856
73,12,0,40,172867.615
73,12,0,40,161068.484
73,12,0,40,149269.242
73,12,0,40,137469.834
73,12,0,40,125670.721
73,12,0,40,113871.183
73,12,0,40,102071.738
73,12,0,40,90272.255
73,12,0,40,78475.106
73,12,0,40,66676.012
73,12,0,40,54876.845
73,12,0,40,43077.492
73,12,0,40,31278.380
73,12,0,40,19479.138
73,12,0,40,7679.840
74,12,0,40,0.222
74,12,0,40,572207.789
74,12,0,40,560338.770
74,12,0,40,557942.701
74,12,0,40,546070.811
74,12,0,40,534199.162
74,12,0,40,522328.125
74,12,0,40,510456.217
74,12,0,40,498584.864
74,12,0,40,486713.511
74,12,0,40,474842.196
74,12,0,40,462971.343
74,12,0,40,451100.158
74,12,0,40,439228.657
74,12,0,40,427357.304
74,12,0,40,415486.656
74,12,0,40,403615.525
74,12,0,40,391744.265
74,12,0,40,379873.191
74,12,0,40,368002.579
74,12,0,40,356131.485
74,12,0,40,344260.374
74,12,0,40,332391.262
74,12,0,40,320519.650
74,12,0,40,308647.853
74,12,0,40,296776.556
74,12,0,40,284905.204
74,12,0,40,273034.018
74,12,0,40,261162.850
74,12,0,40,249291.757
74,12,0,40,237421.034
74,12,0,40,225550.700
74,12,0,40,213680.033
74,12,0,40,201809.328
74,12,0,40,189938.531
74,12,0,40,178067.883
74,12,0,40,166197.215
74,12,0,40,154326.307
74,12,0,40,142455.473
74,12,0,40,130583.602
74,12,0,40,118712.712
74,12,0,40,106841.953
74,12,0,40,94971.267
74,12,0,40,83100.877
74,12,0,40,71230.802
74,12,0,40,59360.172
74,12,0,40,47489.301
74,12,0,40,35619.022
74,12,0,40,23748.300
74,12,0,40,11877.614
75,12,0,40,0.241
75,12,0,40,575977.103
75,12,0,40,563985.974
75,12,0,40,558056.738
75,12,0,40,546062.923
75,12,0,40,534069.090
75,12,0,40,522075.182
75,12,0,40,510081.312
75,12,0,40,498087.441
75,12,0,40,486093.497
75,12,0,40,474099.534
75,12,0,40,462105.812
75,12,0,40,450111.923
75,12,0,40,438117.997
75,12,0,40,426124.071
75,12,0,40,414130.515
75,12,0,40,402136.626
75,12,0,40,390142.756
75,12,0,40,378148.885
75,12,0,40,366155.237
75,12,0,40,354161.404
75,12,0,40,342167.496
75,12,0,40,330173.552
75,12,0,40,318179.978
75,12,0,40,306186.089
75,12,0,40,294192.163
75,12,0,40,282198.219
75,12,0,40,270204.404
75,12,0,40,258210.515
75,12,0,40,246216.570
75,12,0,40,234222.663
75,12,0,40,222228.848
75,12,0,40,210234.903
75,12,0,40,198240.978
75,12,0,40,186247.107
75,12,0,40,174253.403
75,12,0,40,162259.496
75,12,0,40,150265.551
75,12,0,40,138271.607
75,12,0,40,126278.051
75,12,0,40,114284.162
75,12,0,40,102290.255
75,12,0,40,90296.348
75,12,0,40,78302.681
75,12,0,40,66308.848
75,12,0,40,54314.996
75,12,0,40,42321.125
75,12,0,40,30327.514
75,12,0,40,18333.551
75,12,0,40,6339.607
76,12,0,40,0.241
76,12,0,40,13943.344
76,12,0,40,7989.627
76,12,0,40,550416.630
76,12,0,40,538643.184
76,12,0,40,526843.868
76,12,0,40,515044.553
76,12,0,40,503245.255
76,12,0,40,491446.013
76,12,0,40,479646.605
76,12,0,40,467847.289
76,12,0,40,456048.269
76,12,0,40,444249.046
76,12,0,40,432449.730
76,12,0,40,420650.414
76,12,0,40,408850.950
76,12,0,40,397051.746
76,12,0,40,385252.300
76,12,0,40,373452.836
76,12,0,40,361653.668
76,12,0,40,349854.390
76,12,0,40,338055.166
76,12,0,40,326255.647
76,12,0,40,314459.034
76,12,0,40,302659.663
76,12,0,40,290860.143
76,12,0,40,279060.716
76,12,0,40,267261.623
76,12,0,40,255462.437
76,12,0,40,243663.047
76,12,0,40,231863.546
76,12,0,40,220064.378
76,12,0,40,208264.914
76,12,0,40,196465.579
76,12,0,40,184666.115
76,12,0,40,172866.985
76,12,0,40,161067.743
76,12,0,40,149268.557
76,12,0,40,137469.148
76,12,0,40,125669.943
76,12,0,40,113870.442
76,12,0,40,102071.034
76,12,0,40,90271.533
76,12,0,40,78474.365
76,12,0,40,66675.290
76,12,0,40,54876.122
76,12,0,40,43076.825
76,12,0,40,31277.639
76,12,0,40,19478.489
76,12,0,40,7679.155
77,12,0,40,0.111
77,12,0,40,572207.882
77,12,0,40,569804.665
77,12,0,40,557942.534
77,12,0,40,546070.589
77,12,0,40,534199.236
77,12,0,40,522327.940
77,12,0,40,510456.309
77,12,0,40,498584.920
77,12,0,40,486713.512
77,12,0,40,474842.344
77,12,0,40,462971.399
77,12,0,40,451100.195
77,12,0,40,439228.694
77,12,0,40,427357.360
77,12,0,40,415486.711
77,12,0,40,403615.562
77,12,0,40,391744.339
77,12,0,40,379873.357
77,12,0,40,368002.690
77,12,0,40,356131.541
77,12,0,40,344260.318
77,12,0,40,332391.003
77,12,0,40,320519.335
77,12,0,40,308647.872
77,12,0,40,296776.593
77,12,0,40,284905.204
77,12,0,40,273034.055
77,12,0,40,261162.869
77,12,0,40,249292.016
77,12,0,40,237421.256
77,12,0,40,225550.922
77,12,0,40,213680.218
77,12,0,40,201809.532
77,12,0,40,189938.735
77,12,0,40,178068.031
77,12,0,40,166197.400
77,12,0,40,154326.474
77,12,0,40,142455.362
77,12,0,40,130583.584
77,12,0,40,118712.916
77,12,0,40,106842.175
77,12,0,40,94971.545
77,12,0,40,83101.136
77,12,0,40,71231.006
77,12,0,40,59360.320
77,12,0,40,47489.486
77,12,0,40,35619.152
77,12,0,40,23748.540
77,12,0,40,11877.762
78,12,0,40,0.185
78,12,0,40,575977.011
78,12,0,40,570049.997
78,12,0,40,558056.460
78,12,0,40,546062.626
78,12,0,40,534068.830
78,12,0,40,522074.904
78,12,0,40,510081.034
78,12,0,40,498087.145
78,12,0,40,486093.219
78,12,0,40,474099.256
78,12,0,40,462105.534
78,12,0,40,450111.645
78,12,0,40,438117.719
78,12,0,40,426123.867
78,12,0,40,414130.219
78,12,0,40,402136.367
78,12,0,40,390142.478
78,12,0,40,378148.589
78,12,0,40,366154.941
78,12,0,40,354161.126
78,12,0,40,342167.219
78,12,0,40,330173.367
78,12,0,40,318179.700
78,12,0,40,306185.792
78,12,0,40,294191.885
78,12,0,40,282197.922
78,12,0,40,270204.126
78,12,0,40,258210.237
78,12,0,40,246216.274
78,12,0,40,234222.366
78,12,0,40,222228.589
78,12,0,40,210234.626
78,12,0,40,198240.700
78,12,0,40,186246.811
78,12,0,40,174253.107
78,12,0,40,162259.218
78,12,0,40,150265.274
78,12,0,40,138271.403
78,12,0,40,126277.755
78,12,0,40,114283.885
78,12,0,40,102289.977
78,12,0,40,90296.088
78,12,0,40,78302.403
78,12,0,40,66308.551
78,12,0,40,54314.718
78,12,0,40,42320.921
78,12,0,40,30327.236
78,12,0,40,18333.273
78,12,0,40,6339.347
79,12,0,40,0.129
79,12,0,40,12104.761
79,12,0,40,560209.308
79,12,0,40,548577.880
79,12,0,40,536804.453
79,12,0,40,525005.192
79,12,0,40,513205.747
79,12,0,40,501406.524
79,12,0,40,489607.245
79,12,0,40,477807.966
79,12,0,40,466008.613
79,12,0,40,454209.464
79,12,0,40,442410.352
79,12,0,40,430610.980
79,12,0,40,418811.683
79,12,0,40,407012.274
79,12,0,40,395212.977
79,12,0,40,383413.606
79,12,0,40,371614.142
79,12,0,40,359814.881
79,12,0,40,348015.676
79,12,0,40,336216.490
79,12,0,40,324416.897
79,12,0,40,312620.247
79,12,0,40,300820.894
79,12,0,40,289021.412
79,12,0,40,277222.115
79,12,0,40,265423.021
79,12,0,40,253623.723
79,12,0,40,241824.315
79,12,0,40,230024.814
79,12,0,40,218225.609
79,12,0,40,206426.164
79,12,0,40,194626.866
79,12,0,40,182827.439
79,12,0,40,171028.346
79,12,0,40,159229.011
79,12,0,40,147429.807
79,12,0,40,135630.454
79,12,0,40,123831.267
79,12,0,40,112031.711
79,12,0,40,100232.210
79,12,0,40,88432.875
79,12,0,40,76635.652
79,12,0,40,64836.632
79,12,0,40,53037.428
79,12,0,40,41238.075
79,12,0,40,29438.944
79,12,0,40,17639.813
79,12,0,40,5840.442
80,12,0,40,0.204
80,12,0,40,566384.080
80,12,0,40,563980.399
80,12,0,40,552118.195
80,12,0,40,540246.509
80,12,0,40,528375.305
80,12,0,40,516503.637
80,12,0,40,504632.229
80,12,0,40,492760.858
80,12,0,40,480889.487
80,12,0,40,469018.357
80,12,0,40,457147.282
80,12,0,40,445276.041
80,12,0,40,433404.540
80,12,0,40,421533.391
80,12,0,40,409662.724
80,12,0,40,397791.519
80,12,0,40,385920.352
80,12,0,40,374049.481
80,12,0,40,362178.684
80,12,0,40,350307.498
80,12,0,40,338436.535
80,12,0,40,326566.775
80,12,0,40,314695.070
80,12,0,40,302823.810
80,12,0,40,290952.513
80,12,0,40,279081.142
80,12,0,40,267209.993
80,12,0,40,255338.826
80,12,0,40,243468.085
80,12,0,40,231597.325
80,12,0,40,219727.009
80,12,0,40,207856.323
80,12,0,40,195985.637
80,12,0,40,184114.785
80,12,0,40,172244.081
80,12,0,40,160373.432
80,12,0,40,148502.524
80,12,0,40,136631.115
80,12,0,40,124759.633
80,12,0,40,112888.984
80,12,0,40,101018.299
80,12,0,40,89147.650
80,12,0,40,77277.279
80,12,0,40,65407.167
80,12,0,40,53536.370
80,12,0,40,41665.999
80,12,0,40,29795.239
80,12,0,40,17924.572
80,12,0,40,6053.867
81,12,0,40,0.333
81,12,0,40,575977.121
81,12,0,40,570049.960
81,12,0,40,558056.348
81,12,0,40,546062.497
81,12,0,40,534068.700
81,12,0,40,522074.793
81,12,0,40,510080.904
81,12,0,40,498087.015
81,12,0,40,486093.089
81,12,0,40,474099.237
81,12,0,40,462105.404
81,12,0,40,450111.515
81,12,0,40,438117.570
81,12,0,40,426123.737
81,12,0,40,414130.070
81,12,0,40,402136.237
81,12,0,40,390142.329
81,12,0,40,378148.533
81,12,0,40,366154.829
81,12,0,40,354160.996
81,12,0,40,342167.070
81,12,0,40,330173.237
81,12,0,40,318179.589
81,12,0,40,306185.663
81,12,0,40,294191.737
81,12,0,40,282197.848
81,12,0,40,270203.977
81,12,0,40,258210.107
81,12,0,40,246216.144
81,12,0,40,234222.236
81,12,0,40,222228.459
81,12,0,40,210234.496
81,12,0,40,198240.588
81,12,0,40,186246.755
81,12,0,40,174252.996
81,12,0,40,162259.070
81,12,0,40,150265.144
81,12,0,40,138271.273
81,12,0,40,126277.644
81,12,0,40,114283.773
81,12,0,40,102289.847
81,12,0,40,90296.032
81,12,0,40,78302.273
81,12,0,40,66308.421
81,12,0,40,54314.606
81,12,0,40,42320.791
81,12,0,40,30327.106
81,12,0,40,18333.143
81,12,0,40,6339.217
82,12,0,40,0.185
82,12,0,40,17948.767
82,12,0,40,560209.105
82,12,0,40,548577.399
82,12,0,40,536803.935
82,12,0,40,525004.637
82,12,0,40,513205.136
82,12,0,40,501405.969
82,12,0,40,489606.708
82,12,0,40,477807.466
82,12,0,40,466008.002
82,12,0,40,454208.909
82,12,0,40,442409.815
82,12,0,40,430610.462
82,12,0,40,418811.128
82,12,0,40,407011.756
82,12,0,40,395212.403
82,12,0,40,383413.069
82,12,0,40,371613.587
82,12,0,40,359814.382
82,12,0,40,348015.121
82,12,0,40,336215.935
82,12,0,40,324416.416
82,12,0,40,312619.674
82,12,0,40,300820.339
82,12,0,40,289020.857
82,12,0,40,277221.541
82,12,0,40,265422.392
82,12,0,40,253623.150
82,12,0,40,241823.741
82,12,0,40,230024.333
82,12,0,40,218225.036
82,12,0,40,206425.627
82,12,0,40,194626.311
82,12,0,40,182826.866
82,12,0,40,171027.791
82,12,0,40,159228.419
82,12,0,40,147429.233
82,12,0,40,135629.954
82,12,0,40,123830.694
82,12,0,40,112031.100
82,12,0,40,100231.655
82,12,0,40,88432.339
82,12,0,40,76635.060
82,12,0,40,64836.133
82,12,0,40,53036.891
82,12,0,40,41237.612
82,12,0,40,29438.407
82,12,0,40,17639.203
82,12,0,40,5839.905
83,12,0,40,0.222
83,12,0,40,566383.895
83,12,0,40,563979.696
83,12,0,40,552117.436
83,12,0,40,540245.972
83,12,0,40,528374.842
83,12,0,40,516502.952
83,12,0,40,504631.674
83,12,0,40,492760.321
83,12,0,40,480888.950
83,12,0,40,469017.968
83,12,0,40,457146.838
83,12,0,40,445275.522
83,12,0,40,433404.040
83,12,0,40,421533.169
83,12,0,40,409662.242
83,12,0,40,397791.020
83,12,0,40,385920.056
83,12,0,40,374049.240
83,12,0,40,362178.184
83,12,0,40,350307.054
83,12,0,40,338436.164
83,12,0,40,326566.256
83,12,0,40,314694.515
83,12,0,40,302823.255
83,12,0,40,290952.013
83,12,0,40,279080.735
83,12,0,40,267209.456
83,12,0,40,255338.419
83,12,0,40,243467.677
83,12,0,40,231596.991
83,12,0,40,219726.583
83,12,0,40,207855.916
83,12,0,40,195985.323
83,12,0,40,184114.507
83,12,0,40,172243.692
83,12,0,40,160373.061
83,12,0,40,148502.116
83,12,0,40,136630.430
83,12,0,40,124759.319
83,12,0,40,112888.559
83,12,0,40,101017.965
83,12,0,40,89147.317
83,12,0,40,77277.001
83,12,0,40,65406.815
83,12,0,40,53536.037
83,12,0,40,41665.629
83,12,0,40,29794.906
83,12,0,40,17924.238
83,12,0,40,6053.515
84,12,0,40,0.278
84,12,0,40,575977.084
84,12,0,40,570049.589
84,12,0,40,558055.959
84,12,0,40,546062.089
84,12,0,40,534068.293
84,12,0,40,522074.404
84,12,0,40,510080.515
84,12,0,40,498086.607
84,12,0,40,486092.682
84,12,0,40,474098.830
84,12,0,40,462105.015
84,12,0,40,450111.126
84,12,0,40,438117.181
84,12,0,40,426123.422
84,12,0,40,414129.663
84,12,0,40,402135.866
84,12,0,40,390141.941
84,12,0,40,378148.144
84,12,0,40,366154.440
84,12,0,40,354160.589
84,12,0,40,342166.663
84,12,0,40,330172.922
84,12,0,40,318179.200
84,12,0,40,306185.274
84,12,0,40,294191.329
84,12,0,40,282197.440
84,12,0,40,270203.588
84,12,0,40,258209.699
84,12,0,40,246215.755
84,12,0,40,234221.903
84,12,0,40,222228.033
84,12,0,40,210234.088
84,12,0,40,198240.181
84,12,0,40,186246.366
84,12,0,40,174252.588
84,12,0,40,162258.681
84,12,0,40,150264.736
84,12,0,40,138270.940
84,12,0,40,126277.236
84,12,0,40,114283.366
84,12,0,40,102289.458
84,12,0,40,90295.643
84,12,0,40,78301.866
84,12,0,40,66308.032
84,12,0,40,54314.217
84,12,0,40,42320.458
84,12,0,40,30326.680
84,12,0,40,18332.754
84,12,0,40,6338.810
85,12,0,40,0.296
85,12,0,40,17948.341
85,12,0,40,560208.956
85,12,0,40,548576.843
85,12,0,40,536803.324
85,12,0,40,525004.100
85,12,0,40,513204.636
85,12,0,40,501405.413
85,12,0,40,489606.171
85,12,0,40,477806.929
85,12,0,40,466007.595
85,12,0,40,454208.372
85,12,0,40,442409.223
85,12,0,40,430610.073
85,12,0,40,418810.591
85,12,0,40,407011.201
85,12,0,40,395211.848
85,12,0,40,383412.513
85,12,0,40,371613.161
85,12,0,40,359813.956
85,12,0,40,348014.658
85,12,0,40,336215.324
85,12,0,40,324418.230
85,12,0,40,312619.155
85,12,0,40,300819.784
85,12,0,40,289020.338
85,12,0,40,277221.134
85,12,0,40,265421.910
85,12,0,40,253622.650
85,12,0,40,241823.204
85,12,0,40,230023.851
85,12,0,40,218224.536
85,12,0,40,206425.072
85,12,0,40,194625.793
85,12,0,40,182826.421
85,12,0,40,171027.254
85,12,0,40,159227.956
85,12,0,40,147428.696
85,12,0,40,135629.417
85,12,0,40,123830.157
85,12,0,40,112030.619
85,12,0,40,100231.136
85,12,0,40,88433.802
85,12,0,40,76634.449
85,12,0,40,64835.596
85,12,0,40,53036.354
85,12,0,40,41237.075
85,12,0,40,29437.982
85,12,0,40,17638.684
85,12,0,40,5839.331
86,12,0,40,0.222
86,12,0,40,566383.635
86,12,0,40,563978.936
86,12,0,40,552116.861
86,12,0,40,540245.509
86,12,0,40,528374.378
86,12,0,40,516502.526
86,12,0,40,504631.173
86,12,0,40,492759.802
86,12,0,40,480888.394
86,12,0,40,469017.431
86,12,0,40,457146.319
86,12,0,40,445275.003
86,12,0,40,433403.540
86,12,0,40,421532.835
86,12,0,40,409661.798
86,12,0,40,397790.538
86,12,0,40,385919.592
86,12,0,40,374048.740
86,12,0,40,362177.721
86,12,0,40,350306.590
86,12,0,40,338435.682
86,12,0,40,326565.811
86,12,0,40,314694.088
86,12,0,40,302822.847
86,12,0,40,290951.513
86,12,0,40,279080.216
86,12,0,40,267208.956
86,12,0,40,255338.048
86,12,0,40,243467.269
86,12,0,40,231596.843
86,12,0,40,219726.231
86,12,0,40,207855.564
86,12,0,40,195984.915
86,12,0,40,184114.136
86,12,0,40,172243.321
86,12,0,40,160372.635
86,12,0,40,148501.764
86,12,0,40,136629.837
86,12,0,40,124758.929
86,12,0,40,112888.206
86,12,0,40,101017.613
86,12,0,40,89147.020
86,12,0,40,77276.834
86,12,0,40,65406.426
86,12,0,40,53535.684
86,12,0,40,41665.258
86,12,0,40,29794.609
86,12,0,40,17923.923
86,12,0,40,6053.163
87,12,0,40,0.092
87,12,0,40,575976.992
87,12,0,40,570049.422
87,12,0,40,558055.737
87,12,0,40,546061.885
87,12,0,40,534068.107
87,12,0,40,522074.181
87,12,0,40,510080.330
87,12,0,40,498086.404
87,12,0,40,486092.459
87,12,0,40,474098.700
87,12,0,40,462104.792
87,12,0,40,450110.922
87,12,0,40,438116.959
87,12,0,40,426123.218
87,12,0,40,414129.477
87,12,0,40,402135.644
87,12,0,40,390141.737
87,12,0,40,378148.051
87,12,0,40,366154.237
87,12,0,40,354160.403
87,12,0,40,342166.459
87,12,0,40,330172.699
87,12,0,40,318178.977
87,12,0,40,306185.051
87,12,0,40,294191.125
87,12,0,40,282197.292
87,12,0,40,270203.347
87,12,0,40,258209.477
87,12,0,40,246215.532
87,12,0,40,234221.681
87,12,0,40,222227.829
87,12,0,40,210233.884
87,12,0,40,198239.958
87,12,0,40,186246.218
87,12,0,40,174252.384
87,12,0,40,162258.458
87,12,0,40,150264.514
87,12,0,40,138270.754
87,12,0,40,126277.032
87,12,0,40,114283.143
87,12,0,40,102289.254
87,12,0,40,90295.514
87,12,0,40,78301.643
87,12,0,40,66307.828
87,12,0,40,54313.995
87,12,0,40,42320.254
87,12,0,40,30326.458
87,12,0,40,18332.532
87,12,0,40,6338.624
88,12,0,40,0.204
88,12,0,40,17946.823
88,12,0,40,560208.660
88,12,0,40,548574.992
88,12,0,40,536801.380
88,12,0,40,525002.230
88,12,0,40,513202.711
88,12,0,40,501403.562
88,12,0,40,489604.246
88,12,0,40,477804.985
88,12,0,40,466005.651
88,12,0,40,454206.465
88,12,0,40,442407.278
88,12,0,40,430608.129
88,12,0,40,418808.702
88,12,0,40,407009.238
88,12,0,40,395209.959
88,12,0,40,383410.588
88,12,0,40,371611.235
88,12,0,40,359812.012
88,12,0,40,348012.733
88,12,0,40,336213.380
88,12,0,40,324416.453
88,12,0,40,312617.211
88,12,0,40,300817.858
88,12,0,40,289018.357
88,12,0,40,277219.208
88,12,0,40,265419.966
88,12,0,40,253620.706
88,12,0,40,241821.260
88,12,0,40,230022.019
88,12,0,40,218222.573
88,12,0,40,206423.127
88,12,0,40,194623.849
88,12,0,40,182824.459
88,12,0,40,171025.328
88,12,0,40,159226.031
88,12,0,40,147426.770
88,12,0,40,135627.566
88,12,0,40,123828.250
88,12,0,40,112028.656
88,12,0,40,100229.211
88,12,0,40,88431.876
88,12,0,40,76632.542
88,12,0,40,64833.670
88,12,0,40,53034.447
88,12,0,40,41235.242
88,12,0,40,29436.037
88,12,0,40,17636.740
88,12,0,40,5837.406
89,12,0,40,0.314
89,12,0,40,566383.431
89,12,0,40,563978.047
89,12,0,40,552115.991
89,12,0,40,540244.583
89,12,0,40,528373.489
89,12,0,40,516501.655
89,12,0,40,504630.229
89,12,0,40,492758.858
89,12,0,40,480887.487
89,12,0,40,469016.653
89,12,0,40,457145.467
89,12,0,40,445274.096
89,12,0,40,433402.632
89,12,0,40,421531.965
89,12,0,40,409660.946
89,12,0,40,397789.612
89,12,0,40,385918.629
89,12,0,40,374047.943
89,12,0,40,362176.813
89,12,0,40,350305.720
89,12,0,40,338436.515
89,12,0,40,326564.978
89,12,0,40,314693.218
89,12,0,40,302821.921
89,12,0,40,290950.605
89,12,0,40,279079.364
89,12,0,40,267208.067
89,12,0,40,255337.159
89,12,0,40,243466.343
89,12,0,40,231595.954
89,12,0,40,219725.379
89,12,0,40,207854.693
89,12,0,40,195984.007
89,12,0,40,184113.303
89,12,0,40,172242.413
89,12,0,40,160371.746
89,12,0,40,148500.856
89,12,0,40,136628.967
89,12,0,40,124758.040
89,12,0,40,112887.336
89,12,0,40,101016.706
89,12,0,40,89146.223
89,12,0,40,77275.908
89,12,0,40,65405.537
89,12,0,40,53534.777
89,12,0,40,41664.387
89,12,0,40,29793.720
89,12,0,40,17923.034
89,12,0,40,6052.293
90,12,0,40,0.185
90,12,0,40,575976.455
90,12,0,40,570047.330
90,12,0,40,558053.589
90,12,0,40,546059.774
90,12,0,40,534065.941
90,12,0,40,522072.015
90,12,0,40,510078.200
90,12,0,40,498084.256
90,12,0,40,486090.311
90,12,0,40,474096.570
90,12,0,40,462102.626
90,12,0,40,450108.755
90,12,0,40,438114.811
90,12,0,40,426121.144
90,12,0,40,414127.348
90,12,0,40,402133.496
90,12,0,40,390139.589
90,12,0,40,378145.903
90,12,0,40,366152.088
90,12,0,40,354158.255
90,12,0,40,342164.292
90,12,0,40,330170.625
90,12,0,40,318176.829
90,12,0,40,306182.885
90,12,0,40,294188.959
90,12,0,40,282195.125
90,12,0,40,270201.199
90,12,0,40,258207.329
90,12,0,40,246213.384
90,12,0,40,234219.607
90,12,0,40,222225.662
90,12,0,40,210231.718
90,12,0,40,198237.810
90,12,0,40,186244.069
90,12,0,40,174250.218
90,12,0,40,162256.292
90,12,0,40,150262.366
90,12,0,40,138268.680
90,12,0,40,126274.884
90,12,0,40,114280.977
90,12,0,40,102287.106
90,12,0,40,90293.347
90,12,0,40,78299.532
90,12,0,40,66305.717
90,12,0,40,54311.828
90,12,0,40,42318.180
90,12,0,40,30324.310
90,12,0,40,18330.365
90,12,0,40,6336.495
91,12,0,40,0.296
91,12,0,40,17945.989
91,12,0,40,560207.975
91,12,0,40,548574.047
91,12,0,40,536800.509
91,12,0,40,525001.248
91,12,0,40,513201.729
91,12,0,40,501402.561
91,12,0,40,489603.245
91,12,0,40,477804.003
91,12,0,40,466004.743
91,12,0,40,454205.501
91,12,0,40,442406.333
91,12,0,40,430607.129
91,12,0,40,418807.683
91,12,0,40,407008.238
91,12,0,40,395208.940
91,12,0,40,383409.587
91,12,0,40,371610.309
91,12,0,40,359811.011
91,12,0,40,348011.769
91,12,0,40,336212.324
91,12,0,40,324415.452
91,12,0,40,312616.229
91,12,0,40,300816.821
91,12,0,40,289017.357
91,12,0,40,277218.244
91,12,0,40,265418.947
91,12,0,40,253619.724
91,12,0,40,241820.260
91,12,0,40,230020.981
91,12,0,40,218221.554
91,12,0,40,206422.145
91,12,0,40,194622.848
91,12,0,40,182823.514
91,12,0,40,171024.346
91,12,0,40,159225.049
91,12,0,40,147425.751
91,12,0,40,135626.565
91,12,0,40,123827.212
91,12,0,40,112027.692
91,12,0,40,100228.210
91,12,0,40,88430.950
91,12,0,40,76631.578
91,12,0,40,64832.744
91,12,0,40,53033.409
91,12,0,40,41234.260
91,12,0,40,29435.074
91,12,0,40,17635.758
91,12,0,40,5836.424
92,12,0,40,0.204
92,12,0,40,566383.358
92,12,0,40,563977.584
92,12,0,40,552115.565
92,12,0,40,540244.065
92,12,0,40,528373.027
92,12,0,40,516501.193
92,12,0,40,504629.766
92,12,0,40,492758.377
92,12,0,40,480887.043
92,12,0,40,469016.190
92,12,0,40,457145.004
92,12,0,40,445273.596
92,12,0,40,433402.151
92,12,0,40,421531.521
92,12,0,40,409660.446
92,12,0,40,397789.130
92,12,0,40,385918.111
92,12,0,40,374047.444
92,12,0,40,362176.351
92,12,0,40,350305.220
92,12,0,40,338436.127
92,12,0,40,326564.571
92,12,0,40,314692.774
92,12,0,40,302821.440
92,12,0,40,290950.106
92,12,0,40,279078.827
92,12,0,40,267207.604
92,12,0,40,255336.659
92,12,0,40,243465.862
92,12,0,40,231595.565
92,12,0,40,219724.879
92,12,0,40,207854.231
92,12,0,40,195983.471
92,12,0,40,184112.785
92,12,0,40,172242.006
92,12,0,40,160371.228
92,12,0,40,148500.375
92,12,0,40,136628.560
92,12,0,40,124757.578
92,12,0,40,112886.855
92,12,0,40,101016.187
92,12,0,40,89145.724
92,12,0,40,77275.464
92,12,0,40,65405.037
92,12,0,40,53534.259
92,12,0,40,41663.962
92,12,0,40,29793.239
92,12,0,40,17922.553
92,12,0,40,6051.849
93,12,0,40,0.093
93,12,0,40,575976.603
93,12,0,40,570047.312
93,12,0,40,558053.497
93,12,0,40,546059.664
93,12,0,40,534065.830
93,12,0,40,522071.960
93,12,0,40,510078.089
93,12,0,40,498084.145
93,12,0,40,486090.200
93,12,0,40,474096.460
93,12,0,40,462102.534
93,12,0,40,450108.663
93,12,0,40,438114.700
93,12,0,40,426121.071
93,12,0,40,414127.256
93,12,0,40,402133.385
93,12,0,40,390139.497
93,12,0,40,378145.904
93,12,0,40,366152.015
93,12,0,40,354158.145
93,12,0,40,342164.200
93,12,0,40,330170.533
93,12,0,40,318176.737
93,12,0,40,306182.793
93,12,0,40,294188.848
93,12,0,40,282195.052
93,12,0,40,270201.089
93,12,0,40,258207.218
93,12,0,40,246213.311
93,12,0,40,234219.496
93,12,0,40,222225.552
93,12,0,40,210231.626
93,12,0,40,198237.737
93,12,0,40,186244.052
93,12,0,40,174250.107
93,12,0,40,162256.200
93,12,0,40,150262.274
93,12,0,40,138268.588
93,12,0,40,126274.792
93,12,0,40,114280.885
93,12,0,40,102286.996
93,12,0,40,90293.329
93,12,0,40,78299.459
93,12,0,40,66305.625
93,12,0,40,54311.755
93,12,0,40,42318.088
93,12,0,40,30324.199
93,12,0,40,18330.273
93,12,0,40,6336.403
94,12,0,40,0.297
94,12,0,40,17945.675
94,12,0,40,560208.049
94,12,0,40,548599.251
94,12,0,40,536800.102
94,12,0,40,525000.767
94,12,0,40,513201.377
94,12,0,40,501402.172
94,12,0,40,489602.801
94,12,0,40,477803.522
94,12,0,40,466004.354
94,12,0,40,454205.168
94,12,0,40,442405.889
94,12,0,40,430606.685
94,12,0,40,418807.258
94,12,0,40,407007.831
94,12,0,40,395208.441
94,12,0,40,383409.088
94,12,0,40,371609.809
94,12,0,40,359810.604
94,12,0,40,348011.344
94,12,0,40,336211.935
94,12,0,40,324415.138
94,12,0,40,312615.804
94,12,0,40,300816.321
94,12,0,40,289016.876
94,12,0,40,277217.800
94,12,0,40,265418.614
94,12,0,40,253619.280
94,12,0,40,241819.797
94,12,0,40,230020.574
94,12,0,40,218221.147
94,12,0,40,206421.738
94,12,0,40,194622.348
94,12,0,40,182823.070
94,12,0,40,171023.957
94,12,0,40,159224.660
94,12,0,40,147425.326
94,12,0,40,135626.195
94,12,0,40,123826.712
94,12,0,40,112027.248
94,12,0,40,100227.766
94,12,0,40,88430.506
94,12,0,40,76631.504
94,12,0,40,64832.281
94,12,0,40,53032.984
94,12,0,40,41233.872
94,12,0,40,29434.593
94,12,0,40,17635.295
94,12,0,40,5835.961
95,12,0,40,0.204
95,12,0,40,566383.413
95,12,0,40,563977.381
95,12,0,40,552115.306
95,12,0,40,540243.842
95,12,0,40,528372.786
95,12,0,40,516500.915
95,12,0,40,504629.544
95,12,0,40,492758.136
95,12,0,40,480886.839
95,12,0,40,469016.005
95,12,0,40,457144.782
95,12,0,40,445273.356
95,12,0,40,433401.966
95,12,0,40,421531.262
95,12,0,40,409660.187
95,12,0,40,397788.908
95,12,0,40,385917.852
95,12,0,40,374047.277
95,12,0,40,362176.091
95,12,0,40,350304.998
95,12,0,40,338435.923
95,12,0,40,326564.312
95,12,0,40,314692.515
95,12,0,40,302821.199
95,12,0,40,290949.828
95,12,0,40,279078.661
95,12,0,40,267207.382
95,12,0,40,255336.400
95,12,0,40,243465.677
95,12,0,40,231595.343
95,12,0,40,219724.676
95,12,0,40,207854.009
95,12,0,40,195983.212
95,12,0,40,184112.526
95,12,0,40,172241.803
95,12,0,40,160370.987
95,12,0,40,148500.135
95,12,0,40,136628.301
95,12,0,40,124757.319
95,12,0,40,112886.596
95,12,0,40,101015.910
95,12,0,40,89145.483
95,12,0,40,77275.279
95,12,0,40,65404.815
95,12,0,40,53533.981
95,12,0,40,41663.703
95,12,0,40,29792.980
95,12,0,40,17922.312
95,12,0,40,6051.589
96,12,0,40,0.093
96,12,0,40,575976.603
96,12,0,40,570047.349
96,12,0,40,558053.534
96,12,0,40,546059.664
96,12,0,40,534065.830
96,12,0,40,522071.941
96,12,0,40,510078.071
96,12,0,40,498084.145
96,12,0,40,486090.182
96,12,0,40,474096.441
96,12,0,40,462102.552
96,12,0,40,450108.626
96,12,0,40,438114.682
96,12,0,40,426121.126
96,12,0,40,414127.219
96,12,0,40,402133.367
96,12,0,40,390139.478
96,12,0,40,378145.867
96,12,0,40,366152.033
96,12,0,40,354158.126
96,12,0,40,342164.182
96,12,0,40,330170.589
96,12,0,40,318176.718
96,12,0,40,306182.774
96,12,0,40,294188.830
96,12,0,40,282195.033
96,12,0,40,270201.144
96,12,0,40,258207.200
96,12,0,40,246213.292
96,12,0,40,234219.496
96,12,0,40,222225.533
96,12,0,40,210231.607
96,12,0,40,198237.718
96,12,0,40,186244.033
96,12,0,40,174250.126
96,12,0,40,162256.181
96,12,0,40,150262.237
96,12,0,40,138268.662
96,12,0,40,126274.774
96,12,0,40,114280.885
96,12,0,40,102286.977
96,12,0,40,90293.310
96,12,0,40,78299.477
96,12,0,40,66305.607
96,12,0,40,54311.736
96,12,0,40,42318.162
96,12,0,40,30324.181
96,12,0,40,18330.255
96,12,0,40,6336.384
