subtask_id,period_ms,core,priority,latency_us
1,1,0,90,0.926
1,1,0,90,570.510
1,1,0,90,8.138
1,1,0,90,389.834
1,1,0,90,582.587
1,1,0,90,990.654
1,1,0,90,897.742
1,1,0,90,41.371
1,1,0,90,990.046
1,1,0,90,991.263
1,1,0,90,606.408
1,1,0,90,13.998
1,1,0,90,991.155
1,1,0,90,1005.094
1,1,0,90,991.404
1,1,0,90,990.602
1,1,0,90,964.597
1,1,0,90,13.819
1,1,0,90,989.735
1,1,0,90,992.396
1,1,0,90,990.132
1,1,0,90,989.923
1,1,0,90,1029.843
1,1,0,90,990.486
1,1,0,90,990.296
1,1,0,90,990.161
1,1,0,90,990.063
1,1,0,90,960.558
1,1,0,90,992.905
1,1,0,90,991.029
1,1,0,90,990.339
1,1,0,90,1032.426
1,1,0,90,991.773
1,1,0,90,990.564
1,1,0,90,991.522
1,1,0,90,990.776
1,1,0,90,1002.178
1,1,0,90,990.432
1,1,0,90,990.131
1,1,0,90,992.959
1,1,0,90,991.065
1,1,0,90,1355.835
1,1,0,90,990.943
1,1,0,90,990.383
1,1,0,90,990.655
1,1,0,90,997.150
1,1,0,90,990.237
1,1,0,90,991.047
1,1,0,90,990.431
1,1,0,90,990.333
1,1,0,90,989.994
1,1,0,90,990.804
1,1,0,90,990.780
1,1,0,90,990.349
1,1,0,90,1000.566
1,1,0,90,991.154
1,1,0,90,990.556
1,1,0,90,990.699
1,1,0,90,990.008
1,1,0,90,993.077
1,1,0,90,990.905
1,1,0,90,990.548
1,1,0,90,964.895
1,1,0,90,992.667
1,1,0,90,991.273
1,1,0,90,1002.824
1,1,0,90,990.782
1,1,0,90,991.424
1,1,0,90,990.586
1,1,0,90,990.099
1,1,0,90,990.168
1,1,0,90,989.533
1,1,0,90,990.102
1,1,0,90,990.375
1,1,0,90,990.203
1,1,0,90,990.401
1,1,0,90,990.470
1,1,0,90,990.632
1,1,0,90,989.867
1,1,0,90,992.899
1,1,0,90,981.005
1,1,0,90,992.889
1,1,0,90,990.606
1,1,0,90,990.860
1,1,0,90,990.058
1,1,0,90,990.238
1,1,0,90,990.622
1,1,0,90,990.432
1,1,0,90,990.538
1,1,0,90,990.495
1,1,0,90,990.509
1,1,0,90,990.503
1,1,0,90,990.517
1,1,0,90,990.419
1,1,0,90,990.729
1,1,0,90,991.205
1,1,0,90,990.440
1,1,0,90,990.343
1,1,0,90,978.282
1,1,0,90,995.888
1,1,0,90,1002.438
1,1,0,90,990.637
1,1,0,90,990.076
1,1,0,90,990.274
1,1,0,90,989.862
1,1,0,90,990.671
1,1,0,90,990.740
1,1,0,90,990.328
1,1,0,90,989.841
1,1,0,90,989.743
1,1,0,90,989.905
1,1,0,90,1010.622
1,1,0,90,990.265
1,1,0,90,990.204
1,1,0,90,999.495
1,1,0,90,990.249
1,1,0,90,980.818
1,1,0,90,992.794
1,1,0,90,991.048
1,1,0,90,1687.595
1,1,0,90,1164.722
1,1,0,90,990.848
1,1,0,90,990.065
1,1,0,90,991.745
1,1,0,90,990.462
1,1,0,90,990.382
1,1,0,90,990.562
1,1,0,90,991.298
1,1,0,90,991.145
1,1,0,90,990.602
1,1,0,90,990.171
1,1,0,90,999.833
1,1,0,90,990.624
1,1,0,90,989.878
1,1,0,90,979.725
1,1,0,90,992.460
1,1,0,90,991.159
1,1,0,90,990.968
1,1,0,90,990.704
1,1,0,90,992.847
1,1,0,90,991.304
1,1,0,90,994.577
1,1,0,90,989.924
1,1,0,90,991.400
1,1,0,90,990.876
1,1,0,90,990.778
1,1,0,90,991.366
1,1,0,90,1000.305
1,1,0,90,990.281
1,1,0,90,990.591
1,1,0,90,989.549
1,1,0,90,989.895
1,1,0,90,967.001
1,1,0,90,991.978
1,1,0,90,990.546
1,1,0,90,996.060
1,1,0,90,991.129
1,1,0,90,990.568
1,1,0,90,990.359
1,1,0,90,993.391
1,1,0,90,991.275
1,1,0,90,991.232
1,1,0,90,990.672
1,1,0,90,990.889
1,1,0,90,990.235
1,1,0,90,990.471
1,1,0,90,991.392
1,1,0,90,1001.071
1,1,0,90,989.955
1,1,0,90,990.487
1,1,0,90,994.760
1,1,0,90,989.828
1,1,0,90,990.323
1,1,0,90,990.170
1,1,0,90,989.961
1,1,0,90,990.326
1,1,0,90,990.932
1,1,0,90,990.501
1,1,0,90,990.311
1,1,0,90,992.768
1,1,0,90,991.800
1,1,0,90,990.647
1,1,0,90,990.549
1,1,0,90,991.174
1,1,0,90,990.465
1,1,0,90,990.959
1,1,0,90,991.010
1,1,0,90,964.320
1,1,0,90,1007.740
1,1,0,90,989.402
1,1,0,90,991.248
1,1,0,90,990.984
1,1,0,90,991.071
1,1,0,90,990.325
1,1,0,90,990.431
1,1,0,90,989.982
1,1,0,90,971.013
1,1,0,90,990.564
1,1,0,90,990.688
1,1,0,90,992.942
1,1,0,90,991.067
1,1,0,90,990.895
1,1,0,90,990.704
1,1,0,90,990.810
1,1,0,90,991.138
1,1,0,90,990.781
1,1,0,90,992.980
1,1,0,90,990.623
1,1,0,90,990.673
1,1,0,90,990.020
1,1,0,90,990.274
1,1,0,90,990.306
1,1,0,90,990.078
1,1,0,90,990.018
1,1,0,90,989.827
1,1,0,90,1683.652
1,1,0,90,1161.816
1,1,0,90,990.719
1,1,0,90,990.306
1,1,0,90,993.468
1,1,0,90,990.833
1,1,0,90,990.513
1,1,0,90,958.267
1,1,0,90,991.780
1,1,0,90,990.609
1,1,0,90,990.307
1,1,0,90,990.506
1,1,0,90,990.649
1,1,0,90,1000.829
1,1,0,90,990.897
1,1,0,90,990.133
1,1,0,90,990.313
1,1,0,90,990.123
1,1,0,90,990.006
1,1,0,90,990.168
1,1,0,90,990.033
1,1,0,90,989.806
1,1,0,90,990.078
1,1,0,90,989.925
1,1,0,90,993.420
1,1,0,90,976.377
1,1,0,90,994.576
1,1,0,90,991.108
1,1,0,90,990.603
1,1,0,90,990.449
1,1,0,90,990.074
1,1,0,90,990.476
1,1,0,90,990.915
1,1,0,90,990.762
1,1,0,90,990.701
1,1,0,90,989.992
1,1,0,90,992.265
1,1,0,90,990.296
1,1,0,90,990.162
1,1,0,90,989.842
1,1,0,90,990.818
1,1,0,90,990.202
1,1,0,90,945.882
1,1,0,90,992.673
1,1,0,90,992.982
1,1,0,90,990.755
1,1,0,90,990.027
1,1,0,90,989.689
1,1,0,90,990.795
1,1,0,90,990.512
1,1,0,90,990.784
1,1,0,90,990.427
1,1,0,90,991.533
1,1,0,90,990.584
1,1,0,90,989.912
1,1,0,90,989.962
1,1,0,90,990.772
1,1,0,90,990.322
1,1,0,90,990.595
1,1,0,90,989.923
1,1,0,90,975.881
1,1,0,90,991.950
1,1,0,90,991.241
1,1,0,90,990.217
1,1,0,90,992.952
1,1,0,90,990.984
1,1,0,90,990.775
1,1,0,90,989.696
1,1,0,90,990.432
1,1,0,90,990.167
1,1,0,90,989.736
1,1,0,90,990.212
1,1,0,90,990.726
1,1,0,90,990.554
1,1,0,90,990.308
1,1,0,90,990.080
1,1,0,90,989.798
1,1,0,90,948.163
1,1,0,90,992.843
1,1,0,90,991.097
1,1,0,90,990.499
1,1,0,90,990.420
1,1,0,90,990.729
1,1,0,90,990.391
1,1,0,90,993.793
1,1,0,90,990.806
1,1,0,90,990.134
1,1,0,90,990.666
1,1,0,90,990.013
1,1,0,90,990.174
1,1,0,90,991.299
1,1,0,90,989.886
1,1,0,90,991.566
1,1,0,90,990.080
1,1,0,90,990.167
1,1,0,90,972.606
1,1,0,90,992.434
1,1,0,90,991.059
1,1,0,90,990.257
1,1,0,90,995.771
1,1,0,90,990.228
1,1,0,90,990.223
1,1,0,90,991.496
1,1,0,90,990.787
1,1,0,90,992.559
1,1,0,90,991.665
1,1,0,90,991.012
1,1,0,90,990.655
1,1,0,90,990.724
1,1,0,90,990.089
1,1,0,90,989.750
1,1,0,90,989.986
1,1,0,90,991.536
1,1,0,90,1000.031
1,1,0,90,989.656
1,1,0,90,990.650
1,1,0,90,990.553
1,1,0,90,990.381
1,1,0,90,990.042
1,1,0,90,990.426
1,1,0,90,990.976
1,1,0,90,990.397
1,1,0,90,1009.169
1,1,0,90,990.979
1,1,0,90,992.789
1,1,0,90,990.043
1,1,0,90,990.260
1,1,0,90,989.570
1,1,0,90,991.564
1,1,0,90,990.467
1,1,0,90,984.572
1,1,0,90,991.160
1,1,0,90,989.784
1,1,0,90,991.557
1,1,0,90,989.533
1,1,0,90,989.361
1,1,0,90,989.171
1,1,0,90,990.332
1,1,0,90,989.605
1,1,0,90,989.841
1,1,0,90,989.187
1,1,0,90,989.663
1,1,0,90,989.214
1,1,0,90,989.560
1,1,0,90,992.648
1,1,0,90,990.198
1,1,0,90,990.526
1,1,0,90,989.188
1,1,0,90,984.609
1,1,0,90,992.066
1,1,0,90,989.969
1,1,0,90,990.463
1,1,0,90,989.403
1,1,0,90,991.879
1,1,0,90,989.540
1,1,0,90,989.776
1,1,0,90,1686.878
1,1,0,90,1164.876
1,1,0,90,989.353
1,1,0,90,999.996
1,1,0,90,992.491
1,1,0,90,990.689
1,1,0,90,990.554
1,1,0,90,989.808
1,1,0,90,992.062
1,1,0,90,990.946
1,1,0,90,990.015
1,1,0,90,989.232
1,1,0,90,990.208
1,1,0,90,989.296
1,1,0,90,989.513
1,1,0,90,989.119
1,1,0,90,989.521
1,1,0,90,1435.199
1,1,0,90,1001.140
1,1,0,90,995.357
1,1,0,90,994.778
1,1,0,90,996.291
1,1,0,90,1001.212
1,1,0,90,995.114
1,1,0,90,995.794
1,1,0,90,994.900
1,1,0,90,994.876
1,1,0,90,972.112
1,1,0,90,1000.495
1,1,0,90,995.972
1,1,0,90,995.004
1,1,0,90,994.424
1,1,0,90,990.530
1,1,0,90,989.933
1,1,0,90,989.483
1,1,0,90,989.552
1,1,0,90,988.954
1,1,0,90,989.449
1,1,0,90,989.925
1,1,0,90,989.420
1,1,0,90,989.896
1,1,0,90,989.854
1,1,0,90,989.441
1,1,0,90,989.214
1,1,0,90,989.283
1,1,0,90,989.796
1,1,0,90,951.254
1,1,0,90,994.267
1,1,0,90,995.336
1,1,0,90,990.109
1,1,0,90,990.955
1,1,0,90,990.191
1,1,0,90,989.945
1,1,0,90,990.125
1,1,0,90,991.009
1,1,0,90,989.744
1,1,0,90,989.387
1,1,0,90,989.771
1,1,0,90,989.525
1,1,0,90,989.242
1,1,0,90,989.903
1,1,0,90,989.528
1,1,0,90,989.411
1,1,0,90,989.814
1,1,0,90,989.142
1,1,0,90,971.229
1,1,0,90,995.057
1,1,0,90,989.811
1,1,0,90,992.325
1,1,0,90,991.431
1,1,0,90,991.370
1,1,0,90,989.976
1,1,0,90,989.471
1,1,0,90,989.891
1,1,0,90,989.812
1,1,0,90,989.751
1,1,0,90,990.098
1,1,0,90,989.889
1,1,0,90,989.143
1,1,0,90,989.638
1,1,0,90,989.633
1,1,0,90,989.628
1,1,0,90,989.548
1,1,0,90,989.099
1,1,0,90,958.334
1,1,0,90,995.329
1,1,0,90,989.787
1,1,0,90,989.096
1,1,0,90,992.110
1,1,0,90,990.975
1,1,0,90,990.229
1,1,0,90,993.464
1,1,0,90,991.719
1,1,0,90,990.028
1,1,0,90,990.319
1,1,0,90,990.277
1,1,0,90,991.976
1,1,0,90,991.748
1,1,0,90,991.891
1,1,0,90,989.960
1,1,0,90,990.344
1,1,0,90,989.950
1,1,0,90,989.204
1,1,0,90,977.921
1,1,0,90,989.452
1,1,0,90,990.132
1,1,0,90,989.535
1,1,0,90,989.548
1,1,0,90,992.321
1,1,0,90,991.019
1,1,0,90,990.181
1,1,0,90,991.046
1,1,0,90,990.411
1,1,0,90,990.128
1,1,0,90,989.678
1,1,0,90,989.506
1,1,0,90,990.038
1,1,0,90,989.978
1,1,0,90,989.954
1,1,0,90,989.597
1,1,0,90,990.203
1,1,0,90,989.123
1,1,0,90,956.452
1,1,0,90,989.632
1,1,0,90,989.867
1,1,0,90,990.288
1,1,0,90,989.653
1,1,0,90,989.870
1,1,0,90,992.531
1,1,0,90,990.526
1,1,0,90,989.873
1,1,0,90,990.275
1,1,0,90,989.400
1,1,0,90,990.728
1,1,0,90,991.167
1,1,0,90,989.773
1,1,0,90,1015.471
1,1,0,90,990.281
1,1,0,90,989.554
1,1,0,90,989.771
1,1,0,90,990.025
1,1,0,90,970.557
1,1,0,90,989.236
1,1,0,90,989.731
1,1,0,90,990.374
1,1,0,90,989.962
1,1,0,90,989.882
1,1,0,90,989.673
1,1,0,90,993.150
1,1,0,90,990.404
1,1,0,90,990.565
1,1,0,90,990.264
1,1,0,90,990.555
1,1,0,90,989.679
1,1,0,90,989.748
1,1,0,90,989.595
1,1,0,90,999.516
1,1,0,90,990.103
1,1,0,90,989.357
1,1,0,90,989.037
1,1,0,90,954.902
1,1,0,90,991.860
1,1,0,90,989.725
1,1,0,90,989.887
1,1,0,90,989.863
1,1,0,90,989.598
1,1,0,90,989.371
1,1,0,90,989.236
1,1,0,90,992.231
1,1,0,90,991.022
1,1,0,90,989.665
1,1,0,90,989.475
1,1,0,90,989.507
1,1,0,90,990.409
1,1,0,90,989.811
1,1,0,90,991.065
1,1,0,90,990.226
1,1,0,90,989.869
1,1,0,90,989.623
1,1,0,90,989.118
1,1,0,90,1684.184
1,1,0,90,1162.033
1,1,0,90,990.121
1,1,0,90,989.746
1,1,0,90,990.389
1,1,0,90,989.828
1,1,0,90,989.452
1,1,0,90,989.262
1,1,0,90,992.442
1,1,0,90,980.326
1,1,0,90,990.043
1,1,0,90,989.741
1,1,0,90,989.754
1,1,0,90,990.101
1,1,0,90,989.374
1,1,0,90,988.980
1,1,0,90,989.919
1,1,0,90,989.969
1,1,0,90,977.483
1,1,0,90,990.051
1,1,0,90,991.194
1,1,0,90,990.374
1,1,0,90,990.554
1,1,0,90,989.957
1,1,0,90,989.933
1,1,0,90,989.909
1,1,0,90,990.626
1,1,0,90,989.862
1,1,0,90,992.653
1,1,0,90,991.055
1,1,0,90,989.624
1,1,0,90,990.637
1,1,0,90,989.669
1,1,0,90,990.442
1,1,0,90,989.473
1,1,0,90,989.302
1,1,0,90,989.556
1,1,0,90,976.569
1,1,0,90,989.730
1,1,0,90,990.133
1,1,0,90,990.590
1,1,0,90,990.011
1,1,0,90,990.284
1,1,0,90,989.927
1,1,0,90,989.810
1,1,0,90,990.250
1,1,0,90,990.837
1,1,0,90,989.776
1,1,0,90,19751.414
2,1,0,90,0.278
2,1,0,90,321.845
2,1,0,90,5.064
2,1,0,90,141.280
2,1,0,90,333.978
2,1,0,90,986.765
2,1,0,90,649.058
2,1,0,90,68.130
2,1,0,90,843.158
2,1,0,90,987.226
2,1,0,90,357.817
2,1,0,90,39.776
2,1,0,90,987.507
2,1,0,90,1001.538
2,1,0,90,987.181
2,1,0,90,986.380
2,1,0,90,1009.467
2,1,0,90,39.856
2,1,0,90,985.253
2,1,0,90,988.489
2,1,0,90,986.428
2,1,0,90,985.534
2,1,0,90,1056.102
2,1,0,90,794.506
2,1,0,90,986.204
2,1,0,90,985.754
2,1,0,90,986.508
2,1,0,90,956.077
2,1,0,90,988.942
2,1,0,90,988.159
2,1,0,90,986.395
2,1,0,90,1032.611
2,1,0,90,988.125
2,1,0,90,986.138
2,1,0,90,987.207
2,1,0,90,986.332
2,1,0,90,998.086
2,1,0,90,985.747
2,1,0,90,985.909
2,1,0,90,988.274
2,1,0,90,987.398
2,1,0,90,1351.928
2,1,0,90,986.480
2,1,0,90,985.809
2,1,0,90,986.544
2,1,0,90,993.298
2,1,0,90,986.663
2,1,0,90,986.714
2,1,0,90,986.283
2,1,0,90,986.240
2,1,0,90,985.809
2,1,0,90,986.600
2,1,0,90,986.558
2,1,0,90,985.794
2,1,0,90,996.622
2,1,0,90,987.061
2,1,0,90,987.056
2,1,0,90,986.939
2,1,0,90,986.657
2,1,0,90,988.448
2,1,0,90,987.294
2,1,0,90,986.456
2,1,0,90,960.914
2,1,0,90,988.056
2,1,0,90,987.236
2,1,0,90,999.361
2,1,0,90,986.226
2,1,0,90,986.943
2,1,0,90,987.271
2,1,0,90,985.914
2,1,0,90,985.853
2,1,0,90,985.385
2,1,0,90,986.732
2,1,0,90,986.579
2,1,0,90,985.870
2,1,0,90,986.105
2,1,0,90,986.156
2,1,0,90,986.428
2,1,0,90,985.275
2,1,0,90,988.899
2,1,0,90,976.950
2,1,0,90,988.333
2,1,0,90,986.143
2,1,0,90,986.249
2,1,0,90,986.466
2,1,0,90,986.498
2,1,0,90,986.752
2,1,0,90,986.247
2,1,0,90,986.927
2,1,0,90,986.125
2,1,0,90,986.379
2,1,0,90,986.226
2,1,0,90,987.165
2,1,0,90,986.141
2,1,0,90,986.451
2,1,0,90,987.075
2,1,0,90,986.774
2,1,0,90,986.398
2,1,0,90,974.189
2,1,0,90,991.480
2,1,0,90,998.716
2,1,0,90,986.155
2,1,0,90,985.576
2,1,0,90,985.663
2,1,0,90,986.343
2,1,0,90,986.394
2,1,0,90,986.629
2,1,0,90,985.902
2,1,0,90,985.563
2,1,0,90,985.021
2,1,0,90,985.183
2,1,0,90,1006.307
2,1,0,90,986.080
2,1,0,90,985.945
2,1,0,90,995.773
2,1,0,90,986.175
2,1,0,90,976.874
2,1,0,90,988.609
2,1,0,90,986.715
2,1,0,90,1682.947
2,1,0,90,1166.056
2,1,0,90,987.088
2,1,0,90,986.250
2,1,0,90,987.134
2,1,0,90,986.462
2,1,0,90,986.142
2,1,0,90,986.433
2,1,0,90,986.854
2,1,0,90,986.367
2,1,0,90,986.380
2,1,0,90,986.097
2,1,0,90,995.573
2,1,0,90,986.550
2,1,0,90,985.285
2,1,0,90,975.317
2,1,0,90,987.923
2,1,0,90,987.418
2,1,0,90,986.598
2,1,0,90,986.630
2,1,0,90,988.421
2,1,0,90,987.693
2,1,0,90,990.059
2,1,0,90,985.442
2,1,0,90,987.233
2,1,0,90,987.006
2,1,0,90,986.093
2,1,0,90,987.162
2,1,0,90,996.564
2,1,0,90,986.930
2,1,0,90,986.035
2,1,0,90,985.864
2,1,0,90,985.210
2,1,0,90,962.890
2,1,0,90,988.033
2,1,0,90,986.621
2,1,0,90,992.004
2,1,0,90,987.166
2,1,0,90,986.642
2,1,0,90,986.118
2,1,0,90,988.854
2,1,0,90,987.089
2,1,0,90,987.306
2,1,0,90,985.968
2,1,0,90,986.092
2,1,0,90,986.513
2,1,0,90,986.471
2,1,0,90,986.688
2,1,0,90,996.646
2,1,0,90,986.418
2,1,0,90,986.172
2,1,0,90,990.371
2,1,0,90,985.754
2,1,0,90,986.416
2,1,0,90,986.170
2,1,0,90,985.869
2,1,0,90,986.049
2,1,0,90,987.080
2,1,0,90,985.816
2,1,0,90,986.348
2,1,0,90,988.194
2,1,0,90,988.393
2,1,0,90,986.203
2,1,0,90,986.179
2,1,0,90,986.525
2,1,0,90,986.242
2,1,0,90,986.348
2,1,0,90,987.084
2,1,0,90,959.690
2,1,0,90,1004.407
2,1,0,90,985.217
2,1,0,90,987.008
2,1,0,90,986.447
2,1,0,90,987.090
2,1,0,90,986.288
2,1,0,90,986.709
2,1,0,90,985.778
2,1,0,90,966.958
2,1,0,90,986.527
2,1,0,90,986.466
2,1,0,90,988.276
2,1,0,90,987.067
2,1,0,90,986.321
2,1,0,90,986.408
2,1,0,90,986.199
2,1,0,90,987.416
2,1,0,90,986.133
2,1,0,90,988.869
2,1,0,90,986.586
2,1,0,90,986.636
2,1,0,90,985.390
2,1,0,90,986.200
2,1,0,90,985.973
2,1,0,90,986.578
2,1,0,90,985.444
2,1,0,90,985.809
2,1,0,90,1679.207
2,1,0,90,1163.649
2,1,0,90,986.867
2,1,0,90,986.640
2,1,0,90,989.542
2,1,0,90,986.741
2,1,0,90,986.143
2,1,0,90,953.545
2,1,0,90,987.299
2,1,0,90,985.979
2,1,0,90,986.529
2,1,0,90,986.302
2,1,0,90,986.612
2,1,0,90,996.995
2,1,0,90,986.416
2,1,0,90,986.429
2,1,0,90,986.220
2,1,0,90,986.512
2,1,0,90,985.506
2,1,0,90,986.353
2,1,0,90,985.718
2,1,0,90,985.991
2,1,0,90,985.486
2,1,0,90,985.629
2,1,0,90,989.475
2,1,0,90,972.544
2,1,0,90,990.187
2,1,0,90,986.941
2,1,0,90,986.714
2,1,0,90,986.949
2,1,0,90,986.203
2,1,0,90,986.383
2,1,0,90,986.545
2,1,0,90,986.725
2,1,0,90,986.442
2,1,0,90,986.196
2,1,0,90,988.061
2,1,0,90,985.963
2,1,0,90,986.180
2,1,0,90,985.268
2,1,0,90,986.762
2,1,0,90,985.942
2,1,0,90,942.326
2,1,0,90,988.580
2,1,0,90,988.538
2,1,0,90,986.848
2,1,0,90,985.935
2,1,0,90,985.152
2,1,0,90,986.276
2,1,0,90,986.179
2,1,0,90,986.951
2,1,0,90,986.242
2,1,0,90,987.311
2,1,0,90,986.899
2,1,0,90,985.764
2,1,0,90,986.055
2,1,0,90,986.716
2,1,0,90,986.285
2,1,0,90,986.780
2,1,0,90,985.645
2,1,0,90,971.510
2,1,0,90,988.190
2,1,0,90,986.870
2,1,0,90,985.810
2,1,0,90,988.434
2,1,0,90,986.707
2,1,0,90,986.590
2,1,0,90,985.641
2,1,0,90,985.691
2,1,0,90,986.445
2,1,0,90,986.051
2,1,0,90,985.787
2,1,0,90,986.300
2,1,0,90,986.998
2,1,0,90,986.530
2,1,0,90,986.025
2,1,0,90,985.594
2,1,0,90,944.589
2,1,0,90,988.398
2,1,0,90,986.541
2,1,0,90,986.647
2,1,0,90,986.309
2,1,0,90,986.285
2,1,0,90,986.335
2,1,0,90,989.645
2,1,0,90,987.325
2,1,0,90,986.431
2,1,0,90,986.129
2,1,0,90,985.772
2,1,0,90,986.397
2,1,0,90,986.669
2,1,0,90,985.812
2,1,0,90,987.233
2,1,0,90,986.135
2,1,0,90,986.037
2,1,0,90,968.736
2,1,0,90,987.786
2,1,0,90,986.466
2,1,0,90,985.665
2,1,0,90,991.660
2,1,0,90,985.469
2,1,0,90,986.057
2,1,0,90,987.440
2,1,0,90,986.750
2,1,0,90,988.467
2,1,0,90,987.795
2,1,0,90,987.123
2,1,0,90,986.636
2,1,0,90,986.168
2,1,0,90,986.515
2,1,0,90,985.306
2,1,0,90,985.412
2,1,0,90,986.796
2,1,0,90,996.439
2,1,0,90,985.322
2,1,0,90,986.354
2,1,0,90,986.145
2,1,0,90,986.029
2,1,0,90,985.505
2,1,0,90,986.204
2,1,0,90,986.550
2,1,0,90,992.304
2,1,0,90,1005.058
2,1,0,90,986.961
2,1,0,90,988.326
2,1,0,90,986.673
2,1,0,90,986.371
2,1,0,90,985.144
2,1,0,90,987.305
2,1,0,90,986.281
2,1,0,90,979.943
2,1,0,90,987.086
2,1,0,90,985.321
2,1,0,90,987.409
2,1,0,90,985.459
2,1,0,90,985.158
2,1,0,90,985.171
2,1,0,90,986.592
2,1,0,90,985.531
2,1,0,90,985.915
2,1,0,90,984.687
2,1,0,90,986.497
2,1,0,90,984.621
2,1,0,90,984.968
2,1,0,90,988.018
2,1,0,90,986.735
2,1,0,90,986.526
2,1,0,90,984.929
2,1,0,90,980.423
2,1,0,90,988.566
2,1,0,90,985.765
2,1,0,90,986.315
2,1,0,90,984.903
2,1,0,90,987.823
2,1,0,90,984.892
2,1,0,90,985.443
2,1,0,90,1682.545
2,1,0,90,1166.820
2,1,0,90,985.112
2,1,0,90,996.088
2,1,0,90,988.268
2,1,0,90,986.300
2,1,0,90,986.314
2,1,0,90,986.364
2,1,0,90,987.877
2,1,0,90,986.724
2,1,0,90,985.515
2,1,0,90,985.473
2,1,0,90,985.671
2,1,0,90,984.888
2,1,0,90,985.420
2,1,0,90,984.711
2,1,0,90,985.058
2,1,0,90,1430.791
2,1,0,90,996.862
2,1,0,90,991.135
2,1,0,90,990.722
2,1,0,90,991.958
2,1,0,90,996.693
2,1,0,90,991.466
2,1,0,90,991.257
2,1,0,90,990.937
2,1,0,90,991.099
2,1,0,90,968.075
2,1,0,90,996.218
2,1,0,90,991.676
2,1,0,90,990.207
2,1,0,90,990.721
2,1,0,90,986.530
2,1,0,90,986.136
2,1,0,90,985.705
2,1,0,90,985.163
2,1,0,90,985.102
2,1,0,90,985.504
2,1,0,90,985.629
2,1,0,90,986.105
2,1,0,90,985.489
2,1,0,90,985.502
2,1,0,90,985.812
2,1,0,90,985.732
2,1,0,90,985.227
2,1,0,90,985.222
2,1,0,90,947.662
2,1,0,90,990.138
2,1,0,90,990.669
2,1,0,90,986.553
2,1,0,90,986.992
2,1,0,90,986.006
2,1,0,90,985.538
2,1,0,90,985.810
2,1,0,90,986.564
2,1,0,90,986.133
2,1,0,90,984.813
2,1,0,90,986.234
2,1,0,90,985.377
2,1,0,90,984.649
2,1,0,90,985.589
2,1,0,90,985.417
2,1,0,90,984.837
2,1,0,90,985.425
2,1,0,90,984.920
2,1,0,90,967.137
2,1,0,90,991.020
2,1,0,90,986.274
2,1,0,90,987.732
2,1,0,90,987.060
2,1,0,90,986.574
2,1,0,90,986.643
2,1,0,90,985.415
2,1,0,90,985.799
2,1,0,90,985.571
2,1,0,90,985.251
2,1,0,90,985.876
2,1,0,90,985.389
2,1,0,90,985.347
2,1,0,90,986.212
2,1,0,90,985.188
2,1,0,90,985.405
2,1,0,90,985.567
2,1,0,90,985.099
2,1,0,90,954.149
2,1,0,90,991.329
2,1,0,90,985.416
2,1,0,90,984.596
2,1,0,90,987.850
2,1,0,90,986.845
2,1,0,90,985.951
2,1,0,90,989.576
2,1,0,90,987.367
2,1,0,90,985.825
2,1,0,90,986.412
2,1,0,90,985.981
2,1,0,90,987.827
2,1,0,90,987.952
2,1,0,90,987.576
2,1,0,90,985.793
2,1,0,90,985.825
2,1,0,90,985.801
2,1,0,90,984.518
2,1,0,90,974.384
2,1,0,90,985.564
2,1,0,90,985.910
2,1,0,90,985.220
2,1,0,90,985.085
2,1,0,90,988.228
2,1,0,90,986.797
2,1,0,90,985.810
2,1,0,90,986.749
2,1,0,90,985.818
2,1,0,90,986.184
2,1,0,90,984.975
2,1,0,90,985.858
2,1,0,90,985.649
2,1,0,90,986.533
2,1,0,90,985.380
2,1,0,90,985.282
2,1,0,90,986.073
2,1,0,90,985.216
2,1,0,90,952.896
2,1,0,90,984.928
2,1,0,90,985.608
2,1,0,90,985.973
2,1,0,90,985.449
2,1,0,90,985.592
2,1,0,90,987.939
2,1,0,90,986.749
2,1,0,90,985.243
2,1,0,90,986.164
2,1,0,90,984.955
2,1,0,90,987.172
2,1,0,90,986.797
2,1,0,90,985.828
2,1,0,90,1011.601
2,1,0,90,986.596
2,1,0,90,985.350
2,1,0,90,985.771
2,1,0,90,985.951
2,1,0,90,966.909
2,1,0,90,985.144
2,1,0,90,985.528
2,1,0,90,985.745
2,1,0,90,985.962
2,1,0,90,985.438
2,1,0,90,985.711
2,1,0,90,989.094
2,1,0,90,986.478
2,1,0,90,986.639
2,1,0,90,986.060
2,1,0,90,985.833
2,1,0,90,985.605
2,1,0,90,985.119
2,1,0,90,984.928
2,1,0,90,995.664
2,1,0,90,986.270
2,1,0,90,985.172
2,1,0,90,985.704
2,1,0,90,951.162
2,1,0,90,988.156
2,1,0,90,985.484
2,1,0,90,985.664
2,1,0,90,985.474
2,1,0,90,985.599
2,1,0,90,985.408
2,1,0,90,985.218
2,1,0,90,988.157
2,1,0,90,986.893
2,1,0,90,985.665
2,1,0,90,985.401
2,1,0,90,985.044
2,1,0,90,986.372
2,1,0,90,985.848
2,1,0,90,986.435
2,1,0,90,986.115
2,1,0,90,985.962
2,1,0,90,985.438
2,1,0,90,984.489
2,1,0,90,1680.239
2,1,0,90,1163.755
2,1,0,90,986.325
2,1,0,90,985.653
2,1,0,90,986.352
2,1,0,90,985.458
2,1,0,90,984.989
2,1,0,90,984.947
2,1,0,90,988.368
2,1,0,90,976.418
2,1,0,90,985.746
2,1,0,90,985.556
2,1,0,90,985.403
2,1,0,90,986.323
2,1,0,90,985.540
2,1,0,90,984.794
2,1,0,90,985.752
2,1,0,90,986.506
2,1,0,90,972.927
2,1,0,90,986.274
2,1,0,90,986.972
2,1,0,90,986.245
2,1,0,90,986.425
2,1,0,90,985.808
2,1,0,90,985.618
2,1,0,90,985.650
2,1,0,90,986.274
2,1,0,90,985.399
2,1,0,90,988.227
2,1,0,90,987.092
2,1,0,90,985.235
2,1,0,90,986.063
2,1,0,90,985.336
2,1,0,90,986.553
2,1,0,90,985.733
2,1,0,90,985.265
2,1,0,90,984.982
2,1,0,90,972.125
2,1,0,90,985.990
2,1,0,90,985.873
2,1,0,90,986.442
2,1,0,90,986.363
2,1,0,90,985.821
2,1,0,90,985.445
2,1,0,90,985.125
2,1,0,90,986.083
2,1,0,90,986.263
2,1,0,90,985.332
2,1,0,90,19502.860
3,1,0,90,0.352
3,1,0,90,162.680
3,1,0,90,471.302
3,1,0,90,1086.609
3,1,0,90,175.034
3,1,0,90,982.118
3,1,0,90,490.059
3,1,0,90,66.038
3,1,0,90,745.844
3,1,0,90,981.263
3,1,0,90,198.762
3,1,0,90,34.628
3,1,0,90,983.637
3,1,0,90,997.446
3,1,0,90,982.626
3,1,0,90,980.417
3,1,0,90,1034.486
3,1,0,90,35.690
3,1,0,90,978.661
3,1,0,90,981.489
3,1,0,90,980.595
3,1,0,90,978.757
3,1,0,90,1051.918
3,1,0,90,666.415
3,1,0,90,980.093
3,1,0,90,979.273
3,1,0,90,981.379
3,1,0,90,950.892
3,1,0,90,983.739
3,1,0,90,981.641
3,1,0,90,980.117
3,1,0,90,1026.723
3,1,0,90,981.588
3,1,0,90,979.398
3,1,0,90,982.226
3,1,0,90,979.536
3,1,0,90,993.012
3,1,0,90,979.840
3,1,0,90,980.835
3,1,0,90,983.330
3,1,0,90,983.139
3,1,0,90,1345.632
3,1,0,90,981.481
3,1,0,90,979.235
3,1,0,90,980.933
3,1,0,90,988.484
3,1,0,90,980.553
3,1,0,90,980.899
3,1,0,90,978.894
3,1,0,90,980.833
3,1,0,90,979.736
3,1,0,90,981.638
3,1,0,90,979.596
3,1,0,90,980.257
3,1,0,90,993.141
3,1,0,90,981.098
3,1,0,90,980.112
3,1,0,90,981.884
3,1,0,90,981.750
3,1,0,90,980.985
3,1,0,90,981.647
3,1,0,90,979.456
3,1,0,90,955.284
3,1,0,90,981.094
3,1,0,90,980.329
3,1,0,90,993.991
3,1,0,90,980.652
3,1,0,90,981.610
3,1,0,90,982.364
3,1,0,90,980.100
3,1,0,90,980.724
3,1,0,90,978.700
3,1,0,90,981.510
3,1,0,90,979.560
3,1,0,90,980.537
3,1,0,90,981.606
3,1,0,90,980.841
3,1,0,90,981.317
3,1,0,90,980.090
3,1,0,90,981.677
3,1,0,90,970.265
3,1,0,90,981.149
3,1,0,90,981.069
3,1,0,90,979.471
3,1,0,90,980.133
3,1,0,90,981.276
3,1,0,90,982.308
3,1,0,90,979.099
3,1,0,90,980.353
3,1,0,90,980.774
3,1,0,90,981.157
3,1,0,90,979.874
3,1,0,90,982.110
3,1,0,90,981.938
3,1,0,90,980.007
3,1,0,90,979.613
3,1,0,90,980.645
3,1,0,90,980.788
3,1,0,90,969.134
3,1,0,90,986.036
3,1,0,90,994.087
3,1,0,90,980.267
3,1,0,90,981.039
3,1,0,90,980.293
3,1,0,90,980.270
3,1,0,90,978.968
3,1,0,90,980.370
3,1,0,90,980.791
3,1,0,90,980.879
3,1,0,90,980.336
3,1,0,90,980.146
3,1,0,90,1000.381
3,1,0,90,981.117
3,1,0,90,980.019
3,1,0,90,989.051
3,1,0,90,981.176
3,1,0,90,971.504
3,1,0,90,982.536
3,1,0,90,981.123
3,1,0,90,1969.576
3,1,0,90,1159.871
3,1,0,90,980.255
3,1,0,90,979.028
3,1,0,90,982.245
3,1,0,90,981.018
3,1,0,90,981.605
3,1,0,90,981.618
3,1,0,90,982.206
3,1,0,90,980.238
3,1,0,90,980.658
3,1,0,90,980.412
3,1,0,90,989.240
3,1,0,90,980.272
3,1,0,90,978.138
3,1,0,90,969.577
3,1,0,90,980.960
3,1,0,90,981.418
3,1,0,90,980.358
3,1,0,90,981.334
3,1,0,90,983.347
3,1,0,90,981.416
3,1,0,90,984.485
3,1,0,90,980.276
3,1,0,90,982.178
3,1,0,90,982.117
3,1,0,90,978.723
3,1,0,90,982.533
3,1,0,90,989.731
3,1,0,90,980.245
3,1,0,90,980.536
3,1,0,90,979.457
3,1,0,90,980.007
3,1,0,90,957.983
3,1,0,90,982.237
3,1,0,90,981.251
3,1,0,90,985.264
3,1,0,90,983.833
3,1,0,90,981.124
3,1,0,90,979.971
3,1,0,90,983.039
3,1,0,90,981.645
3,1,0,90,982.214
3,1,0,90,980.265
3,1,0,90,979.926
3,1,0,90,981.254
3,1,0,90,981.212
3,1,0,90,979.911
3,1,0,90,991.683
3,1,0,90,979.104
3,1,0,90,981.599
3,1,0,90,984.927
3,1,0,90,979.847
3,1,0,90,982.509
3,1,0,90,981.967
3,1,0,90,981.147
3,1,0,90,980.327
3,1,0,90,981.359
3,1,0,90,979.983
3,1,0,90,981.311
3,1,0,90,981.936
3,1,0,90,983.023
3,1,0,90,980.999
3,1,0,90,980.124
3,1,0,90,979.304
3,1,0,90,980.835
3,1,0,90,980.386
3,1,0,90,980.788
3,1,0,90,954.857
3,1,0,90,998.296
3,1,0,90,979.995
3,1,0,90,982.434
3,1,0,90,979.855
3,1,0,90,980.164
3,1,0,90,980.381
3,1,0,90,980.413
3,1,0,90,980.278
3,1,0,90,961.366
3,1,0,90,979.953
3,1,0,90,980.115
3,1,0,90,981.165
3,1,0,90,981.030
3,1,0,90,980.599
3,1,0,90,979.557
3,1,0,90,979.681
3,1,0,90,981.824
3,1,0,90,981.282
3,1,0,90,984.388
3,1,0,90,980.679
3,1,0,90,980.266
3,1,0,90,979.187
3,1,0,90,980.737
3,1,0,90,980.880
3,1,0,90,980.949
3,1,0,90,978.963
3,1,0,90,980.754
3,1,0,90,1967.280
3,1,0,90,1158.224
3,1,0,90,981.664
3,1,0,90,980.400
3,1,0,90,981.968
3,1,0,90,981.574
3,1,0,90,979.865
3,1,0,90,947.453
3,1,0,90,980.818
3,1,0,90,980.683
3,1,0,90,980.659
3,1,0,90,979.710
3,1,0,90,980.982
3,1,0,90,991.477
3,1,0,90,979.694
3,1,0,90,979.985
3,1,0,90,980.221
3,1,0,90,981.068
3,1,0,90,980.248
3,1,0,90,981.242
3,1,0,90,979.941
3,1,0,90,980.454
3,1,0,90,980.412
3,1,0,90,980.407
3,1,0,90,984.957
3,1,0,90,967.415
3,1,0,90,983.187
3,1,0,90,979.904
3,1,0,90,981.677
3,1,0,90,981.524
3,1,0,90,980.667
3,1,0,90,981.347
3,1,0,90,979.897
3,1,0,90,979.966
3,1,0,90,980.887
3,1,0,90,979.844
3,1,0,90,982.006
3,1,0,90,979.871
3,1,0,90,979.421
3,1,0,90,979.638
3,1,0,90,980.522
3,1,0,90,979.924
3,1,0,90,937.179
3,1,0,90,983.507
3,1,0,90,983.483
3,1,0,90,980.015
3,1,0,90,980.787
3,1,0,90,979.023
3,1,0,90,980.555
3,1,0,90,980.531
3,1,0,90,980.859
3,1,0,90,980.021
3,1,0,90,982.589
3,1,0,90,982.529
3,1,0,90,980.005
3,1,0,90,981.852
3,1,0,90,981.272
3,1,0,90,979.193
3,1,0,90,980.503
3,1,0,90,978.664
3,1,0,90,966.289
3,1,0,90,981.469
3,1,0,90,981.649
3,1,0,90,980.236
3,1,0,90,983.305
3,1,0,90,980.429
3,1,0,90,979.109
3,1,0,90,979.141
3,1,0,90,980.395
3,1,0,90,981.631
3,1,0,90,981.403
3,1,0,90,979.120
3,1,0,90,979.763
3,1,0,90,981.610
3,1,0,90,981.012
3,1,0,90,980.229
3,1,0,90,980.279
3,1,0,90,939.515
3,1,0,90,983.362
3,1,0,90,980.116
3,1,0,90,981.444
3,1,0,90,979.439
3,1,0,90,981.193
3,1,0,90,980.225
3,1,0,90,985.553
3,1,0,90,982.159
3,1,0,90,981.116
3,1,0,90,980.648
3,1,0,90,978.773
3,1,0,90,978.990
3,1,0,90,979.077
3,1,0,90,979.998
3,1,0,90,981.641
3,1,0,90,980.302
3,1,0,90,980.853
3,1,0,90,964.125
3,1,0,90,981.694
3,1,0,90,981.467
3,1,0,90,980.221
3,1,0,90,987.067
3,1,0,90,979.970
3,1,0,90,981.613
3,1,0,90,982.348
3,1,0,90,980.824
3,1,0,90,981.652
3,1,0,90,982.147
3,1,0,90,980.957
3,1,0,90,980.433
3,1,0,90,981.224
3,1,0,90,982.701
3,1,0,90,980.344
3,1,0,90,978.653
3,1,0,90,979.759
3,1,0,90,990.124
3,1,0,90,980.156
3,1,0,90,979.429
3,1,0,90,981.423
3,1,0,90,980.826
3,1,0,90,980.228
3,1,0,90,981.278
3,1,0,90,979.680
3,1,0,90,990.934
3,1,0,90,999.318
3,1,0,90,981.072
3,1,0,90,982.067
3,1,0,90,982.525
3,1,0,90,980.186
3,1,0,90,979.940
3,1,0,90,981.991
3,1,0,90,979.208
3,1,0,90,974.869
3,1,0,90,980.179
3,1,0,90,979.877
3,1,0,90,982.354
3,1,0,90,979.552
3,1,0,90,978.954
3,1,0,90,979.116
3,1,0,90,982.092
3,1,0,90,978.680
3,1,0,90,981.489
3,1,0,90,978.040
3,1,0,90,982.238
3,1,0,90,978.177
3,1,0,90,980.505
3,1,0,90,982.445
3,1,0,90,980.976
3,1,0,90,979.934
3,1,0,90,978.411
3,1,0,90,975.239
3,1,0,90,982.882
3,1,0,90,979.988
3,1,0,90,981.575
3,1,0,90,978.033
3,1,0,90,981.139
3,1,0,90,979.726
3,1,0,90,980.350
3,1,0,90,1970.433
3,1,0,90,1161.598
3,1,0,90,979.427
3,1,0,90,989.737
3,1,0,90,981.954
3,1,0,90,980.356
3,1,0,90,980.444
3,1,0,90,980.235
3,1,0,90,982.841
3,1,0,90,981.187
3,1,0,90,980.590
3,1,0,90,980.584
3,1,0,90,978.561
3,1,0,90,978.722
3,1,0,90,979.902
3,1,0,90,979.212
3,1,0,90,980.447
3,1,0,90,1426.625
3,1,0,90,990.122
3,1,0,90,986.265
3,1,0,90,983.334
3,1,0,90,985.588
3,1,0,90,991.731
3,1,0,90,984.152
3,1,0,90,985.109
3,1,0,90,985.178
3,1,0,90,985.988
3,1,0,90,964.149
3,1,0,90,989.996
3,1,0,90,986.009
3,1,0,90,985.060
3,1,0,90,985.036
3,1,0,90,980.549
3,1,0,90,979.933
3,1,0,90,980.113
3,1,0,90,979.182
3,1,0,90,979.510
3,1,0,90,981.042
3,1,0,90,980.944
3,1,0,90,979.661
3,1,0,90,978.119
3,1,0,90,979.891
3,1,0,90,980.423
3,1,0,90,979.122
3,1,0,90,978.598
3,1,0,90,980.574
3,1,0,90,942.662
3,1,0,90,984.268
3,1,0,90,985.003
3,1,0,90,980.979
3,1,0,90,980.326
3,1,0,90,980.080
3,1,0,90,979.871
3,1,0,90,980.774
3,1,0,90,981.491
3,1,0,90,981.245
3,1,0,90,977.888
3,1,0,90,981.105
3,1,0,90,979.155
3,1,0,90,980.779
3,1,0,90,980.978
3,1,0,90,978.621
3,1,0,90,979.597
3,1,0,90,979.777
3,1,0,90,979.013
3,1,0,90,962.656
3,1,0,90,985.224
3,1,0,90,981.830
3,1,0,90,982.288
3,1,0,90,981.320
3,1,0,90,982.037
3,1,0,90,981.458
3,1,0,90,979.323
3,1,0,90,979.818
3,1,0,90,980.146
3,1,0,90,979.252
3,1,0,90,980.469
3,1,0,90,978.834
3,1,0,90,979.421
3,1,0,90,981.546
3,1,0,90,978.263
3,1,0,90,978.813
3,1,0,90,980.197
3,1,0,90,981.895
3,1,0,90,948.779
3,1,0,90,985.533
3,1,0,90,978.621
3,1,0,90,979.578
3,1,0,90,983.184
3,1,0,90,982.049
3,1,0,90,978.766
3,1,0,90,983.483
3,1,0,90,981.997
3,1,0,90,979.769
3,1,0,90,980.616
3,1,0,90,982.148
3,1,0,90,982.791
3,1,0,90,982.489
3,1,0,90,982.392
3,1,0,90,981.090
3,1,0,90,980.789
3,1,0,90,980.802
3,1,0,90,978.371
3,1,0,90,969.699
3,1,0,90,980.157
3,1,0,90,979.244
3,1,0,90,979.535
3,1,0,90,979.771
3,1,0,90,981.340
3,1,0,90,980.834
3,1,0,90,979.274
3,1,0,90,981.787
3,1,0,90,981.115
3,1,0,90,981.202
3,1,0,90,979.253
3,1,0,90,980.192
3,1,0,90,980.483
3,1,0,90,981.274
3,1,0,90,979.991
3,1,0,90,979.838
3,1,0,90,980.722
3,1,0,90,978.050
3,1,0,90,947.971
3,1,0,90,978.669
3,1,0,90,980.756
3,1,0,90,981.048
3,1,0,90,980.894
3,1,0,90,980.204
3,1,0,90,982.699
3,1,0,90,980.675
3,1,0,90,979.762
3,1,0,90,981.831
3,1,0,90,979.993
3,1,0,90,980.728
3,1,0,90,980.779
3,1,0,90,979.421
3,1,0,90,1005.546
3,1,0,90,981.207
3,1,0,90,980.054
3,1,0,90,980.567
3,1,0,90,980.710
3,1,0,90,960.853
3,1,0,90,979.811
3,1,0,90,978.991
3,1,0,90,978.467
3,1,0,90,980.703
3,1,0,90,980.012
3,1,0,90,979.489
3,1,0,90,983.687
3,1,0,90,981.164
3,1,0,90,981.899
3,1,0,90,979.690
3,1,0,90,981.500
3,1,0,90,980.328
3,1,0,90,980.397
3,1,0,90,980.114
3,1,0,90,990.423
3,1,0,90,981.048
3,1,0,90,978.450
3,1,0,90,980.482
3,1,0,90,946.218
3,1,0,90,981.397
3,1,0,90,978.985
3,1,0,90,981.276
3,1,0,90,979.937
3,1,0,90,979.969
3,1,0,90,979.594
3,1,0,90,980.089
3,1,0,90,981.287
3,1,0,90,981.134
3,1,0,90,979.369
3,1,0,90,978.716
3,1,0,90,977.970
3,1,0,90,979.817
3,1,0,90,979.960
3,1,0,90,981.343
3,1,0,90,980.894
3,1,0,90,980.074
3,1,0,90,978.624
3,1,0,90,980.637
3,1,0,90,1967.238
3,1,0,90,1158.052
3,1,0,90,978.992
3,1,0,90,981.005
3,1,0,90,981.963
3,1,0,90,978.643
3,1,0,90,979.694
3,1,0,90,979.614
3,1,0,90,983.776
3,1,0,90,971.048
3,1,0,90,980.469
3,1,0,90,979.908
3,1,0,90,978.940
3,1,0,90,980.305
3,1,0,90,979.041
3,1,0,90,980.795
3,1,0,90,980.882
3,1,0,90,980.433
3,1,0,90,967.594
3,1,0,90,981.052
3,1,0,90,981.621
3,1,0,90,979.597
3,1,0,90,979.777
3,1,0,90,980.068
3,1,0,90,979.007
3,1,0,90,980.021
3,1,0,90,979.664
3,1,0,90,979.621
3,1,0,90,983.079
3,1,0,90,981.833
3,1,0,90,980.106
3,1,0,90,980.656
3,1,0,90,978.855
3,1,0,90,980.553
3,1,0,90,980.418
3,1,0,90,978.487
3,1,0,90,978.741
3,1,0,90,965.903
3,1,0,90,981.175
3,1,0,90,980.244
3,1,0,90,981.239
3,1,0,90,979.419
3,1,0,90,980.580
3,1,0,90,979.298
3,1,0,90,979.570
3,1,0,90,979.583
3,1,0,90,979.819
3,1,0,90,979.851
3,1,0,90,19343.972
4,1,0,90,0.130
4,1,0,90,609.251
4,1,0,90,5.675
4,1,0,90,435.019
4,1,0,90,621.217
4,1,0,90,988.506
4,1,0,90,940.797
4,1,0,90,38.815
4,1,0,90,987.861
4,1,0,90,989.133
4,1,0,90,644.908
4,1,0,90,11.461
4,1,0,90,988.970
4,1,0,90,1003.131
4,1,0,90,989.255
4,1,0,90,988.491
4,1,0,90,1011.282
4,1,0,90,939.999
4,1,0,90,987.642
4,1,0,90,990.267
4,1,0,90,988.002
4,1,0,90,987.793
4,1,0,90,661.123
4,1,0,90,27.362
4,1,0,90,988.092
4,1,0,90,988.143
4,1,0,90,988.508
4,1,0,90,958.466
4,1,0,90,990.664
4,1,0,90,989.011
4,1,0,90,988.283
4,1,0,90,1030.222
4,1,0,90,989.755
4,1,0,90,988.453
4,1,0,90,989.466
4,1,0,90,988.683
4,1,0,90,1000.049
4,1,0,90,988.284
4,1,0,90,988.001
4,1,0,90,990.792
4,1,0,90,988.917
4,1,0,90,1353.780
4,1,0,90,988.758
4,1,0,90,988.253
4,1,0,90,988.414
4,1,0,90,995.094
4,1,0,90,988.071
4,1,0,90,988.862
4,1,0,90,988.134
4,1,0,90,988.166
4,1,0,90,987.939
4,1,0,90,988.674
4,1,0,90,988.669
4,1,0,90,988.145
4,1,0,90,998.492
4,1,0,90,989.117
4,1,0,90,988.648
4,1,0,90,988.551
4,1,0,90,988.582
4,1,0,90,990.892
4,1,0,90,988.720
4,1,0,90,988.400
4,1,0,90,962.728
4,1,0,90,990.482
4,1,0,90,989.107
4,1,0,90,1000.750
4,1,0,90,988.633
4,1,0,90,989.295
4,1,0,90,988.642
4,1,0,90,988.025
4,1,0,90,988.076
4,1,0,90,987.385
4,1,0,90,988.065
4,1,0,90,988.282
4,1,0,90,988.110
4,1,0,90,988.309
4,1,0,90,988.304
4,1,0,90,988.484
4,1,0,90,987.701
4,1,0,90,990.807
4,1,0,90,978.820
4,1,0,90,990.778
4,1,0,90,988.532
4,1,0,90,988.712
4,1,0,90,987.929
4,1,0,90,988.090
4,1,0,90,988.455
4,1,0,90,988.339
4,1,0,90,988.538
4,1,0,90,988.458
4,1,0,90,988.749
4,1,0,90,988.300
4,1,0,90,988.535
4,1,0,90,988.308
4,1,0,90,988.636
4,1,0,90,989.149
4,1,0,90,988.311
4,1,0,90,988.213
4,1,0,90,976.171
4,1,0,90,993.740
4,1,0,90,1000.309
4,1,0,90,988.526
4,1,0,90,987.965
4,1,0,90,988.145
4,1,0,90,987.825
4,1,0,90,988.523
4,1,0,90,988.592
4,1,0,90,988.143
4,1,0,90,987.674
4,1,0,90,987.558
4,1,0,90,987.794
4,1,0,90,1008.474
4,1,0,90,988.024
4,1,0,90,988.130
4,1,0,90,997.477
4,1,0,90,988.175
4,1,0,90,978.633
4,1,0,90,990.665
4,1,0,90,988.826
4,1,0,90,1685.484
4,1,0,90,1162.185
4,1,0,90,988.718
4,1,0,90,988.194
4,1,0,90,989.689
4,1,0,90,988.239
4,1,0,90,988.290
4,1,0,90,988.322
4,1,0,90,989.224
4,1,0,90,988.904
4,1,0,90,988.528
4,1,0,90,988.042
4,1,0,90,997.796
4,1,0,90,988.494
4,1,0,90,987.693
4,1,0,90,977.576
4,1,0,90,990.367
4,1,0,90,988.973
4,1,0,90,988.876
4,1,0,90,988.537
4,1,0,90,990.699
4,1,0,90,989.193
4,1,0,90,992.410
4,1,0,90,987.831
4,1,0,90,989.307
4,1,0,90,988.710
4,1,0,90,988.612
4,1,0,90,989.273
4,1,0,90,998.287
4,1,0,90,988.244
4,1,0,90,988.406
4,1,0,90,987.401
4,1,0,90,987.784
4,1,0,90,964.798
4,1,0,90,989.848
4,1,0,90,988.676
4,1,0,90,994.078
4,1,0,90,988.981
4,1,0,90,988.420
4,1,0,90,988.211
4,1,0,90,991.298
4,1,0,90,989.145
4,1,0,90,989.084
4,1,0,90,988.486
4,1,0,90,988.722
4,1,0,90,988.032
4,1,0,90,988.378
4,1,0,90,989.225
4,1,0,90,998.997
4,1,0,90,987.714
4,1,0,90,988.357
4,1,0,90,992.630
4,1,0,90,987.699
4,1,0,90,988.101
4,1,0,90,988.022
4,1,0,90,987.757
4,1,0,90,988.178
4,1,0,90,988.766
4,1,0,90,988.279
4,1,0,90,988.200
4,1,0,90,990.639
4,1,0,90,989.745
4,1,0,90,988.554
4,1,0,90,988.475
4,1,0,90,989.100
4,1,0,90,988.280
4,1,0,90,988.793
4,1,0,90,989.065
4,1,0,90,962.097
4,1,0,90,1005.722
4,1,0,90,987.254
4,1,0,90,989.082
4,1,0,90,988.762
4,1,0,90,988.886
4,1,0,90,988.159
4,1,0,90,988.320
4,1,0,90,987.852
4,1,0,90,968.865
4,1,0,90,988.434
4,1,0,90,988.503
4,1,0,90,990.831
4,1,0,90,988.845
4,1,0,90,988.747
4,1,0,90,988.575
4,1,0,90,988.625
4,1,0,90,989.027
4,1,0,90,988.652
4,1,0,90,990.869
4,1,0,90,988.530
4,1,0,90,988.470
4,1,0,90,987.798
4,1,0,90,988.126
4,1,0,90,988.213
4,1,0,90,987.912
4,1,0,90,987.833
4,1,0,90,987.698
4,1,0,90,1681.541
4,1,0,90,1159.279
4,1,0,90,988.608
4,1,0,90,988.436
4,1,0,90,991.468
4,1,0,90,988.611
4,1,0,90,988.309
4,1,0,90,956.101
4,1,0,90,989.614
4,1,0,90,988.386
4,1,0,90,988.196
4,1,0,90,988.450
4,1,0,90,988.556
4,1,0,90,998.736
4,1,0,90,988.786
4,1,0,90,987.985
4,1,0,90,988.202
4,1,0,90,988.030
4,1,0,90,987.895
4,1,0,90,988.242
4,1,0,90,987.959
4,1,0,90,987.583
4,1,0,90,988.004
4,1,0,90,987.777
4,1,0,90,991.290
4,1,0,90,974.211
4,1,0,90,992.446
4,1,0,90,989.034
4,1,0,90,988.436
4,1,0,90,988.375
4,1,0,90,988.055
4,1,0,90,988.309
4,1,0,90,988.822
4,1,0,90,988.577
4,1,0,90,988.590
4,1,0,90,988.066
4,1,0,90,990.172
4,1,0,90,988.148
4,1,0,90,987.995
4,1,0,90,987.823
4,1,0,90,988.688
4,1,0,90,988.016
4,1,0,90,943.752
4,1,0,90,990.543
4,1,0,90,990.853
4,1,0,90,988.588
4,1,0,90,987.805
4,1,0,90,987.522
4,1,0,90,988.647
4,1,0,90,988.327
4,1,0,90,988.729
4,1,0,90,988.409
4,1,0,90,989.422
4,1,0,90,988.399
4,1,0,90,987.727
4,1,0,90,987.814
4,1,0,90,988.827
4,1,0,90,988.137
4,1,0,90,988.558
4,1,0,90,987.812
4,1,0,90,973.696
4,1,0,90,989.727
4,1,0,90,989.222
4,1,0,90,988.106
4,1,0,90,990.897
4,1,0,90,988.781
4,1,0,90,988.664
4,1,0,90,987.770
4,1,0,90,988.284
4,1,0,90,988.056
4,1,0,90,987.644
4,1,0,90,988.046
4,1,0,90,988.689
4,1,0,90,988.591
4,1,0,90,988.160
4,1,0,90,987.951
4,1,0,90,987.612
4,1,0,90,946.015
4,1,0,90,990.713
4,1,0,90,988.930
4,1,0,90,988.332
4,1,0,90,988.253
4,1,0,90,988.600
4,1,0,90,988.335
4,1,0,90,991.737
4,1,0,90,988.769
4,1,0,90,988.116
4,1,0,90,988.666
4,1,0,90,987.902
4,1,0,90,988.137
4,1,0,90,989.151
4,1,0,90,987.794
4,1,0,90,989.492
4,1,0,90,987.950
4,1,0,90,988.037
4,1,0,90,970.551
4,1,0,90,990.286
4,1,0,90,988.855
4,1,0,90,988.072
4,1,0,90,993.919
4,1,0,90,988.080
4,1,0,90,988.112
4,1,0,90,989.440
4,1,0,90,988.657
4,1,0,90,990.504
4,1,0,90,989.554
4,1,0,90,988.919
4,1,0,90,988.525
4,1,0,90,988.631
4,1,0,90,987.959
4,1,0,90,987.621
4,1,0,90,987.893
4,1,0,90,989.333
4,1,0,90,997.790
4,1,0,90,987.507
4,1,0,90,988.502
4,1,0,90,988.423
4,1,0,90,988.233
4,1,0,90,988.005
4,1,0,90,988.407
4,1,0,90,988.810
4,1,0,90,988.175
4,1,0,90,1007.058
4,1,0,90,988.887
4,1,0,90,990.678
4,1,0,90,987.987
4,1,0,90,988.075
4,1,0,90,987.384
4,1,0,90,989.490
4,1,0,90,988.300
4,1,0,90,982.369
4,1,0,90,989.215
4,1,0,90,987.599
4,1,0,90,989.335
4,1,0,90,987.422
4,1,0,90,987.232
4,1,0,90,987.115
4,1,0,90,988.203
4,1,0,90,987.457
4,1,0,90,987.748
4,1,0,90,987.039
4,1,0,90,987.534
4,1,0,90,987.084
4,1,0,90,987.357
4,1,0,90,990.518
4,1,0,90,988.050
4,1,0,90,988.415
4,1,0,90,987.095
4,1,0,90,982.553
4,1,0,90,989.900
4,1,0,90,987.839
4,1,0,90,988.482
4,1,0,90,987.254
4,1,0,90,989.712
4,1,0,90,987.448
4,1,0,90,987.646
4,1,0,90,1684.786
4,1,0,90,1162.394
4,1,0,90,987.112
4,1,0,90,997.885
4,1,0,90,990.417
4,1,0,90,988.411
4,1,0,90,988.425
4,1,0,90,988.253
4,1,0,90,990.062
4,1,0,90,988.761
4,1,0,90,987.848
4,1,0,90,987.065
4,1,0,90,988.097
4,1,0,90,987.111
4,1,0,90,987.457
4,1,0,90,987.026
4,1,0,90,987.391
4,1,0,90,1433.032
4,1,0,90,998.973
4,1,0,90,993.246
4,1,0,90,992.722
4,1,0,90,994.069
4,1,0,90,999.138
4,1,0,90,992.985
4,1,0,90,993.720
4,1,0,90,992.622
4,1,0,90,992.747
4,1,0,90,970.038
4,1,0,90,998.366
4,1,0,90,993.824
4,1,0,90,992.800
4,1,0,90,992.295
4,1,0,90,988.419
4,1,0,90,987.710
4,1,0,90,987.427
4,1,0,90,987.330
4,1,0,90,986.824
4,1,0,90,987.338
4,1,0,90,987.833
4,1,0,90,987.513
4,1,0,90,987.730
4,1,0,90,987.743
4,1,0,90,987.330
4,1,0,90,987.214
4,1,0,90,987.227
4,1,0,90,987.611
4,1,0,90,949.180
4,1,0,90,992.138
4,1,0,90,993.151
4,1,0,90,987.942
4,1,0,90,988.918
4,1,0,90,988.117
4,1,0,90,987.815
4,1,0,90,988.051
4,1,0,90,988.935
4,1,0,90,987.578
4,1,0,90,987.202
4,1,0,90,987.604
4,1,0,90,987.321
4,1,0,90,987.094
4,1,0,90,987.848
4,1,0,90,987.343
4,1,0,90,987.208
4,1,0,90,987.684
4,1,0,90,986.957
4,1,0,90,968.989
4,1,0,90,992.872
4,1,0,90,987.793
4,1,0,90,990.288
4,1,0,90,989.301
4,1,0,90,989.203
4,1,0,90,988.180
4,1,0,90,987.341
4,1,0,90,987.651
4,1,0,90,987.664
4,1,0,90,987.622
4,1,0,90,988.079
4,1,0,90,987.685
4,1,0,90,986.939
4,1,0,90,987.712
4,1,0,90,987.559
4,1,0,90,987.442
4,1,0,90,987.474
4,1,0,90,986.988
4,1,0,90,956.223
4,1,0,90,993.218
4,1,0,90,987.583
4,1,0,90,987.022
4,1,0,90,989.925
4,1,0,90,988.771
4,1,0,90,988.081
4,1,0,90,991.335
4,1,0,90,989.589
4,1,0,90,987.806
4,1,0,90,988.134
4,1,0,90,988.166
4,1,0,90,989.864
4,1,0,90,989.563
4,1,0,90,989.743
4,1,0,90,987.830
4,1,0,90,988.177
4,1,0,90,987.801
4,1,0,90,987.037
4,1,0,90,975.958
4,1,0,90,987.378
4,1,0,90,987.910
4,1,0,90,987.405
4,1,0,90,987.400
4,1,0,90,990.247
4,1,0,90,988.871
4,1,0,90,988.014
4,1,0,90,989.009
4,1,0,90,988.263
4,1,0,90,987.924
4,1,0,90,987.567
4,1,0,90,987.395
4,1,0,90,987.927
4,1,0,90,987.922
4,1,0,90,987.769
4,1,0,90,987.523
4,1,0,90,988.073
4,1,0,90,986.975
4,1,0,90,954.526
4,1,0,90,987.613
4,1,0,90,987.737
4,1,0,90,988.140
4,1,0,90,987.505
4,1,0,90,987.796
4,1,0,90,990.439
4,1,0,90,988.267
4,1,0,90,987.706
4,1,0,90,988.201
4,1,0,90,987.326
4,1,0,90,988.617
4,1,0,90,988.963
4,1,0,90,987.847
4,1,0,90,1013.582
4,1,0,90,988.207
4,1,0,90,987.443
4,1,0,90,987.697
4,1,0,90,987.914
4,1,0,90,968.408
4,1,0,90,987.014
4,1,0,90,987.639
4,1,0,90,988.226
4,1,0,90,987.776
4,1,0,90,987.771
4,1,0,90,987.581
4,1,0,90,991.057
4,1,0,90,988.237
4,1,0,90,988.473
4,1,0,90,988.079
4,1,0,90,988.407
4,1,0,90,987.476
4,1,0,90,987.563
4,1,0,90,987.391
4,1,0,90,997.571
4,1,0,90,987.955
4,1,0,90,987.172
4,1,0,90,987.185
4,1,0,90,952.828
4,1,0,90,989.675
4,1,0,90,987.633
4,1,0,90,987.739
4,1,0,90,987.752
4,1,0,90,987.413
4,1,0,90,987.278
4,1,0,90,987.218
4,1,0,90,990.231
4,1,0,90,988.781
4,1,0,90,987.480
4,1,0,90,987.419
4,1,0,90,987.488
4,1,0,90,988.224
4,1,0,90,987.681
4,1,0,90,988.843
4,1,0,90,988.078
4,1,0,90,987.703
4,1,0,90,987.531
4,1,0,90,986.878
4,1,0,90,1682.110
4,1,0,90,1159.570
4,1,0,90,987.881
4,1,0,90,987.690
4,1,0,90,988.315
4,1,0,90,987.624
4,1,0,90,987.360
4,1,0,90,987.021
4,1,0,90,990.368
4,1,0,90,978.215
4,1,0,90,987.895
4,1,0,90,987.593
4,1,0,90,987.736
4,1,0,90,987.897
4,1,0,90,987.300
4,1,0,90,986.887
4,1,0,90,987.826
4,1,0,90,988.025
4,1,0,90,975.316
4,1,0,90,988.014
4,1,0,90,989.120
4,1,0,90,988.134
4,1,0,90,988.388
4,1,0,90,987.771
4,1,0,90,987.859
4,1,0,90,987.650
4,1,0,90,988.571
4,1,0,90,987.714
4,1,0,90,990.560
4,1,0,90,989.018
4,1,0,90,987.457
4,1,0,90,988.434
4,1,0,90,987.651
4,1,0,90,988.164
4,1,0,90,987.436
4,1,0,90,987.191
4,1,0,90,987.482
4,1,0,90,974.421
4,1,0,90,987.601
4,1,0,90,988.040
4,1,0,90,988.498
4,1,0,90,987.900
4,1,0,90,988.117
4,1,0,90,987.779
4,1,0,90,987.681
4,1,0,90,988.046
4,1,0,90,988.633
4,1,0,90,987.536
4,1,0,90,19879.988
5,1,0,90,0.130
5,1,0,90,379.697
5,1,0,90,3.453
5,1,0,90,205.465
5,1,0,90,391.644
5,1,0,90,985.506
5,1,0,90,1005.038
5,1,0,90,66.926
5,1,0,90,841.695
5,1,0,90,985.652
5,1,0,90,415.298
5,1,0,90,38.183
5,1,0,90,986.099
5,1,0,90,999.909
5,1,0,90,985.737
5,1,0,90,984.676
5,1,0,90,1038.263
5,1,0,90,858.833
5,1,0,90,983.531
5,1,0,90,986.822
5,1,0,90,984.743
5,1,0,90,984.071
5,1,0,90,431.569
5,1,0,90,54.843
5,1,0,90,984.704
5,1,0,90,983.939
5,1,0,90,984.971
5,1,0,90,954.707
5,1,0,90,987.572
5,1,0,90,986.400
5,1,0,90,984.617
5,1,0,90,1030.685
5,1,0,90,986.366
5,1,0,90,984.360
5,1,0,90,985.818
5,1,0,90,984.350
5,1,0,90,996.660
5,1,0,90,984.173
5,1,0,90,984.334
5,1,0,90,986.977
5,1,0,90,985.917
5,1,0,90,1350.261
5,1,0,90,985.184
5,1,0,90,983.975
5,1,0,90,984.859
5,1,0,90,991.724
5,1,0,90,984.793
5,1,0,90,985.195
5,1,0,90,984.431
5,1,0,90,984.611
5,1,0,90,984.161
5,1,0,90,984.952
5,1,0,90,984.836
5,1,0,90,984.145
5,1,0,90,995.214
5,1,0,90,985.339
5,1,0,90,985.426
5,1,0,90,985.365
5,1,0,90,985.360
5,1,0,90,986.522
5,1,0,90,985.591
5,1,0,90,984.771
5,1,0,90,959.358
5,1,0,90,986.186
5,1,0,90,985.459
5,1,0,90,997.787
5,1,0,90,984.541
5,1,0,90,985.517
5,1,0,90,985.771
5,1,0,90,984.155
5,1,0,90,984.298
5,1,0,90,983.626
5,1,0,90,985.250
5,1,0,90,984.949
5,1,0,90,984.481
5,1,0,90,984.587
5,1,0,90,984.359
5,1,0,90,984.836
5,1,0,90,983.627
5,1,0,90,987.177
5,1,0,90,975.376
5,1,0,90,986.463
5,1,0,90,984.532
5,1,0,90,984.545
5,1,0,90,984.892
5,1,0,90,985.164
5,1,0,90,985.418
5,1,0,90,984.413
5,1,0,90,985.297
5,1,0,90,984.644
5,1,0,90,985.101
5,1,0,90,984.652
5,1,0,90,985.332
5,1,0,90,984.826
5,1,0,90,985.155
5,1,0,90,985.094
5,1,0,90,985.107
5,1,0,90,984.732
5,1,0,90,973.078
5,1,0,90,989.925
5,1,0,90,997.012
5,1,0,90,984.489
5,1,0,90,984.335
5,1,0,90,983.960
5,1,0,90,984.510
5,1,0,90,984.486
5,1,0,90,985.018
5,1,0,90,984.161
5,1,0,90,984.323
5,1,0,90,983.706
5,1,0,90,983.516
5,1,0,90,1004.714
5,1,0,90,984.431
5,1,0,90,984.334
5,1,0,90,994.180
5,1,0,90,984.620
5,1,0,90,975.281
5,1,0,90,986.905
5,1,0,90,985.289
5,1,0,90,1681.688
5,1,0,90,1164.500
5,1,0,90,985.440
5,1,0,90,984.620
5,1,0,90,985.430
5,1,0,90,984.776
5,1,0,90,984.568
5,1,0,90,985.044
5,1,0,90,985.576
5,1,0,90,984.756
5,1,0,90,984.473
5,1,0,90,984.393
5,1,0,90,993.999
5,1,0,90,984.939
5,1,0,90,983.489
5,1,0,90,973.632
5,1,0,90,985.997
5,1,0,90,985.529
5,1,0,90,984.894
5,1,0,90,985.037
5,1,0,90,986.865
5,1,0,90,985.730
5,1,0,90,988.521
5,1,0,90,983.831
5,1,0,90,985.604
5,1,0,90,985.469
5,1,0,90,984.167
5,1,0,90,985.477
5,1,0,90,994.694
5,1,0,90,985.041
5,1,0,90,984.610
5,1,0,90,984.327
5,1,0,90,983.432
5,1,0,90,961.576
5,1,0,90,986.200
5,1,0,90,985.139
5,1,0,90,990.430
5,1,0,90,985.999
5,1,0,90,985.049
5,1,0,90,984.526
5,1,0,90,986.928
5,1,0,90,985.441
5,1,0,90,985.732
5,1,0,90,984.227
5,1,0,90,984.463
5,1,0,90,984.772
5,1,0,90,985.100
5,1,0,90,985.114
5,1,0,90,995.275
5,1,0,90,984.492
5,1,0,90,984.820
5,1,0,90,988.630
5,1,0,90,983.958
5,1,0,90,985.064
5,1,0,90,984.651
5,1,0,90,984.609
5,1,0,90,984.493
5,1,0,90,985.414
5,1,0,90,984.223
5,1,0,90,985.051
5,1,0,90,986.380
5,1,0,90,986.615
5,1,0,90,984.628
5,1,0,90,984.494
5,1,0,90,984.655
5,1,0,90,984.687
5,1,0,90,984.756
5,1,0,90,985.343
5,1,0,90,958.394
5,1,0,90,1002.629
5,1,0,90,983.716
5,1,0,90,985.489
5,1,0,90,984.539
5,1,0,90,985.571
5,1,0,90,984.640
5,1,0,90,985.061
5,1,0,90,984.167
5,1,0,90,965.088
5,1,0,90,985.027
5,1,0,90,984.892
5,1,0,90,986.590
5,1,0,90,985.437
5,1,0,90,984.617
5,1,0,90,984.834
5,1,0,90,984.255
5,1,0,90,985.842
5,1,0,90,984.504
5,1,0,90,987.184
5,1,0,90,984.956
5,1,0,90,984.673
5,1,0,90,983.853
5,1,0,90,984.533
5,1,0,90,984.361
5,1,0,90,984.652
5,1,0,90,983.555
5,1,0,90,984.346
5,1,0,90,1678.115
5,1,0,90,1162.186
5,1,0,90,985.460
5,1,0,90,984.825
5,1,0,90,987.561
5,1,0,90,985.111
5,1,0,90,984.365
5,1,0,90,951.897
5,1,0,90,985.688
5,1,0,90,984.109
5,1,0,90,984.770
5,1,0,90,984.635
5,1,0,90,984.815
5,1,0,90,995.254
5,1,0,90,984.768
5,1,0,90,984.781
5,1,0,90,984.572
5,1,0,90,984.734
5,1,0,90,983.803
5,1,0,90,984.723
5,1,0,90,983.848
5,1,0,90,984.306
5,1,0,90,984.115
5,1,0,90,984.110
5,1,0,90,988.327
5,1,0,90,970.877
5,1,0,90,988.372
5,1,0,90,985.034
5,1,0,90,985.510
5,1,0,90,985.060
5,1,0,90,984.407
5,1,0,90,984.902
5,1,0,90,984.674
5,1,0,90,985.058
5,1,0,90,984.534
5,1,0,90,984.399
5,1,0,90,986.283
5,1,0,90,984.389
5,1,0,90,984.328
5,1,0,90,983.416
5,1,0,90,985.077
5,1,0,90,984.165
5,1,0,90,940.808
5,1,0,90,987.117
5,1,0,90,987.112
5,1,0,90,984.977
5,1,0,90,984.231
5,1,0,90,983.374
5,1,0,90,984.591
5,1,0,90,984.456
5,1,0,90,985.155
5,1,0,90,984.316
5,1,0,90,985.922
5,1,0,90,985.510
5,1,0,90,984.004
5,1,0,90,984.573
5,1,0,90,985.161
5,1,0,90,984.489
5,1,0,90,985.187
5,1,0,90,984.071
5,1,0,90,969.751
5,1,0,90,986.653
5,1,0,90,985.000
5,1,0,90,984.217
5,1,0,90,987.101
5,1,0,90,984.929
5,1,0,90,984.701
5,1,0,90,984.104
5,1,0,90,984.284
5,1,0,90,984.964
5,1,0,90,984.569
5,1,0,90,984.175
5,1,0,90,984.596
5,1,0,90,985.313
5,1,0,90,984.975
5,1,0,90,984.414
5,1,0,90,984.094
5,1,0,90,942.700
5,1,0,90,986.843
5,1,0,90,984.819
5,1,0,90,985.203
5,1,0,90,984.735
5,1,0,90,984.859
5,1,0,90,984.483
5,1,0,90,988.145
5,1,0,90,985.732
5,1,0,90,984.894
5,1,0,90,984.629
5,1,0,90,984.087
5,1,0,90,984.563
5,1,0,90,984.725
5,1,0,90,984.146
5,1,0,90,985.585
5,1,0,90,984.487
5,1,0,90,984.611
5,1,0,90,967.366
5,1,0,90,985.953
5,1,0,90,985.170
5,1,0,90,983.831
5,1,0,90,990.085
5,1,0,90,983.765
5,1,0,90,984.686
5,1,0,90,985.866
5,1,0,90,985.231
5,1,0,90,986.745
5,1,0,90,985.999
5,1,0,90,985.456
5,1,0,90,984.914
5,1,0,90,984.613
5,1,0,90,985.274
5,1,0,90,983.843
5,1,0,90,983.597
5,1,0,90,985.055
5,1,0,90,994.679
5,1,0,90,983.915
5,1,0,90,984.762
5,1,0,90,984.775
5,1,0,90,984.288
5,1,0,90,983.764
5,1,0,90,984.648
5,1,0,90,984.847
5,1,0,90,993.008
5,1,0,90,1003.466
5,1,0,90,985.350
5,1,0,90,986.585
5,1,0,90,985.061
5,1,0,90,984.630
5,1,0,90,983.329
5,1,0,90,985.879
5,1,0,90,984.485
5,1,0,90,978.684
5,1,0,90,985.530
5,1,0,90,983.692
5,1,0,90,985.724
5,1,0,90,983.848
5,1,0,90,983.639
5,1,0,90,983.412
5,1,0,90,985.036
5,1,0,90,984.031
5,1,0,90,984.526
5,1,0,90,983.095
5,1,0,90,985.071
5,1,0,90,983.158
5,1,0,90,983.690
5,1,0,90,986.352
5,1,0,90,984.846
5,1,0,90,984.952
5,1,0,90,983.169
5,1,0,90,978.812
5,1,0,90,986.918
5,1,0,90,984.043
5,1,0,90,984.889
5,1,0,90,983.403
5,1,0,90,985.990
5,1,0,90,983.096
5,1,0,90,983.813
5,1,0,90,1681.008
5,1,0,90,1165.116
5,1,0,90,983.427
5,1,0,90,994.514
5,1,0,90,986.472
5,1,0,90,984.634
5,1,0,90,984.628
5,1,0,90,984.697
5,1,0,90,986.155
5,1,0,90,985.076
5,1,0,90,984.071
5,1,0,90,983.880
5,1,0,90,983.782
5,1,0,90,983.370
5,1,0,90,983.772
5,1,0,90,983.119
5,1,0,90,983.799
5,1,0,90,1429.106
5,1,0,90,995.196
5,1,0,90,989.876
5,1,0,90,988.815
5,1,0,90,990.347
5,1,0,90,995.434
5,1,0,90,989.688
5,1,0,90,989.609
5,1,0,90,989.400
5,1,0,90,989.524
5,1,0,90,966.834
5,1,0,90,994.625
5,1,0,90,989.935
5,1,0,90,988.578
5,1,0,90,989.202
5,1,0,90,984.753
5,1,0,90,984.470
5,1,0,90,984.131
5,1,0,90,983.663
5,1,0,90,983.491
5,1,0,90,984.227
5,1,0,90,983.999
5,1,0,90,984.550
5,1,0,90,983.507
5,1,0,90,983.743
5,1,0,90,984.201
5,1,0,90,984.195
5,1,0,90,983.468
5,1,0,90,983.741
5,1,0,90,946.384
5,1,0,90,988.212
5,1,0,90,988.836
5,1,0,90,985.072
5,1,0,90,985.381
5,1,0,90,984.376
5,1,0,90,983.945
5,1,0,90,984.440
5,1,0,90,985.046
5,1,0,90,984.800
5,1,0,90,982.943
5,1,0,90,984.623
5,1,0,90,983.932
5,1,0,90,983.446
5,1,0,90,984.255
5,1,0,90,983.435
5,1,0,90,983.041
5,1,0,90,983.517
5,1,0,90,983.216
5,1,0,90,965.840
5,1,0,90,989.446
5,1,0,90,984.885
5,1,0,90,986.121
5,1,0,90,985.153
5,1,0,90,985.203
5,1,0,90,985.142
5,1,0,90,983.600
5,1,0,90,984.188
5,1,0,90,983.997
5,1,0,90,983.677
5,1,0,90,984.302
5,1,0,90,983.667
5,1,0,90,983.569
5,1,0,90,984.823
5,1,0,90,983.336
5,1,0,90,983.776
5,1,0,90,983.826
5,1,0,90,983.895
5,1,0,90,952.353
5,1,0,90,989.533
5,1,0,90,983.787
5,1,0,90,982.911
5,1,0,90,986.536
5,1,0,90,985.364
5,1,0,90,984.081
5,1,0,90,988.076
5,1,0,90,985.867
5,1,0,90,983.880
5,1,0,90,984.616
5,1,0,90,984.740
5,1,0,90,986.142
5,1,0,90,986.378
5,1,0,90,986.224
5,1,0,90,984.145
5,1,0,90,984.325
5,1,0,90,984.227
5,1,0,90,982.796
5,1,0,90,973.106
5,1,0,90,983.878
5,1,0,90,984.336
5,1,0,90,983.405
5,1,0,90,983.567
5,1,0,90,986.209
5,1,0,90,985.260
5,1,0,90,984.255
5,1,0,90,985.324
5,1,0,90,984.411
5,1,0,90,984.591
5,1,0,90,983.308
5,1,0,90,984.210
5,1,0,90,984.168
5,1,0,90,985.015
5,1,0,90,983.695
5,1,0,90,983.652
5,1,0,90,984.499
5,1,0,90,983.346
5,1,0,90,951.600
5,1,0,90,983.150
5,1,0,90,984.367
5,1,0,90,984.529
5,1,0,90,984.171
5,1,0,90,983.963
5,1,0,90,986.346
5,1,0,90,984.989
5,1,0,90,983.521
5,1,0,90,984.608
5,1,0,90,983.603
5,1,0,90,985.283
5,1,0,90,984.945
5,1,0,90,984.217
5,1,0,90,1009.749
5,1,0,90,985.207
5,1,0,90,983.628
5,1,0,90,984.271
5,1,0,90,984.099
5,1,0,90,965.131
5,1,0,90,983.551
5,1,0,90,983.916
5,1,0,90,983.967
5,1,0,90,984.202
5,1,0,90,983.771
5,1,0,90,983.914
5,1,0,90,987.316
5,1,0,90,984.756
5,1,0,90,985.195
5,1,0,90,984.134
5,1,0,90,984.536
5,1,0,90,983.902
5,1,0,90,983.822
5,1,0,90,983.484
5,1,0,90,993.904
5,1,0,90,984.733
5,1,0,90,983.505
5,1,0,90,984.130
5,1,0,90,949.865
5,1,0,90,986.230
5,1,0,90,983.910
5,1,0,90,984.294
5,1,0,90,983.715
5,1,0,90,983.895
5,1,0,90,983.704
5,1,0,90,983.570
5,1,0,90,986.564
5,1,0,90,985.244
5,1,0,90,984.184
5,1,0,90,983.864
5,1,0,90,983.414
5,1,0,90,984.575
5,1,0,90,984.200
5,1,0,90,985.065
5,1,0,90,984.504
5,1,0,90,984.129
5,1,0,90,983.827
5,1,0,90,983.229
5,1,0,90,1678.758
5,1,0,90,1162.163
5,1,0,90,984.380
5,1,0,90,984.153
5,1,0,90,984.796
5,1,0,90,983.569
5,1,0,90,983.489
5,1,0,90,983.429
5,1,0,90,986.997
5,1,0,90,974.770
5,1,0,90,984.117
5,1,0,90,983.741
5,1,0,90,983.754
5,1,0,90,984.749
5,1,0,90,983.818
5,1,0,90,983.609
5,1,0,90,984.160
5,1,0,90,984.932
5,1,0,90,971.260
5,1,0,90,984.366
5,1,0,90,985.454
5,1,0,90,984.597
5,1,0,90,984.832
5,1,0,90,983.975
5,1,0,90,984.100
5,1,0,90,983.891
5,1,0,90,984.367
5,1,0,90,983.695
5,1,0,90,986.597
5,1,0,90,985.611
5,1,0,90,983.828
5,1,0,90,984.471
5,1,0,90,983.502
5,1,0,90,985.053
5,1,0,90,984.325
5,1,0,90,983.431
5,1,0,90,983.315
5,1,0,90,970.495
5,1,0,90,984.471
5,1,0,90,984.355
5,1,0,90,984.868
5,1,0,90,984.770
5,1,0,90,984.210
5,1,0,90,983.686
5,1,0,90,983.477
5,1,0,90,984.379
5,1,0,90,984.522
5,1,0,90,983.739
5,1,0,90,19650.415
6,1,0,90,0.223
6,1,0,90,250.790
6,1,0,90,5.453
6,1,0,90,76.836
6,1,0,90,262.960
6,1,0,90,981.377
6,1,0,90,1063.056
6,1,0,90,65.278
6,1,0,90,745.362
6,1,0,90,980.560
6,1,0,90,286.521
6,1,0,90,33.887
6,1,0,90,982.896
6,1,0,90,996.761
6,1,0,90,981.885
6,1,0,90,979.788
6,1,0,90,1034.912
6,1,0,90,821.852
6,1,0,90,977.902
6,1,0,90,980.730
6,1,0,90,979.836
6,1,0,90,977.997
6,1,0,90,302.940
6,1,0,90,51.140
6,1,0,90,979.426
6,1,0,90,978.513
6,1,0,90,980.638
6,1,0,90,950.133
6,1,0,90,982.979
6,1,0,90,980.882
6,1,0,90,979.376
6,1,0,90,1025.982
6,1,0,90,980.847
6,1,0,90,978.620
6,1,0,90,981.467
6,1,0,90,978.795
6,1,0,90,992.419
6,1,0,90,979.062
6,1,0,90,980.076
6,1,0,90,982.570
6,1,0,90,982.361
6,1,0,90,1344.947
6,1,0,90,980.721
6,1,0,90,978.494
6,1,0,90,980.192
6,1,0,90,987.761
6,1,0,90,979.812
6,1,0,90,980.121
6,1,0,90,978.153
6,1,0,90,980.074
6,1,0,90,979.013
6,1,0,90,980.897
6,1,0,90,978.836
6,1,0,90,979.498
6,1,0,90,992.381
6,1,0,90,980.321
6,1,0,90,979.371
6,1,0,90,981.125
6,1,0,90,981.027
6,1,0,90,980.226
6,1,0,90,980.906
6,1,0,90,978.678
6,1,0,90,954.544
6,1,0,90,980.334
6,1,0,90,979.570
6,1,0,90,993.287
6,1,0,90,979.930
6,1,0,90,980.832
6,1,0,90,981.679
6,1,0,90,979.359
6,1,0,90,979.965
6,1,0,90,977.997
6,1,0,90,980.769
6,1,0,90,978.820
6,1,0,90,979.814
6,1,0,90,980.865
6,1,0,90,980.063
6,1,0,90,980.558
6,1,0,90,979.349
6,1,0,90,980.937
6,1,0,90,969.505
6,1,0,90,980.371
6,1,0,90,980.328
6,1,0,90,978.731
6,1,0,90,979.355
6,1,0,90,980.516
6,1,0,90,981.530
6,1,0,90,978.376
6,1,0,90,979.612
6,1,0,90,979.996
6,1,0,90,980.379
6,1,0,90,979.115
6,1,0,90,981.387
6,1,0,90,981.216
6,1,0,90,979.247
6,1,0,90,978.853
6,1,0,90,979.904
6,1,0,90,980.047
6,1,0,90,968.412
6,1,0,90,985.314
6,1,0,90,993.457
6,1,0,90,979.507
6,1,0,90,980.280
6,1,0,90,979.534
6,1,0,90,979.603
6,1,0,90,978.190
6,1,0,90,979.611
6,1,0,90,980.032
6,1,0,90,980.138
6,1,0,90,979.577
6,1,0,90,979.387
6,1,0,90,999.622
6,1,0,90,980.469
6,1,0,90,979.260
6,1,0,90,988.347
6,1,0,90,980.435
6,1,0,90,970.763
6,1,0,90,981.776
6,1,0,90,980.382
6,1,0,90,1968.835
6,1,0,90,1159.223
6,1,0,90,979.478
6,1,0,90,978.287
6,1,0,90,981.486
6,1,0,90,980.295
6,1,0,90,980.864
6,1,0,90,980.877
6,1,0,90,981.428
6,1,0,90,979.552
6,1,0,90,979.899
6,1,0,90,979.672
6,1,0,90,988.481
6,1,0,90,979.624
6,1,0,90,977.397
6,1,0,90,968.854
6,1,0,90,980.183
6,1,0,90,980.751
6,1,0,90,979.617
6,1,0,90,980.593
6,1,0,90,982.606
6,1,0,90,980.675
6,1,0,90,983.725
6,1,0,90,979.535
6,1,0,90,981.474
6,1,0,90,981.451
6,1,0,90,977.982
6,1,0,90,981.755
6,1,0,90,988.953
6,1,0,90,979.504
6,1,0,90,979.776
6,1,0,90,978.697
6,1,0,90,979.266
6,1,0,90,957.317
6,1,0,90,981.496
6,1,0,90,980.491
6,1,0,90,984.505
6,1,0,90,983.092
6,1,0,90,980.365
6,1,0,90,979.211
6,1,0,90,982.280
6,1,0,90,980.960
6,1,0,90,981.455
6,1,0,90,979.524
6,1,0,90,979.148
6,1,0,90,980.606
6,1,0,90,980.453
6,1,0,90,979.151
6,1,0,90,990.942
6,1,0,90,978.456
6,1,0,90,980.858
6,1,0,90,984.149
6,1,0,90,979.107
6,1,0,90,981.805
6,1,0,90,981.189
6,1,0,90,980.443
6,1,0,90,979.586
6,1,0,90,980.729
6,1,0,90,979.242
6,1,0,90,980.515
6,1,0,90,981.195
6,1,0,90,982.264
6,1,0,90,980.258
6,1,0,90,979.364
6,1,0,90,978.544
6,1,0,90,980.150
6,1,0,90,979.608
6,1,0,90,980.029
6,1,0,90,954.116
6,1,0,90,997.574
6,1,0,90,979.235
6,1,0,90,981.693
6,1,0,90,979.114
6,1,0,90,979.516
6,1,0,90,979.622
6,1,0,90,979.672
6,1,0,90,979.519
6,1,0,90,960.680
6,1,0,90,979.231
6,1,0,90,979.374
6,1,0,90,980.424
6,1,0,90,980.382
6,1,0,90,979.821
6,1,0,90,978.797
6,1,0,90,978.940
6,1,0,90,981.065
6,1,0,90,980.504
6,1,0,90,983.647
6,1,0,90,979.901
6,1,0,90,979.525
6,1,0,90,978.446
6,1,0,90,979.997
6,1,0,90,980.121
6,1,0,90,980.190
6,1,0,90,978.203
6,1,0,90,979.994
6,1,0,90,1966.539
6,1,0,90,1157.539
6,1,0,90,980.886
6,1,0,90,979.659
6,1,0,90,981.265
6,1,0,90,980.833
6,1,0,90,979.106
6,1,0,90,946.731
6,1,0,90,980.059
6,1,0,90,980.016
6,1,0,90,979.882
6,1,0,90,978.950
6,1,0,90,980.204
6,1,0,90,990.866
6,1,0,90,978.916
6,1,0,90,979.226
6,1,0,90,979.461
6,1,0,90,980.419
6,1,0,90,979.488
6,1,0,90,980.520
6,1,0,90,979.181
6,1,0,90,979.732
6,1,0,90,979.671
6,1,0,90,979.666
6,1,0,90,984.253
6,1,0,90,966.748
6,1,0,90,982.410
6,1,0,90,979.145
6,1,0,90,980.918
6,1,0,90,980.783
6,1,0,90,979.907
6,1,0,90,980.587
6,1,0,90,979.119
6,1,0,90,979.299
6,1,0,90,980.109
6,1,0,90,979.066
6,1,0,90,981.228
6,1,0,90,979.149
6,1,0,90,978.662
6,1,0,90,978.879
6,1,0,90,979.744
6,1,0,90,979.239
6,1,0,90,936.438
6,1,0,90,982.784
6,1,0,90,982.742
6,1,0,90,979.366
6,1,0,90,980.046
6,1,0,90,978.282
6,1,0,90,979.795
6,1,0,90,979.901
6,1,0,90,980.118
6,1,0,90,979.261
6,1,0,90,981.867
6,1,0,90,981.788
6,1,0,90,979.283
6,1,0,90,981.111
6,1,0,90,980.550
6,1,0,90,978.545
6,1,0,90,979.743
6,1,0,90,977.905
6,1,0,90,965.529
6,1,0,90,980.728
6,1,0,90,980.908
6,1,0,90,979.495
6,1,0,90,982.564
6,1,0,90,979.762
6,1,0,90,978.350
6,1,0,90,978.419
6,1,0,90,979.654
6,1,0,90,980.890
6,1,0,90,980.662
6,1,0,90,978.342
6,1,0,90,979.004
6,1,0,90,980.980
6,1,0,90,980.271
6,1,0,90,979.488
6,1,0,90,979.539
6,1,0,90,938.848
6,1,0,90,982.639
6,1,0,90,979.375
6,1,0,90,980.666
6,1,0,90,978.790
6,1,0,90,980.433
6,1,0,90,979.465
6,1,0,90,984.812
6,1,0,90,981.455
6,1,0,90,980.338
6,1,0,90,979.889
6,1,0,90,978.013
6,1,0,90,978.360
6,1,0,90,978.318
6,1,0,90,979.238
6,1,0,90,980.900
6,1,0,90,979.580
6,1,0,90,980.112
6,1,0,90,963.366
6,1,0,90,980.935
6,1,0,90,980.818
6,1,0,90,979.461
6,1,0,90,986.345
6,1,0,90,979.229
6,1,0,90,980.872
6,1,0,90,981.589
6,1,0,90,980.046
6,1,0,90,980.893
6,1,0,90,981.518
6,1,0,90,980.160
6,1,0,90,979.674
6,1,0,90,980.483
6,1,0,90,982.071
6,1,0,90,979.584
6,1,0,90,977.894
6,1,0,90,979.000
6,1,0,90,989.439
6,1,0,90,979.415
6,1,0,90,978.669
6,1,0,90,980.664
6,1,0,90,980.066
6,1,0,90,979.450
6,1,0,90,980.537
6,1,0,90,978.940
6,1,0,90,990.268
6,1,0,90,998.559
6,1,0,90,980.313
6,1,0,90,981.326
6,1,0,90,981.784
6,1,0,90,979.408
6,1,0,90,979.199
6,1,0,90,981.250
6,1,0,90,978.504
6,1,0,90,974.128
6,1,0,90,979.401
6,1,0,90,979.118
6,1,0,90,981.631
6,1,0,90,978.811
6,1,0,90,978.213
6,1,0,90,978.375
6,1,0,90,981.407
6,1,0,90,977.939
6,1,0,90,980.711
6,1,0,90,977.262
6,1,0,90,981.571
6,1,0,90,977.399
6,1,0,90,979.746
6,1,0,90,981.704
6,1,0,90,980.310
6,1,0,90,979.175
6,1,0,90,977.670
6,1,0,90,974.461
6,1,0,90,982.141
6,1,0,90,979.247
6,1,0,90,980.871
6,1,0,90,977.310
6,1,0,90,980.490
6,1,0,90,978.967
6,1,0,90,979.610
6,1,0,90,1969.729
6,1,0,90,1160.839
6,1,0,90,978.687
6,1,0,90,988.996
6,1,0,90,981.195
6,1,0,90,979.689
6,1,0,90,979.684
6,1,0,90,979.475
6,1,0,90,982.063
6,1,0,90,980.446
6,1,0,90,979.830
6,1,0,90,979.843
6,1,0,90,977.783
6,1,0,90,978.037
6,1,0,90,979.161
6,1,0,90,978.471
6,1,0,90,979.706
6,1,0,90,1425.958
6,1,0,90,989.400
6,1,0,90,985.506
6,1,0,90,982.612
6,1,0,90,984.940
6,1,0,90,990.971
6,1,0,90,983.392
6,1,0,90,984.350
6,1,0,90,984.419
6,1,0,90,985.247
6,1,0,90,963.409
6,1,0,90,989.255
6,1,0,90,985.343
6,1,0,90,984.300
6,1,0,90,984.277
6,1,0,90,979.845
6,1,0,90,979.192
6,1,0,90,979.335
6,1,0,90,978.441
6,1,0,90,978.732
6,1,0,90,980.357
6,1,0,90,980.222
6,1,0,90,978.902
6,1,0,90,977.322
6,1,0,90,979.151
6,1,0,90,979.682
6,1,0,90,978.399
6,1,0,90,977.876
6,1,0,90,979.945
6,1,0,90,941.921
6,1,0,90,983.508
6,1,0,90,984.244
6,1,0,90,980.331
6,1,0,90,979.567
6,1,0,90,979.339
6,1,0,90,979.093
6,1,0,90,980.144
6,1,0,90,980.787
6,1,0,90,980.522
6,1,0,90,977.128
6,1,0,90,980.345
6,1,0,90,978.396
6,1,0,90,980.038
6,1,0,90,980.237
6,1,0,90,977.991
6,1,0,90,978.819
6,1,0,90,979.073
6,1,0,90,978.290
6,1,0,90,961.896
6,1,0,90,984.502
6,1,0,90,981.071
6,1,0,90,981.529
6,1,0,90,980.690
6,1,0,90,981.296
6,1,0,90,980.698
6,1,0,90,978.564
6,1,0,90,979.095
6,1,0,90,979.386
6,1,0,90,978.511
6,1,0,90,979.746
6,1,0,90,978.167
6,1,0,90,978.662
6,1,0,90,980.805
6,1,0,90,977.503
6,1,0,90,978.146
6,1,0,90,979.456
6,1,0,90,981.155
6,1,0,90,948.038
6,1,0,90,984.885
6,1,0,90,977.861
6,1,0,90,978.800
6,1,0,90,982.425
6,1,0,90,981.290
6,1,0,90,978.026
6,1,0,90,982.743
6,1,0,90,981.237
6,1,0,90,979.084
6,1,0,90,979.875
6,1,0,90,981.407
6,1,0,90,982.050
6,1,0,90,981.711
6,1,0,90,981.614
6,1,0,90,980.349
6,1,0,90,980.066
6,1,0,90,980.117
6,1,0,90,977.593
6,1,0,90,968.940
6,1,0,90,979.434
6,1,0,90,978.485
6,1,0,90,978.757
6,1,0,90,979.067
6,1,0,90,980.599
6,1,0,90,980.168
6,1,0,90,978.514
6,1,0,90,981.009
6,1,0,90,980.356
6,1,0,90,980.554
6,1,0,90,978.512
6,1,0,90,979.451
6,1,0,90,979.724
6,1,0,90,980.589
6,1,0,90,979.250
6,1,0,90,979.097
6,1,0,90,979.962
6,1,0,90,977.290
6,1,0,90,947.211
6,1,0,90,977.910
6,1,0,90,979.997
6,1,0,90,980.381
6,1,0,90,980.153
6,1,0,90,979.426
6,1,0,90,981.939
6,1,0,90,979.934
6,1,0,90,979.021
6,1,0,90,981.072
6,1,0,90,979.252
6,1,0,90,980.061
6,1,0,90,980.019
6,1,0,90,978.681
6,1,0,90,1004.786
6,1,0,90,980.429
6,1,0,90,979.295
6,1,0,90,979.826
6,1,0,90,979.951
6,1,0,90,960.205
6,1,0,90,979.070
6,1,0,90,978.232
6,1,0,90,977.689
6,1,0,90,980.018
6,1,0,90,979.253
6,1,0,90,978.711
6,1,0,90,982.928
6,1,0,90,980.497
6,1,0,90,981.140
6,1,0,90,978.968
6,1,0,90,980.740
6,1,0,90,979.606
6,1,0,90,979.637
6,1,0,90,979.373
6,1,0,90,989.664
6,1,0,90,980.381
6,1,0,90,977.709
6,1,0,90,979.741
6,1,0,90,945.495
6,1,0,90,980.638
6,1,0,90,978.244
6,1,0,90,980.498
6,1,0,90,979.197
6,1,0,90,979.302
6,1,0,90,978.834
6,1,0,90,979.311
6,1,0,90,980.528
6,1,0,90,980.430
6,1,0,90,978.610
6,1,0,90,977.975
6,1,0,90,977.229
6,1,0,90,979.150
6,1,0,90,979.200
6,1,0,90,980.621
6,1,0,90,980.134
6,1,0,90,979.407
6,1,0,90,977.865
6,1,0,90,979.859
6,1,0,90,1966.516
6,1,0,90,1157.367
6,1,0,90,978.251
6,1,0,90,980.302
6,1,0,90,981.204
6,1,0,90,977.902
6,1,0,90,978.934
6,1,0,90,978.873
6,1,0,90,982.998
6,1,0,90,970.400
6,1,0,90,979.728
6,1,0,90,979.149
6,1,0,90,978.162
6,1,0,90,979.564
6,1,0,90,978.300
6,1,0,90,980.035
6,1,0,90,980.160
6,1,0,90,979.803
6,1,0,90,966.835
6,1,0,90,980.329
6,1,0,90,980.861
6,1,0,90,978.875
6,1,0,90,979.018
6,1,0,90,979.383
6,1,0,90,978.229
6,1,0,90,979.317
6,1,0,90,978.886
6,1,0,90,978.881
6,1,0,90,982.338
6,1,0,90,981.129
6,1,0,90,979.328
6,1,0,90,979.897
6,1,0,90,978.077
6,1,0,90,979.886
6,1,0,90,979.659
6,1,0,90,977.728
6,1,0,90,978.000
6,1,0,90,965.162
6,1,0,90,980.434
6,1,0,90,979.466
6,1,0,90,980.480
6,1,0,90,978.752
6,1,0,90,979.821
6,1,0,90,978.557
6,1,0,90,978.792
6,1,0,90,978.843
6,1,0,90,979.041
6,1,0,90,979.091
6,1,0,90,19521.749
7,1,0,90,0.296
7,1,0,90,649.677
7,1,0,90,5.452
7,1,0,90,475.611
7,1,0,90,661.605
7,1,0,90,988.172
7,1,0,90,1038.537
7,1,0,90,898.570
7,1,0,90,597.863
7,1,0,90,988.874
7,1,0,90,774.907
7,1,0,90,11.146
7,1,0,90,988.784
7,1,0,90,1002.946
7,1,0,90,988.904
7,1,0,90,988.158
7,1,0,90,1010.930
7,1,0,90,940.759
7,1,0,90,987.309
7,1,0,90,989.989
7,1,0,90,987.669
7,1,0,90,987.534
7,1,0,90,701.363
7,1,0,90,27.028
7,1,0,90,987.796
7,1,0,90,987.809
7,1,0,90,988.212
7,1,0,90,958.114
7,1,0,90,990.442
7,1,0,90,988.677
7,1,0,90,988.043
7,1,0,90,1029.889
7,1,0,90,989.514
7,1,0,90,988.138
7,1,0,90,989.040
7,1,0,90,988.368
7,1,0,90,999.771
7,1,0,90,987.914
7,1,0,90,987.705
7,1,0,90,990.459
7,1,0,90,988.546
7,1,0,90,1353.558
7,1,0,90,988.406
7,1,0,90,987.882
7,1,0,90,988.118
7,1,0,90,994.761
7,1,0,90,987.978
7,1,0,90,988.658
7,1,0,90,987.819
7,1,0,90,987.851
7,1,0,90,987.605
7,1,0,90,988.396
7,1,0,90,988.391
7,1,0,90,987.812
7,1,0,90,998.140
7,1,0,90,988.765
7,1,0,90,988.482
7,1,0,90,988.476
7,1,0,90,988.304
7,1,0,90,990.651
7,1,0,90,988.664
7,1,0,90,988.048
7,1,0,90,962.376
7,1,0,90,990.167
7,1,0,90,988.921
7,1,0,90,1000.768
7,1,0,90,988.263
7,1,0,90,988.998
7,1,0,90,988.586
7,1,0,90,987.747
7,1,0,90,987.705
7,1,0,90,987.107
7,1,0,90,987.917
7,1,0,90,988.041
7,1,0,90,987.703
7,1,0,90,987.957
7,1,0,90,988.100
7,1,0,90,988.169
7,1,0,90,987.349
7,1,0,90,990.658
7,1,0,90,978.505
7,1,0,90,990.426
7,1,0,90,988.198
7,1,0,90,988.397
7,1,0,90,987.873
7,1,0,90,987.923
7,1,0,90,988.103
7,1,0,90,987.969
7,1,0,90,988.334
7,1,0,90,988.143
7,1,0,90,988.379
7,1,0,90,988.040
7,1,0,90,988.480
7,1,0,90,988.012
7,1,0,90,988.266
7,1,0,90,988.871
7,1,0,90,988.144
7,1,0,90,987.954
7,1,0,90,975.745
7,1,0,90,993.388
7,1,0,90,1000.123
7,1,0,90,988.211
7,1,0,90,987.631
7,1,0,90,987.774
7,1,0,90,987.584
7,1,0,90,988.171
7,1,0,90,988.277
7,1,0,90,987.920
7,1,0,90,987.452
7,1,0,90,987.225
7,1,0,90,987.460
7,1,0,90,1008.307
7,1,0,90,987.765
7,1,0,90,987.871
7,1,0,90,997.273
7,1,0,90,987.805
7,1,0,90,978.374
7,1,0,90,990.331
7,1,0,90,988.493
7,1,0,90,1685.114
7,1,0,90,1161.815
7,1,0,90,988.551
7,1,0,90,987.916
7,1,0,90,989.300
7,1,0,90,988.110
7,1,0,90,987.956
7,1,0,90,988.044
7,1,0,90,988.909
7,1,0,90,988.570
7,1,0,90,988.102
7,1,0,90,987.671
7,1,0,90,997.481
7,1,0,90,988.235
7,1,0,90,987.341
7,1,0,90,977.261
7,1,0,90,990.127
7,1,0,90,988.751
7,1,0,90,988.579
7,1,0,90,988.204
7,1,0,90,990.365
7,1,0,90,988.971
7,1,0,90,992.003
7,1,0,90,987.424
7,1,0,90,989.289
7,1,0,90,988.543
7,1,0,90,988.260
7,1,0,90,988.977
7,1,0,90,997.953
7,1,0,90,988.152
7,1,0,90,988.035
7,1,0,90,987.123
7,1,0,90,987.414
7,1,0,90,964.520
7,1,0,90,989.626
7,1,0,90,988.361
7,1,0,90,993.782
7,1,0,90,988.925
7,1,0,90,988.049
7,1,0,90,987.952
7,1,0,90,990.965
7,1,0,90,988.830
7,1,0,90,988.880
7,1,0,90,988.116
7,1,0,90,988.333
7,1,0,90,987.920
7,1,0,90,988.045
7,1,0,90,988.817
7,1,0,90,998.664
7,1,0,90,987.677
7,1,0,90,988.042
7,1,0,90,992.315
7,1,0,90,987.495
7,1,0,90,987.916
7,1,0,90,987.688
7,1,0,90,987.461
7,1,0,90,987.956
7,1,0,90,988.562
7,1,0,90,987.927
7,1,0,90,987.848
7,1,0,90,990.268
7,1,0,90,989.726
7,1,0,90,988.184
7,1,0,90,988.068
7,1,0,90,988.710
7,1,0,90,987.946
7,1,0,90,988.422
7,1,0,90,988.713
7,1,0,90,961.727
7,1,0,90,1005.703
7,1,0,90,986.939
7,1,0,90,988.748
7,1,0,90,988.465
7,1,0,90,988.608
7,1,0,90,987.807
7,1,0,90,988.024
7,1,0,90,987.537
7,1,0,90,968.699
7,1,0,90,988.193
7,1,0,90,988.244
7,1,0,90,990.535
7,1,0,90,988.548
7,1,0,90,988.432
7,1,0,90,988.260
7,1,0,90,988.236
7,1,0,90,988.768
7,1,0,90,988.337
7,1,0,90,990.517
7,1,0,90,988.419
7,1,0,90,988.229
7,1,0,90,987.464
7,1,0,90,987.792
7,1,0,90,987.861
7,1,0,90,987.893
7,1,0,90,987.555
7,1,0,90,987.401
7,1,0,90,1681.207
7,1,0,90,1158.983
7,1,0,90,988.423
7,1,0,90,988.140
7,1,0,90,991.172
7,1,0,90,988.370
7,1,0,90,987.976
7,1,0,90,955.730
7,1,0,90,989.354
7,1,0,90,988.071
7,1,0,90,987.937
7,1,0,90,988.098
7,1,0,90,988.278
7,1,0,90,998.532
7,1,0,90,988.416
7,1,0,90,987.688
7,1,0,90,987.905
7,1,0,90,987.826
7,1,0,90,987.580
7,1,0,90,987.908
7,1,0,90,987.551
7,1,0,90,987.342
7,1,0,90,987.615
7,1,0,90,987.332
7,1,0,90,991.105
7,1,0,90,974.044
7,1,0,90,992.002
7,1,0,90,988.700
7,1,0,90,988.102
7,1,0,90,988.338
7,1,0,90,987.740
7,1,0,90,988.031
7,1,0,90,988.563
7,1,0,90,988.336
7,1,0,90,988.312
7,1,0,90,987.677
7,1,0,90,989.820
7,1,0,90,987.926
7,1,0,90,987.606
7,1,0,90,987.490
7,1,0,90,988.336
7,1,0,90,987.720
7,1,0,90,943.400
7,1,0,90,990.191
7,1,0,90,990.538
7,1,0,90,988.329
7,1,0,90,987.453
7,1,0,90,987.226
7,1,0,90,988.313
7,1,0,90,988.012
7,1,0,90,988.581
7,1,0,90,988.057
7,1,0,90,989.126
7,1,0,90,988.269
7,1,0,90,987.375
7,1,0,90,987.481
7,1,0,90,988.827
7,1,0,90,987.841
7,1,0,90,988.261
7,1,0,90,987.441
7,1,0,90,973.288
7,1,0,90,989.561
7,1,0,90,988.981
7,1,0,90,987.809
7,1,0,90,990.600
7,1,0,90,988.484
7,1,0,90,988.405
7,1,0,90,987.363
7,1,0,90,987.895
7,1,0,90,987.926
7,1,0,90,987.403
7,1,0,90,987.749
7,1,0,90,988.411
7,1,0,90,988.424
7,1,0,90,987.826
7,1,0,90,987.636
7,1,0,90,987.279
7,1,0,90,945.941
7,1,0,90,990.417
7,1,0,90,988.615
7,1,0,90,988.036
7,1,0,90,987.938
7,1,0,90,988.266
7,1,0,90,988.039
7,1,0,90,991.404
7,1,0,90,988.714
7,1,0,90,987.838
7,1,0,90,988.370
7,1,0,90,987.717
7,1,0,90,987.952
7,1,0,90,988.799
7,1,0,90,987.442
7,1,0,90,989.140
7,1,0,90,987.709
7,1,0,90,987.834
7,1,0,90,970.347
7,1,0,90,989.971
7,1,0,90,988.503
7,1,0,90,987.665
7,1,0,90,993.567
7,1,0,90,987.710
7,1,0,90,987.908
7,1,0,90,989.107
7,1,0,90,988.361
7,1,0,90,990.170
7,1,0,90,989.443
7,1,0,90,988.549
7,1,0,90,988.247
7,1,0,90,988.335
7,1,0,90,987.867
7,1,0,90,987.269
7,1,0,90,987.541
7,1,0,90,988.925
7,1,0,90,997.661
7,1,0,90,987.248
7,1,0,90,988.113
7,1,0,90,988.108
7,1,0,90,987.955
7,1,0,90,987.764
7,1,0,90,988.018
7,1,0,90,988.643
7,1,0,90,987.860
7,1,0,90,1006.855
7,1,0,90,988.572
7,1,0,90,990.381
7,1,0,90,987.987
7,1,0,90,987.871
7,1,0,90,987.051
7,1,0,90,989.120
7,1,0,90,988.022
7,1,0,90,982.072
7,1,0,90,988.826
7,1,0,90,987.229
7,1,0,90,989.057
7,1,0,90,987.052
7,1,0,90,986.917
7,1,0,90,986.800
7,1,0,90,988.073
7,1,0,90,987.105
7,1,0,90,987.414
7,1,0,90,986.706
7,1,0,90,987.497
7,1,0,90,986.714
7,1,0,90,987.060
7,1,0,90,990.148
7,1,0,90,987.846
7,1,0,90,988.137
7,1,0,90,986.743
7,1,0,90,982.294
7,1,0,90,989.881
7,1,0,90,987.561
7,1,0,90,988.241
7,1,0,90,987.032
7,1,0,90,989.453
7,1,0,90,987.077
7,1,0,90,987.368
7,1,0,90,1684.434
7,1,0,90,1162.098
7,1,0,90,986.816
7,1,0,90,997.625
7,1,0,90,990.102
7,1,0,90,988.152
7,1,0,90,988.110
7,1,0,90,987.975
7,1,0,90,989.748
7,1,0,90,988.502
7,1,0,90,987.496
7,1,0,90,986.806
7,1,0,90,987.745
7,1,0,90,986.740
7,1,0,90,987.142
7,1,0,90,986.674
7,1,0,90,987.095
7,1,0,90,1432.717
7,1,0,90,998.677
7,1,0,90,992.857
7,1,0,90,992.352
7,1,0,90,993.791
7,1,0,90,998.767
7,1,0,90,992.781
7,1,0,90,993.368
7,1,0,90,992.381
7,1,0,90,992.395
7,1,0,90,969.779
7,1,0,90,998.236
7,1,0,90,993.490
7,1,0,90,992.392
7,1,0,90,992.147
7,1,0,90,988.049
7,1,0,90,987.469
7,1,0,90,987.057
7,1,0,90,987.015
7,1,0,90,986.417
7,1,0,90,987.152
7,1,0,90,987.536
7,1,0,90,987.272
7,1,0,90,987.359
7,1,0,90,987.502
7,1,0,90,987.071
7,1,0,90,987.047
7,1,0,90,986.894
7,1,0,90,987.240
7,1,0,90,948.902
7,1,0,90,991.860
7,1,0,90,992.799
7,1,0,90,987.923
7,1,0,90,988.622
7,1,0,90,987.820
7,1,0,90,987.463
7,1,0,90,987.680
7,1,0,90,988.583
7,1,0,90,987.429
7,1,0,90,986.906
7,1,0,90,987.382
7,1,0,90,987.043
7,1,0,90,986.723
7,1,0,90,987.737
7,1,0,90,986.954
7,1,0,90,986.819
7,1,0,90,987.351
7,1,0,90,986.642
7,1,0,90,968.692
7,1,0,90,992.483
7,1,0,90,987.663
7,1,0,90,989.880
7,1,0,90,988.931
7,1,0,90,988.814
7,1,0,90,988.068
7,1,0,90,987.008
7,1,0,90,987.447
7,1,0,90,987.349
7,1,0,90,987.325
7,1,0,90,987.783
7,1,0,90,987.333
7,1,0,90,986.680
7,1,0,90,987.527
7,1,0,90,987.170
7,1,0,90,987.164
7,1,0,90,987.141
7,1,0,90,986.654
7,1,0,90,955.982
7,1,0,90,992.996
7,1,0,90,987.250
7,1,0,90,986.670
7,1,0,90,989.573
7,1,0,90,988.623
7,1,0,90,987.803
7,1,0,90,991.001
7,1,0,90,989.459
7,1,0,90,987.435
7,1,0,90,987.838
7,1,0,90,987.907
7,1,0,90,989.512
7,1,0,90,989.433
7,1,0,90,989.372
7,1,0,90,987.460
7,1,0,90,987.862
7,1,0,90,987.486
7,1,0,90,986.741
7,1,0,90,975.680
7,1,0,90,987.101
7,1,0,90,987.669
7,1,0,90,987.090
7,1,0,90,987.085
7,1,0,90,989.839
7,1,0,90,988.556
7,1,0,90,987.699
7,1,0,90,988.620
7,1,0,90,987.911
7,1,0,90,987.720
7,1,0,90,987.215
7,1,0,90,987.210
7,1,0,90,987.612
7,1,0,90,987.792
7,1,0,90,987.472
7,1,0,90,987.152
7,1,0,90,987.721
7,1,0,90,986.716
7,1,0,90,954.359
7,1,0,90,987.205
7,1,0,90,987.608
7,1,0,90,987.825
7,1,0,90,987.171
7,1,0,90,987.518
7,1,0,90,990.087
7,1,0,90,988.026
7,1,0,90,987.391
7,1,0,90,987.831
7,1,0,90,987.029
7,1,0,90,988.561
7,1,0,90,988.611
7,1,0,90,987.643
7,1,0,90,1013.286
7,1,0,90,987.985
7,1,0,90,987.146
7,1,0,90,987.345
7,1,0,90,987.654
7,1,0,90,968.242
7,1,0,90,986.699
7,1,0,90,987.324
7,1,0,90,987.985
7,1,0,90,987.591
7,1,0,90,987.438
7,1,0,90,987.229
7,1,0,90,990.779
7,1,0,90,987.904
7,1,0,90,988.195
7,1,0,90,987.801
7,1,0,90,988.036
7,1,0,90,987.272
7,1,0,90,987.193
7,1,0,90,987.058
7,1,0,90,997.590
7,1,0,90,987.807
7,1,0,90,986.875
7,1,0,90,987.074
7,1,0,90,952.569
7,1,0,90,989.601
7,1,0,90,987.299
7,1,0,90,987.461
7,1,0,90,987.381
7,1,0,90,987.191
7,1,0,90,986.964
7,1,0,90,986.884
7,1,0,90,989.935
7,1,0,90,988.633
7,1,0,90,987.128
7,1,0,90,987.123
7,1,0,90,987.118
7,1,0,90,987.853
7,1,0,90,987.292
7,1,0,90,988.454
7,1,0,90,987.745
7,1,0,90,987.499
7,1,0,90,987.123
7,1,0,90,986.526
7,1,0,90,1681.850
7,1,0,90,1159.218
7,1,0,90,987.621
7,1,0,90,987.394
7,1,0,90,988.074
7,1,0,90,987.328
7,1,0,90,987.008
7,1,0,90,986.706
7,1,0,90,990.201
7,1,0,90,977.974
7,1,0,90,987.524
7,1,0,90,987.204
7,1,0,90,987.365
7,1,0,90,987.675
7,1,0,90,986.948
7,1,0,90,986.554
7,1,0,90,987.511
7,1,0,90,987.876
7,1,0,90,975.001
7,1,0,90,987.718
7,1,0,90,988.768
7,1,0,90,987.930
7,1,0,90,988.128
7,1,0,90,987.512
7,1,0,90,987.470
7,1,0,90,987.335
7,1,0,90,988.237
7,1,0,90,987.380
7,1,0,90,990.190
7,1,0,90,988.759
7,1,0,90,987.216
7,1,0,90,988.100
7,1,0,90,987.317
7,1,0,90,987.942
7,1,0,90,987.140
7,1,0,90,986.820
7,1,0,90,987.093
7,1,0,90,974.069
7,1,0,90,987.286
7,1,0,90,987.762
7,1,0,90,988.368
7,1,0,90,987.733
7,1,0,90,987.765
7,1,0,90,987.482
7,1,0,90,987.310
7,1,0,90,987.842
7,1,0,90,988.337
7,1,0,90,987.184
7,1,0,90,19920.450
8,1,0,90,0.223
8,1,0,90,437.586
8,1,0,90,2.490
8,1,0,90,263.632
8,1,0,90,449.681
8,1,0,90,984.747
8,1,0,90,1066.204
8,1,0,90,785.423
8,1,0,90,385.827
8,1,0,90,984.671
8,1,0,90,562.927
8,1,0,90,37.110
8,1,0,90,985.526
8,1,0,90,998.928
8,1,0,90,985.237
8,1,0,90,984.380
8,1,0,90,1037.190
8,1,0,90,857.778
8,1,0,90,982.457
8,1,0,90,985.730
8,1,0,90,983.651
8,1,0,90,982.923
8,1,0,90,489.402
8,1,0,90,54.029
8,1,0,90,983.667
8,1,0,90,982.588
8,1,0,90,984.138
8,1,0,90,954.114
8,1,0,90,986.794
8,1,0,90,985.345
8,1,0,90,983.636
8,1,0,90,1029.593
8,1,0,90,985.385
8,1,0,90,983.305
8,1,0,90,985.078
8,1,0,90,983.202
8,1,0,90,996.179
8,1,0,90,983.044
8,1,0,90,983.594
8,1,0,90,986.163
8,1,0,90,985.324
8,1,0,90,1349.503
8,1,0,90,984.388
8,1,0,90,982.939
8,1,0,90,983.730
8,1,0,90,990.817
8,1,0,90,983.812
8,1,0,90,984.158
8,1,0,90,983.394
8,1,0,90,983.815
8,1,0,90,983.069
8,1,0,90,984.101
8,1,0,90,983.744
8,1,0,90,983.238
8,1,0,90,994.715
8,1,0,90,984.284
8,1,0,90,984.315
8,1,0,90,984.495
8,1,0,90,984.638
8,1,0,90,985.392
8,1,0,90,984.535
8,1,0,90,983.678
8,1,0,90,958.358
8,1,0,90,985.038
8,1,0,90,984.366
8,1,0,90,997.009
8,1,0,90,983.708
8,1,0,90,984.777
8,1,0,90,985.012
8,1,0,90,983.303
8,1,0,90,983.465
8,1,0,90,982.552
8,1,0,90,984.547
8,1,0,90,983.838
8,1,0,90,983.796
8,1,0,90,983.772
8,1,0,90,983.582
8,1,0,90,983.984
8,1,0,90,982.831
8,1,0,90,986.011
8,1,0,90,974.320
8,1,0,90,985.352
8,1,0,90,983.791
8,1,0,90,983.416
8,1,0,90,983.781
8,1,0,90,984.331
8,1,0,90,984.752
8,1,0,90,983.321
8,1,0,90,984.242
8,1,0,90,983.922
8,1,0,90,984.361
8,1,0,90,983.485
8,1,0,90,984.425
8,1,0,90,984.271
8,1,0,90,984.099
8,1,0,90,983.853
8,1,0,90,984.052
8,1,0,90,983.880
8,1,0,90,972.301
8,1,0,90,989.073
8,1,0,90,996.439
8,1,0,90,983.415
8,1,0,90,983.650
8,1,0,90,983.293
8,1,0,90,983.233
8,1,0,90,983.394
8,1,0,90,983.889
8,1,0,90,983.606
8,1,0,90,983.675
8,1,0,90,982.929
8,1,0,90,982.683
8,1,0,90,1003.641
8,1,0,90,983.710
8,1,0,90,983.186
8,1,0,90,993.107
8,1,0,90,983.787
8,1,0,90,974.393
8,1,0,90,985.906
8,1,0,90,984.438
8,1,0,90,1680.614
8,1,0,90,1163.445
8,1,0,90,984.348
8,1,0,90,983.491
8,1,0,90,984.504
8,1,0,90,983.721
8,1,0,90,983.827
8,1,0,90,984.341
8,1,0,90,984.780
8,1,0,90,983.886
8,1,0,90,983.640
8,1,0,90,983.283
8,1,0,90,992.944
8,1,0,90,983.995
8,1,0,90,982.471
8,1,0,90,972.688
8,1,0,90,984.905
8,1,0,90,984.622
8,1,0,90,983.932
8,1,0,90,984.093
8,1,0,90,986.051
8,1,0,90,984.453
8,1,0,90,987.559
8,1,0,90,983.165
8,1,0,90,984.808
8,1,0,90,984.543
8,1,0,90,983.075
8,1,0,90,984.663
8,1,0,90,993.324
8,1,0,90,983.800
8,1,0,90,983.851
8,1,0,90,983.327
8,1,0,90,982.637
8,1,0,90,960.743
8,1,0,90,985.052
8,1,0,90,984.380
8,1,0,90,989.338
8,1,0,90,985.407
8,1,0,90,984.216
8,1,0,90,983.489
8,1,0,90,985.873
8,1,0,90,984.442
8,1,0,90,984.992
8,1,0,90,983.320
8,1,0,90,983.389
8,1,0,90,984.217
8,1,0,90,984.323
8,1,0,90,984.151
8,1,0,90,994.739
8,1,0,90,983.030
8,1,0,90,984.043
8,1,0,90,987.908
8,1,0,90,982.847
8,1,0,90,984.490
8,1,0,90,984.004
8,1,0,90,983.832
8,1,0,90,983.530
8,1,0,90,984.581
8,1,0,90,983.187
8,1,0,90,984.348
8,1,0,90,985.028
8,1,0,90,985.541
8,1,0,90,984.018
8,1,0,90,983.457
8,1,0,90,983.600
8,1,0,90,983.872
8,1,0,90,983.645
8,1,0,90,984.269
8,1,0,90,957.672
8,1,0,90,1001.666
8,1,0,90,982.939
8,1,0,90,984.823
8,1,0,90,983.373
8,1,0,90,984.572
8,1,0,90,983.603
8,1,0,90,983.987
8,1,0,90,983.130
8,1,0,90,964.181
8,1,0,90,983.953
8,1,0,90,983.874
8,1,0,90,985.517
8,1,0,90,984.382
8,1,0,90,983.729
8,1,0,90,983.779
8,1,0,90,983.144
8,1,0,90,984.750
8,1,0,90,983.967
8,1,0,90,986.351
8,1,0,90,983.901
8,1,0,90,983.488
8,1,0,90,982.780
8,1,0,90,983.756
8,1,0,90,983.362
8,1,0,90,983.579
8,1,0,90,982.388
8,1,0,90,983.402
8,1,0,90,1677.374
8,1,0,90,1161.372
8,1,0,90,984.720
8,1,0,90,983.733
8,1,0,90,986.246
8,1,0,90,984.371
8,1,0,90,983.347
8,1,0,90,951.027
8,1,0,90,984.633
8,1,0,90,983.146
8,1,0,90,983.715
8,1,0,90,983.636
8,1,0,90,984.056
8,1,0,90,994.496
8,1,0,90,983.694
8,1,0,90,983.819
8,1,0,90,983.480
8,1,0,90,983.938
8,1,0,90,982.914
8,1,0,90,983.964
8,1,0,90,982.811
8,1,0,90,983.362
8,1,0,90,983.449
8,1,0,90,983.129
8,1,0,90,987.661
8,1,0,90,970.082
8,1,0,90,987.336
8,1,0,90,983.812
8,1,0,90,984.733
8,1,0,90,984.264
8,1,0,90,983.630
8,1,0,90,983.939
8,1,0,90,983.656
8,1,0,90,983.984
8,1,0,90,983.516
8,1,0,90,983.363
8,1,0,90,985.321
8,1,0,90,983.278
8,1,0,90,983.421
8,1,0,90,982.268
8,1,0,90,983.985
8,1,0,90,983.035
8,1,0,90,939.845
8,1,0,90,986.395
8,1,0,90,986.316
8,1,0,90,984.070
8,1,0,90,983.472
8,1,0,90,982.375
8,1,0,90,983.740
8,1,0,90,983.586
8,1,0,90,984.100
8,1,0,90,983.169
8,1,0,90,985.145
8,1,0,90,984.788
8,1,0,90,982.986
8,1,0,90,983.981
8,1,0,90,984.309
8,1,0,90,983.378
8,1,0,90,984.114
8,1,0,90,982.942
8,1,0,90,968.918
8,1,0,90,985.580
8,1,0,90,984.037
8,1,0,90,983.495
8,1,0,90,986.286
8,1,0,90,983.818
8,1,0,90,983.313
8,1,0,90,983.122
8,1,0,90,983.488
8,1,0,90,984.260
8,1,0,90,983.977
8,1,0,90,983.194
8,1,0,90,983.578
8,1,0,90,984.554
8,1,0,90,983.975
8,1,0,90,983.396
8,1,0,90,983.335
8,1,0,90,942.052
8,1,0,90,986.084
8,1,0,90,983.949
8,1,0,90,984.277
8,1,0,90,983.661
8,1,0,90,984.063
8,1,0,90,983.391
8,1,0,90,987.367
8,1,0,90,984.622
8,1,0,90,984.135
8,1,0,90,983.759
8,1,0,90,983.069
8,1,0,90,983.230
8,1,0,90,983.318
8,1,0,90,983.053
8,1,0,90,984.844
8,1,0,90,983.395
8,1,0,90,983.890
8,1,0,90,966.514
8,1,0,90,985.009
8,1,0,90,984.393
8,1,0,90,983.035
8,1,0,90,989.308
8,1,0,90,982.747
8,1,0,90,984.020
8,1,0,90,985.089
8,1,0,90,984.195
8,1,0,90,985.652
8,1,0,90,985.166
8,1,0,90,984.401
8,1,0,90,983.841
8,1,0,90,983.854
8,1,0,90,984.997
8,1,0,90,983.066
8,1,0,90,982.598
8,1,0,90,984.000
8,1,0,90,993.680
8,1,0,90,983.156
8,1,0,90,983.669
8,1,0,90,984.109
8,1,0,90,983.455
8,1,0,90,982.894
8,1,0,90,983.797
8,1,0,90,983.773
8,1,0,90,993.842
8,1,0,90,1002.411
8,1,0,90,984.331
8,1,0,90,985.586
8,1,0,90,984.451
8,1,0,90,983.520
8,1,0,90,982.570
8,1,0,90,985.065
8,1,0,90,983.560
8,1,0,90,977.925
8,1,0,90,984.382
8,1,0,90,982.637
8,1,0,90,984.891
8,1,0,90,982.941
8,1,0,90,982.695
8,1,0,90,982.375
8,1,0,90,984.462
8,1,0,90,982.939
8,1,0,90,983.804
8,1,0,90,982.002
8,1,0,90,984.590
8,1,0,90,982.159
8,1,0,90,983.246
8,1,0,90,985.370
8,1,0,90,983.791
8,1,0,90,983.842
8,1,0,90,982.207
8,1,0,90,977.868
8,1,0,90,985.752
8,1,0,90,983.025
8,1,0,90,983.964
8,1,0,90,982.347
8,1,0,90,984.953
8,1,0,90,982.337
8,1,0,90,983.165
8,1,0,90,1679.953
8,1,0,90,1164.283
8,1,0,90,982.372
8,1,0,90,993.533
8,1,0,90,985.380
8,1,0,90,983.615
8,1,0,90,983.555
8,1,0,90,983.901
8,1,0,90,985.248
8,1,0,90,984.243
8,1,0,90,983.275
8,1,0,90,983.140
8,1,0,90,982.579
8,1,0,90,982.333
8,1,0,90,982.865
8,1,0,90,982.101
8,1,0,90,983.058
8,1,0,90,1428.403
8,1,0,90,994.122
8,1,0,90,988.969
8,1,0,90,987.612
8,1,0,90,989.292
8,1,0,90,994.657
8,1,0,90,988.300
8,1,0,90,988.609
8,1,0,90,988.345
8,1,0,90,988.858
8,1,0,90,966.353
8,1,0,90,993.514
8,1,0,90,988.935
8,1,0,90,987.726
8,1,0,90,988.314
8,1,0,90,983.605
8,1,0,90,983.507
8,1,0,90,983.168
8,1,0,90,982.682
8,1,0,90,982.510
8,1,0,90,983.560
8,1,0,90,983.481
8,1,0,90,983.568
8,1,0,90,982.378
8,1,0,90,982.910
8,1,0,90,983.349
8,1,0,90,983.288
8,1,0,90,982.413
8,1,0,90,983.037
8,1,0,90,945.588
8,1,0,90,986.971
8,1,0,90,987.781
8,1,0,90,984.220
8,1,0,90,984.400
8,1,0,90,983.469
8,1,0,90,982.890
8,1,0,90,983.718
8,1,0,90,984.083
8,1,0,90,984.078
8,1,0,90,981.850
8,1,0,90,983.734
8,1,0,90,982.877
8,1,0,90,982.927
8,1,0,90,983.496
8,1,0,90,982.510
8,1,0,90,982.319
8,1,0,90,982.499
8,1,0,90,982.142
8,1,0,90,965.174
8,1,0,90,988.373
8,1,0,90,984.164
8,1,0,90,985.325
8,1,0,90,983.950
8,1,0,90,984.667
8,1,0,90,984.235
8,1,0,90,982.564
8,1,0,90,983.132
8,1,0,90,983.183
8,1,0,90,982.641
8,1,0,90,983.506
8,1,0,90,982.630
8,1,0,90,982.514
8,1,0,90,984.064
8,1,0,90,982.133
8,1,0,90,982.850
8,1,0,90,982.993
8,1,0,90,983.543
8,1,0,90,951.464
8,1,0,90,988.663
8,1,0,90,982.732
8,1,0,90,982.004
8,1,0,90,985.906
8,1,0,90,984.605
8,1,0,90,982.859
8,1,0,90,987.243
8,1,0,90,984.830
8,1,0,90,982.825
8,1,0,90,983.597
8,1,0,90,984.092
8,1,0,90,985.402
8,1,0,90,985.600
8,1,0,90,985.429
8,1,0,90,983.479
8,1,0,90,983.622
8,1,0,90,983.209
8,1,0,90,981.926
8,1,0,90,972.569
8,1,0,90,982.916
8,1,0,90,983.207
8,1,0,90,982.313
8,1,0,90,982.660
8,1,0,90,984.969
8,1,0,90,984.168
8,1,0,90,983.218
8,1,0,90,984.583
8,1,0,90,983.671
8,1,0,90,984.017
8,1,0,90,982.290
8,1,0,90,983.211
8,1,0,90,983.409
8,1,0,90,984.311
8,1,0,90,982.899
8,1,0,90,982.560
8,1,0,90,983.685
8,1,0,90,981.994
8,1,0,90,950.804
8,1,0,90,982.058
8,1,0,90,983.590
8,1,0,90,983.751
8,1,0,90,983.505
8,1,0,90,983.074
8,1,0,90,985.439
8,1,0,90,983.953
8,1,0,90,982.540
8,1,0,90,983.924
8,1,0,90,982.863
8,1,0,90,984.284
8,1,0,90,983.871
8,1,0,90,983.181
8,1,0,90,1008.768
8,1,0,90,984.281
8,1,0,90,982.850
8,1,0,90,983.308
8,1,0,90,983.395
8,1,0,90,964.038
8,1,0,90,982.718
8,1,0,90,982.972
8,1,0,90,982.838
8,1,0,90,983.536
8,1,0,90,983.012
8,1,0,90,982.841
8,1,0,90,986.372
8,1,0,90,984.034
8,1,0,90,984.640
8,1,0,90,982.783
8,1,0,90,983.889
8,1,0,90,982.995
8,1,0,90,983.100
8,1,0,90,982.762
8,1,0,90,993.090
8,1,0,90,983.752
8,1,0,90,982.432
8,1,0,90,983.278
8,1,0,90,949.088
8,1,0,90,985.101
8,1,0,90,982.837
8,1,0,90,983.535
8,1,0,90,982.826
8,1,0,90,983.117
8,1,0,90,982.705
8,1,0,90,982.551
8,1,0,90,985.546
8,1,0,90,984.171
8,1,0,90,983.165
8,1,0,90,982.864
8,1,0,90,982.266
8,1,0,90,983.428
8,1,0,90,983.071
8,1,0,90,984.288
8,1,0,90,983.745
8,1,0,90,983.092
8,1,0,90,982.661
8,1,0,90,982.545
8,1,0,90,1677.684
8,1,0,90,1161.052
8,1,0,90,983.177
8,1,0,90,983.691
8,1,0,90,984.093
8,1,0,90,982.402
8,1,0,90,982.693
8,1,0,90,982.577
8,1,0,90,986.239
8,1,0,90,973.974
8,1,0,90,983.265
8,1,0,90,982.742
8,1,0,90,982.755
8,1,0,90,983.972
8,1,0,90,982.967
8,1,0,90,983.147
8,1,0,90,983.271
8,1,0,90,983.858
8,1,0,90,970.224
8,1,0,90,983.607
8,1,0,90,984.639
8,1,0,90,983.449
8,1,0,90,983.814
8,1,0,90,982.883
8,1,0,90,983.026
8,1,0,90,982.910
8,1,0,90,983.145
8,1,0,90,982.695
8,1,0,90,985.709
8,1,0,90,984.778
8,1,0,90,983.032
8,1,0,90,983.452
8,1,0,90,982.725
8,1,0,90,983.961
8,1,0,90,983.585
8,1,0,90,982.395
8,1,0,90,982.204
8,1,0,90,969.440
8,1,0,90,983.898
8,1,0,90,983.429
8,1,0,90,983.998
8,1,0,90,983.623
8,1,0,90,983.266
8,1,0,90,982.631
8,1,0,90,982.477
8,1,0,90,983.343
8,1,0,90,983.689
8,1,0,90,982.721
8,1,0,90,19708.452
9,1,0,90,0.185
9,1,0,90,338.752
9,1,0,90,5.878
9,1,0,90,165.002
9,1,0,90,351.014
9,1,0,90,980.969
9,1,0,90,1064.833
9,1,0,90,747.885
9,1,0,90,287.216
9,1,0,90,980.133
9,1,0,90,464.371
9,1,0,90,33.461
9,1,0,90,982.488
9,1,0,90,996.334
9,1,0,90,981.478
9,1,0,90,979.361
9,1,0,90,1034.522
9,1,0,90,821.481
9,1,0,90,977.475
9,1,0,90,980.303
9,1,0,90,979.409
9,1,0,90,977.571
9,1,0,90,390.865
9,1,0,90,50.713
9,1,0,90,979.092
9,1,0,90,978.069
9,1,0,90,980.230
9,1,0,90,949.706
9,1,0,90,982.553
9,1,0,90,980.400
9,1,0,90,978.968
9,1,0,90,1025.556
9,1,0,90,980.495
9,1,0,90,978.194
9,1,0,90,981.040
9,1,0,90,978.350
9,1,0,90,991.993
9,1,0,90,978.617
9,1,0,90,979.649
9,1,0,90,982.181
9,1,0,90,982.028
9,1,0,90,1344.502
9,1,0,90,980.295
9,1,0,90,978.049
9,1,0,90,979.766
9,1,0,90,987.298
9,1,0,90,979.404
9,1,0,90,979.713
9,1,0,90,977.838
9,1,0,90,979.629
9,1,0,90,978.568
9,1,0,90,980.433
9,1,0,90,978.391
9,1,0,90,979.090
9,1,0,90,991.955
9,1,0,90,979.894
9,1,0,90,979.000
9,1,0,90,980.717
9,1,0,90,980.582
9,1,0,90,979.818
9,1,0,90,980.479
9,1,0,90,978.252
9,1,0,90,954.099
9,1,0,90,979.890
9,1,0,90,979.218
9,1,0,90,992.861
9,1,0,90,979.522
9,1,0,90,980.406
9,1,0,90,981.271
9,1,0,90,978.914
9,1,0,90,979.520
9,1,0,90,977.552
9,1,0,90,980.417
9,1,0,90,978.412
9,1,0,90,979.351
9,1,0,90,980.401
9,1,0,90,979.637
9,1,0,90,980.113
9,1,0,90,978.923
9,1,0,90,980.510
9,1,0,90,969.172
9,1,0,90,979.926
9,1,0,90,979.920
9,1,0,90,978.341
9,1,0,90,978.910
9,1,0,90,980.072
9,1,0,90,981.066
9,1,0,90,977.932
9,1,0,90,979.297
9,1,0,90,979.551
9,1,0,90,979.934
9,1,0,90,978.670
9,1,0,90,980.980
9,1,0,90,980.752
9,1,0,90,978.803
9,1,0,90,978.446
9,1,0,90,979.570
9,1,0,90,979.620
9,1,0,90,967.986
9,1,0,90,984.869
9,1,0,90,993.012
9,1,0,90,979.081
9,1,0,90,979.872
9,1,0,90,979.052
9,1,0,90,979.214
9,1,0,90,977.745
9,1,0,90,979.203
9,1,0,90,979.587
9,1,0,90,979.730
9,1,0,90,979.132
9,1,0,90,978.942
9,1,0,90,999.233
9,1,0,90,980.098
9,1,0,90,978.796
9,1,0,90,987.921
9,1,0,90,979.971
9,1,0,90,970.318
9,1,0,90,981.368
9,1,0,90,979.956
9,1,0,90,1968.408
9,1,0,90,1158.852
9,1,0,90,979.014
9,1,0,90,977.842
9,1,0,90,981.059
9,1,0,90,979.906
9,1,0,90,980.401
9,1,0,90,980.433
9,1,0,90,980.983
9,1,0,90,979.218
9,1,0,90,979.473
9,1,0,90,979.208
9,1,0,90,988.055
9,1,0,90,979.179
9,1,0,90,976.970
9,1,0,90,968.410
9,1,0,90,979.775
9,1,0,90,980.418
9,1,0,90,979.209
9,1,0,90,980.185
9,1,0,90,982.161
9,1,0,90,980.230
9,1,0,90,983.318
9,1,0,90,979.090
9,1,0,90,981.048
9,1,0,90,981.098
9,1,0,90,977.538
9,1,0,90,981.347
9,1,0,90,988.509
9,1,0,90,979.059
9,1,0,90,979.350
9,1,0,90,978.271
9,1,0,90,978.858
9,1,0,90,956.964
9,1,0,90,981.070
9,1,0,90,980.028
9,1,0,90,984.097
9,1,0,90,982.666
9,1,0,90,979.920
9,1,0,90,978.766
9,1,0,90,981.854
9,1,0,90,980.589
9,1,0,90,981.010
9,1,0,90,979.116
9,1,0,90,978.703
9,1,0,90,980.161
9,1,0,90,980.008
9,1,0,90,978.706
9,1,0,90,990.516
9,1,0,90,978.103
9,1,0,90,980.413
9,1,0,90,983.759
9,1,0,90,978.699
9,1,0,90,981.342
9,1,0,90,980.744
9,1,0,90,980.035
9,1,0,90,979.141
9,1,0,90,980.376
9,1,0,90,978.779
9,1,0,90,980.125
9,1,0,90,980.750
9,1,0,90,981.819
9,1,0,90,979.795
9,1,0,90,978.919
9,1,0,90,978.136
9,1,0,90,979.816
9,1,0,90,979.200
9,1,0,90,979.621
9,1,0,90,953.671
9,1,0,90,997.166
9,1,0,90,978.827
9,1,0,90,981.248
9,1,0,90,978.706
9,1,0,90,979.164
9,1,0,90,979.195
9,1,0,90,979.246
9,1,0,90,979.074
9,1,0,90,960.254
9,1,0,90,978.767
9,1,0,90,978.947
9,1,0,90,979.998
9,1,0,90,980.011
9,1,0,90,979.339
9,1,0,90,978.352
9,1,0,90,978.514
9,1,0,90,980.638
9,1,0,90,980.078
9,1,0,90,983.221
9,1,0,90,979.475
9,1,0,90,979.173
9,1,0,90,978.020
9,1,0,90,979.552
9,1,0,90,979.676
9,1,0,90,979.782
9,1,0,90,977.758
9,1,0,90,979.549
9,1,0,90,1966.095
9,1,0,90,1157.149
9,1,0,90,980.441
9,1,0,90,979.195
9,1,0,90,980.820
9,1,0,90,980.407
9,1,0,90,978.661
9,1,0,90,946.304
9,1,0,90,979.614
9,1,0,90,979.646
9,1,0,90,979.455
9,1,0,90,978.505
9,1,0,90,979.760
9,1,0,90,990.402
9,1,0,90,978.453
9,1,0,90,978.800
9,1,0,90,979.035
9,1,0,90,980.067
9,1,0,90,979.080
9,1,0,90,980.094
9,1,0,90,978.718
9,1,0,90,979.324
9,1,0,90,979.226
9,1,0,90,979.239
9,1,0,90,983.845
9,1,0,90,966.359
9,1,0,90,981.965
9,1,0,90,978.737
9,1,0,90,980.473
9,1,0,90,980.356
9,1,0,90,979.462
9,1,0,90,980.161
9,1,0,90,978.693
9,1,0,90,978.965
9,1,0,90,979.682
9,1,0,90,978.622
9,1,0,90,980.783
9,1,0,90,978.704
9,1,0,90,978.236
9,1,0,90,978.434
9,1,0,90,979.299
9,1,0,90,978.868
9,1,0,90,936.048
9,1,0,90,982.339
9,1,0,90,982.278
9,1,0,90,978.958
9,1,0,90,979.583
9,1,0,90,977.855
9,1,0,90,979.387
9,1,0,90,979.530
9,1,0,90,979.655
9,1,0,90,978.835
9,1,0,90,981.422
9,1,0,90,981.380
9,1,0,90,978.838
9,1,0,90,980.666
9,1,0,90,980.105
9,1,0,90,978.192
9,1,0,90,979.317
9,1,0,90,977.478
9,1,0,90,965.103
9,1,0,90,980.301
9,1,0,90,980.481
9,1,0,90,979.032
9,1,0,90,982.119
9,1,0,90,979.392
9,1,0,90,977.905
9,1,0,90,977.992
9,1,0,90,979.209
9,1,0,90,980.463
9,1,0,90,980.217
9,1,0,90,977.916
9,1,0,90,978.577
9,1,0,90,980.646
9,1,0,90,979.808
9,1,0,90,979.080
9,1,0,90,979.094
9,1,0,90,938.403
9,1,0,90,982.213
9,1,0,90,978.967
9,1,0,90,980.240
9,1,0,90,978.457
9,1,0,90,979.970
9,1,0,90,979.039
9,1,0,90,984.385
9,1,0,90,981.010
9,1,0,90,979.912
9,1,0,90,979.444
9,1,0,90,977.568
9,1,0,90,977.971
9,1,0,90,977.873
9,1,0,90,978.812
9,1,0,90,980.455
9,1,0,90,979.153
9,1,0,90,979.685
9,1,0,90,962.921
9,1,0,90,980.508
9,1,0,90,980.466
9,1,0,90,979.035
9,1,0,90,985.937
9,1,0,90,978.784
9,1,0,90,980.445
9,1,0,90,981.125
9,1,0,90,979.583
9,1,0,90,980.448
9,1,0,90,981.147
9,1,0,90,979.734
9,1,0,90,979.247
9,1,0,90,980.020
9,1,0,90,981.626
9,1,0,90,979.121
9,1,0,90,977.486
9,1,0,90,978.573
9,1,0,90,989.105
9,1,0,90,978.970
9,1,0,90,978.224
9,1,0,90,980.238
9,1,0,90,979.603
9,1,0,90,979.005
9,1,0,90,980.092
9,1,0,90,978.532
9,1,0,90,989.915
9,1,0,90,998.114
9,1,0,90,979.868
9,1,0,90,980.863
9,1,0,90,981.339
9,1,0,90,979.000
9,1,0,90,978.718
9,1,0,90,980.823
9,1,0,90,978.152
9,1,0,90,973.665
9,1,0,90,978.975
9,1,0,90,978.655
9,1,0,90,981.186
9,1,0,90,978.348
9,1,0,90,977.769
9,1,0,90,977.949
9,1,0,90,981.017
9,1,0,90,977.494
9,1,0,90,980.322
9,1,0,90,976.835
9,1,0,90,981.145
9,1,0,90,976.973
9,1,0,90,979.320
9,1,0,90,981.277
9,1,0,90,979.939
9,1,0,90,978.730
9,1,0,90,977.243
9,1,0,90,973.997
9,1,0,90,981.696
9,1,0,90,978.802
9,1,0,90,980.445
9,1,0,90,976.865
9,1,0,90,980.156
9,1,0,90,978.503
9,1,0,90,979.165
9,1,0,90,1969.302
9,1,0,90,1160.394
9,1,0,90,978.223
9,1,0,90,988.570
9,1,0,90,980.750
9,1,0,90,979.356
9,1,0,90,979.221
9,1,0,90,979.067
9,1,0,90,981.655
9,1,0,90,980.020
9,1,0,90,979.422
9,1,0,90,979.399
9,1,0,90,977.375
9,1,0,90,977.703
9,1,0,90,978.735
9,1,0,90,978.063
9,1,0,90,979.243
9,1,0,90,1425.550
9,1,0,90,988.973
9,1,0,90,985.079
9,1,0,90,982.148
9,1,0,90,984.587
9,1,0,90,990.564
9,1,0,90,982.966
9,1,0,90,983.905
9,1,0,90,983.992
9,1,0,90,984.802
9,1,0,90,962.982
9,1,0,90,988.773
9,1,0,90,984.935
9,1,0,90,983.874
9,1,0,90,983.869
9,1,0,90,979.382
9,1,0,90,978.766
9,1,0,90,978.890
9,1,0,90,977.996
9,1,0,90,978.287
9,1,0,90,979.949
9,1,0,90,979.795
9,1,0,90,978.438
9,1,0,90,976.877
9,1,0,90,978.706
9,1,0,90,979.219
9,1,0,90,977.936
9,1,0,90,977.394
9,1,0,90,979.518
9,1,0,90,941.495
9,1,0,90,983.082
9,1,0,90,983.780
9,1,0,90,979.923
9,1,0,90,979.122
9,1,0,90,978.894
9,1,0,90,978.630
9,1,0,90,979.699
9,1,0,90,980.323
9,1,0,90,980.059
9,1,0,90,976.683
9,1,0,90,979.919
9,1,0,90,977.932
9,1,0,90,979.594
9,1,0,90,979.792
9,1,0,90,977.528
9,1,0,90,978.374
9,1,0,90,978.647
9,1,0,90,977.845
9,1,0,90,961.488
9,1,0,90,984.076
9,1,0,90,980.645
9,1,0,90,981.065
9,1,0,90,980.264
9,1,0,90,980.851
9,1,0,90,980.253
9,1,0,90,978.137
9,1,0,90,978.687
9,1,0,90,978.923
9,1,0,90,978.122
9,1,0,90,979.320
9,1,0,90,977.704
9,1,0,90,978.199
9,1,0,90,980.360
9,1,0,90,977.077
9,1,0,90,977.701
9,1,0,90,979.030
9,1,0,90,980.710
9,1,0,90,947.612
9,1,0,90,984.458
9,1,0,90,977.453
9,1,0,90,978.392
9,1,0,90,981.998
9,1,0,90,980.864
9,1,0,90,977.599
9,1,0,90,982.298
9,1,0,90,980.811
9,1,0,90,978.658
9,1,0,90,979.430
9,1,0,90,980.962
9,1,0,90,981.605
9,1,0,90,981.285
9,1,0,90,981.187
9,1,0,90,979.904
9,1,0,90,979.621
9,1,0,90,979.690
9,1,0,90,977.166
9,1,0,90,968.495
9,1,0,90,978.989
9,1,0,90,978.058
9,1,0,90,978.331
9,1,0,90,978.603
9,1,0,90,980.191
9,1,0,90,979.741
9,1,0,90,978.051
9,1,0,90,980.583
9,1,0,90,979.892
9,1,0,90,980.091
9,1,0,90,978.067
9,1,0,90,979.043
9,1,0,90,979.279
9,1,0,90,980.181
9,1,0,90,978.824
9,1,0,90,978.689
9,1,0,90,979.517
9,1,0,90,976.864
9,1,0,90,946.766
9,1,0,90,977.465
9,1,0,90,979.534
9,1,0,90,979.917
9,1,0,90,979.708
9,1,0,90,979.018
9,1,0,90,981.513
9,1,0,90,979.489
9,1,0,90,978.558
9,1,0,90,980.664
9,1,0,90,978.825
9,1,0,90,979.653
9,1,0,90,979.611
9,1,0,90,978.217
9,1,0,90,1004.360
9,1,0,90,980.003
9,1,0,90,978.831
9,1,0,90,979.419
9,1,0,90,979.506
9,1,0,90,959.760
9,1,0,90,978.644
9,1,0,90,977.805
9,1,0,90,977.244
9,1,0,90,979.591
9,1,0,90,978.808
9,1,0,90,978.284
9,1,0,90,982.520
9,1,0,90,980.033
9,1,0,90,980.695
9,1,0,90,978.541
9,1,0,90,980.258
9,1,0,90,979.161
9,1,0,90,979.211
9,1,0,90,978.928
9,1,0,90,989.238
9,1,0,90,979.973
9,1,0,90,977.264
9,1,0,90,979.296
9,1,0,90,945.050
9,1,0,90,980.230
9,1,0,90,977.818
9,1,0,90,980.072
9,1,0,90,978.752
9,1,0,90,978.839
9,1,0,90,978.389
9,1,0,90,978.866
9,1,0,90,980.083
9,1,0,90,979.966
9,1,0,90,978.165
9,1,0,90,977.512
9,1,0,90,976.840
9,1,0,90,978.705
9,1,0,90,978.737
9,1,0,90,980.213
9,1,0,90,979.689
9,1,0,90,978.980
9,1,0,90,977.420
9,1,0,90,979.414
9,1,0,90,1966.089
9,1,0,90,1156.922
9,1,0,90,977.843
9,1,0,90,979.857
9,1,0,90,980.759
9,1,0,90,977.439
9,1,0,90,978.545
9,1,0,90,978.428
9,1,0,90,982.534
9,1,0,90,969.955
9,1,0,90,979.265
9,1,0,90,978.722
9,1,0,90,977.736
9,1,0,90,979.138
9,1,0,90,977.836
9,1,0,90,979.609
9,1,0,90,979.733
9,1,0,90,979.358
9,1,0,90,966.390
9,1,0,90,979.885
9,1,0,90,980.398
9,1,0,90,978.485
9,1,0,90,978.591
9,1,0,90,978.919
9,1,0,90,977.822
9,1,0,90,978.890
9,1,0,90,978.404
9,1,0,90,978.436
9,1,0,90,981.930
9,1,0,90,980.684
9,1,0,90,978.901
9,1,0,90,979.452
9,1,0,90,977.613
9,1,0,90,979.460
9,1,0,90,979.233
9,1,0,90,977.301
9,1,0,90,977.518
9,1,0,90,964.717
9,1,0,90,979.990
9,1,0,90,979.021
9,1,0,90,980.109
9,1,0,90,978.307
9,1,0,90,979.376
9,1,0,90,978.112
9,1,0,90,978.347
9,1,0,90,978.435
9,1,0,90,978.633
9,1,0,90,978.646
9,1,0,90,19609.711
10,1,0,90,0.204
10,1,0,90,689.769
10,1,0,90,5.046
10,1,0,90,515.593
10,1,0,90,701.957
10,1,0,90,987.803
10,1,0,90,1038.168
10,1,0,90,898.533
10,1,0,90,638.011
10,1,0,90,988.300
10,1,0,90,815.203
10,1,0,90,10.573
10,1,0,90,988.692
10,1,0,90,1002.687
10,1,0,90,988.386
10,1,0,90,987.658
10,1,0,90,1010.449
10,1,0,90,940.315
10,1,0,90,986.809
10,1,0,90,989.730
10,1,0,90,987.391
10,1,0,90,987.016
10,1,0,90,741.512
10,1,0,90,26.733
10,1,0,90,987.352
10,1,0,90,987.310
10,1,0,90,987.731
10,1,0,90,957.633
10,1,0,90,990.035
10,1,0,90,988.400
10,1,0,90,987.617
10,1,0,90,1033.778
10,1,0,90,989.218
10,1,0,90,987.731
10,1,0,90,988.596
10,1,0,90,987.850
10,1,0,90,999.327
10,1,0,90,987.359
10,1,0,90,987.168
10,1,0,90,989.922
10,1,0,90,988.250
10,1,0,90,1353.095
10,1,0,90,988.036
10,1,0,90,987.439
10,1,0,90,987.711
10,1,0,90,994.298
10,1,0,90,987.701
10,1,0,90,988.121
10,1,0,90,987.413
10,1,0,90,987.352
10,1,0,90,987.106
10,1,0,90,987.915
10,1,0,90,987.929
10,1,0,90,987.368
10,1,0,90,997.604
10,1,0,90,988.247
10,1,0,90,988.167
10,1,0,90,988.144
10,1,0,90,987.861
10,1,0,90,990.096
10,1,0,90,988.387
10,1,0,90,987.623
10,1,0,90,961.877
10,1,0,90,989.612
10,1,0,90,988.440
10,1,0,90,1000.694
10,1,0,90,987.763
10,1,0,90,988.480
10,1,0,90,988.364
10,1,0,90,987.266
10,1,0,90,987.354
10,1,0,90,986.645
10,1,0,90,987.529
10,1,0,90,987.709
10,1,0,90,987.148
10,1,0,90,987.494
10,1,0,90,987.619
10,1,0,90,987.688
10,1,0,90,986.812
10,1,0,90,990.159
10,1,0,90,978.061
10,1,0,90,989.908
10,1,0,90,987.643
10,1,0,90,987.823
10,1,0,90,987.670
10,1,0,90,987.572
10,1,0,90,987.604
10,1,0,90,987.469
10,1,0,90,988.057
10,1,0,90,987.644
10,1,0,90,987.824
10,1,0,90,987.559
10,1,0,90,988.202
10,1,0,90,987.531
10,1,0,90,987.711
10,1,0,90,988.298
10,1,0,90,987.756
10,1,0,90,987.825
10,1,0,90,975.301
10,1,0,90,992.888
10,1,0,90,999.827
10,1,0,90,987.674
10,1,0,90,987.095
10,1,0,90,987.238
10,1,0,90,987.251
10,1,0,90,987.746
10,1,0,90,987.778
10,1,0,90,987.439
10,1,0,90,987.064
10,1,0,90,986.651
10,1,0,90,986.850
10,1,0,90,1007.826
10,1,0,90,987.265
10,1,0,90,987.408
10,1,0,90,996.921
10,1,0,90,987.342
10,1,0,90,978.059
10,1,0,90,989.850
10,1,0,90,987.938
10,1,0,90,1684.521
10,1,0,90,1161.278
10,1,0,90,988.218
10,1,0,90,987.454
10,1,0,90,988.671
10,1,0,90,987.740
10,1,0,90,987.549
10,1,0,90,987.581
10,1,0,90,988.354
10,1,0,90,988.052
10,1,0,90,987.695
10,1,0,90,987.172
10,1,0,90,996.926
10,1,0,90,987.828
10,1,0,90,986.897
10,1,0,90,976.706
10,1,0,90,989.572
10,1,0,90,988.418
10,1,0,90,988.117
10,1,0,90,987.741
10,1,0,90,989.958
10,1,0,90,988.731
10,1,0,90,991.503
10,1,0,90,986.906
10,1,0,90,988.734
10,1,0,90,988.191
10,1,0,90,987.723
10,1,0,90,988.422
10,1,0,90,997.694
10,1,0,90,987.893
10,1,0,90,987.536
10,1,0,90,986.753
10,1,0,90,986.914
10,1,0,90,964.076
10,1,0,90,989.274
10,1,0,90,987.843
10,1,0,90,993.245
10,1,0,90,988.499
10,1,0,90,987.587
10,1,0,90,987.471
10,1,0,90,990.410
10,1,0,90,988.349
10,1,0,90,988.677
10,1,0,90,987.561
10,1,0,90,987.852
10,1,0,90,987.495
10,1,0,90,987.490
10,1,0,90,988.299
10,1,0,90,998.183
10,1,0,90,987.326
10,1,0,90,987.580
10,1,0,90,991.816
10,1,0,90,987.014
10,1,0,90,987.472
10,1,0,90,987.430
10,1,0,90,986.999
10,1,0,90,987.530
10,1,0,90,988.229
10,1,0,90,987.409
10,1,0,90,987.293
10,1,0,90,989.676
10,1,0,90,989.467
10,1,0,90,987.647
10,1,0,90,987.550
10,1,0,90,988.174
10,1,0,90,987.521
10,1,0,90,987.886
10,1,0,90,988.269
10,1,0,90,961.190
10,1,0,90,1005.444
10,1,0,90,986.476
10,1,0,90,988.249
10,1,0,90,987.984
10,1,0,90,988.238
10,1,0,90,987.585
10,1,0,90,987.561
10,1,0,90,987.038
10,1,0,90,968.310
10,1,0,90,987.675
10,1,0,90,987.892
10,1,0,90,989.943
10,1,0,90,988.141
10,1,0,90,987.932
10,1,0,90,987.760
10,1,0,90,987.718
10,1,0,90,988.472
10,1,0,90,987.837
10,1,0,90,990.036
10,1,0,90,987.901
10,1,0,90,987.914
10,1,0,90,986.946
10,1,0,90,987.348
10,1,0,90,987.343
10,1,0,90,987.671
10,1,0,90,987.037
10,1,0,90,986.828
10,1,0,90,1680.671
10,1,0,90,1158.539
10,1,0,90,988.016
10,1,0,90,987.751
10,1,0,90,990.691
10,1,0,90,987.982
10,1,0,90,987.458
10,1,0,90,955.194
10,1,0,90,988.818
10,1,0,90,987.609
10,1,0,90,987.715
10,1,0,90,987.580
10,1,0,90,987.742
10,1,0,90,998.218
10,1,0,90,987.842
10,1,0,90,987.448
10,1,0,90,987.443
10,1,0,90,987.401
10,1,0,90,987.007
10,1,0,90,987.557
10,1,0,90,987.070
10,1,0,90,986.954
10,1,0,90,987.153
10,1,0,90,986.814
10,1,0,90,990.605
10,1,0,90,973.656
10,1,0,90,991.484
10,1,0,90,988.238
10,1,0,90,987.696
10,1,0,90,988.153
10,1,0,90,987.296
10,1,0,90,987.495
10,1,0,90,987.990
10,1,0,90,987.910
10,1,0,90,987.794
10,1,0,90,987.178
10,1,0,90,989.376
10,1,0,90,987.556
10,1,0,90,987.181
10,1,0,90,986.953
10,1,0,90,987.800
10,1,0,90,987.313
10,1,0,90,943.345
10,1,0,90,989.710
10,1,0,90,990.020
10,1,0,90,987.866
10,1,0,90,987.083
10,1,0,90,986.689
10,1,0,90,987.795
10,1,0,90,987.475
10,1,0,90,988.248
10,1,0,90,987.613
10,1,0,90,988.626
10,1,0,90,987.992
10,1,0,90,986.968
10,1,0,90,987.129
10,1,0,90,988.309
10,1,0,90,987.304
10,1,0,90,987.910
10,1,0,90,986.923
10,1,0,90,972.807
10,1,0,90,989.265
10,1,0,90,988.482
10,1,0,90,987.291
10,1,0,90,990.083
10,1,0,90,987.948
10,1,0,90,987.868
10,1,0,90,986.863
10,1,0,90,987.358
10,1,0,90,987.594
10,1,0,90,986.996
10,1,0,90,987.250
10,1,0,90,987.856
10,1,0,90,988.110
10,1,0,90,987.716
10,1,0,90,987.081
10,1,0,90,986.798
10,1,0,90,945.589
10,1,0,90,989.936
10,1,0,90,988.116
10,1,0,90,987.685
10,1,0,90,987.420
10,1,0,90,987.767
10,1,0,90,987.539
10,1,0,90,990.886
10,1,0,90,988.418
10,1,0,90,987.542
10,1,0,90,987.778
10,1,0,90,987.254
10,1,0,90,987.638
10,1,0,90,988.281
10,1,0,90,986.979
10,1,0,90,988.659
10,1,0,90,987.321
10,1,0,90,987.316
10,1,0,90,969.866
10,1,0,90,989.472
10,1,0,90,988.022
10,1,0,90,987.202
10,1,0,90,993.086
10,1,0,90,987.192
10,1,0,90,987.501
10,1,0,90,988.644
10,1,0,90,987.972
10,1,0,90,989.726
10,1,0,90,989.036
10,1,0,90,988.327
10,1,0,90,987.766
10,1,0,90,987.780
10,1,0,90,987.626
10,1,0,90,986.732
10,1,0,90,986.968
10,1,0,90,988.370
10,1,0,90,997.291
10,1,0,90,986.786
10,1,0,90,987.577
10,1,0,90,987.609
10,1,0,90,987.511
10,1,0,90,987.209
10,1,0,90,987.519
10,1,0,90,988.106
10,1,0,90,993.342
10,1,0,90,1006.337
10,1,0,90,988.054
10,1,0,90,989.826
10,1,0,90,987.636
10,1,0,90,987.501
10,1,0,90,986.496
10,1,0,90,988.565
10,1,0,90,987.634
10,1,0,90,981.554
10,1,0,90,988.327
10,1,0,90,986.766
10,1,0,90,988.742
10,1,0,90,986.626
10,1,0,90,986.417
10,1,0,90,986.301
10,1,0,90,987.629
10,1,0,90,986.828
10,1,0,90,986.896
10,1,0,90,986.243
10,1,0,90,987.386
10,1,0,90,986.196
10,1,0,90,986.561
10,1,0,90,989.685
10,1,0,90,987.532
10,1,0,90,987.675
10,1,0,90,986.188
10,1,0,90,981.757
10,1,0,90,989.659
10,1,0,90,987.117
10,1,0,90,987.704
10,1,0,90,986.533
10,1,0,90,989.009
10,1,0,90,986.504
10,1,0,90,986.850
10,1,0,90,1683.971
10,1,0,90,1161.709
10,1,0,90,986.390
10,1,0,90,997.126
10,1,0,90,989.621
10,1,0,90,987.690
10,1,0,90,987.610
10,1,0,90,987.531
10,1,0,90,989.248
10,1,0,90,988.021
10,1,0,90,986.960
10,1,0,90,986.492
10,1,0,90,987.209
10,1,0,90,986.278
10,1,0,90,986.828
10,1,0,90,986.193
10,1,0,90,986.651
10,1,0,90,1432.255
10,1,0,90,998.252
10,1,0,90,992.395
10,1,0,90,991.871
10,1,0,90,993.255
10,1,0,90,998.286
10,1,0,90,992.411
10,1,0,90,992.869
10,1,0,90,992.012
10,1,0,90,992.192
10,1,0,90,969.335
10,1,0,90,997.755
10,1,0,90,992.991
10,1,0,90,991.874
10,1,0,90,991.758
10,1,0,90,987.697
10,1,0,90,987.174
10,1,0,90,986.706
10,1,0,90,986.460
10,1,0,90,986.103
10,1,0,90,986.708
10,1,0,90,987.092
10,1,0,90,986.994
10,1,0,90,986.823
10,1,0,90,987.058
10,1,0,90,986.757
10,1,0,90,986.714
10,1,0,90,986.431
10,1,0,90,986.722
10,1,0,90,948.754
10,1,0,90,991.397
10,1,0,90,992.244
10,1,0,90,987.572
10,1,0,90,988.233
10,1,0,90,987.321
10,1,0,90,986.982
10,1,0,90,987.181
10,1,0,90,988.065
10,1,0,90,987.096
10,1,0,90,986.388
10,1,0,90,987.179
10,1,0,90,986.581
10,1,0,90,986.187
10,1,0,90,987.200
10,1,0,90,986.436
10,1,0,90,986.282
10,1,0,90,986.796
10,1,0,90,986.142
10,1,0,90,968.267
10,1,0,90,992.206
10,1,0,90,987.293
10,1,0,90,989.307
10,1,0,90,988.413
10,1,0,90,988.222
10,1,0,90,987.717
10,1,0,90,986.619
10,1,0,90,987.077
10,1,0,90,986.868
10,1,0,90,986.789
10,1,0,90,987.321
10,1,0,90,986.834
10,1,0,90,986.384
10,1,0,90,987.175
10,1,0,90,986.670
10,1,0,90,986.758
10,1,0,90,986.715
10,1,0,90,986.247
10,1,0,90,955.576
10,1,0,90,992.533
10,1,0,90,986.732
10,1,0,90,986.171
10,1,0,90,989.129
10,1,0,90,988.235
10,1,0,90,987.303
10,1,0,90,990.650
10,1,0,90,989.015
10,1,0,90,986.862
10,1,0,90,987.449
10,1,0,90,987.426
10,1,0,90,989.031
10,1,0,90,989.082
10,1,0,90,988.817
10,1,0,90,986.960
10,1,0,90,987.288
10,1,0,90,986.968
10,1,0,90,986.130
10,1,0,90,975.347
10,1,0,90,986.749
10,1,0,90,987.337
10,1,0,90,986.572
10,1,0,90,986.548
10,1,0,90,989.488
10,1,0,90,988.094
10,1,0,90,987.348
10,1,0,90,988.157
10,1,0,90,987.430
10,1,0,90,987.406
10,1,0,90,986.605
10,1,0,90,986.840
10,1,0,90,987.113
10,1,0,90,987.422
10,1,0,90,986.973
10,1,0,90,986.671
10,1,0,90,987.277
10,1,0,90,986.420
10,1,0,90,953.971
10,1,0,90,986.650
10,1,0,90,987.145
10,1,0,90,987.344
10,1,0,90,986.746
10,1,0,90,986.963
10,1,0,90,989.550
10,1,0,90,987.786
10,1,0,90,986.855
10,1,0,90,987.276
10,1,0,90,986.585
10,1,0,90,988.210
10,1,0,90,988.075
10,1,0,90,987.144
10,1,0,90,1012.749
10,1,0,90,987.781
10,1,0,90,986.702
10,1,0,90,986.993
10,1,0,90,987.155
10,1,0,90,967.983
10,1,0,90,986.533
10,1,0,90,986.769
10,1,0,90,987.449
10,1,0,90,987.277
10,1,0,90,986.883
10,1,0,90,986.711
10,1,0,90,990.243
10,1,0,90,987.404
10,1,0,90,987.843
10,1,0,90,987.412
10,1,0,90,987.574
10,1,0,90,986.883
10,1,0,90,986.675
10,1,0,90,986.540
10,1,0,90,996.942
10,1,0,90,987.400
10,1,0,90,986.432
10,1,0,90,986.704
10,1,0,90,952.218
10,1,0,90,989.286
10,1,0,90,986.744
10,1,0,90,986.924
10,1,0,90,986.919
10,1,0,90,986.821
10,1,0,90,986.557
10,1,0,90,986.422
10,1,0,90,989.528
10,1,0,90,988.263
10,1,0,90,986.758
10,1,0,90,986.660
10,1,0,90,986.581
10,1,0,90,987.539
10,1,0,90,987.089
10,1,0,90,987.973
10,1,0,90,987.301
10,1,0,90,987.055
10,1,0,90,986.698
10,1,0,90,986.026
10,1,0,90,1681.351
10,1,0,90,1158.811
10,1,0,90,987.325
10,1,0,90,986.987
10,1,0,90,987.593
10,1,0,90,986.939
10,1,0,90,986.453
10,1,0,90,986.170
10,1,0,90,989.646
10,1,0,90,977.567
10,1,0,90,987.006
10,1,0,90,986.723
10,1,0,90,986.829
10,1,0,90,987.398
10,1,0,90,986.615
10,1,0,90,986.110
10,1,0,90,987.067
10,1,0,90,987.544
10,1,0,90,974.520
10,1,0,90,987.237
10,1,0,90,988.269
10,1,0,90,987.541
10,1,0,90,987.703
10,1,0,90,987.068
10,1,0,90,987.044
10,1,0,90,986.872
10,1,0,90,987.812
10,1,0,90,986.844
10,1,0,90,989.690
10,1,0,90,988.315
10,1,0,90,986.735
10,1,0,90,987.564
10,1,0,90,986.799
10,1,0,90,987.442
10,1,0,90,986.900
10,1,0,90,986.302
10,1,0,90,986.538
10,1,0,90,973.681
10,1,0,90,986.972
10,1,0,90,987.318
10,1,0,90,987.887
10,1,0,90,987.512
10,1,0,90,987.247
10,1,0,90,986.946
10,1,0,90,986.737
10,1,0,90,987.435
10,1,0,90,987.745
10,1,0,90,986.647
10,1,0,90,19960.599
11,1,0,90,0.204
11,1,0,90,495.381
11,1,0,90,1.452
11,1,0,90,321.297
11,1,0,90,507.643
11,1,0,90,983.876
11,1,0,90,1065.871
11,1,0,90,784.608
11,1,0,90,444.863
11,1,0,90,983.670
11,1,0,90,913.925
11,1,0,90,35.961
11,1,0,90,984.877
11,1,0,90,998.168
11,1,0,90,984.589
11,1,0,90,983.287
11,1,0,90,1036.097
11,1,0,90,856.611
11,1,0,90,981.364
11,1,0,90,984.489
11,1,0,90,982.613
11,1,0,90,981.719
11,1,0,90,547.179
11,1,0,90,53.158
11,1,0,90,982.537
11,1,0,90,981.383
11,1,0,90,983.230
11,1,0,90,953.169
11,1,0,90,985.960
11,1,0,90,984.177
11,1,0,90,982.450
11,1,0,90,1028.630
11,1,0,90,984.273
11,1,0,90,982.194
11,1,0,90,984.225
11,1,0,90,982.017
11,1,0,90,995.271
11,1,0,90,981.877
11,1,0,90,982.742
11,1,0,90,985.514
11,1,0,90,984.713
11,1,0,90,1348.502
11,1,0,90,983.499
11,1,0,90,981.864
11,1,0,90,982.896
11,1,0,90,990.113
11,1,0,90,982.756
11,1,0,90,983.195
11,1,0,90,982.190
11,1,0,90,982.907
11,1,0,90,981.920
11,1,0,90,983.304
11,1,0,90,982.613
11,1,0,90,982.423
11,1,0,90,994.584
11,1,0,90,983.320
11,1,0,90,983.111
11,1,0,90,983.699
11,1,0,90,983.767
11,1,0,90,984.299
11,1,0,90,983.424
11,1,0,90,982.548
11,1,0,90,957.321
11,1,0,90,983.834
11,1,0,90,983.236
11,1,0,90,996.175
11,1,0,90,982.855
11,1,0,90,983.850
11,1,0,90,984.160
11,1,0,90,982.395
11,1,0,90,982.501
11,1,0,90,981.367
11,1,0,90,983.750
11,1,0,90,982.652
11,1,0,90,982.851
11,1,0,90,982.957
11,1,0,90,982.692
11,1,0,90,983.150
11,1,0,90,982.034
11,1,0,90,984.788
11,1,0,90,973.116
11,1,0,90,984.185
11,1,0,90,982.976
11,1,0,90,982.304
11,1,0,90,982.577
11,1,0,90,983.442
11,1,0,90,984.066
11,1,0,90,982.191
11,1,0,90,983.075
11,1,0,90,983.032
11,1,0,90,983.564
11,1,0,90,982.337
11,1,0,90,983.572
11,1,0,90,983.400
11,1,0,90,982.988
11,1,0,90,982.705
11,1,0,90,982.922
11,1,0,90,983.046
11,1,0,90,971.430
11,1,0,90,988.277
11,1,0,90,995.679
11,1,0,90,982.248
11,1,0,90,982.909
11,1,0,90,982.441
11,1,0,90,982.343
11,1,0,90,982.245
11,1,0,90,982.703
11,1,0,90,982.809
11,1,0,90,982.804
11,1,0,90,982.132
11,1,0,90,981.997
11,1,0,90,1002.659
11,1,0,90,983.005
11,1,0,90,982.167
11,1,0,90,991.958
11,1,0,90,982.805
11,1,0,90,973.559
11,1,0,90,984.757
11,1,0,90,983.419
11,1,0,90,1679.484
11,1,0,90,1162.278
11,1,0,90,983.088
11,1,0,90,982.361
11,1,0,90,983.633
11,1,0,90,982.906
11,1,0,90,983.179
11,1,0,90,983.581
11,1,0,90,984.039
11,1,0,90,982.867
11,1,0,90,982.732
11,1,0,90,982.467
11,1,0,90,991.814
11,1,0,90,982.790
11,1,0,90,981.452
11,1,0,90,971.613
11,1,0,90,983.756
11,1,0,90,983.695
11,1,0,90,982.820
11,1,0,90,983.278
11,1,0,90,985.402
11,1,0,90,983.341
11,1,0,90,986.725
11,1,0,90,982.386
11,1,0,90,983.974
11,1,0,90,983.691
11,1,0,90,981.926
11,1,0,90,983.995
11,1,0,90,992.120
11,1,0,90,982.633
11,1,0,90,982.943
11,1,0,90,982.419
11,1,0,90,981.821
11,1,0,90,959.890
11,1,0,90,984.218
11,1,0,90,983.509
11,1,0,90,988.152
11,1,0,90,984.740
11,1,0,90,983.309
11,1,0,90,982.377
11,1,0,90,985.131
11,1,0,90,983.682
11,1,0,90,984.140
11,1,0,90,982.505
11,1,0,90,982.203
11,1,0,90,983.365
11,1,0,90,983.452
11,1,0,90,982.984
11,1,0,90,993.794
11,1,0,90,981.825
11,1,0,90,983.246
11,1,0,90,987.037
11,1,0,90,981.699
11,1,0,90,983.731
11,1,0,90,983.392
11,1,0,90,983.072
11,1,0,90,982.715
11,1,0,90,983.636
11,1,0,90,982.316
11,1,0,90,983.514
11,1,0,90,984.083
11,1,0,90,984.708
11,1,0,90,983.147
11,1,0,90,982.493
11,1,0,90,982.433
11,1,0,90,983.094
11,1,0,90,982.645
11,1,0,90,983.139
11,1,0,90,956.856
11,1,0,90,1000.555
11,1,0,90,982.031
11,1,0,90,984.119
11,1,0,90,982.187
11,1,0,90,983.386
11,1,0,90,982.696
11,1,0,90,982.820
11,1,0,90,982.167
11,1,0,90,963.180
11,1,0,90,982.823
11,1,0,90,982.762
11,1,0,90,984.368
11,1,0,90,983.196
11,1,0,90,982.839
11,1,0,90,982.612
11,1,0,90,982.032
11,1,0,90,983.712
11,1,0,90,983.115
11,1,0,90,985.721
11,1,0,90,982.919
11,1,0,90,982.377
11,1,0,90,981.612
11,1,0,90,982.978
11,1,0,90,982.546
11,1,0,90,982.689
11,1,0,90,981.203
11,1,0,90,982.716
11,1,0,90,1676.504
11,1,0,90,1160.501
11,1,0,90,983.904
11,1,0,90,982.547
11,1,0,90,985.042
11,1,0,90,983.518
11,1,0,90,982.217
11,1,0,90,950.045
11,1,0,90,983.466
11,1,0,90,982.275
11,1,0,90,982.826
11,1,0,90,982.524
11,1,0,90,983.186
11,1,0,90,993.606
11,1,0,90,982.527
11,1,0,90,982.725
11,1,0,90,982.294
11,1,0,90,983.141
11,1,0,90,982.117
11,1,0,90,983.205
11,1,0,90,981.996
11,1,0,90,982.509
11,1,0,90,982.597
11,1,0,90,982.573
11,1,0,90,986.901
11,1,0,90,969.100
11,1,0,90,986.168
11,1,0,90,982.645
11,1,0,90,983.936
11,1,0,90,983.449
11,1,0,90,982.870
11,1,0,90,983.253
11,1,0,90,982.470
11,1,0,90,982.817
11,1,0,90,982.701
11,1,0,90,982.214
11,1,0,90,984.190
11,1,0,90,982.148
11,1,0,90,982.217
11,1,0,90,981.508
11,1,0,90,982.836
11,1,0,90,982.127
11,1,0,90,939.085
11,1,0,90,985.636
11,1,0,90,985.464
11,1,0,90,982.921
11,1,0,90,982.620
11,1,0,90,981.300
11,1,0,90,982.887
11,1,0,90,982.753
11,1,0,90,982.970
11,1,0,90,982.242
11,1,0,90,984.330
11,1,0,90,984.028
11,1,0,90,982.134
11,1,0,90,983.407
11,1,0,90,983.457
11,1,0,90,982.285
11,1,0,90,982.928
11,1,0,90,981.812
11,1,0,90,968.047
11,1,0,90,984.394
11,1,0,90,983.389
11,1,0,90,982.495
11,1,0,90,985.452
11,1,0,90,982.762
11,1,0,90,981.960
11,1,0,90,981.974
11,1,0,90,982.691
11,1,0,90,983.352
11,1,0,90,983.162
11,1,0,90,982.101
11,1,0,90,982.392
11,1,0,90,983.665
11,1,0,90,983.178
11,1,0,90,982.580
11,1,0,90,982.464
11,1,0,90,941.237
11,1,0,90,985.250
11,1,0,90,983.060
11,1,0,90,983.425
11,1,0,90,982.494
11,1,0,90,983.266
11,1,0,90,982.446
11,1,0,90,986.737
11,1,0,90,983.510
11,1,0,90,983.245
11,1,0,90,982.703
11,1,0,90,981.883
11,1,0,90,982.045
11,1,0,90,982.169
11,1,0,90,982.053
11,1,0,90,983.918
11,1,0,90,982.283
11,1,0,90,983.000
11,1,0,90,965.717
11,1,0,90,983.860
11,1,0,90,983.522
11,1,0,90,982.276
11,1,0,90,988.382
11,1,0,90,981.525
11,1,0,90,983.223
11,1,0,90,984.273
11,1,0,90,983.083
11,1,0,90,984.430
11,1,0,90,984.387
11,1,0,90,983.253
11,1,0,90,982.729
11,1,0,90,983.113
11,1,0,90,984.293
11,1,0,90,982.250
11,1,0,90,981.578
11,1,0,90,982.851
11,1,0,90,992.550
11,1,0,90,982.359
11,1,0,90,982.484
11,1,0,90,983.256
11,1,0,90,982.621
11,1,0,90,982.061
11,1,0,90,982.889
11,1,0,90,982.680
11,1,0,90,992.989
11,1,0,90,1001.484
11,1,0,90,983.238
11,1,0,90,984.418
11,1,0,90,983.839
11,1,0,90,982.352
11,1,0,90,981.792
11,1,0,90,984.194
11,1,0,90,982.392
11,1,0,90,977.109
11,1,0,90,983.234
11,1,0,90,981.636
11,1,0,90,984.075
11,1,0,90,981.811
11,1,0,90,981.676
11,1,0,90,981.337
11,1,0,90,983.758
11,1,0,90,981.809
11,1,0,90,982.989
11,1,0,90,980.798
11,1,0,90,983.867
11,1,0,90,981.029
11,1,0,90,982.579
11,1,0,90,984.296
11,1,0,90,982.976
11,1,0,90,982.693
11,1,0,90,981.151
11,1,0,90,976.997
11,1,0,90,984.751
11,1,0,90,981.931
11,1,0,90,983.334
11,1,0,90,981.180
11,1,0,90,983.842
11,1,0,90,981.577
11,1,0,90,982.257
11,1,0,90,1679.137
11,1,0,90,1163.468
11,1,0,90,981.519
11,1,0,90,992.607
11,1,0,90,984.268
11,1,0,90,982.559
11,1,0,90,982.443
11,1,0,90,982.993
11,1,0,90,984.414
11,1,0,90,983.335
11,1,0,90,982.478
11,1,0,90,982.547
11,1,0,90,981.375
11,1,0,90,981.240
11,1,0,90,981.790
11,1,0,90,981.100
11,1,0,90,982.280
11,1,0,90,1427.698
11,1,0,90,993.029
11,1,0,90,987.931
11,1,0,90,986.426
11,1,0,90,988.291
11,1,0,90,993.971
11,1,0,90,986.892
11,1,0,90,987.572
11,1,0,90,987.141
11,1,0,90,988.080
11,1,0,90,965.741
11,1,0,90,992.440
11,1,0,90,988.083
11,1,0,90,986.929
11,1,0,90,987.350
11,1,0,90,982.493
11,1,0,90,982.321
11,1,0,90,982.075
11,1,0,90,981.718
11,1,0,90,981.713
11,1,0,90,982.782
11,1,0,90,982.721
11,1,0,90,982.457
11,1,0,90,981.229
11,1,0,90,981.983
11,1,0,90,982.497
11,1,0,90,982.195
11,1,0,90,981.320
11,1,0,90,982.240
11,1,0,90,944.735
11,1,0,90,985.915
11,1,0,90,986.984
11,1,0,90,983.071
11,1,0,90,983.196
11,1,0,90,982.450
11,1,0,90,981.815
11,1,0,90,982.884
11,1,0,90,983.268
11,1,0,90,983.225
11,1,0,90,980.683
11,1,0,90,982.863
11,1,0,90,981.691
11,1,0,90,982.408
11,1,0,90,982.625
11,1,0,90,981.361
11,1,0,90,981.522
11,1,0,90,981.554
11,1,0,90,981.049
11,1,0,90,964.340
11,1,0,90,987.261
11,1,0,90,983.589
11,1,0,90,984.454
11,1,0,90,983.060
11,1,0,90,983.907
11,1,0,90,983.420
11,1,0,90,981.396
11,1,0,90,981.947
11,1,0,90,982.275
11,1,0,90,981.547
11,1,0,90,982.505
11,1,0,90,981.426
11,1,0,90,981.365
11,1,0,90,983.267
11,1,0,90,980.984
11,1,0,90,981.664
11,1,0,90,982.178
11,1,0,90,983.339
11,1,0,90,950.649
11,1,0,90,987.755
11,1,0,90,981.583
11,1,0,90,981.207
11,1,0,90,985.073
11,1,0,90,983.790
11,1,0,90,981.673
11,1,0,90,986.205
11,1,0,90,983.941
11,1,0,90,981.954
11,1,0,90,982.782
11,1,0,90,983.462
11,1,0,90,984.512
11,1,0,90,984.452
11,1,0,90,984.558
11,1,0,90,982.923
11,1,0,90,982.806
11,1,0,90,982.320
11,1,0,90,980.778
11,1,0,90,971.698
11,1,0,90,981.971
11,1,0,90,982.114
11,1,0,90,981.368
11,1,0,90,981.678
11,1,0,90,983.839
11,1,0,90,983.000
11,1,0,90,982.125
11,1,0,90,983.786
11,1,0,90,982.818
11,1,0,90,983.220
11,1,0,90,981.234
11,1,0,90,982.191
11,1,0,90,982.575
11,1,0,90,983.477
11,1,0,90,982.046
11,1,0,90,981.634
11,1,0,90,982.777
11,1,0,90,980.753
11,1,0,90,949.989
11,1,0,90,981.409
11,1,0,90,982.737
11,1,0,90,982.991
11,1,0,90,982.690
11,1,0,90,982.092
11,1,0,90,984.494
11,1,0,90,982.730
11,1,0,90,981.743
11,1,0,90,983.294
11,1,0,90,982.011
11,1,0,90,983.265
11,1,0,90,982.685
11,1,0,90,982.143
11,1,0,90,1007.601
11,1,0,90,983.281
11,1,0,90,982.035
11,1,0,90,982.585
11,1,0,90,982.580
11,1,0,90,962.908
11,1,0,90,981.903
11,1,0,90,981.842
11,1,0,90,981.670
11,1,0,90,982.702
11,1,0,90,982.104
11,1,0,90,981.803
11,1,0,90,985.594
11,1,0,90,983.181
11,1,0,90,983.861
11,1,0,90,981.486
11,1,0,90,983.129
11,1,0,90,982.087
11,1,0,90,982.267
11,1,0,90,982.039
11,1,0,90,992.238
11,1,0,90,982.881
11,1,0,90,981.357
11,1,0,90,982.352
11,1,0,90,948.236
11,1,0,90,983.971
11,1,0,90,981.651
11,1,0,90,982.924
11,1,0,90,981.863
11,1,0,90,981.987
11,1,0,90,981.815
11,1,0,90,981.718
11,1,0,90,984.416
11,1,0,90,983.189
11,1,0,90,982.054
11,1,0,90,981.789
11,1,0,90,981.062
11,1,0,90,982.205
11,1,0,90,982.163
11,1,0,90,983.472
11,1,0,90,982.856
11,1,0,90,981.925
11,1,0,90,981.457
11,1,0,90,981.914
11,1,0,90,1676.591
11,1,0,90,1160.014
11,1,0,90,982.029
11,1,0,90,982.949
11,1,0,90,983.222
11,1,0,90,981.254
11,1,0,90,981.897
11,1,0,90,981.799
11,1,0,90,985.368
11,1,0,90,973.122
11,1,0,90,982.339
11,1,0,90,981.667
11,1,0,90,981.569
11,1,0,90,983.064
11,1,0,90,981.818
11,1,0,90,982.665
11,1,0,90,982.493
11,1,0,90,982.802
11,1,0,90,969.445
11,1,0,90,982.829
11,1,0,90,983.787
11,1,0,90,982.374
11,1,0,90,982.610
11,1,0,90,981.845
11,1,0,90,981.840
11,1,0,90,982.094
11,1,0,90,981.978
11,1,0,90,981.862
11,1,0,90,984.856
11,1,0,90,983.629
11,1,0,90,982.105
11,1,0,90,982.767
11,1,0,90,981.558
11,1,0,90,982.849
11,1,0,90,982.659
11,1,0,90,981.246
11,1,0,90,981.000
11,1,0,90,968.347
11,1,0,90,983.045
11,1,0,90,982.336
11,1,0,90,983.183
11,1,0,90,982.493
11,1,0,90,982.469
11,1,0,90,981.408
11,1,0,90,981.458
11,1,0,90,982.175
11,1,0,90,982.578
11,1,0,90,981.850
11,1,0,90,19766.210
12,1,0,90,0.074
12,1,0,90,426.845
12,1,0,90,5.656
12,1,0,90,252.983
12,1,0,90,439.236
12,1,0,90,980.747
12,1,0,90,1064.630
12,1,0,90,747.756
12,1,0,90,377.920
12,1,0,90,979.930
12,1,0,90,1028.850
12,1,0,90,33.258
12,1,0,90,982.322
12,1,0,90,996.113
12,1,0,90,981.256
12,1,0,90,979.121
12,1,0,90,1034.375
12,1,0,90,821.278
12,1,0,90,977.253
12,1,0,90,980.063
12,1,0,90,979.169
12,1,0,90,977.330
12,1,0,90,478.939
12,1,0,90,50.491
12,1,0,90,978.981
12,1,0,90,977.865
12,1,0,90,979.990
12,1,0,90,949.466
12,1,0,90,982.331
12,1,0,90,980.178
12,1,0,90,978.728
12,1,0,90,1025.352
12,1,0,90,980.347
12,1,0,90,977.972
12,1,0,90,980.855
12,1,0,90,978.109
12,1,0,90,991.752
12,1,0,90,978.377
12,1,0,90,979.427
12,1,0,90,981.940
12,1,0,90,981.898
12,1,0,90,1344.280
12,1,0,90,980.055
12,1,0,90,977.957
12,1,0,90,979.544
12,1,0,90,987.057
12,1,0,90,979.219
12,1,0,90,979.510
12,1,0,90,977.672
12,1,0,90,979.389
12,1,0,90,978.365
12,1,0,90,980.211
12,1,0,90,978.169
12,1,0,90,978.868
12,1,0,90,991.751
12,1,0,90,979.691
12,1,0,90,978.834
12,1,0,90,980.495
12,1,0,90,980.360
12,1,0,90,979.577
12,1,0,90,980.239
12,1,0,90,978.067
12,1,0,90,953.877
12,1,0,90,979.686
12,1,0,90,979.088
12,1,0,90,992.620
12,1,0,90,979.319
12,1,0,90,980.184
12,1,0,90,981.031
12,1,0,90,978.711
12,1,0,90,979.335
12,1,0,90,977.330
12,1,0,90,980.250
12,1,0,90,978.190
12,1,0,90,979.147
12,1,0,90,980.290
12,1,0,90,979.396
12,1,0,90,979.891
12,1,0,90,978.719
12,1,0,90,980.270
12,1,0,90,969.005
12,1,0,90,979.685
12,1,0,90,979.699
12,1,0,90,978.101
12,1,0,90,978.707
12,1,0,90,979.868
12,1,0,90,980.900
12,1,0,90,977.710
12,1,0,90,979.149
12,1,0,90,979.329
12,1,0,90,979.750
12,1,0,90,978.467
12,1,0,90,980.758
12,1,0,90,980.530
12,1,0,90,978.581
12,1,0,90,978.224
12,1,0,90,979.422
12,1,0,90,979.417
12,1,0,90,967.764
12,1,0,90,984.703
12,1,0,90,992.809
12,1,0,90,978.878
12,1,0,90,979.669
12,1,0,90,978.867
12,1,0,90,979.084
12,1,0,90,977.523
12,1,0,90,978.963
12,1,0,90,979.457
12,1,0,90,979.508
12,1,0,90,978.910
12,1,0,90,978.720
12,1,0,90,999.066
12,1,0,90,979.932
12,1,0,90,978.593
12,1,0,90,987.680
12,1,0,90,979.749
12,1,0,90,970.096
12,1,0,90,981.128
12,1,0,90,979.771
12,1,0,90,1968.186
12,1,0,90,1158.704
12,1,0,90,978.811
12,1,0,90,977.620
12,1,0,90,980.819
12,1,0,90,979.702
12,1,0,90,980.179
12,1,0,90,980.229
12,1,0,90,980.742
12,1,0,90,979.071
12,1,0,90,979.288
12,1,0,90,979.023
12,1,0,90,987.814
12,1,0,90,978.939
12,1,0,90,976.748
12,1,0,90,968.188
12,1,0,90,979.534
12,1,0,90,980.288
12,1,0,90,978.987
12,1,0,90,979.982
12,1,0,90,982.032
12,1,0,90,979.990
12,1,0,90,983.077
12,1,0,90,978.868
12,1,0,90,980.863
12,1,0,90,980.969
12,1,0,90,977.316
12,1,0,90,981.125
12,1,0,90,988.287
12,1,0,90,978.837
12,1,0,90,979.128
12,1,0,90,978.086
12,1,0,90,978.655
12,1,0,90,956.816
12,1,0,90,980.848
12,1,0,90,979.806
12,1,0,90,983.893
12,1,0,90,982.444
12,1,0,90,979.698
12,1,0,90,978.544
12,1,0,90,981.632
12,1,0,90,980.460
12,1,0,90,980.825
12,1,0,90,978.912
12,1,0,90,978.481
12,1,0,90,979.958
12,1,0,90,979.804
12,1,0,90,978.503
12,1,0,90,990.275
12,1,0,90,977.937
12,1,0,90,980.228
12,1,0,90,983.519
12,1,0,90,978.588
12,1,0,90,981.138
12,1,0,90,980.503
12,1,0,90,979.832
12,1,0,90,978.919
12,1,0,90,980.229
12,1,0,90,978.575
12,1,0,90,979.940
12,1,0,90,980.546
12,1,0,90,981.634
12,1,0,90,979.591
12,1,0,90,978.716
12,1,0,90,977.896
12,1,0,90,979.706
12,1,0,90,978.978
12,1,0,90,979.417
12,1,0,90,953.449
12,1,0,90,996.962
12,1,0,90,978.624
12,1,0,90,981.026
12,1,0,90,978.465
12,1,0,90,978.997
12,1,0,90,978.974
12,1,0,90,979.042
12,1,0,90,978.852
12,1,0,90,960.069
12,1,0,90,978.545
12,1,0,90,978.744
12,1,0,90,979.794
12,1,0,90,979.845
12,1,0,90,979.099
12,1,0,90,978.149
12,1,0,90,978.403
12,1,0,90,980.435
12,1,0,90,979.856
12,1,0,90,982.980
12,1,0,90,979.234
12,1,0,90,979.044
12,1,0,90,977.798
12,1,0,90,979.367
12,1,0,90,979.473
12,1,0,90,979.579
12,1,0,90,977.536
12,1,0,90,979.346
12,1,0,90,1965.891
12,1,0,90,1156.983
12,1,0,90,980.219
12,1,0,90,978.992
12,1,0,90,980.598
12,1,0,90,980.185
12,1,0,90,978.439
12,1,0,90,946.064
12,1,0,90,979.410
12,1,0,90,979.535
12,1,0,90,979.233
12,1,0,90,978.284
12,1,0,90,979.575
12,1,0,90,990.199
12,1,0,90,978.249
12,1,0,90,978.578
12,1,0,90,978.832
12,1,0,90,979.938
12,1,0,90,978.877
12,1,0,90,979.872
12,1,0,90,978.589
12,1,0,90,979.083
12,1,0,90,979.004
12,1,0,90,979.036
12,1,0,90,983.623
12,1,0,90,966.192
12,1,0,90,981.761
12,1,0,90,978.515
12,1,0,90,980.232
12,1,0,90,980.134
12,1,0,90,979.277
12,1,0,90,979.939
12,1,0,90,978.508
12,1,0,90,978.817
12,1,0,90,979.516
12,1,0,90,978.418
12,1,0,90,980.580
12,1,0,90,978.500
12,1,0,90,977.995
12,1,0,90,978.231
12,1,0,90,979.077
12,1,0,90,978.739
12,1,0,90,935.826
12,1,0,90,982.117
12,1,0,90,982.075
12,1,0,90,978.737
12,1,0,90,979.379
12,1,0,90,977.634
12,1,0,90,979.202
12,1,0,90,979.382
12,1,0,90,979.451
12,1,0,90,978.650
12,1,0,90,981.293
12,1,0,90,981.158
12,1,0,90,978.597
12,1,0,90,980.462
12,1,0,90,979.902
12,1,0,90,978.045
12,1,0,90,979.132
12,1,0,90,977.275
12,1,0,90,964.881
12,1,0,90,980.098
12,1,0,90,980.259
12,1,0,90,978.847
12,1,0,90,981.879
12,1,0,90,979.262
12,1,0,90,977.701
12,1,0,90,977.752
12,1,0,90,978.969
12,1,0,90,980.241
12,1,0,90,979.977
12,1,0,90,977.694
12,1,0,90,978.355
12,1,0,90,980.535
12,1,0,90,979.604
12,1,0,90,978.840
12,1,0,90,978.890
12,1,0,90,938.163
12,1,0,90,981.991
12,1,0,90,978.764
12,1,0,90,979.999
12,1,0,90,978.290
12,1,0,90,979.766
12,1,0,90,978.817
12,1,0,90,984.275
12,1,0,90,980.825
12,1,0,90,979.709
12,1,0,90,979.203
12,1,0,90,977.328
12,1,0,90,977.841
12,1,0,90,977.669
12,1,0,90,978.590
12,1,0,90,980.252
12,1,0,90,978.932
12,1,0,90,979.445
12,1,0,90,962.718
12,1,0,90,980.286
12,1,0,90,980.337
12,1,0,90,978.813
12,1,0,90,985.734
12,1,0,90,978.543
12,1,0,90,980.223
12,1,0,90,980.885
12,1,0,90,979.361
12,1,0,90,980.226
12,1,0,90,981.017
12,1,0,90,979.549
12,1,0,90,979.007
12,1,0,90,979.854
12,1,0,90,981.422
12,1,0,90,978.936
12,1,0,90,977.301
12,1,0,90,978.333
12,1,0,90,988.976
12,1,0,90,978.767
12,1,0,90,978.021
12,1,0,90,980.090
12,1,0,90,979.381
12,1,0,90,978.802
12,1,0,90,979.889
12,1,0,90,978.310
12,1,0,90,989.767
12,1,0,90,997.910
12,1,0,90,979.683
12,1,0,90,980.622
12,1,0,90,981.136
12,1,0,90,978.797
12,1,0,90,978.533
12,1,0,90,980.601
12,1,0,90,978.041
12,1,0,90,973.443
12,1,0,90,978.771
12,1,0,90,978.451
12,1,0,90,980.946
12,1,0,90,978.126
12,1,0,90,977.565
12,1,0,90,977.727
12,1,0,90,980.870
12,1,0,90,977.309
12,1,0,90,980.081
12,1,0,90,976.595
12,1,0,90,980.941
12,1,0,90,976.751
12,1,0,90,979.079
12,1,0,90,981.037
12,1,0,90,979.809
12,1,0,90,978.471
12,1,0,90,977.021
12,1,0,90,973.849
12,1,0,90,981.492
12,1,0,90,978.561
12,1,0,90,980.241
12,1,0,90,976.662
12,1,0,90,980.009
12,1,0,90,978.281
12,1,0,90,978.924
12,1,0,90,1969.080
12,1,0,90,1160.191
12,1,0,90,977.983
12,1,0,90,988.366
12,1,0,90,980.528
12,1,0,90,979.226
12,1,0,90,978.999
12,1,0,90,978.846
12,1,0,90,981.433
12,1,0,90,979.817
12,1,0,90,979.200
12,1,0,90,979.177
12,1,0,90,977.153
12,1,0,90,977.574
12,1,0,90,978.531
12,1,0,90,977.841
12,1,0,90,979.040
12,1,0,90,1425.365
12,1,0,90,988.733
12,1,0,90,984.876
12,1,0,90,981.926
12,1,0,90,984.439
12,1,0,90,990.342
12,1,0,90,982.744
12,1,0,90,983.794
12,1,0,90,983.808
12,1,0,90,984.599
12,1,0,90,962.742
12,1,0,90,988.551
12,1,0,90,984.805
12,1,0,90,983.652
12,1,0,90,983.665
12,1,0,90,979.179
12,1,0,90,978.562
12,1,0,90,978.668
12,1,0,90,977.793
12,1,0,90,978.102
12,1,0,90,979.819
12,1,0,90,979.573
12,1,0,90,978.235
12,1,0,90,976.674
12,1,0,90,978.484
12,1,0,90,978.978
12,1,0,90,977.714
12,1,0,90,977.172
12,1,0,90,979.389
12,1,0,90,941.291
12,1,0,90,982.860
12,1,0,90,983.577
12,1,0,90,979.720
12,1,0,90,978.955
12,1,0,90,978.672
12,1,0,90,978.389
12,1,0,90,979.588
12,1,0,90,980.101
12,1,0,90,979.837
12,1,0,90,976.517
12,1,0,90,979.697
12,1,0,90,977.729
12,1,0,90,979.390
12,1,0,90,979.570
12,1,0,90,977.380
12,1,0,90,978.152
12,1,0,90,978.462
12,1,0,90,977.623
12,1,0,90,961.266
12,1,0,90,983.872
12,1,0,90,980.404
12,1,0,90,980.862
12,1,0,90,980.134
12,1,0,90,980.611
12,1,0,90,980.050
12,1,0,90,977.915
12,1,0,90,978.484
12,1,0,90,978.720
12,1,0,90,977.937
12,1,0,90,979.080
12,1,0,90,977.556
12,1,0,90,977.977
12,1,0,90,980.120
12,1,0,90,976.874
12,1,0,90,977.480
12,1,0,90,978.808
12,1,0,90,980.488
12,1,0,90,947.390
12,1,0,90,984.348
12,1,0,90,977.231
12,1,0,90,978.171
12,1,0,90,981.906
12,1,0,90,980.642
12,1,0,90,977.359
12,1,0,90,982.113
12,1,0,90,980.571
12,1,0,90,978.528
12,1,0,90,979.190
12,1,0,90,980.740
12,1,0,90,981.402
12,1,0,90,981.082
12,1,0,90,980.984
12,1,0,90,979.664
12,1,0,90,979.399
12,1,0,90,979.561
12,1,0,90,976.926
12,1,0,90,968.273
12,1,0,90,978.767
12,1,0,90,977.799
12,1,0,90,978.109
12,1,0,90,978.418
12,1,0,90,980.006
12,1,0,90,979.593
12,1,0,90,977.829
12,1,0,90,980.361
12,1,0,90,979.670
12,1,0,90,979.906
12,1,0,90,977.845
12,1,0,90,978.840
12,1,0,90,979.094
12,1,0,90,980.052
12,1,0,90,978.602
12,1,0,90,978.449
12,1,0,90,979.406
12,1,0,90,976.679
12,1,0,90,946.544
12,1,0,90,977.261
12,1,0,90,979.293
12,1,0,90,979.788
12,1,0,90,979.468
12,1,0,90,978.833
12,1,0,90,981.309
12,1,0,90,979.304
12,1,0,90,978.373
12,1,0,90,980.442
12,1,0,90,978.603
12,1,0,90,979.506
12,1,0,90,979.371
12,1,0,90,977.995
12,1,0,90,1004.157
12,1,0,90,979.818
12,1,0,90,978.609
12,1,0,90,979.234
12,1,0,90,979.303
12,1,0,90,959.594
12,1,0,90,978.403
12,1,0,90,977.583
12,1,0,90,977.023
12,1,0,90,979.388
12,1,0,90,978.605
12,1,0,90,978.044
12,1,0,90,982.279
12,1,0,90,979.904
12,1,0,90,980.473
12,1,0,90,978.301
12,1,0,90,980.129
12,1,0,90,978.939
12,1,0,90,978.971
12,1,0,90,978.743
12,1,0,90,989.034
12,1,0,90,979.825
12,1,0,90,977.024
12,1,0,90,979.111
12,1,0,90,944.810
12,1,0,90,980.008
12,1,0,90,977.633
12,1,0,90,979.868
12,1,0,90,978.511
12,1,0,90,978.728
12,1,0,90,978.186
12,1,0,90,978.625
12,1,0,90,979.861
12,1,0,90,979.744
12,1,0,90,977.961
12,1,0,90,977.308
12,1,0,90,976.599
12,1,0,90,978.557
12,1,0,90,978.552
12,1,0,90,980.010
12,1,0,90,979.486
12,1,0,90,978.758
12,1,0,90,977.161
12,1,0,90,979.174
12,1,0,90,1965.886
12,1,0,90,1156.681
12,1,0,90,977.603
12,1,0,90,979.653
12,1,0,90,980.666
12,1,0,90,977.198
12,1,0,90,978.341
12,1,0,90,978.244
12,1,0,90,982.349
12,1,0,90,969.715
12,1,0,90,979.024
12,1,0,90,978.519
12,1,0,90,977.532
12,1,0,90,978.916
12,1,0,90,977.633
12,1,0,90,979.387
12,1,0,90,979.475
12,1,0,90,979.117
12,1,0,90,966.186
12,1,0,90,979.681
12,1,0,90,980.176
12,1,0,90,978.282
12,1,0,90,978.388
12,1,0,90,978.697
12,1,0,90,977.600
12,1,0,90,978.687
12,1,0,90,978.200
12,1,0,90,978.232
12,1,0,90,981.727
12,1,0,90,980.444
12,1,0,90,978.680
12,1,0,90,979.267
12,1,0,90,977.391
12,1,0,90,979.257
12,1,0,90,979.048
12,1,0,90,977.098
12,1,0,90,977.426
12,1,0,90,964.477
12,1,0,90,979.749
12,1,0,90,978.799
12,1,0,90,979.887
12,1,0,90,978.104
12,1,0,90,979.117
12,1,0,90,977.927
12,1,0,90,978.162
12,1,0,90,978.231
12,1,0,90,978.393
12,1,0,90,978.443
12,1,0,90,19697.859
13,1,0,90,0.204
13,1,0,90,729.769
13,1,0,90,4.786
13,1,0,90,555.686
13,1,0,90,742.050
13,1,0,90,987.525
13,1,0,90,1037.908
13,1,0,90,898.126
13,1,0,90,680.844
13,1,0,90,987.874
13,1,0,90,1010.110
13,1,0,90,801.902
13,1,0,90,988.414
13,1,0,90,1002.372
13,1,0,90,987.904
13,1,0,90,987.251
13,1,0,90,670.488
13,1,0,90,10.208
13,1,0,90,986.383
13,1,0,90,989.378
13,1,0,90,987.206
13,1,0,90,986.608
13,1,0,90,1026.344
13,1,0,90,843.506
13,1,0,90,986.908
13,1,0,90,986.828
13,1,0,90,987.379
13,1,0,90,957.170
13,1,0,90,989.702
13,1,0,90,988.104
13,1,0,90,987.284
13,1,0,90,1033.352
13,1,0,90,988.885
13,1,0,90,987.268
13,1,0,90,988.226
13,1,0,90,987.369
13,1,0,90,998.864
13,1,0,90,986.840
13,1,0,90,986.724
13,1,0,90,989.404
13,1,0,90,987.973
13,1,0,90,1352.614
13,1,0,90,987.536
13,1,0,90,987.013
13,1,0,90,987.267
13,1,0,90,994.021
13,1,0,90,987.404
13,1,0,90,987.677
13,1,0,90,987.079
13,1,0,90,986.926
13,1,0,90,986.624
13,1,0,90,987.471
13,1,0,90,987.484
13,1,0,90,986.905
13,1,0,90,997.363
13,1,0,90,987.839
13,1,0,90,987.834
13,1,0,90,987.792
13,1,0,90,987.435
13,1,0,90,989.559
13,1,0,90,988.128
13,1,0,90,987.178
13,1,0,90,961.673
13,1,0,90,989.186
13,1,0,90,988.052
13,1,0,90,1000.398
13,1,0,90,987.282
13,1,0,90,987.999
13,1,0,90,988.031
13,1,0,90,986.859
13,1,0,90,986.891
13,1,0,90,986.200
13,1,0,90,987.214
13,1,0,90,987.375
13,1,0,90,986.629
13,1,0,90,987.013
13,1,0,90,987.193
13,1,0,90,987.317
13,1,0,90,986.368
13,1,0,90,989.751
13,1,0,90,977.728
13,1,0,90,989.408
13,1,0,90,987.199
13,1,0,90,987.286
13,1,0,90,987.355
13,1,0,90,987.220
13,1,0,90,987.567
13,1,0,90,987.025
13,1,0,90,987.723
13,1,0,90,987.162
13,1,0,90,987.379
13,1,0,90,987.078
13,1,0,90,987.925
13,1,0,90,987.068
13,1,0,90,987.229
13,1,0,90,987.872
13,1,0,90,987.515
13,1,0,90,987.288
13,1,0,90,974.912
13,1,0,90,992.425
13,1,0,90,999.476
13,1,0,90,987.211
13,1,0,90,986.632
13,1,0,90,986.756
13,1,0,90,986.973
13,1,0,90,987.246
13,1,0,90,987.481
13,1,0,90,986.976
13,1,0,90,986.564
13,1,0,90,986.188
13,1,0,90,986.350
13,1,0,90,1007.381
13,1,0,90,986.839
13,1,0,90,987.001
13,1,0,90,996.569
13,1,0,90,986.861
13,1,0,90,977.726
13,1,0,90,989.461
13,1,0,90,987.678
13,1,0,90,1684.114
13,1,0,90,1160.760
13,1,0,90,987.959
13,1,0,90,987.009
13,1,0,90,988.134
13,1,0,90,987.462
13,1,0,90,987.068
13,1,0,90,987.137
13,1,0,90,987.946
13,1,0,90,987.552
13,1,0,90,987.251
13,1,0,90,986.727
13,1,0,90,996.426
13,1,0,90,987.328
13,1,0,90,986.452
13,1,0,90,976.225
13,1,0,90,989.053
13,1,0,90,988.048
13,1,0,90,987.598
13,1,0,90,987.278
13,1,0,90,989.458
13,1,0,90,988.434
13,1,0,90,991.003
13,1,0,90,986.387
13,1,0,90,988.234
13,1,0,90,987.840
13,1,0,90,987.242
13,1,0,90,988.014
13,1,0,90,997.379
13,1,0,90,987.671
13,1,0,90,987.073
13,1,0,90,986.605
13,1,0,90,986.396
13,1,0,90,963.687
13,1,0,90,988.941
13,1,0,90,987.380
13,1,0,90,992.875
13,1,0,90,988.036
13,1,0,90,987.142
13,1,0,90,987.008
13,1,0,90,989.891
13,1,0,90,987.979
13,1,0,90,988.233
13,1,0,90,987.061
13,1,0,90,987.315
13,1,0,90,987.291
13,1,0,90,987.008
13,1,0,90,987.781
13,1,0,90,997.701
13,1,0,90,987.048
13,1,0,90,987.080
13,1,0,90,991.316
13,1,0,90,986.533
13,1,0,90,987.157
13,1,0,90,987.096
13,1,0,90,986.573
13,1,0,90,987.067
13,1,0,90,987.914
13,1,0,90,986.946
13,1,0,90,986.885
13,1,0,90,989.232
13,1,0,90,989.301
13,1,0,90,987.240
13,1,0,90,987.198
13,1,0,90,987.729
13,1,0,90,987.076
13,1,0,90,987.497
13,1,0,90,987.825
13,1,0,90,960.727
13,1,0,90,1005.240
13,1,0,90,986.124
13,1,0,90,987.804
13,1,0,90,987.521
13,1,0,90,987.923
13,1,0,90,987.122
13,1,0,90,987.339
13,1,0,90,986.538
13,1,0,90,967.958
13,1,0,90,987.323
13,1,0,90,987.559
13,1,0,90,989.424
13,1,0,90,987.715
13,1,0,90,987.543
13,1,0,90,987.297
13,1,0,90,987.274
13,1,0,90,988.269
13,1,0,90,987.356
13,1,0,90,989.628
13,1,0,90,987.457
13,1,0,90,987.563
13,1,0,90,986.483
13,1,0,90,986.923
13,1,0,90,986.917
13,1,0,90,987.375
13,1,0,90,986.537
13,1,0,90,986.661
13,1,0,90,1680.263
13,1,0,90,1158.187
13,1,0,90,987.645
13,1,0,90,987.270
13,1,0,90,990.283
13,1,0,90,987.648
13,1,0,90,987.032
13,1,0,90,954.712
13,1,0,90,988.355
13,1,0,90,987.128
13,1,0,90,987.326
13,1,0,90,987.117
13,1,0,90,987.371
13,1,0,90,997.866
13,1,0,90,987.305
13,1,0,90,987.189
13,1,0,90,986.980
13,1,0,90,987.086
13,1,0,90,986.525
13,1,0,90,987.150
13,1,0,90,986.607
13,1,0,90,986.750
13,1,0,90,986.671
13,1,0,90,986.407
13,1,0,90,990.198
13,1,0,90,973.378
13,1,0,90,991.058
13,1,0,90,987.775
13,1,0,90,987.418
13,1,0,90,987.857
13,1,0,90,987.018
13,1,0,90,987.310
13,1,0,90,987.582
13,1,0,90,987.614
13,1,0,90,987.331
13,1,0,90,986.770
13,1,0,90,988.932
13,1,0,90,987.186
13,1,0,90,986.718
13,1,0,90,986.490
13,1,0,90,987.411
13,1,0,90,986.850
13,1,0,90,943.086
13,1,0,90,989.321
13,1,0,90,989.612
13,1,0,90,987.589
13,1,0,90,986.639
13,1,0,90,986.171
13,1,0,90,987.277
13,1,0,90,987.012
13,1,0,90,987.952
13,1,0,90,987.132
13,1,0,90,988.145
13,1,0,90,987.732
13,1,0,90,986.560
13,1,0,90,986.833
13,1,0,90,987.791
13,1,0,90,986.897
13,1,0,90,987.577
13,1,0,90,986.516
13,1,0,90,972.363
13,1,0,90,989.005
13,1,0,90,988.037
13,1,0,90,986.940
13,1,0,90,989.620
13,1,0,90,987.577
13,1,0,90,987.387
13,1,0,90,986.326
13,1,0,90,986.821
13,1,0,90,987.297
13,1,0,90,986.496
13,1,0,90,986.787
13,1,0,90,987.393
13,1,0,90,987.776
13,1,0,90,987.290
13,1,0,90,986.655
13,1,0,90,986.372
13,1,0,90,945.423
13,1,0,90,989.454
13,1,0,90,987.653
13,1,0,90,987.444
13,1,0,90,987.013
13,1,0,90,987.322
13,1,0,90,987.076
13,1,0,90,990.442
13,1,0,90,988.196
13,1,0,90,987.227
13,1,0,90,987.241
13,1,0,90,986.791
13,1,0,90,987.267
13,1,0,90,987.799
13,1,0,90,986.535
13,1,0,90,988.233
13,1,0,90,986.895
13,1,0,90,986.834
13,1,0,90,969.570
13,1,0,90,989.027
13,1,0,90,987.522
13,1,0,90,986.776
13,1,0,90,992.586
13,1,0,90,986.673
13,1,0,90,987.094
13,1,0,90,988.200
13,1,0,90,987.639
13,1,0,90,989.282
13,1,0,90,988.629
13,1,0,90,987.901
13,1,0,90,987.341
13,1,0,90,987.298
13,1,0,90,987.386
13,1,0,90,986.251
13,1,0,90,986.486
13,1,0,90,987.870
13,1,0,90,996.994
13,1,0,90,986.304
13,1,0,90,987.095
13,1,0,90,987.164
13,1,0,90,987.103
13,1,0,90,986.691
13,1,0,90,987.037
13,1,0,90,987.606
13,1,0,90,993.027
13,1,0,90,1005.929
13,1,0,90,987.609
13,1,0,90,989.474
13,1,0,90,987.395
13,1,0,90,987.279
13,1,0,90,986.329
13,1,0,90,988.120
13,1,0,90,987.208
13,1,0,90,981.110
13,1,0,90,987.845
13,1,0,90,986.340
13,1,0,90,988.372
13,1,0,90,986.182
13,1,0,90,985.954
13,1,0,90,985.875
13,1,0,90,987.407
13,1,0,90,986.420
13,1,0,90,986.526
13,1,0,90,985.725
13,1,0,90,987.182
13,1,0,90,985.733
13,1,0,90,986.024
13,1,0,90,989.167
13,1,0,90,987.328
13,1,0,90,987.249
13,1,0,90,985.799
13,1,0,90,981.257
13,1,0,90,989.437
13,1,0,90,986.636
13,1,0,90,987.223
13,1,0,90,986.051
13,1,0,90,988.583
13,1,0,90,986.096
13,1,0,90,986.387
13,1,0,90,1683.490
13,1,0,90,1161.358
13,1,0,90,986.020
13,1,0,90,996.904
13,1,0,90,989.139
13,1,0,90,987.171
13,1,0,90,987.147
13,1,0,90,987.142
13,1,0,90,988.878
13,1,0,90,987.613
13,1,0,90,986.497
13,1,0,90,986.214
13,1,0,90,986.783
13,1,0,90,985.741
13,1,0,90,986.309
13,1,0,90,985.675
13,1,0,90,986.206
13,1,0,90,1431.884
13,1,0,90,997.789
13,1,0,90,992.006
13,1,0,90,991.537
13,1,0,90,992.792
13,1,0,90,997.842
13,1,0,90,992.133
13,1,0,90,992.443
13,1,0,90,991.678
13,1,0,90,991.821
13,1,0,90,968.909
13,1,0,90,997.329
13,1,0,90,992.509
13,1,0,90,991.430
13,1,0,90,991.499
13,1,0,90,987.346
13,1,0,90,986.988
13,1,0,90,986.409
13,1,0,90,986.071
13,1,0,90,985.880
13,1,0,90,986.449
13,1,0,90,986.685
13,1,0,90,986.717
13,1,0,90,986.360
13,1,0,90,986.706
13,1,0,90,986.442
13,1,0,90,986.418
13,1,0,90,986.061
13,1,0,90,986.278
13,1,0,90,948.477
13,1,0,90,991.008
13,1,0,90,991.744
13,1,0,90,987.350
13,1,0,90,987.882
13,1,0,90,986.932
13,1,0,90,986.464
13,1,0,90,986.699
13,1,0,90,987.639
13,1,0,90,986.819
13,1,0,90,985.906
13,1,0,90,986.919
13,1,0,90,986.118
13,1,0,90,985.687
13,1,0,90,986.793
13,1,0,90,986.121
13,1,0,90,985.782
13,1,0,90,986.444
13,1,0,90,985.698
13,1,0,90,967.933
13,1,0,90,991.891
13,1,0,90,987.071
13,1,0,90,988.862
13,1,0,90,987.875
13,1,0,90,987.741
13,1,0,90,987.513
13,1,0,90,986.156
13,1,0,90,986.744
13,1,0,90,986.331
13,1,0,90,986.307
13,1,0,90,986.802
13,1,0,90,986.426
13,1,0,90,986.069
13,1,0,90,986.861
13,1,0,90,986.207
13,1,0,90,986.369
13,1,0,90,986.363
13,1,0,90,986.006
13,1,0,90,955.168
13,1,0,90,992.126
13,1,0,90,986.324
13,1,0,90,985.578
13,1,0,90,988.703
13,1,0,90,987.864
13,1,0,90,986.803
13,1,0,90,990.391
13,1,0,90,988.497
13,1,0,90,986.362
13,1,0,90,987.227
13,1,0,90,986.944
13,1,0,90,988.587
13,1,0,90,988.860
13,1,0,90,988.354
13,1,0,90,986.757
13,1,0,90,986.788
13,1,0,90,986.543
13,1,0,90,985.648
13,1,0,90,975.032
13,1,0,90,986.471
13,1,0,90,986.911
13,1,0,90,986.035
13,1,0,90,986.104
13,1,0,90,989.136
13,1,0,90,987.594
13,1,0,90,986.848
13,1,0,90,987.713
13,1,0,90,986.930
13,1,0,90,987.128
13,1,0,90,986.086
13,1,0,90,986.655
13,1,0,90,986.650
13,1,0,90,987.052
13,1,0,90,986.491
13,1,0,90,986.208
13,1,0,90,986.851
13,1,0,90,986.087
13,1,0,90,953.674
13,1,0,90,986.169
13,1,0,90,986.719
13,1,0,90,986.844
13,1,0,90,986.302
13,1,0,90,986.500
13,1,0,90,989.050
13,1,0,90,987.582
13,1,0,90,986.373
13,1,0,90,986.887
13,1,0,90,986.067
13,1,0,90,987.932
13,1,0,90,987.630
13,1,0,90,986.810
13,1,0,90,1012.305
13,1,0,90,987.485
13,1,0,90,986.221
13,1,0,90,986.623
13,1,0,90,986.821
13,1,0,90,967.687
13,1,0,90,986.015
13,1,0,90,986.324
13,1,0,90,986.930
13,1,0,90,986.795
13,1,0,90,986.420
13,1,0,90,986.285
13,1,0,90,989.780
13,1,0,90,986.960
13,1,0,90,987.529
13,1,0,90,986.986
13,1,0,90,987.055
13,1,0,90,986.513
13,1,0,90,986.175
13,1,0,90,986.114
13,1,0,90,996.534
13,1,0,90,987.085
13,1,0,90,986.043
13,1,0,90,986.389
13,1,0,90,952.032
13,1,0,90,989.027
13,1,0,90,986.281
13,1,0,90,986.535
13,1,0,90,986.474
13,1,0,90,986.562
13,1,0,90,986.094
13,1,0,90,985.977
13,1,0,90,989.009
13,1,0,90,987.874
13,1,0,90,986.314
13,1,0,90,986.271
13,1,0,90,986.100
13,1,0,90,987.187
13,1,0,90,986.682
13,1,0,90,987.454
13,1,0,90,986.875
13,1,0,90,986.703
13,1,0,90,986.254
13,1,0,90,985.545
13,1,0,90,1681.110
13,1,0,90,1158.367
13,1,0,90,987.122
13,1,0,90,986.653
13,1,0,90,987.148
13,1,0,90,986.569
13,1,0,90,986.045
13,1,0,90,985.725
13,1,0,90,989.146
13,1,0,90,977.159
13,1,0,90,986.487
13,1,0,90,986.297
13,1,0,90,986.366
13,1,0,90,987.194
13,1,0,90,986.374
13,1,0,90,985.887
13,1,0,90,986.678
13,1,0,90,987.284
13,1,0,90,974.057
13,1,0,90,986.941
13,1,0,90,987.787
13,1,0,90,987.153
13,1,0,90,987.240
13,1,0,90,986.624
13,1,0,90,986.730
13,1,0,90,986.428
13,1,0,90,987.330
13,1,0,90,986.325
13,1,0,90,989.209
13,1,0,90,987.944
13,1,0,90,986.217
13,1,0,90,987.119
13,1,0,90,986.392
13,1,0,90,987.072
13,1,0,90,986.566
13,1,0,90,985.858
13,1,0,90,986.056
13,1,0,90,973.255
13,1,0,90,986.675
13,1,0,90,986.911
13,1,0,90,987.461
13,1,0,90,987.160
13,1,0,90,986.766
13,1,0,90,986.464
13,1,0,90,986.218
13,1,0,90,987.046
13,1,0,90,987.356
13,1,0,90,986.332
13,1,0,90,19642.730
14,1,0,90,0.185
14,1,0,90,553.029
14,1,0,90,0.619
14,1,0,90,378.945
14,1,0,90,569.846
14,1,0,90,983.080
14,1,0,90,1065.722
14,1,0,90,783.626
14,1,0,90,505.085
14,1,0,90,982.689
14,1,0,90,1034.961
14,1,0,90,626.217
14,1,0,90,984.395
14,1,0,90,997.409
14,1,0,90,983.940
14,1,0,90,982.324
14,1,0,90,493.859
14,1,0,90,35.430
14,1,0,90,980.364
14,1,0,90,983.396
14,1,0,90,981.798
14,1,0,90,980.589
14,1,0,90,1052.343
14,1,0,90,698.562
14,1,0,90,981.537
14,1,0,90,980.698
14,1,0,90,982.545
14,1,0,90,952.299
14,1,0,90,985.127
14,1,0,90,983.103
14,1,0,90,981.709
14,1,0,90,1027.852
14,1,0,90,983.384
14,1,0,90,981.268
14,1,0,90,983.466
14,1,0,90,980.961
14,1,0,90,994.400
14,1,0,90,981.136
14,1,0,90,982.056
14,1,0,90,984.755
14,1,0,90,984.102
14,1,0,90,1347.354
14,1,0,90,982.739
14,1,0,90,981.142
14,1,0,90,982.173
14,1,0,90,989.465
14,1,0,90,981.904
14,1,0,90,982.380
14,1,0,90,981.060
14,1,0,90,982.092
14,1,0,90,981.105
14,1,0,90,982.841
14,1,0,90,981.558
14,1,0,90,981.645
14,1,0,90,994.325
14,1,0,90,982.561
14,1,0,90,982.056
14,1,0,90,983.032
14,1,0,90,983.027
14,1,0,90,983.133
14,1,0,90,982.572
14,1,0,90,981.455
14,1,0,90,956.395
14,1,0,90,982.723
14,1,0,90,982.107
14,1,0,90,995.453
14,1,0,90,982.041
14,1,0,90,983.017
14,1,0,90,983.401
14,1,0,90,981.618
14,1,0,90,981.909
14,1,0,90,980.237
14,1,0,90,982.935
14,1,0,90,981.560
14,1,0,90,981.981
14,1,0,90,982.716
14,1,0,90,981.915
14,1,0,90,982.391
14,1,0,90,981.515
14,1,0,90,983.677
14,1,0,90,971.986
14,1,0,90,983.074
14,1,0,90,982.235
14,1,0,90,981.267
14,1,0,90,981.688
14,1,0,90,982.683
14,1,0,90,983.437
14,1,0,90,981.098
14,1,0,90,981.982
14,1,0,90,982.254
14,1,0,90,982.749
14,1,0,90,981.466
14,1,0,90,982.905
14,1,0,90,982.974
14,1,0,90,981.914
14,1,0,90,981.557
14,1,0,90,982.088
14,1,0,90,982.231
14,1,0,90,970.671
14,1,0,90,987.499
14,1,0,90,994.956
14,1,0,90,981.414
14,1,0,90,982.261
14,1,0,90,981.645
14,1,0,90,981.547
14,1,0,90,981.116
14,1,0,90,981.814
14,1,0,90,982.179
14,1,0,90,982.026
14,1,0,90,981.484
14,1,0,90,981.293
14,1,0,90,1001.825
14,1,0,90,982.302
14,1,0,90,981.389
14,1,0,90,990.847
14,1,0,90,982.008
14,1,0,90,972.744
14,1,0,90,983.905
14,1,0,90,982.696
14,1,0,90,1678.613
14,1,0,90,1161.296
14,1,0,90,982.033
14,1,0,90,981.194
14,1,0,90,983.096
14,1,0,90,982.184
14,1,0,90,982.604
14,1,0,90,982.951
14,1,0,90,983.353
14,1,0,90,981.904
14,1,0,90,981.972
14,1,0,90,981.727
14,1,0,90,990.703
14,1,0,90,981.605
14,1,0,90,980.304
14,1,0,90,970.928
14,1,0,90,982.719
14,1,0,90,982.844
14,1,0,90,981.986
14,1,0,90,982.741
14,1,0,90,984.846
14,1,0,90,982.286
14,1,0,90,985.910
14,1,0,90,981.701
14,1,0,90,983.252
14,1,0,90,983.061
14,1,0,90,980.778
14,1,0,90,983.477
14,1,0,90,991.212
14,1,0,90,981.577
14,1,0,90,982.146
14,1,0,90,981.419
14,1,0,90,981.173
14,1,0,90,959.260
14,1,0,90,983.459
14,1,0,90,982.731
14,1,0,90,987.041
14,1,0,90,984.203
14,1,0,90,982.512
14,1,0,90,981.488
14,1,0,90,984.372
14,1,0,90,982.997
14,1,0,90,983.417
14,1,0,90,981.708
14,1,0,90,981.388
14,1,0,90,982.605
14,1,0,90,982.693
14,1,0,90,981.965
14,1,0,90,993.071
14,1,0,90,980.825
14,1,0,90,982.653
14,1,0,90,986.259
14,1,0,90,981.162
14,1,0,90,983.175
14,1,0,90,982.892
14,1,0,90,982.387
14,1,0,90,981.882
14,1,0,90,982.858
14,1,0,90,981.538
14,1,0,90,982.681
14,1,0,90,983.305
14,1,0,90,984.189
14,1,0,90,982.387
14,1,0,90,981.975
14,1,0,90,981.284
14,1,0,90,982.242
14,1,0,90,981.811
14,1,0,90,982.232
14,1,0,90,956.116
14,1,0,90,999.536
14,1,0,90,981.253
14,1,0,90,983.655
14,1,0,90,981.187
14,1,0,90,982.275
14,1,0,90,981.881
14,1,0,90,981.857
14,1,0,90,981.592
14,1,0,90,962.439
14,1,0,90,981.675
14,1,0,90,981.892
14,1,0,90,983.238
14,1,0,90,982.474
14,1,0,90,982.061
14,1,0,90,981.482
14,1,0,90,981.181
14,1,0,90,983.120
14,1,0,90,982.411
14,1,0,90,985.535
14,1,0,90,982.160
14,1,0,90,981.636
14,1,0,90,980.631
14,1,0,90,982.089
14,1,0,90,981.917
14,1,0,90,982.115
14,1,0,90,980.462
14,1,0,90,982.142
14,1,0,90,1675.763
14,1,0,90,1159.686
14,1,0,90,983.108
14,1,0,90,981.769
14,1,0,90,983.986
14,1,0,90,982.722
14,1,0,90,981.309
14,1,0,90,949.193
14,1,0,90,982.447
14,1,0,90,981.701
14,1,0,90,982.066
14,1,0,90,981.468
14,1,0,90,982.389
14,1,0,90,992.828
14,1,0,90,981.416
14,1,0,90,981.688
14,1,0,90,981.535
14,1,0,90,982.437
14,1,0,90,981.451
14,1,0,90,982.482
14,1,0,90,981.385
14,1,0,90,981.694
14,1,0,90,981.819
14,1,0,90,981.851
14,1,0,90,986.142
14,1,0,90,968.303
14,1,0,90,985.094
14,1,0,90,981.515
14,1,0,90,983.102
14,1,0,90,982.782
14,1,0,90,982.073
14,1,0,90,982.698
14,1,0,90,981.489
14,1,0,90,981.910
14,1,0,90,981.997
14,1,0,90,981.288
14,1,0,90,983.376
14,1,0,90,981.185
14,1,0,90,981.180
14,1,0,90,980.990
14,1,0,90,982.040
14,1,0,90,981.350
14,1,0,90,938.419
14,1,0,90,984.932
14,1,0,90,984.704
14,1,0,90,981.810
14,1,0,90,982.083
14,1,0,90,980.448
14,1,0,90,982.109
14,1,0,90,981.938
14,1,0,90,982.155
14,1,0,90,981.446
14,1,0,90,983.959
14,1,0,90,983.454
14,1,0,90,981.430
14,1,0,90,982.925
14,1,0,90,982.698
14,1,0,90,981.174
14,1,0,90,981.946
14,1,0,90,980.663
14,1,0,90,967.343
14,1,0,90,983.338
14,1,0,90,982.833
14,1,0,90,981.698
14,1,0,90,984.656
14,1,0,90,981.910
14,1,0,90,980.849
14,1,0,90,980.881
14,1,0,90,981.857
14,1,0,90,982.611
14,1,0,90,982.625
14,1,0,90,981.138
14,1,0,90,981.355
14,1,0,90,982.850
14,1,0,90,982.363
14,1,0,90,981.747
14,1,0,90,981.779
14,1,0,90,940.644
14,1,0,90,984.546
14,1,0,90,982.097
14,1,0,90,982.702
14,1,0,90,981.419
14,1,0,90,982.488
14,1,0,90,981.650
14,1,0,90,986.496
14,1,0,90,982.639
14,1,0,90,982.486
14,1,0,90,981.814
14,1,0,90,980.809
14,1,0,90,980.915
14,1,0,90,981.076
14,1,0,90,981.275
14,1,0,90,983.159
14,1,0,90,981.376
14,1,0,90,982.222
14,1,0,90,964.976
14,1,0,90,983.064
14,1,0,90,982.725
14,1,0,90,981.535
14,1,0,90,987.937
14,1,0,90,980.876
14,1,0,90,982.630
14,1,0,90,983.755
14,1,0,90,982.120
14,1,0,90,983.374
14,1,0,90,983.647
14,1,0,90,982.364
14,1,0,90,981.766
14,1,0,90,982.372
14,1,0,90,983.792
14,1,0,90,981.491
14,1,0,90,980.634
14,1,0,90,981.832
14,1,0,90,991.512
14,1,0,90,981.581
14,1,0,90,981.447
14,1,0,90,982.756
14,1,0,90,981.844
14,1,0,90,981.301
14,1,0,90,982.389
14,1,0,90,981.624
14,1,0,90,992.230
14,1,0,90,1000.725
14,1,0,90,982.423
14,1,0,90,983.400
14,1,0,90,983.302
14,1,0,90,981.500
14,1,0,90,981.236
14,1,0,90,983.379
14,1,0,90,981.300
14,1,0,90,976.332
14,1,0,90,982.104
14,1,0,90,981.062
14,1,0,90,983.334
14,1,0,90,980.792
14,1,0,90,980.972
14,1,0,90,980.523
14,1,0,90,983.147
14,1,0,90,980.716
14,1,0,90,982.303
14,1,0,90,979.817
14,1,0,90,983.293
14,1,0,90,980.028
14,1,0,90,981.931
14,1,0,90,983.592
14,1,0,90,982.161
14,1,0,90,981.859
14,1,0,90,980.114
14,1,0,90,976.627
14,1,0,90,983.992
14,1,0,90,981.228
14,1,0,90,982.704
14,1,0,90,980.069
14,1,0,90,982.786
14,1,0,90,981.040
14,1,0,90,981.572
14,1,0,90,1678.582
14,1,0,90,1162.746
14,1,0,90,980.779
14,1,0,90,991.847
14,1,0,90,983.231
14,1,0,90,981.800
14,1,0,90,981.776
14,1,0,90,982.086
14,1,0,90,983.877
14,1,0,90,982.520
14,1,0,90,981.867
14,1,0,90,981.824
14,1,0,90,980.578
14,1,0,90,980.333
14,1,0,90,981.013
14,1,0,90,980.304
14,1,0,90,981.595
14,1,0,90,1426.958
14,1,0,90,991.936
14,1,0,90,987.394
14,1,0,90,985.352
14,1,0,90,987.328
14,1,0,90,993.230
14,1,0,90,985.781
14,1,0,90,986.886
14,1,0,90,986.344
14,1,0,90,987.339
14,1,0,90,965.223
14,1,0,90,991.384
14,1,0,90,987.342
14,1,0,90,986.355
14,1,0,90,986.480
14,1,0,90,981.789
14,1,0,90,981.358
14,1,0,90,981.205
14,1,0,90,980.792
14,1,0,90,980.991
14,1,0,90,982.263
14,1,0,90,981.999
14,1,0,90,981.438
14,1,0,90,980.211
14,1,0,90,981.187
14,1,0,90,981.719
14,1,0,90,981.232
14,1,0,90,980.283
14,1,0,90,981.648
14,1,0,90,943.976
14,1,0,90,985.341
14,1,0,90,986.280
14,1,0,90,982.220
14,1,0,90,982.159
14,1,0,90,981.598
14,1,0,90,981.037
14,1,0,90,982.143
14,1,0,90,982.545
14,1,0,90,982.596
14,1,0,90,979.868
14,1,0,90,982.141
14,1,0,90,980.839
14,1,0,90,981.964
14,1,0,90,981.903
14,1,0,90,980.342
14,1,0,90,981.022
14,1,0,90,980.813
14,1,0,90,980.253
14,1,0,90,963.655
14,1,0,90,986.576
14,1,0,90,982.959
14,1,0,90,983.676
14,1,0,90,982.449
14,1,0,90,983.222
14,1,0,90,982.846
14,1,0,90,980.433
14,1,0,90,981.076
14,1,0,90,981.497
14,1,0,90,980.714
14,1,0,90,981.690
14,1,0,90,980.630
14,1,0,90,980.847
14,1,0,90,982.656
14,1,0,90,979.947
14,1,0,90,980.572
14,1,0,90,981.641
14,1,0,90,983.191
14,1,0,90,949.945
14,1,0,90,986.958
14,1,0,90,980.601
14,1,0,90,980.763
14,1,0,90,984.461
14,1,0,90,983.104
14,1,0,90,980.618
14,1,0,90,985.279
14,1,0,90,983.218
14,1,0,90,981.158
14,1,0,90,981.986
14,1,0,90,982.888
14,1,0,90,983.827
14,1,0,90,983.711
14,1,0,90,983.780
14,1,0,90,982.293
14,1,0,90,982.047
14,1,0,90,981.746
14,1,0,90,979.944
14,1,0,90,971.069
14,1,0,90,981.415
14,1,0,90,981.040
14,1,0,90,980.627
14,1,0,90,980.826
14,1,0,90,982.802
14,1,0,90,982.149
14,1,0,90,981.088
14,1,0,90,983.008
14,1,0,90,982.059
14,1,0,90,982.443
14,1,0,90,980.697
14,1,0,90,981.451
14,1,0,90,981.797
14,1,0,90,982.700
14,1,0,90,981.287
14,1,0,90,981.004
14,1,0,90,982.147
14,1,0,90,979.716
14,1,0,90,949.377
14,1,0,90,980.465
14,1,0,90,981.959
14,1,0,90,982.380
14,1,0,90,982.005
14,1,0,90,981.314
14,1,0,90,983.753
14,1,0,90,981.767
14,1,0,90,981.039
14,1,0,90,982.830
14,1,0,90,981.288
14,1,0,90,982.431
14,1,0,90,982.185
14,1,0,90,981.273
14,1,0,90,1006.823
14,1,0,90,982.392
14,1,0,90,981.350
14,1,0,90,981.863
14,1,0,90,982.080
14,1,0,90,962.168
14,1,0,90,981.162
14,1,0,90,980.972
14,1,0,90,980.596
14,1,0,90,981.961
14,1,0,90,981.327
14,1,0,90,980.914
14,1,0,90,985.057
14,1,0,90,982.478
14,1,0,90,983.139
14,1,0,90,980.745
14,1,0,90,982.666
14,1,0,90,981.327
14,1,0,90,981.526
14,1,0,90,981.521
14,1,0,90,991.589
14,1,0,90,982.269
14,1,0,90,980.468
14,1,0,90,981.759
14,1,0,90,947.550
14,1,0,90,982.897
14,1,0,90,980.503
14,1,0,90,982.220
14,1,0,90,980.900
14,1,0,90,981.246
14,1,0,90,981.000
14,1,0,90,980.977
14,1,0,90,983.286
14,1,0,90,982.429
14,1,0,90,981.109
14,1,0,90,980.808
14,1,0,90,980.043
14,1,0,90,981.297
14,1,0,90,981.440
14,1,0,90,982.731
14,1,0,90,982.171
14,1,0,90,981.128
14,1,0,90,980.364
14,1,0,90,981.748
14,1,0,90,1675.757
14,1,0,90,1159.310
14,1,0,90,980.936
14,1,0,90,982.134
14,1,0,90,982.740
14,1,0,90,980.180
14,1,0,90,981.082
14,1,0,90,981.095
14,1,0,90,984.738
14,1,0,90,972.492
14,1,0,90,981.579
14,1,0,90,981.074
14,1,0,90,980.532
14,1,0,90,982.008
14,1,0,90,980.836
14,1,0,90,982.109
14,1,0,90,981.770
14,1,0,90,981.895
14,1,0,90,968.705
14,1,0,90,982.218
14,1,0,90,983.046
14,1,0,90,981.319
14,1,0,90,981.536
14,1,0,90,981.216
14,1,0,90,980.784
14,1,0,90,981.390
14,1,0,90,980.996
14,1,0,90,981.102
14,1,0,90,984.078
14,1,0,90,982.703
14,1,0,90,981.290
14,1,0,90,982.100
14,1,0,90,980.484
14,1,0,90,981.830
14,1,0,90,981.881
14,1,0,90,980.190
14,1,0,90,980.333
14,1,0,90,967.310
14,1,0,90,982.601
14,1,0,90,981.651
14,1,0,90,982.609
14,1,0,90,981.381
14,1,0,90,981.913
14,1,0,90,980.575
14,1,0,90,980.903
14,1,0,90,981.323
14,1,0,90,981.559
14,1,0,90,981.183
14,1,0,90,19466.008
15,1,0,90,0.278
15,1,0,90,808.250
15,1,0,90,5.600
15,1,0,90,343.816
15,1,0,90,583.383
15,1,0,90,980.635
15,1,0,90,1064.556
15,1,0,90,747.682
15,1,0,90,467.919
15,1,0,90,979.837
15,1,0,90,1033.202
15,1,0,90,588.273
15,1,0,90,982.284
15,1,0,90,996.020
15,1,0,90,981.144
15,1,0,90,979.009
15,1,0,90,455.525
15,1,0,90,34.337
15,1,0,90,977.179
15,1,0,90,980.007
15,1,0,90,979.113
15,1,0,90,977.256
15,1,0,90,1050.398
15,1,0,90,661.710
15,1,0,90,978.981
15,1,0,90,977.791
15,1,0,90,979.915
15,1,0,90,949.410
15,1,0,90,982.257
15,1,0,90,980.103
15,1,0,90,978.654
15,1,0,90,1025.278
15,1,0,90,980.328
15,1,0,90,977.879
15,1,0,90,980.762
15,1,0,90,978.054
15,1,0,90,991.678
15,1,0,90,978.339
15,1,0,90,979.334
15,1,0,90,981.848
15,1,0,90,981.879
15,1,0,90,1344.187
15,1,0,90,979.962
15,1,0,90,977.864
15,1,0,90,979.470
15,1,0,90,986.983
15,1,0,90,979.145
15,1,0,90,979.436
15,1,0,90,977.671
15,1,0,90,979.296
15,1,0,90,978.272
15,1,0,90,980.137
15,1,0,90,978.113
15,1,0,90,978.756
15,1,0,90,991.658
15,1,0,90,979.579
15,1,0,90,978.833
15,1,0,90,980.384
15,1,0,90,980.267
15,1,0,90,979.484
15,1,0,90,980.127
15,1,0,90,977.955
15,1,0,90,953.784
15,1,0,90,979.593
15,1,0,90,979.051
15,1,0,90,992.546
15,1,0,90,979.244
15,1,0,90,980.109
15,1,0,90,980.938
15,1,0,90,978.636
15,1,0,90,979.205
15,1,0,90,977.237
15,1,0,90,980.213
15,1,0,90,978.134
15,1,0,90,979.073
15,1,0,90,980.198
15,1,0,90,979.303
15,1,0,90,979.798
15,1,0,90,978.608
15,1,0,90,980.158
15,1,0,90,968.986
15,1,0,90,979.629
15,1,0,90,979.624
15,1,0,90,978.063
15,1,0,90,978.614
15,1,0,90,979.775
15,1,0,90,980.807
15,1,0,90,977.598
15,1,0,90,979.148
15,1,0,90,979.217
15,1,0,90,979.638
15,1,0,90,978.392
15,1,0,90,980.683
15,1,0,90,980.456
15,1,0,90,978.488
15,1,0,90,978.112
15,1,0,90,979.422
15,1,0,90,979.379
15,1,0,90,967.652
15,1,0,90,984.591
15,1,0,90,992.716
15,1,0,90,978.766
15,1,0,90,979.576
15,1,0,90,978.774
15,1,0,90,979.065
15,1,0,90,977.412
15,1,0,90,978.907
15,1,0,90,979.383
15,1,0,90,979.415
15,1,0,90,978.836
15,1,0,90,978.664
15,1,0,90,999.010
15,1,0,90,979.931
15,1,0,90,978.482
15,1,0,90,987.624
15,1,0,90,979.638
15,1,0,90,969.985
15,1,0,90,981.035
15,1,0,90,979.696
15,1,0,90,1968.149
15,1,0,90,1158.666
15,1,0,90,978.718
15,1,0,90,977.546
15,1,0,90,980.726
15,1,0,90,979.610
15,1,0,90,980.104
15,1,0,90,980.155
15,1,0,90,980.650
15,1,0,90,979.033
15,1,0,90,979.195
15,1,0,90,978.949
15,1,0,90,987.721
15,1,0,90,978.883
15,1,0,90,976.637
15,1,0,90,968.076
15,1,0,90,979.441
15,1,0,90,980.288
15,1,0,90,978.875
15,1,0,90,979.870
15,1,0,90,981.958
15,1,0,90,979.915
15,1,0,90,983.021
15,1,0,90,978.775
15,1,0,90,980.789
15,1,0,90,980.932
15,1,0,90,977.223
15,1,0,90,981.032
15,1,0,90,988.212
15,1,0,90,978.763
15,1,0,90,979.017
15,1,0,90,977.993
15,1,0,90,978.562
15,1,0,90,956.798
15,1,0,90,980.737
15,1,0,90,979.694
15,1,0,90,983.800
15,1,0,90,982.332
15,1,0,90,979.605
15,1,0,90,978.451
15,1,0,90,981.557
15,1,0,90,980.441
15,1,0,90,980.751
15,1,0,90,978.820
15,1,0,90,978.370
15,1,0,90,979.865
15,1,0,90,979.730
15,1,0,90,978.391
15,1,0,90,990.201
15,1,0,90,977.918
15,1,0,90,980.116
15,1,0,90,983.463
15,1,0,90,978.495
15,1,0,90,981.101
15,1,0,90,980.410
15,1,0,90,979.720
15,1,0,90,978.826
15,1,0,90,980.210
15,1,0,90,978.445
15,1,0,90,979.866
15,1,0,90,980.472
15,1,0,90,981.522
15,1,0,90,979.499
15,1,0,90,978.623
15,1,0,90,977.821
15,1,0,90,979.668
15,1,0,90,978.904
15,1,0,90,979.324
15,1,0,90,953.338
15,1,0,90,996.851
15,1,0,90,978.531
15,1,0,90,980.933
15,1,0,90,978.373
15,1,0,90,978.886
15,1,0,90,978.881
15,1,0,90,978.950
15,1,0,90,978.796
15,1,0,90,960.013
15,1,0,90,978.434
15,1,0,90,978.669
15,1,0,90,979.757
15,1,0,90,979.807
15,1,0,90,979.043
15,1,0,90,978.056
15,1,0,90,978.310
15,1,0,90,980.342
15,1,0,90,979.744
15,1,0,90,982.924
15,1,0,90,979.123
15,1,0,90,979.043
15,1,0,90,977.705
15,1,0,90,979.274
15,1,0,90,979.343
15,1,0,90,979.486
15,1,0,90,977.443
15,1,0,90,979.234
15,1,0,90,1965.798
15,1,0,90,1156.964
15,1,0,90,980.145
15,1,0,90,978.899
15,1,0,90,980.523
15,1,0,90,980.074
15,1,0,90,978.346
15,1,0,90,945.989
15,1,0,90,979.317
15,1,0,90,979.516
15,1,0,90,979.159
15,1,0,90,978.191
15,1,0,90,979.500
15,1,0,90,990.088
15,1,0,90,978.138
15,1,0,90,978.522
15,1,0,90,978.720
15,1,0,90,979.919
15,1,0,90,978.784
15,1,0,90,979.779
15,1,0,90,978.477
15,1,0,90,978.991
15,1,0,90,978.911
15,1,0,90,978.943
15,1,0,90,983.530
15,1,0,90,966.174
15,1,0,90,981.705
15,1,0,90,978.422
15,1,0,90,980.121
15,1,0,90,980.060
15,1,0,90,979.184
15,1,0,90,979.883
15,1,0,90,978.415
15,1,0,90,978.817
15,1,0,90,979.423
15,1,0,90,978.325
15,1,0,90,980.487
15,1,0,90,978.444
15,1,0,90,977.939
15,1,0,90,978.156
15,1,0,90,979.021
15,1,0,90,978.720
15,1,0,90,935.733
15,1,0,90,982.043
15,1,0,90,982.001
15,1,0,90,978.644
15,1,0,90,979.268
15,1,0,90,977.559
15,1,0,90,979.128
15,1,0,90,979.401
15,1,0,90,979.358
15,1,0,90,978.557
15,1,0,90,981.218
15,1,0,90,981.065
15,1,0,90,978.504
15,1,0,90,980.369
15,1,0,90,979.827
15,1,0,90,978.026
15,1,0,90,979.039
15,1,0,90,977.200
15,1,0,90,964.788
15,1,0,90,980.005
15,1,0,90,980.129
15,1,0,90,978.791
15,1,0,90,981.786
15,1,0,90,979.225
15,1,0,90,977.609
15,1,0,90,977.677
15,1,0,90,978.876
15,1,0,90,980.148
15,1,0,90,979.903
15,1,0,90,977.601
15,1,0,90,978.244
15,1,0,90,980.517
15,1,0,90,979.511
15,1,0,90,978.728
15,1,0,90,978.816
15,1,0,90,938.107
15,1,0,90,981.898
15,1,0,90,978.634
15,1,0,90,979.925
15,1,0,90,978.271
15,1,0,90,979.674
15,1,0,90,978.724
15,1,0,90,984.200
15,1,0,90,980.732
15,1,0,90,979.597
15,1,0,90,979.166
15,1,0,90,977.235
15,1,0,90,977.859
15,1,0,90,977.595
15,1,0,90,978.479
15,1,0,90,980.159
15,1,0,90,978.820
15,1,0,90,979.333
15,1,0,90,962.625
15,1,0,90,980.175
15,1,0,90,980.318
15,1,0,90,978.757
15,1,0,90,985.641
15,1,0,90,978.469
15,1,0,90,980.130
15,1,0,90,980.810
15,1,0,90,979.287
15,1,0,90,980.152
15,1,0,90,980.998
15,1,0,90,979.475
15,1,0,90,978.933
15,1,0,90,979.779
15,1,0,90,981.367
15,1,0,90,978.843
15,1,0,90,977.190
15,1,0,90,978.240
15,1,0,90,988.994
15,1,0,90,978.674
15,1,0,90,977.928
15,1,0,90,979.978
15,1,0,90,979.306
15,1,0,90,978.709
15,1,0,90,979.778
15,1,0,90,978.198
15,1,0,90,989.804
15,1,0,90,997.799
15,1,0,90,979.609
15,1,0,90,980.548
15,1,0,90,981.043
15,1,0,90,978.704
15,1,0,90,978.440
15,1,0,90,980.527
15,1,0,90,978.003
15,1,0,90,973.369
15,1,0,90,978.715
15,1,0,90,978.377
15,1,0,90,980.871
15,1,0,90,978.033
15,1,0,90,977.472
15,1,0,90,977.615
15,1,0,90,980.869
15,1,0,90,977.216
15,1,0,90,980.025
15,1,0,90,976.502
15,1,0,90,980.848
15,1,0,90,976.658
15,1,0,90,978.986
15,1,0,90,980.962
15,1,0,90,979.809
15,1,0,90,978.415
15,1,0,90,976.928
15,1,0,90,973.757
15,1,0,90,981.381
15,1,0,90,978.450
15,1,0,90,980.148
15,1,0,90,976.569
15,1,0,90,979.990
15,1,0,90,978.170
15,1,0,90,978.850
15,1,0,90,1968.969
15,1,0,90,1160.116
15,1,0,90,977.871
15,1,0,90,988.273
15,1,0,90,980.472
15,1,0,90,979.189
15,1,0,90,978.924
15,1,0,90,978.771
15,1,0,90,981.377
15,1,0,90,979.705
15,1,0,90,979.107
15,1,0,90,979.084
15,1,0,90,977.078
15,1,0,90,977.555
15,1,0,90,978.457
15,1,0,90,977.730
15,1,0,90,978.984
15,1,0,90,1425.309
15,1,0,90,988.640
15,1,0,90,984.801
15,1,0,90,981.815
15,1,0,90,984.421
15,1,0,90,990.249
15,1,0,90,982.651
15,1,0,90,983.683
15,1,0,90,983.696
15,1,0,90,984.469
15,1,0,90,962.649
15,1,0,90,988.458
15,1,0,90,984.786
15,1,0,90,983.559
15,1,0,90,983.554
15,1,0,90,979.123
15,1,0,90,978.469
15,1,0,90,978.575
15,1,0,90,977.681
15,1,0,90,978.009
15,1,0,90,979.782
15,1,0,90,979.480
15,1,0,90,978.142
15,1,0,90,976.600
15,1,0,90,978.391
15,1,0,90,978.886
15,1,0,90,977.640
15,1,0,90,977.116
15,1,0,90,979.351
15,1,0,90,941.198
15,1,0,90,982.785
15,1,0,90,983.465
15,1,0,90,979.608
15,1,0,90,978.862
15,1,0,90,978.580
15,1,0,90,978.334
15,1,0,90,979.569
15,1,0,90,979.990
15,1,0,90,979.744
15,1,0,90,976.424
15,1,0,90,979.622
15,1,0,90,977.691
15,1,0,90,979.297
15,1,0,90,979.477
15,1,0,90,977.361
15,1,0,90,978.078
15,1,0,90,978.369
15,1,0,90,977.530
15,1,0,90,961.155
15,1,0,90,983.798
15,1,0,90,980.330
15,1,0,90,980.787
15,1,0,90,980.116
15,1,0,90,980.536
15,1,0,90,979.994
15,1,0,90,977.804
15,1,0,90,978.373
15,1,0,90,978.627
15,1,0,90,977.844
15,1,0,90,978.987
15,1,0,90,977.556
15,1,0,90,977.921
15,1,0,90,980.045
15,1,0,90,976.818
15,1,0,90,977.368
15,1,0,90,978.733
15,1,0,90,980.395
15,1,0,90,947.316
15,1,0,90,984.366
15,1,0,90,977.138
15,1,0,90,978.096
15,1,0,90,981.813
15,1,0,90,980.567
15,1,0,90,977.303
15,1,0,90,982.038
15,1,0,90,980.496
15,1,0,90,978.491
15,1,0,90,979.115
15,1,0,90,980.666
15,1,0,90,981.309
15,1,0,90,980.970
15,1,0,90,980.891
15,1,0,90,979.589
15,1,0,90,979.288
15,1,0,90,979.523
15,1,0,90,976.852
15,1,0,90,968.180
15,1,0,90,978.656
15,1,0,90,977.725
15,1,0,90,978.016
15,1,0,90,978.307
15,1,0,90,979.950
15,1,0,90,979.574
15,1,0,90,977.773
15,1,0,90,980.268
15,1,0,90,979.614
15,1,0,90,979.813
15,1,0,90,977.771
15,1,0,90,978.728
15,1,0,90,979.020
15,1,0,90,980.014
15,1,0,90,978.509
15,1,0,90,978.337
15,1,0,90,979.351
15,1,0,90,976.586
15,1,0,90,946.451
15,1,0,90,977.150
15,1,0,90,979.200
15,1,0,90,979.751
15,1,0,90,979.412
15,1,0,90,978.759
15,1,0,90,981.216
15,1,0,90,979.211
15,1,0,90,978.280
15,1,0,90,980.349
15,1,0,90,978.492
15,1,0,90,979.487
15,1,0,90,979.278
15,1,0,90,977.921
15,1,0,90,1004.064
15,1,0,90,979.707
15,1,0,90,978.516
15,1,0,90,979.122
15,1,0,90,979.210
15,1,0,90,959.593
15,1,0,90,978.347
15,1,0,90,977.490
15,1,0,90,976.911
15,1,0,90,979.332
15,1,0,90,978.530
15,1,0,90,977.951
15,1,0,90,982.187
15,1,0,90,979.885
15,1,0,90,980.361
15,1,0,90,978.227
15,1,0,90,980.018
15,1,0,90,978.864
15,1,0,90,978.878
15,1,0,90,978.650
15,1,0,90,988.960
15,1,0,90,979.825
15,1,0,90,976.931
15,1,0,90,979.018
15,1,0,90,944.717
15,1,0,90,979.934
15,1,0,90,977.540
15,1,0,90,979.775
15,1,0,90,978.437
15,1,0,90,978.728
15,1,0,90,978.112
15,1,0,90,978.532
15,1,0,90,979.768
15,1,0,90,979.670
15,1,0,90,977.850
15,1,0,90,977.215
15,1,0,90,976.506
15,1,0,90,978.520
15,1,0,90,978.477
15,1,0,90,979.917
15,1,0,90,979.374
15,1,0,90,978.647
15,1,0,90,977.105
15,1,0,90,979.100
15,1,0,90,1965.793
15,1,0,90,1156.662
15,1,0,90,977.510
15,1,0,90,979.560
15,1,0,90,980.555
15,1,0,90,977.105
15,1,0,90,978.230
15,1,0,90,978.169
15,1,0,90,982.238
15,1,0,90,969.696
15,1,0,90,978.913
15,1,0,90,978.408
15,1,0,90,977.439
15,1,0,90,978.823
15,1,0,90,977.503
15,1,0,90,979.294
15,1,0,90,979.400
15,1,0,90,979.136
15,1,0,90,966.112
15,1,0,90,979.607
15,1,0,90,980.083
15,1,0,90,978.170
15,1,0,90,978.276
15,1,0,90,978.604
15,1,0,90,977.507
15,1,0,90,978.687
15,1,0,90,978.089
15,1,0,90,978.139
15,1,0,90,981.653
15,1,0,90,980.351
15,1,0,90,978.587
15,1,0,90,979.211
15,1,0,90,977.298
15,1,0,90,979.275
15,1,0,90,978.955
15,1,0,90,977.005
15,1,0,90,977.370
15,1,0,90,964.365
15,1,0,90,979.675
15,1,0,90,978.707
15,1,0,90,979.794
15,1,0,90,978.085
15,1,0,90,979.024
15,1,0,90,977.834
15,1,0,90,978.106
15,1,0,90,978.157
15,1,0,90,978.318
15,1,0,90,978.369
15,1,0,90,19428.101
16,1,0,90,0.204
16,1,0,90,1004.415
16,1,0,90,611.672
16,1,0,90,598.611
16,1,0,90,779.623
16,1,0,90,987.173
16,1,0,90,550.021
16,1,0,90,37.593
16,1,0,90,843.102
16,1,0,90,987.633
16,1,0,90,537.464
16,1,0,90,9.683
16,1,0,90,988.081
16,1,0,90,1002.020
16,1,0,90,987.570
16,1,0,90,986.861
16,1,0,90,1009.912
16,1,0,90,891.481
16,1,0,90,985.901
16,1,0,90,988.989
16,1,0,90,986.891
16,1,0,90,986.071
16,1,0,90,732.345
16,1,0,90,25.880
16,1,0,90,986.611
16,1,0,90,986.383
16,1,0,90,987.026
16,1,0,90,956.669
16,1,0,90,989.479
16,1,0,90,987.789
16,1,0,90,986.931
16,1,0,90,1033.019
16,1,0,90,988.569
16,1,0,90,986.768
16,1,0,90,987.874
16,1,0,90,986.831
16,1,0,90,998.567
16,1,0,90,986.358
16,1,0,90,986.353
16,1,0,90,988.922
16,1,0,90,987.824
16,1,0,90,1352.372
16,1,0,90,987.054
16,1,0,90,986.475
16,1,0,90,986.933
16,1,0,90,993.779
16,1,0,90,987.089
16,1,0,90,987.269
16,1,0,90,986.745
16,1,0,90,986.648
16,1,0,90,986.328
16,1,0,90,987.063
16,1,0,90,987.076
16,1,0,90,986.423
16,1,0,90,997.029
16,1,0,90,987.542
16,1,0,90,987.519
16,1,0,90,987.458
16,1,0,90,987.175
16,1,0,90,989.059
16,1,0,90,987.776
16,1,0,90,986.770
16,1,0,90,961.376
16,1,0,90,988.686
16,1,0,90,987.699
16,1,0,90,999.953
16,1,0,90,986.837
16,1,0,90,987.517
16,1,0,90,987.660
16,1,0,90,986.451
16,1,0,90,986.446
16,1,0,90,985.867
16,1,0,90,987.158
16,1,0,90,987.004
16,1,0,90,986.332
16,1,0,90,986.642
16,1,0,90,986.785
16,1,0,90,986.965
16,1,0,90,985.904
16,1,0,90,989.362
16,1,0,90,977.375
16,1,0,90,988.907
16,1,0,90,986.754
16,1,0,90,986.841
16,1,0,90,986.947
16,1,0,90,986.868
16,1,0,90,987.215
16,1,0,90,986.635
16,1,0,90,987.371
16,1,0,90,986.662
16,1,0,90,986.990
16,1,0,90,986.689
16,1,0,90,987.609
16,1,0,90,986.549
16,1,0,90,986.914
16,1,0,90,987.557
16,1,0,90,987.181
16,1,0,90,986.935
16,1,0,90,974.634
16,1,0,90,991.962
16,1,0,90,999.160
16,1,0,90,986.748
16,1,0,90,986.150
16,1,0,90,986.256
16,1,0,90,986.843
16,1,0,90,986.931
16,1,0,90,987.166
16,1,0,90,986.531
16,1,0,90,986.100
16,1,0,90,985.688
16,1,0,90,985.794
16,1,0,90,1006.899
16,1,0,90,986.468
16,1,0,90,986.519
16,1,0,90,996.273
16,1,0,90,986.638
16,1,0,90,977.374
16,1,0,90,989.090
16,1,0,90,987.289
16,1,0,90,1683.614
16,1,0,90,1160.093
16,1,0,90,987.588
16,1,0,90,986.713
16,1,0,90,987.652
16,1,0,90,986.999
16,1,0,90,986.604
16,1,0,90,986.877
16,1,0,90,987.464
16,1,0,90,987.033
16,1,0,90,986.899
16,1,0,90,986.486
16,1,0,90,996.018
16,1,0,90,986.994
16,1,0,90,985.896
16,1,0,90,975.854
16,1,0,90,988.497
16,1,0,90,987.825
16,1,0,90,987.190
16,1,0,90,987.111
16,1,0,90,989.013
16,1,0,90,988.119
16,1,0,90,990.595
16,1,0,90,985.961
16,1,0,90,987.770
16,1,0,90,987.469
16,1,0,90,986.704
16,1,0,90,987.625
16,1,0,90,996.990
16,1,0,90,987.374
16,1,0,90,986.628
16,1,0,90,986.271
16,1,0,90,985.877
16,1,0,90,963.353
16,1,0,90,988.589
16,1,0,90,987.083
16,1,0,90,992.486
16,1,0,90,987.777
16,1,0,90,986.790
16,1,0,90,986.581
16,1,0,90,989.428
16,1,0,90,987.663
16,1,0,90,987.825
16,1,0,90,986.616
16,1,0,90,986.740
16,1,0,90,986.976
16,1,0,90,986.748
16,1,0,90,987.299
16,1,0,90,997.257
16,1,0,90,986.881
16,1,0,90,986.765
16,1,0,90,990.963
16,1,0,90,986.273
16,1,0,90,986.860
16,1,0,90,986.688
16,1,0,90,986.276
16,1,0,90,986.641
16,1,0,90,987.543
16,1,0,90,986.427
16,1,0,90,986.681
16,1,0,90,988.768
16,1,0,90,988.948
16,1,0,90,986.813
16,1,0,90,986.734
16,1,0,90,987.173
16,1,0,90,986.705
16,1,0,90,987.015
16,1,0,90,987.565
16,1,0,90,960.282
16,1,0,90,1004.851
16,1,0,90,985.642
16,1,0,90,987.544
16,1,0,90,987.076
16,1,0,90,987.590
16,1,0,90,986.751
16,1,0,90,987.098
16,1,0,90,986.259
16,1,0,90,967.532
16,1,0,90,986.953
16,1,0,90,987.040
16,1,0,90,988.887
16,1,0,90,987.511
16,1,0,90,986.950
16,1,0,90,986.945
16,1,0,90,986.810
16,1,0,90,987.916
16,1,0,90,986.855
16,1,0,90,989.313
16,1,0,90,987.104
16,1,0,90,987.136
16,1,0,90,986.001
16,1,0,90,986.589
16,1,0,90,986.546
16,1,0,90,987.023
16,1,0,90,986.018
16,1,0,90,986.327
16,1,0,90,1679.781
16,1,0,90,1157.723
16,1,0,90,987.386
16,1,0,90,987.010
16,1,0,90,989.949
16,1,0,90,987.240
16,1,0,90,986.569
16,1,0,90,954.230
16,1,0,90,987.854
16,1,0,90,986.627
16,1,0,90,986.992
16,1,0,90,986.894
16,1,0,90,987.093
16,1,0,90,997.514
16,1,0,90,986.934
16,1,0,90,986.837
16,1,0,90,986.646
16,1,0,90,987.048
16,1,0,90,986.006
16,1,0,90,986.834
16,1,0,90,986.218
16,1,0,90,986.398
16,1,0,90,986.115
16,1,0,90,986.036
16,1,0,90,989.827
16,1,0,90,973.025
16,1,0,90,990.705
16,1,0,90,987.330
16,1,0,90,987.176
16,1,0,90,987.449
16,1,0,90,986.629
16,1,0,90,986.994
16,1,0,90,986.989
16,1,0,90,987.206
16,1,0,90,986.942
16,1,0,90,986.529
16,1,0,90,988.524
16,1,0,90,986.648
16,1,0,90,986.439
16,1,0,90,985.971
16,1,0,90,987.114
16,1,0,90,986.498
16,1,0,90,942.808
16,1,0,90,989.006
16,1,0,90,989.093
16,1,0,90,987.329
16,1,0,90,986.324
16,1,0,90,985.781
16,1,0,90,986.832
16,1,0,90,986.771
16,1,0,90,987.562
16,1,0,90,986.798
16,1,0,90,987.755
16,1,0,90,987.324
16,1,0,90,986.245
16,1,0,90,986.518
16,1,0,90,987.309
16,1,0,90,986.655
16,1,0,90,987.224
16,1,0,90,986.164
16,1,0,90,971.918
16,1,0,90,988.709
16,1,0,90,987.500
16,1,0,90,986.402
16,1,0,90,989.082
16,1,0,90,987.225
16,1,0,90,986.998
16,1,0,90,986.066
16,1,0,90,986.302
16,1,0,90,986.889
16,1,0,90,986.255
16,1,0,90,986.323
16,1,0,90,986.911
16,1,0,90,987.461
16,1,0,90,986.974
16,1,0,90,986.525
16,1,0,90,986.057
16,1,0,90,945.070
16,1,0,90,989.028
16,1,0,90,987.152
16,1,0,90,987.073
16,1,0,90,986.846
16,1,0,90,986.766
16,1,0,90,986.798
16,1,0,90,990.089
16,1,0,90,987.843
16,1,0,90,986.894
16,1,0,90,986.777
16,1,0,90,986.328
16,1,0,90,986.934
16,1,0,90,987.299
16,1,0,90,986.275
16,1,0,90,987.770
16,1,0,90,986.524
16,1,0,90,986.426
16,1,0,90,969.236
16,1,0,90,988.434
16,1,0,90,987.059
16,1,0,90,986.239
16,1,0,90,992.178
16,1,0,90,986.154
16,1,0,90,986.593
16,1,0,90,987.736
16,1,0,90,987.250
16,1,0,90,988.967
16,1,0,90,988.276
16,1,0,90,987.530
16,1,0,90,987.025
16,1,0,90,986.798
16,1,0,90,987.033
16,1,0,90,985.843
16,1,0,90,986.023
16,1,0,90,987.370
16,1,0,90,996.846
16,1,0,90,985.859
16,1,0,90,986.817
16,1,0,90,986.719
16,1,0,90,986.621
16,1,0,90,986.190
16,1,0,90,986.648
16,1,0,90,987.124
16,1,0,90,992.712
16,1,0,90,1005.540
16,1,0,90,987.368
16,1,0,90,988.937
16,1,0,90,987.117
16,1,0,90,986.889
16,1,0,90,985.810
16,1,0,90,987.731
16,1,0,90,986.800
16,1,0,90,980.609
16,1,0,90,987.604
16,1,0,90,985.877
16,1,0,90,987.964
16,1,0,90,985.811
16,1,0,90,985.620
16,1,0,90,985.541
16,1,0,90,987.055
16,1,0,90,986.049
16,1,0,90,986.340
16,1,0,90,985.317
16,1,0,90,986.941
16,1,0,90,985.288
16,1,0,90,985.597
16,1,0,90,988.666
16,1,0,90,987.235
16,1,0,90,986.897
16,1,0,90,985.410
16,1,0,90,980.905
16,1,0,90,989.029
16,1,0,90,986.283
16,1,0,90,986.834
16,1,0,90,985.551
16,1,0,90,988.286
16,1,0,90,985.540
16,1,0,90,985.998
16,1,0,90,1683.026
16,1,0,90,1160.894
16,1,0,90,985.594
16,1,0,90,996.570
16,1,0,90,988.787
16,1,0,90,986.819
16,1,0,90,986.832
16,1,0,90,986.845
16,1,0,90,988.470
16,1,0,90,987.224
16,1,0,90,986.015
16,1,0,90,985.862
16,1,0,90,986.301
16,1,0,90,985.296
16,1,0,90,985.939
16,1,0,90,985.322
16,1,0,90,985.687
16,1,0,90,1431.421
16,1,0,90,997.344
16,1,0,90,991.635
16,1,0,90,991.148
16,1,0,90,992.495
16,1,0,90,997.341
16,1,0,90,991.873
16,1,0,90,991.924
16,1,0,90,991.344
16,1,0,90,991.469
16,1,0,90,968.519
16,1,0,90,996.810
16,1,0,90,992.175
16,1,0,90,990.892
16,1,0,90,991.221
16,1,0,90,987.012
16,1,0,90,986.692
16,1,0,90,986.131
16,1,0,90,985.644
16,1,0,90,985.528
16,1,0,90,986.041
16,1,0,90,986.221
16,1,0,90,986.475
16,1,0,90,985.989
16,1,0,90,986.150
16,1,0,90,986.108
16,1,0,90,986.103
16,1,0,90,985.764
16,1,0,90,985.796
16,1,0,90,948.161
16,1,0,90,990.656
16,1,0,90,991.262
16,1,0,90,986.997
16,1,0,90,987.511
16,1,0,90,986.543
16,1,0,90,986.037
16,1,0,90,986.384
16,1,0,90,987.194
16,1,0,90,986.503
16,1,0,90,985.368
16,1,0,90,986.623
16,1,0,90,985.821
16,1,0,90,985.260
16,1,0,90,986.218
16,1,0,90,985.768
16,1,0,90,985.337
16,1,0,90,985.980
16,1,0,90,985.327
16,1,0,90,967.600
16,1,0,90,991.520
16,1,0,90,986.737
16,1,0,90,988.399
16,1,0,90,987.542
16,1,0,90,987.148
16,1,0,90,987.235
16,1,0,90,985.785
16,1,0,90,986.299
16,1,0,90,985.905
16,1,0,90,985.844
16,1,0,90,986.283
16,1,0,90,985.963
16,1,0,90,985.828
16,1,0,90,986.619
16,1,0,90,985.744
16,1,0,90,985.961
16,1,0,90,985.993
16,1,0,90,985.617
16,1,0,90,954.686
16,1,0,90,991.884
16,1,0,90,985.953
16,1,0,90,985.170
16,1,0,90,988.387
16,1,0,90,987.419
16,1,0,90,986.414
16,1,0,90,990.001
16,1,0,90,987.978
16,1,0,90,986.176
16,1,0,90,986.819
16,1,0,90,986.536
16,1,0,90,988.272
16,1,0,90,988.452
16,1,0,90,988.002
16,1,0,90,986.367
16,1,0,90,986.362
16,1,0,90,986.209
16,1,0,90,985.074
16,1,0,90,974.791
16,1,0,90,986.045
16,1,0,90,986.540
16,1,0,90,985.646
16,1,0,90,985.696
16,1,0,90,988.783
16,1,0,90,987.315
16,1,0,90,986.366
16,1,0,90,987.305
16,1,0,90,986.411
16,1,0,90,986.702
16,1,0,90,985.586
16,1,0,90,986.284
16,1,0,90,986.223
16,1,0,90,987.014
16,1,0,90,985.972
16,1,0,90,985.874
16,1,0,90,986.517
16,1,0,90,985.697
16,1,0,90,953.359
16,1,0,90,985.576
16,1,0,90,986.219
16,1,0,90,986.454
16,1,0,90,985.912
16,1,0,90,986.166
16,1,0,90,988.568
16,1,0,90,987.285
16,1,0,90,985.873
16,1,0,90,986.608
16,1,0,90,985.585
16,1,0,90,987.616
16,1,0,90,987.296
16,1,0,90,986.402
16,1,0,90,1012.008
16,1,0,90,987.077
16,1,0,90,985.739
16,1,0,90,986.252
16,1,0,90,986.413
16,1,0,90,967.371
16,1,0,90,985.662
16,1,0,90,986.009
16,1,0,90,986.337
16,1,0,90,986.480
16,1,0,90,986.012
16,1,0,90,986.062
16,1,0,90,989.502
16,1,0,90,986.904
16,1,0,90,987.176
16,1,0,90,986.653
16,1,0,90,986.555
16,1,0,90,986.105
16,1,0,90,985.711
16,1,0,90,985.595
16,1,0,90,996.127
16,1,0,90,986.695
16,1,0,90,985.672
16,1,0,90,986.148
16,1,0,90,951.662
16,1,0,90,988.693
16,1,0,90,985.929
16,1,0,90,986.127
16,1,0,90,985.992
16,1,0,90,986.135
16,1,0,90,985.834
16,1,0,90,985.718
16,1,0,90,988.620
16,1,0,90,987.411
16,1,0,90,985.906
16,1,0,90,985.882
16,1,0,90,985.636
16,1,0,90,986.872
16,1,0,90,986.366
16,1,0,90,987.028
16,1,0,90,986.523
16,1,0,90,986.388
16,1,0,90,985.827
16,1,0,90,985.063
16,1,0,90,1680.758
16,1,0,90,1157.792
16,1,0,90,986.788
16,1,0,90,986.246
16,1,0,90,986.796
16,1,0,90,986.050
16,1,0,90,985.582
16,1,0,90,985.354
16,1,0,90,988.794
16,1,0,90,976.844
16,1,0,90,986.172
16,1,0,90,985.945
16,1,0,90,985.921
16,1,0,90,986.842
16,1,0,90,985.911
16,1,0,90,985.387
16,1,0,90,986.271
16,1,0,90,986.895
16,1,0,90,973.557
16,1,0,90,986.718
16,1,0,90,987.472
16,1,0,90,986.745
16,1,0,90,986.795
16,1,0,90,986.271
16,1,0,90,986.211
16,1,0,90,986.057
16,1,0,90,986.848
16,1,0,90,985.936
16,1,0,90,988.764
16,1,0,90,987.555
16,1,0,90,985.772
16,1,0,90,986.711
16,1,0,90,985.947
16,1,0,90,987.053
16,1,0,90,986.233
16,1,0,90,985.672
16,1,0,90,985.630
16,1,0,90,972.680
16,1,0,90,986.397
16,1,0,90,986.447
16,1,0,90,987.035
16,1,0,90,986.807
16,1,0,90,986.432
16,1,0,90,985.982
16,1,0,90,985.699
16,1,0,90,986.638
16,1,0,90,986.855
16,1,0,90,985.924
16,1,0,90,19951.487
17,1,0,90,0.203
17,1,0,90,999.619
17,1,0,90,452.635
17,1,0,90,439.704
17,1,0,90,621.827
17,1,0,90,982.394
17,1,0,90,391.022
17,1,0,90,65.296
17,1,0,90,746.454
17,1,0,90,981.837
17,1,0,90,378.483
17,1,0,90,34.183
17,1,0,90,983.969
17,1,0,90,996.816
17,1,0,90,983.237
17,1,0,90,981.305
17,1,0,90,1034.874
17,1,0,90,824.092
17,1,0,90,979.401
17,1,0,90,982.507
17,1,0,90,981.094
17,1,0,90,979.441
17,1,0,90,866.899
17,1,0,90,51.547
17,1,0,90,980.666
17,1,0,90,979.994
17,1,0,90,981.859
17,1,0,90,951.521
17,1,0,90,984.497
17,1,0,90,982.159
17,1,0,90,980.728
17,1,0,90,1027.185
17,1,0,90,982.365
17,1,0,90,980.249
17,1,0,90,982.725
17,1,0,90,980.165
17,1,0,90,993.678
17,1,0,90,980.432
17,1,0,90,981.316
17,1,0,90,984.014
17,1,0,90,983.509
17,1,0,90,1346.335
17,1,0,90,982.147
17,1,0,90,980.123
17,1,0,90,981.470
17,1,0,90,988.853
17,1,0,90,980.978
17,1,0,90,981.565
17,1,0,90,979.893
17,1,0,90,981.314
17,1,0,90,980.290
17,1,0,90,982.100
17,1,0,90,980.558
17,1,0,90,980.867
17,1,0,90,993.621
17,1,0,90,981.820
17,1,0,90,981.055
17,1,0,90,982.272
17,1,0,90,982.304
17,1,0,90,982.003
17,1,0,90,982.072
17,1,0,90,980.400
17,1,0,90,955.784
17,1,0,90,981.815
17,1,0,90,981.088
17,1,0,90,994.657
17,1,0,90,981.300
17,1,0,90,982.202
17,1,0,90,982.752
17,1,0,90,980.766
17,1,0,90,981.242
17,1,0,90,979.385
17,1,0,90,982.176
17,1,0,90,980.467
17,1,0,90,981.184
17,1,0,90,982.086
17,1,0,90,981.266
17,1,0,90,981.706
17,1,0,90,980.737
17,1,0,90,982.714
17,1,0,90,970.949
17,1,0,90,982.055
17,1,0,90,981.494
17,1,0,90,980.230
17,1,0,90,980.984
17,1,0,90,981.905
17,1,0,90,982.714
17,1,0,90,979.950
17,1,0,90,981.056
17,1,0,90,981.495
17,1,0,90,981.879
17,1,0,90,980.577
17,1,0,90,982.183
17,1,0,90,982.419
17,1,0,90,980.839
17,1,0,90,980.445
17,1,0,90,981.348
17,1,0,90,981.490
17,1,0,90,969.837
17,1,0,90,986.702
17,1,0,90,994.364
17,1,0,90,980.692
17,1,0,90,981.502
17,1,0,90,980.885
17,1,0,90,980.843
17,1,0,90,979.949
17,1,0,90,981.055
17,1,0,90,981.439
17,1,0,90,981.396
17,1,0,90,981.002
17,1,0,90,980.571
17,1,0,90,1001.066
17,1,0,90,981.653
17,1,0,90,980.648
17,1,0,90,989.735
17,1,0,90,981.545
17,1,0,90,972.021
17,1,0,90,983.164
17,1,0,90,981.881
17,1,0,90,1677.873
17,1,0,90,1160.500
17,1,0,90,981.144
17,1,0,90,980.083
17,1,0,90,982.670
17,1,0,90,981.517
17,1,0,90,982.086
17,1,0,90,982.229
17,1,0,90,982.705
17,1,0,90,980.959
17,1,0,90,981.306
17,1,0,90,981.041
17,1,0,90,989.888
17,1,0,90,980.642
17,1,0,90,979.174
17,1,0,90,970.169
17,1,0,90,981.737
17,1,0,90,982.047
17,1,0,90,981.023
17,1,0,90,981.963
17,1,0,90,984.069
17,1,0,90,981.508
17,1,0,90,985.114
17,1,0,90,980.960
17,1,0,90,982.529
17,1,0,90,982.561
17,1,0,90,979.723
17,1,0,90,982.903
17,1,0,90,990.434
17,1,0,90,980.818
17,1,0,90,981.276
17,1,0,90,980.345
17,1,0,90,980.543
17,1,0,90,958.446
17,1,0,90,982.718
17,1,0,90,981.954
17,1,0,90,985.967
17,1,0,90,983.869
17,1,0,90,981.827
17,1,0,90,980.711
17,1,0,90,983.650
17,1,0,90,982.256
17,1,0,90,982.751
17,1,0,90,980.875
17,1,0,90,980.666
17,1,0,90,981.883
17,1,0,90,981.915
17,1,0,90,980.854
17,1,0,90,992.349
17,1,0,90,979.807
17,1,0,90,982.116
17,1,0,90,985.593
17,1,0,90,980.476
17,1,0,90,982.656
17,1,0,90,982.373
17,1,0,90,981.739
17,1,0,90,981.067
17,1,0,90,982.080
17,1,0,90,980.704
17,1,0,90,981.903
17,1,0,90,982.601
17,1,0,90,983.541
17,1,0,90,981.665
17,1,0,90,980.901
17,1,0,90,980.210
17,1,0,90,981.520
17,1,0,90,981.052
17,1,0,90,981.435
17,1,0,90,955.301
17,1,0,90,998.851
17,1,0,90,980.549
17,1,0,90,983.044
17,1,0,90,980.391
17,1,0,90,981.182
17,1,0,90,981.084
17,1,0,90,981.098
17,1,0,90,980.889
17,1,0,90,961.847
17,1,0,90,980.600
17,1,0,90,980.910
17,1,0,90,982.109
17,1,0,90,981.715
17,1,0,90,981.265
17,1,0,90,980.408
17,1,0,90,980.310
17,1,0,90,982.453
17,1,0,90,981.744
17,1,0,90,984.868
17,1,0,90,981.363
17,1,0,90,980.969
17,1,0,90,979.890
17,1,0,90,981.292
17,1,0,90,981.343
17,1,0,90,981.504
17,1,0,90,979.665
17,1,0,90,981.364
17,1,0,90,1675.003
17,1,0,90,1158.908
17,1,0,90,982.293
17,1,0,90,981.121
17,1,0,90,982.912
17,1,0,90,982.092
17,1,0,90,980.568
17,1,0,90,948.230
17,1,0,90,981.502
17,1,0,90,981.182
17,1,0,90,981.307
17,1,0,90,980.431
17,1,0,90,981.611
17,1,0,90,992.087
17,1,0,90,980.342
17,1,0,90,980.670
17,1,0,90,980.831
17,1,0,90,981.733
17,1,0,90,980.950
17,1,0,90,981.686
17,1,0,90,980.625
17,1,0,90,981.046
17,1,0,90,981.041
17,1,0,90,981.091
17,1,0,90,985.438
17,1,0,90,967.859
17,1,0,90,984.131
17,1,0,90,980.441
17,1,0,90,982.380
17,1,0,90,982.115
17,1,0,90,981.314
17,1,0,90,981.975
17,1,0,90,980.692
17,1,0,90,980.854
17,1,0,90,981.404
17,1,0,90,980.529
17,1,0,90,982.616
17,1,0,90,980.389
17,1,0,90,980.198
17,1,0,90,980.212
17,1,0,90,981.225
17,1,0,90,980.572
17,1,0,90,937.733
17,1,0,90,984.172
17,1,0,90,983.945
17,1,0,90,980.810
17,1,0,90,981.398
17,1,0,90,979.707
17,1,0,90,981.276
17,1,0,90,981.215
17,1,0,90,981.395
17,1,0,90,980.668
17,1,0,90,983.255
17,1,0,90,983.065
17,1,0,90,980.671
17,1,0,90,982.369
17,1,0,90,981.994
17,1,0,90,980.100
17,1,0,90,981.131
17,1,0,90,979.571
17,1,0,90,966.677
17,1,0,90,982.338
17,1,0,90,982.148
17,1,0,90,980.902
17,1,0,90,983.915
17,1,0,90,981.132
17,1,0,90,979.831
17,1,0,90,979.807
17,1,0,90,981.061
17,1,0,90,981.982
17,1,0,90,981.995
17,1,0,90,980.119
17,1,0,90,980.503
17,1,0,90,982.183
17,1,0,90,981.641
17,1,0,90,980.951
17,1,0,90,981.038
17,1,0,90,939.996
17,1,0,90,983.768
17,1,0,90,981.059
17,1,0,90,981.999
17,1,0,90,980.401
17,1,0,90,981.803
17,1,0,90,980.872
17,1,0,90,985.996
17,1,0,90,982.380
17,1,0,90,981.764
17,1,0,90,981.055
17,1,0,90,979.772
17,1,0,90,979.915
17,1,0,90,980.039
17,1,0,90,980.497
17,1,0,90,982.399
17,1,0,90,980.727
17,1,0,90,981.463
17,1,0,90,964.513
17,1,0,90,982.286
17,1,0,90,981.947
17,1,0,90,980.850
17,1,0,90,987.381
17,1,0,90,980.469
17,1,0,90,981.982
17,1,0,90,983.032
17,1,0,90,981.398
17,1,0,90,982.300
17,1,0,90,982.850
17,1,0,90,981.641
17,1,0,90,981.025
17,1,0,90,981.668
17,1,0,90,983.255
17,1,0,90,980.713
17,1,0,90,979.597
17,1,0,90,980.758
17,1,0,90,990.753
17,1,0,90,980.822
17,1,0,90,980.335
17,1,0,90,982.071
17,1,0,90,981.232
17,1,0,90,980.597
17,1,0,90,981.740
17,1,0,90,980.587
17,1,0,90,991.526
17,1,0,90,999.928
17,1,0,90,981.627
17,1,0,90,982.492
17,1,0,90,982.802
17,1,0,90,980.797
17,1,0,90,980.514
17,1,0,90,982.620
17,1,0,90,980.188
17,1,0,90,975.554
17,1,0,90,981.085
17,1,0,90,980.340
17,1,0,90,982.686
17,1,0,90,979.996
17,1,0,90,979.935
17,1,0,90,979.726
17,1,0,90,982.573
17,1,0,90,979.697
17,1,0,90,981.822
17,1,0,90,978.742
17,1,0,90,982.626
17,1,0,90,979.084
17,1,0,90,981.153
17,1,0,90,982.888
17,1,0,90,981.420
17,1,0,90,980.878
17,1,0,90,979.039
17,1,0,90,975.905
17,1,0,90,983.344
17,1,0,90,980.598
17,1,0,90,982.056
17,1,0,90,979.013
17,1,0,90,981.749
17,1,0,90,980.355
17,1,0,90,980.813
17,1,0,90,1677.859
17,1,0,90,1162.172
17,1,0,90,979.964
17,1,0,90,990.755
17,1,0,90,982.342
17,1,0,90,981.041
17,1,0,90,981.054
17,1,0,90,981.104
17,1,0,90,983.284
17,1,0,90,981.853
17,1,0,90,981.218
17,1,0,90,981.047
17,1,0,90,979.523
17,1,0,90,979.369
17,1,0,90,980.272
17,1,0,90,979.692
17,1,0,90,980.891
17,1,0,90,1426.698
17,1,0,90,990.843
17,1,0,90,986.653
17,1,0,90,984.315
17,1,0,90,986.383
17,1,0,90,992.434
17,1,0,90,984.836
17,1,0,90,985.849
17,1,0,90,985.677
17,1,0,90,986.580
17,1,0,90,964.667
17,1,0,90,990.403
17,1,0,90,986.601
17,1,0,90,985.633
17,1,0,90,985.628
17,1,0,90,981.141
17,1,0,90,980.506
17,1,0,90,980.557
17,1,0,90,979.866
17,1,0,90,980.213
17,1,0,90,981.671
17,1,0,90,981.425
17,1,0,90,980.383
17,1,0,90,979.063
17,1,0,90,980.465
17,1,0,90,981.015
17,1,0,90,980.158
17,1,0,90,979.301
17,1,0,90,980.999
17,1,0,90,943.272
17,1,0,90,984.730
17,1,0,90,985.595
17,1,0,90,981.571
17,1,0,90,981.122
17,1,0,90,980.728
17,1,0,90,980.389
17,1,0,90,981.384
17,1,0,90,981.842
17,1,0,90,981.836
17,1,0,90,978.794
17,1,0,90,981.474
17,1,0,90,979.950
17,1,0,90,981.223
17,1,0,90,981.403
17,1,0,90,979.287
17,1,0,90,980.263
17,1,0,90,980.128
17,1,0,90,979.456
17,1,0,90,963.044
17,1,0,90,985.927
17,1,0,90,982.274
17,1,0,90,982.936
17,1,0,90,981.671
17,1,0,90,982.481
17,1,0,90,982.105
17,1,0,90,979.730
17,1,0,90,980.354
17,1,0,90,980.830
17,1,0,90,979.899
17,1,0,90,980.857
17,1,0,90,979.555
17,1,0,90,980.087
17,1,0,90,982.101
17,1,0,90,978.910
17,1,0,90,979.609
17,1,0,90,980.863
17,1,0,90,982.469
17,1,0,90,949.334
17,1,0,90,986.199
17,1,0,90,979.583
17,1,0,90,980.152
17,1,0,90,983.757
17,1,0,90,982.475
17,1,0,90,979.562
17,1,0,90,984.205
17,1,0,90,982.477
17,1,0,90,980.398
17,1,0,90,981.226
17,1,0,90,982.351
17,1,0,90,983.179
17,1,0,90,983.118
17,1,0,90,983.020
17,1,0,90,981.608
17,1,0,90,981.380
17,1,0,90,981.171
17,1,0,90,979.092
17,1,0,90,970.272
17,1,0,90,980.656
17,1,0,90,980.058
17,1,0,90,979.942
17,1,0,90,980.270
17,1,0,90,981.931
17,1,0,90,981.463
17,1,0,90,980.051
17,1,0,90,982.212
17,1,0,90,981.503
17,1,0,90,981.813
17,1,0,90,979.937
17,1,0,90,980.562
17,1,0,90,981.019
17,1,0,90,981.903
17,1,0,90,980.546
17,1,0,90,980.319
17,1,0,90,981.350
17,1,0,90,978.864
17,1,0,90,948.562
17,1,0,90,979.427
17,1,0,90,981.237
17,1,0,90,981.639
17,1,0,90,981.319
17,1,0,90,980.388
17,1,0,90,982.976
17,1,0,90,981.193
17,1,0,90,980.317
17,1,0,90,982.238
17,1,0,90,980.566
17,1,0,90,981.431
17,1,0,90,981.426
17,1,0,90,980.291
17,1,0,90,1006.119
17,1,0,90,981.633
17,1,0,90,980.683
17,1,0,90,981.141
17,1,0,90,981.395
17,1,0,90,961.482
17,1,0,90,980.440
17,1,0,90,979.935
17,1,0,90,979.485
17,1,0,90,981.332
17,1,0,90,980.549
17,1,0,90,980.155
17,1,0,90,984.298
17,1,0,90,981.792
17,1,0,90,982.435
17,1,0,90,980.134
17,1,0,90,981.980
17,1,0,90,980.716
17,1,0,90,980.952
17,1,0,90,980.761
17,1,0,90,990.886
17,1,0,90,981.492
17,1,0,90,979.431
17,1,0,90,980.963
17,1,0,90,946.809
17,1,0,90,981.934
17,1,0,90,979.632
17,1,0,90,981.757
17,1,0,90,980.307
17,1,0,90,980.543
17,1,0,90,980.204
17,1,0,90,980.403
17,1,0,90,982.212
17,1,0,90,981.725
17,1,0,90,980.146
17,1,0,90,979.678
17,1,0,90,978.969
17,1,0,90,980.464
17,1,0,90,980.625
17,1,0,90,982.065
17,1,0,90,981.411
17,1,0,90,980.480
17,1,0,90,979.308
17,1,0,90,981.062
17,1,0,90,1674.813
17,1,0,90,1158.570
17,1,0,90,979.862
17,1,0,90,981.449
17,1,0,90,982.222
17,1,0,90,979.383
17,1,0,90,980.359
17,1,0,90,980.317
17,1,0,90,984.201
17,1,0,90,971.733
17,1,0,90,980.820
17,1,0,90,980.370
17,1,0,90,979.717
17,1,0,90,981.119
17,1,0,90,979.799
17,1,0,90,981.424
17,1,0,90,981.289
17,1,0,90,980.969
17,1,0,90,968.093
17,1,0,90,981.644
17,1,0,90,982.268
17,1,0,90,980.337
17,1,0,90,980.517
17,1,0,90,980.493
17,1,0,90,979.784
17,1,0,90,980.668
17,1,0,90,980.255
17,1,0,90,980.287
17,1,0,90,983.541
17,1,0,90,982.166
17,1,0,90,980.549
17,1,0,90,981.266
17,1,0,90,979.446
17,1,0,90,980.997
17,1,0,90,981.121
17,1,0,90,979.135
17,1,0,90,979.500
17,1,0,90,966.402
17,1,0,90,981.860
17,1,0,90,980.873
17,1,0,90,981.905
17,1,0,90,980.344
17,1,0,90,981.265
17,1,0,90,979.797
17,1,0,90,980.162
17,1,0,90,980.342
17,1,0,90,980.540
17,1,0,90,980.498
17,1,0,90,19792.469
18,1,0,90,0.074
18,1,0,90,1005.120
18,1,0,90,444.358
18,1,0,90,431.797
18,1,0,90,614.069
18,1,0,90,980.136
18,1,0,90,382.634
18,1,0,90,64.149
18,1,0,90,740.992
18,1,0,90,979.356
18,1,0,90,370.632
18,1,0,90,32.739
18,1,0,90,981.785
18,1,0,90,995.594
18,1,0,90,980.756
18,1,0,90,978.510
18,1,0,90,1033.875
18,1,0,90,819.648
18,1,0,90,976.698
18,1,0,90,979.508
18,1,0,90,978.632
18,1,0,90,976.756
18,1,0,90,1043.455
18,1,0,90,49.992
18,1,0,90,978.500
18,1,0,90,977.310
18,1,0,90,979.453
18,1,0,90,948.929
18,1,0,90,981.776
18,1,0,90,979.659
18,1,0,90,978.247
18,1,0,90,1024.797
18,1,0,90,979.847
18,1,0,90,977.435
18,1,0,90,980.263
18,1,0,90,977.554
18,1,0,90,991.215
18,1,0,90,977.859
18,1,0,90,978.946
18,1,0,90,981.367
18,1,0,90,981.398
18,1,0,90,1343.725
18,1,0,90,979.481
18,1,0,90,977.364
18,1,0,90,978.989
18,1,0,90,986.521
18,1,0,90,978.738
18,1,0,90,978.955
18,1,0,90,977.172
18,1,0,90,978.815
18,1,0,90,977.865
18,1,0,90,979.638
18,1,0,90,977.632
18,1,0,90,978.257
18,1,0,90,991.252
18,1,0,90,979.098
18,1,0,90,978.352
18,1,0,90,979.884
18,1,0,90,979.768
18,1,0,90,978.985
18,1,0,90,979.683
18,1,0,90,977.475
18,1,0,90,953.395
18,1,0,90,979.112
18,1,0,90,978.570
18,1,0,90,992.065
18,1,0,90,978.763
18,1,0,90,979.610
18,1,0,90,980.438
18,1,0,90,978.155
18,1,0,90,978.817
18,1,0,90,976.756
18,1,0,90,979.732
18,1,0,90,977.634
18,1,0,90,978.592
18,1,0,90,979.698
18,1,0,90,978.823
18,1,0,90,979.299
18,1,0,90,978.220
18,1,0,90,979.677
18,1,0,90,968.505
18,1,0,90,979.130
18,1,0,90,979.254
18,1,0,90,977.582
18,1,0,90,978.151
18,1,0,90,979.276
18,1,0,90,980.419
18,1,0,90,977.117
18,1,0,90,978.631
18,1,0,90,978.736
18,1,0,90,979.176
18,1,0,90,977.893
18,1,0,90,980.221
18,1,0,90,979.975
18,1,0,90,978.081
18,1,0,90,977.613
18,1,0,90,978.922
18,1,0,90,978.899
18,1,0,90,967.153
18,1,0,90,984.129
18,1,0,90,992.253
18,1,0,90,978.285
18,1,0,90,979.187
18,1,0,90,978.293
18,1,0,90,978.566
18,1,0,90,976.950
18,1,0,90,978.426
18,1,0,90,978.921
18,1,0,90,978.953
18,1,0,90,978.355
18,1,0,90,978.294
18,1,0,90,998.511
18,1,0,90,979.432
18,1,0,90,978.001
18,1,0,90,987.255
18,1,0,90,979.157
18,1,0,90,969.504
18,1,0,90,980.554
18,1,0,90,979.289
18,1,0,90,1967.687
18,1,0,90,1158.223
18,1,0,90,978.237
18,1,0,90,977.046
18,1,0,90,980.208
18,1,0,90,979.166
18,1,0,90,979.605
18,1,0,90,979.748
18,1,0,90,980.169
18,1,0,90,978.515
18,1,0,90,978.714
18,1,0,90,978.449
18,1,0,90,987.240
18,1,0,90,978.439
18,1,0,90,976.174
18,1,0,90,967.706
18,1,0,90,978.960
18,1,0,90,979.807
18,1,0,90,978.394
18,1,0,90,979.371
18,1,0,90,981.477
18,1,0,90,979.453
18,1,0,90,982.522
18,1,0,90,978.405
18,1,0,90,980.289
18,1,0,90,980.469
18,1,0,90,976.723
18,1,0,90,980.625
18,1,0,90,987.713
18,1,0,90,978.300
18,1,0,90,978.536
18,1,0,90,977.642
18,1,0,90,978.062
18,1,0,90,956.298
18,1,0,90,980.274
18,1,0,90,979.213
18,1,0,90,983.301
18,1,0,90,981.833
18,1,0,90,979.124
18,1,0,90,978.045
18,1,0,90,981.113
18,1,0,90,979.960
18,1,0,90,980.288
18,1,0,90,978.339
18,1,0,90,977.889
18,1,0,90,979.402
18,1,0,90,979.249
18,1,0,90,977.984
18,1,0,90,989.720
18,1,0,90,977.419
18,1,0,90,979.636
18,1,0,90,982.982
18,1,0,90,978.014
18,1,0,90,980.620
18,1,0,90,979.948
18,1,0,90,979.313
18,1,0,90,978.364
18,1,0,90,979.729
18,1,0,90,977.946
18,1,0,90,979.441
18,1,0,90,979.991
18,1,0,90,981.060
18,1,0,90,979.018
18,1,0,90,978.235
18,1,0,90,977.341
18,1,0,90,979.169
18,1,0,90,978.423
18,1,0,90,978.843
18,1,0,90,952.838
18,1,0,90,996.352
18,1,0,90,978.050
18,1,0,90,980.563
18,1,0,90,977.873
18,1,0,90,978.386
18,1,0,90,978.400
18,1,0,90,978.469
18,1,0,90,978.278
18,1,0,90,959.514
18,1,0,90,977.953
18,1,0,90,978.263
18,1,0,90,979.276
18,1,0,90,979.345
18,1,0,90,978.525
18,1,0,90,977.557
18,1,0,90,977.811
18,1,0,90,979.824
18,1,0,90,979.282
18,1,0,90,982.554
18,1,0,90,978.660
18,1,0,90,978.562
18,1,0,90,977.205
18,1,0,90,978.885
18,1,0,90,978.862
18,1,0,90,978.986
18,1,0,90,976.944
18,1,0,90,978.865
18,1,0,90,1965.317
18,1,0,90,1156.501
18,1,0,90,979.664
18,1,0,90,978.399
18,1,0,90,980.061
18,1,0,90,979.574
18,1,0,90,977.847
18,1,0,90,945.564
18,1,0,90,978.818
18,1,0,90,979.016
18,1,0,90,978.659
18,1,0,90,977.673
18,1,0,90,979.019
18,1,0,90,989.607
18,1,0,90,977.657
18,1,0,90,978.115
18,1,0,90,978.239
18,1,0,90,979.438
18,1,0,90,978.284
18,1,0,90,979.279
18,1,0,90,977.996
18,1,0,90,978.528
18,1,0,90,978.430
18,1,0,90,978.536
18,1,0,90,983.050
18,1,0,90,965.656
18,1,0,90,981.206
18,1,0,90,978.090
18,1,0,90,979.640
18,1,0,90,979.561
18,1,0,90,978.667
18,1,0,90,979.495
18,1,0,90,977.915
18,1,0,90,978.336
18,1,0,90,978.961
18,1,0,90,977.863
18,1,0,90,980.043
18,1,0,90,977.963
18,1,0,90,977.458
18,1,0,90,977.731
18,1,0,90,978.540
18,1,0,90,978.220
18,1,0,90,935.234
18,1,0,90,981.543
18,1,0,90,981.538
18,1,0,90,978.126
18,1,0,90,978.787
18,1,0,90,977.152
18,1,0,90,978.629
18,1,0,90,978.901
18,1,0,90,978.859
18,1,0,90,978.094
18,1,0,90,980.719
18,1,0,90,980.584
18,1,0,90,978.042
18,1,0,90,980.018
18,1,0,90,979.346
18,1,0,90,977.526
18,1,0,90,978.540
18,1,0,90,976.794
18,1,0,90,964.288
18,1,0,90,979.524
18,1,0,90,979.667
18,1,0,90,978.402
18,1,0,90,981.286
18,1,0,90,978.762
18,1,0,90,977.128
18,1,0,90,977.178
18,1,0,90,978.376
18,1,0,90,979.668
18,1,0,90,979.403
18,1,0,90,977.213
18,1,0,90,977.763
18,1,0,90,980.036
18,1,0,90,979.030
18,1,0,90,978.266
18,1,0,90,978.316
18,1,0,90,937.626
18,1,0,90,981.417
18,1,0,90,978.245
18,1,0,90,979.425
18,1,0,90,977.772
18,1,0,90,979.174
18,1,0,90,978.243
18,1,0,90,983.719
18,1,0,90,980.251
18,1,0,90,979.116
18,1,0,90,978.759
18,1,0,90,976.754
18,1,0,90,977.378
18,1,0,90,977.114
18,1,0,90,978.072
18,1,0,90,979.678
18,1,0,90,978.339
18,1,0,90,978.852
18,1,0,90,962.218
18,1,0,90,979.694
18,1,0,90,979.818
18,1,0,90,978.276
18,1,0,90,985.160
18,1,0,90,978.006
18,1,0,90,979.649
18,1,0,90,980.329
18,1,0,90,978.898
18,1,0,90,979.671
18,1,0,90,980.499
18,1,0,90,978.994
18,1,0,90,978.433
18,1,0,90,979.317
18,1,0,90,980.904
18,1,0,90,978.343
18,1,0,90,976.801
18,1,0,90,977.759
18,1,0,90,988.550
18,1,0,90,978.193
18,1,0,90,977.447
18,1,0,90,979.516
18,1,0,90,978.807
18,1,0,90,978.209
18,1,0,90,979.371
18,1,0,90,977.699
18,1,0,90,989.342
18,1,0,90,997.336
18,1,0,90,979.202
18,1,0,90,980.085
18,1,0,90,980.580
18,1,0,90,978.205
18,1,0,90,978.051
18,1,0,90,980.028
18,1,0,90,977.541
18,1,0,90,972.906
18,1,0,90,978.234
18,1,0,90,977.877
18,1,0,90,980.428
18,1,0,90,977.534
18,1,0,90,977.084
18,1,0,90,977.171
18,1,0,90,980.370
18,1,0,90,976.735
18,1,0,90,979.526
18,1,0,90,976.002
18,1,0,90,980.349
18,1,0,90,976.177
18,1,0,90,978.616
18,1,0,90,980.482
18,1,0,90,979.328
18,1,0,90,977.934
18,1,0,90,976.429
18,1,0,90,973.294
18,1,0,90,980.881
18,1,0,90,977.987
18,1,0,90,979.741
18,1,0,90,976.088
18,1,0,90,979.546
18,1,0,90,977.689
18,1,0,90,978.443
18,1,0,90,1968.488
18,1,0,90,1159.635
18,1,0,90,977.390
18,1,0,90,987.885
18,1,0,90,979.991
18,1,0,90,978.708
18,1,0,90,978.481
18,1,0,90,978.290
18,1,0,90,980.878
18,1,0,90,979.243
18,1,0,90,978.645
18,1,0,90,978.695
18,1,0,90,976.635
18,1,0,90,977.092
18,1,0,90,977.976
18,1,0,90,977.230
18,1,0,90,978.484
18,1,0,90,1424.847
18,1,0,90,988.159
18,1,0,90,984.413
18,1,0,90,981.334
18,1,0,90,983.921
18,1,0,90,989.768
18,1,0,90,982.151
18,1,0,90,983.202
18,1,0,90,983.197
18,1,0,90,984.006
18,1,0,90,962.279
18,1,0,90,987.959
18,1,0,90,984.324
18,1,0,90,983.060
18,1,0,90,983.165
18,1,0,90,978.623
18,1,0,90,977.988
18,1,0,90,978.076
18,1,0,90,977.311
18,1,0,90,977.528
18,1,0,90,979.319
18,1,0,90,978.999
18,1,0,90,977.698
18,1,0,90,976.100
18,1,0,90,977.910
18,1,0,90,978.405
18,1,0,90,977.233
18,1,0,90,976.616
18,1,0,90,978.871
18,1,0,90,940.699
18,1,0,90,982.323
18,1,0,90,982.985
18,1,0,90,979.165
18,1,0,90,978.382
18,1,0,90,978.154
18,1,0,90,977.834
18,1,0,90,979.088
18,1,0,90,979.527
18,1,0,90,979.244
18,1,0,90,975.980
18,1,0,90,979.141
18,1,0,90,977.210
18,1,0,90,978.927
18,1,0,90,979.052
18,1,0,90,976.861
18,1,0,90,977.597
18,1,0,90,977.925
18,1,0,90,977.068
18,1,0,90,960.674
18,1,0,90,983.317
18,1,0,90,979.923
18,1,0,90,980.288
18,1,0,90,979.635
18,1,0,90,980.055
18,1,0,90,979.532
18,1,0,90,977.341
18,1,0,90,977.910
18,1,0,90,978.146
18,1,0,90,977.455
18,1,0,90,978.506
18,1,0,90,977.075
18,1,0,90,977.421
18,1,0,90,979.546
18,1,0,90,976.355
18,1,0,90,976.869
18,1,0,90,978.252
18,1,0,90,979.951
18,1,0,90,946.835
18,1,0,90,983.903
18,1,0,90,976.676
18,1,0,90,977.578
18,1,0,90,981.369
18,1,0,90,980.068
18,1,0,90,976.822
18,1,0,90,981.557
18,1,0,90,980.015
18,1,0,90,977.991
18,1,0,90,978.616
18,1,0,90,980.296
18,1,0,90,980.809
18,1,0,90,980.471
18,1,0,90,980.391
18,1,0,90,979.201
18,1,0,90,978.807
18,1,0,90,979.042
18,1,0,90,976.371
18,1,0,90,967.680
18,1,0,90,978.175
18,1,0,90,977.281
18,1,0,90,977.498
18,1,0,90,977.919
18,1,0,90,979.451
18,1,0,90,979.093
18,1,0,90,977.292
18,1,0,90,979.787
18,1,0,90,979.152
18,1,0,90,979.369
18,1,0,90,977.271
18,1,0,90,978.340
18,1,0,90,978.502
18,1,0,90,979.552
18,1,0,90,978.028
18,1,0,90,977.838
18,1,0,90,978.888
18,1,0,90,976.087
18,1,0,90,945.952
18,1,0,90,976.669
18,1,0,90,978.682
18,1,0,90,979.251
18,1,0,90,978.913
18,1,0,90,978.370
18,1,0,90,980.754
18,1,0,90,978.730
18,1,0,90,977.781
18,1,0,90,979.868
18,1,0,90,978.030
18,1,0,90,979.006
18,1,0,90,978.760
18,1,0,90,977.440
18,1,0,90,1003.601
18,1,0,90,979.226
18,1,0,90,978.017
18,1,0,90,978.623
18,1,0,90,978.710
18,1,0,90,959.112
18,1,0,90,977.866
18,1,0,90,976.991
18,1,0,90,976.430
18,1,0,90,978.851
18,1,0,90,978.086
18,1,0,90,977.489
18,1,0,90,981.687
18,1,0,90,979.367
18,1,0,90,979.880
18,1,0,90,977.746
18,1,0,90,979.537
18,1,0,90,978.365
18,1,0,90,978.378
18,1,0,90,978.169
18,1,0,90,988.460
18,1,0,90,979.363
18,1,0,90,976.469
18,1,0,90,978.630
18,1,0,90,944.218
18,1,0,90,979.416
18,1,0,90,977.077
18,1,0,90,979.276
18,1,0,90,977.956
18,1,0,90,978.228
18,1,0,90,977.668
18,1,0,90,978.051
18,1,0,90,979.287
18,1,0,90,979.208
18,1,0,90,977.351
18,1,0,90,976.734
18,1,0,90,976.007
18,1,0,90,978.020
18,1,0,90,977.978
18,1,0,90,979.454
18,1,0,90,978.912
18,1,0,90,978.166
18,1,0,90,976.642
18,1,0,90,978.619
18,1,0,90,1965.405
18,1,0,90,1156.181
18,1,0,90,977.010
18,1,0,90,979.098
18,1,0,90,980.074
18,1,0,90,976.606
18,1,0,90,977.730
18,1,0,90,977.688
18,1,0,90,981.757
18,1,0,90,969.215
18,1,0,90,978.450
18,1,0,90,977.982
18,1,0,90,976.996
18,1,0,90,978.342
18,1,0,90,977.004
18,1,0,90,978.813
18,1,0,90,978.919
18,1,0,90,978.636
18,1,0,90,965.631
18,1,0,90,979.107
18,1,0,90,979.584
18,1,0,90,977.708
18,1,0,90,977.814
18,1,0,90,978.105
18,1,0,90,977.044
18,1,0,90,978.187
18,1,0,90,977.608
18,1,0,90,977.677
18,1,0,90,981.153
18,1,0,90,979.889
18,1,0,90,978.106
18,1,0,90,978.749
18,1,0,90,976.799
18,1,0,90,978.794
18,1,0,90,978.455
18,1,0,90,976.524
18,1,0,90,976.889
18,1,0,90,963.866
18,1,0,90,979.157
18,1,0,90,978.189
18,1,0,90,979.294
18,1,0,90,977.586
18,1,0,90,978.525
18,1,0,90,977.427
18,1,0,90,977.626
18,1,0,90,977.694
18,1,0,90,977.856
18,1,0,90,977.869
18,1,0,90,19784.600
19,2,0,80,0.278
19,2,0,80,891.003
19,2,0,80,72.738
19,2,0,80,530.540
19,2,0,80,200.642
19,2,0,80,499.093
19,2,0,80,445.694
19,2,0,80,444.758
19,2,0,80,500.247
19,2,0,80,440.608
19,2,0,80,442.560
19,2,0,80,516.364
19,2,0,80,442.428
19,2,0,80,443.307
19,2,0,80,445.611
19,2,0,80,442.175
19,2,0,80,443.757
19,2,0,80,444.099
19,2,0,80,455.199
19,2,0,80,442.837
19,2,0,80,445.382
19,2,0,80,443.279
19,2,0,80,442.824
19,2,0,80,442.481
19,2,0,80,441.100
19,2,0,80,441.738
19,2,0,80,441.394
19,2,0,80,455.346
19,2,0,80,442.225
19,2,0,80,443.641
19,2,0,80,443.612
19,2,0,80,417.194
19,2,0,80,442.387
19,2,0,80,442.506
19,2,0,80,444.274
19,2,0,80,442.578
19,2,0,80,443.568
19,2,0,80,442.409
19,2,0,80,442.677
19,2,0,80,442.055
19,2,0,80,432.323
19,2,0,80,443.127
19,2,0,80,442.005
19,2,0,80,444.328
19,2,0,80,442.503
19,2,0,80,443.030
19,2,0,80,444.075
19,2,0,80,441.879
19,2,0,80,442.739
19,2,0,80,430.951
19,2,0,80,456.256
19,2,0,80,443.097
19,2,0,80,442.401
19,2,0,80,442.224
19,2,0,80,442.770
19,2,0,80,442.259
19,2,0,80,443.249
19,2,0,80,451.294
19,2,0,80,433.358
19,2,0,80,443.236
19,2,0,80,635.947
19,2,0,80,440.845
19,2,0,80,443.020
19,2,0,80,443.658
19,2,0,80,442.462
19,2,0,80,442.340
19,2,0,80,442.312
19,2,0,80,431.690
19,2,0,80,443.643
19,2,0,80,443.169
19,2,0,80,443.196
19,2,0,80,442.223
19,2,0,80,444.305
19,2,0,80,444.498
19,2,0,80,442.173
19,2,0,80,441.440
19,2,0,80,420.189
19,2,0,80,442.845
19,2,0,80,445.650
19,2,0,80,441.639
19,2,0,80,443.703
19,2,0,80,442.230
19,2,0,80,443.201
19,2,0,80,441.746
19,2,0,80,441.347
19,2,0,80,446.762
19,2,0,80,444.437
19,2,0,80,443.167
19,2,0,80,443.527
19,2,0,80,443.258
19,2,0,80,444.877
19,2,0,80,442.070
19,2,0,80,442.930
19,2,0,80,442.642
19,2,0,80,460.354
19,2,0,80,444.510
19,2,0,80,442.222
19,2,0,80,442.323
19,2,0,80,423.423
19,2,0,80,442.172
19,2,0,80,443.162
19,2,0,80,441.300
19,2,0,80,443.660
19,2,0,80,446.242
19,2,0,80,442.287
19,2,0,80,442.684
19,2,0,80,442.859
19,2,0,80,442.793
19,2,0,80,634.004
19,2,0,80,442.235
19,2,0,80,443.465
19,2,0,80,409.400
19,2,0,80,442.815
19,2,0,80,441.323
19,2,0,80,453.553
19,2,0,80,441.932
19,2,0,80,443.273
19,2,0,80,443.152
19,2,0,80,442.271
19,2,0,80,442.427
19,2,0,80,429.287
19,2,0,80,441.907
19,2,0,80,443.322
19,2,0,80,443.145
19,2,0,80,442.079
19,2,0,80,441.643
19,2,0,80,441.744
19,2,0,80,441.641
19,2,0,80,441.963
19,2,0,80,445.286
19,2,0,80,441.961
19,2,0,80,441.025
19,2,0,80,442.700
19,2,0,80,441.708
19,2,0,80,444.290
19,2,0,80,443.835
19,2,0,80,441.417
19,2,0,80,440.629
19,2,0,80,443.360
19,2,0,80,442.368
19,2,0,80,442.598
19,2,0,80,441.051
19,2,0,80,443.429
19,2,0,80,441.122
19,2,0,80,443.871
19,2,0,80,442.065
19,2,0,80,401.480
19,2,0,80,442.099
19,2,0,80,441.626
19,2,0,80,442.042
19,2,0,80,444.124
19,2,0,80,442.613
19,2,0,80,441.288
19,2,0,80,441.963
19,2,0,80,442.175
19,2,0,80,426.090
19,2,0,80,443.617
19,2,0,80,449.162
19,2,0,80,443.429
19,2,0,80,442.678
19,2,0,80,444.372
19,2,0,80,442.287
19,2,0,80,444.758
19,2,0,80,440.711
19,2,0,80,452.386
19,2,0,80,441.246
19,2,0,80,442.569
19,2,0,80,443.243
19,2,0,80,453.140
19,2,0,80,443.056
19,2,0,80,444.490
19,2,0,80,442.091
19,2,0,80,441.488
19,2,0,80,442.107
19,2,0,80,444.300
19,2,0,80,440.994
19,2,0,80,444.168
19,2,0,80,443.306
19,2,0,80,444.203
19,2,0,80,442.470
19,2,0,80,443.201
19,2,0,80,440.264
19,2,0,80,444.791
19,2,0,80,443.688
19,2,0,80,443.418
19,2,0,80,442.297
19,2,0,80,637.360
19,2,0,80,451.609
19,2,0,80,442.655
19,2,0,80,442.181
19,2,0,80,443.115
19,2,0,80,442.568
19,2,0,80,440.983
19,2,0,80,441.010
19,2,0,80,888.257
19,2,0,80,448.397
19,2,0,80,447.775
19,2,0,80,446.024
19,2,0,80,447.032
19,2,0,80,426.115
19,2,0,80,448.234
19,2,0,80,447.038
19,2,0,80,441.768
19,2,0,80,441.203
19,2,0,80,443.174
19,2,0,80,441.645
19,2,0,80,441.708
19,2,0,80,441.161
19,2,0,80,442.706
19,2,0,80,446.122
19,2,0,80,442.945
19,2,0,80,442.119
19,2,0,80,442.868
19,2,0,80,443.099
19,2,0,80,442.922
19,2,0,80,442.874
19,2,0,80,440.753
19,2,0,80,441.816
19,2,0,80,424.528
19,2,0,80,443.795
19,2,0,80,443.470
19,2,0,80,443.330
19,2,0,80,441.727
19,2,0,80,441.235
19,2,0,80,441.003
19,2,0,80,443.437
19,2,0,80,440.760
19,2,0,80,443.768
19,2,0,80,447.795
19,2,0,80,441.432
19,2,0,80,443.866
19,2,0,80,445.449
19,2,0,80,441.809
19,2,0,80,444.113
19,2,0,80,444.214
19,2,0,80,443.148
19,2,0,80,442.897
19,2,0,80,431.627
19,2,0,80,441.117
19,2,0,80,441.791
19,2,0,80,442.966
19,2,0,80,443.641
19,2,0,80,443.205
19,2,0,80,442.231
19,2,0,80,443.462
19,2,0,80,441.655
19,2,0,80,439.941
19,2,0,80,440.560
19,2,0,80,443.142
19,2,0,80,442.317
19,2,0,80,442.621
19,2,0,80,443.704
19,2,0,80,442.786
19,2,0,80,441.294
19,2,0,80,443.061
19,2,0,80,442.514
19,2,0,80,422.948
19,2,0,80,440.826
19,2,0,80,442.816
19,2,0,80,441.324
19,2,0,80,443.258
19,2,0,80,441.674
19,2,0,80,442.275
19,2,0,80,442.023
19,2,0,80,443.180
19,2,0,80,442.429
19,2,0,80,443.251
19,2,0,80,443.185
19,2,0,80,442.064
19,2,0,80,441.831
19,2,0,80,442.988
19,2,0,80,440.662
19,2,0,80,441.930
19,2,0,80,443.271
19,2,0,80,442.020
19,2,0,80,442.584
19,2,0,80,633.980
19,2,0,80,442.933
19,2,0,80,440.497
19,2,0,80,441.653
19,2,0,80,433.032
19,2,0,80,441.799
19,2,0,80,442.215
19,2,0,80,442.816
19,2,0,80,442.527
19,2,0,80,442.832
19,2,0,80,441.581
19,2,0,80,442.052
19,2,0,80,442.023
19,2,0,80,441.549
19,2,0,80,443.650
19,2,0,80,442.695
19,2,0,80,442.740
19,2,0,80,440.360
19,2,0,80,427.720
19,2,0,80,442.043
19,2,0,80,441.440
19,2,0,80,441.244
19,2,0,80,441.493
19,2,0,80,441.816
20,2,0,80,0.240
20,2,0,80,643.801
20,2,0,80,70.182
20,2,0,80,530.188
20,2,0,80,198.050
20,2,0,80,500.112
20,2,0,80,442.861
20,2,0,80,441.943
20,2,0,80,497.099
20,2,0,80,437.811
20,2,0,80,439.523
20,2,0,80,516.364
20,2,0,80,439.632
20,2,0,80,440.159
20,2,0,80,442.278
20,2,0,80,439.119
20,2,0,80,440.257
20,2,0,80,441.043
20,2,0,80,452.273
20,2,0,80,440.170
20,2,0,80,442.234
20,2,0,80,440.076
20,2,0,80,439.602
20,2,0,80,439.684
20,2,0,80,438.026
20,2,0,80,438.589
20,2,0,80,438.227
20,2,0,80,451.939
20,2,0,80,439.725
20,2,0,80,440.863
20,2,0,80,440.982
20,2,0,80,414.175
20,2,0,80,439.943
20,2,0,80,439.414
20,2,0,80,441.033
20,2,0,80,439.634
20,2,0,80,440.679
20,2,0,80,439.057
20,2,0,80,439.491
20,2,0,80,438.777
20,2,0,80,430.045
20,2,0,80,439.923
20,2,0,80,439.524
20,2,0,80,441.199
20,2,0,80,439.392
20,2,0,80,439.845
20,2,0,80,440.816
20,2,0,80,438.879
20,2,0,80,439.554
20,2,0,80,427.785
20,2,0,80,453.052
20,2,0,80,439.653
20,2,0,80,439.327
20,2,0,80,439.447
20,2,0,80,439.251
20,2,0,80,439.037
20,2,0,80,440.101
20,2,0,80,447.924
20,2,0,80,430.135
20,2,0,80,440.421
20,2,0,80,633.225
20,2,0,80,437.382
20,2,0,80,439.612
20,2,0,80,440.991
20,2,0,80,439.092
20,2,0,80,439.100
20,2,0,80,439.867
20,2,0,80,428.690
20,2,0,80,440.476
20,2,0,80,440.021
20,2,0,80,440.585
20,2,0,80,438.852
20,2,0,80,441.657
20,2,0,80,441.294
20,2,0,80,439.395
20,2,0,80,438.237
20,2,0,80,417.226
20,2,0,80,439.753
20,2,0,80,442.372
20,2,0,80,438.491
20,2,0,80,440.759
20,2,0,80,439.026
20,2,0,80,440.164
20,2,0,80,438.394
20,2,0,80,438.254
20,2,0,80,443.688
20,2,0,80,441.141
20,2,0,80,440.186
20,2,0,80,440.990
20,2,0,80,440.035
20,2,0,80,441.599
20,2,0,80,438.811
20,2,0,80,439.967
20,2,0,80,439.531
20,2,0,80,457.206
20,2,0,80,441.455
20,2,0,80,438.796
20,2,0,80,439.008
20,2,0,80,420.220
20,2,0,80,439.265
20,2,0,80,440.532
20,2,0,80,438.022
20,2,0,80,440.993
20,2,0,80,443.149
20,2,0,80,439.917
20,2,0,80,439.258
20,2,0,80,439.877
20,2,0,80,439.571
20,2,0,80,630.763
20,2,0,80,438.994
20,2,0,80,440.465
20,2,0,80,405.918
20,2,0,80,439.556
20,2,0,80,438.601
20,2,0,80,450.664
20,2,0,80,439.154
20,2,0,80,439.959
20,2,0,80,439.707
20,2,0,80,438.975
20,2,0,80,439.316
20,2,0,80,426.306
20,2,0,80,439.295
20,2,0,80,440.711
20,2,0,80,439.830
20,2,0,80,439.338
20,2,0,80,438.328
20,2,0,80,438.318
20,2,0,80,438.603
20,2,0,80,438.834
20,2,0,80,442.675
20,2,0,80,438.554
20,2,0,80,438.729
20,2,0,80,439.237
20,2,0,80,438.374
20,2,0,80,441.197
20,2,0,80,440.391
20,2,0,80,438.621
20,2,0,80,437.259
20,2,0,80,441.008
20,2,0,80,439.016
20,2,0,80,439.302
20,2,0,80,437.773
20,2,0,80,440.077
20,2,0,80,437.733
20,2,0,80,440.630
20,2,0,80,439.342
20,2,0,80,398.573
20,2,0,80,438.877
20,2,0,80,438.237
20,2,0,80,438.930
20,2,0,80,440.994
20,2,0,80,439.780
20,2,0,80,438.807
20,2,0,80,439.481
20,2,0,80,438.990
20,2,0,80,422.850
20,2,0,80,441.302
20,2,0,80,445.847
20,2,0,80,440.392
20,2,0,80,440.123
20,2,0,80,441.038
20,2,0,80,438.917
20,2,0,80,441.480
20,2,0,80,437.655
20,2,0,80,449.311
20,2,0,80,439.394
20,2,0,80,439.365
20,2,0,80,440.817
20,2,0,80,449.770
20,2,0,80,439.797
20,2,0,80,441.360
20,2,0,80,438.850
20,2,0,80,438.895
20,2,0,80,438.940
20,2,0,80,441.430
20,2,0,80,437.660
20,2,0,80,441.520
20,2,0,80,440.380
20,2,0,80,440.814
20,2,0,80,439.119
20,2,0,80,440.312
20,2,0,80,436.913
20,2,0,80,441.661
20,2,0,80,440.521
20,2,0,80,440.363
20,2,0,80,439.538
20,2,0,80,634.008
20,2,0,80,448.406
20,2,0,80,439.673
20,2,0,80,439.533
20,2,0,80,439.745
20,2,0,80,440.068
20,2,0,80,438.465
20,2,0,80,438.214
20,2,0,80,1384.736
20,2,0,80,445.397
20,2,0,80,444.442
20,2,0,80,442.617
20,2,0,80,444.625
20,2,0,80,423.003
20,2,0,80,445.067
20,2,0,80,444.223
20,2,0,80,438.972
20,2,0,80,437.962
20,2,0,80,440.044
20,2,0,80,439.034
20,2,0,80,438.616
20,2,0,80,437.624
20,2,0,80,439.595
20,2,0,80,442.992
20,2,0,80,439.926
20,2,0,80,438.934
20,2,0,80,439.646
20,2,0,80,439.876
20,2,0,80,439.996
20,2,0,80,439.541
20,2,0,80,437.975
20,2,0,80,438.520
20,2,0,80,421.287
20,2,0,80,440.610
20,2,0,80,441.748
20,2,0,80,439.830
20,2,0,80,438.468
20,2,0,80,438.143
20,2,0,80,437.725
20,2,0,80,440.252
20,2,0,80,437.482
20,2,0,80,440.860
20,2,0,80,444.628
20,2,0,80,438.062
20,2,0,80,440.700
20,2,0,80,442.430
20,2,0,80,439.364
20,2,0,80,441.131
20,2,0,80,441.362
20,2,0,80,439.759
20,2,0,80,439.711
20,2,0,80,429.127
20,2,0,80,437.894
20,2,0,80,438.458
20,2,0,80,439.818
20,2,0,80,440.400
20,2,0,80,440.093
20,2,0,80,439.842
20,2,0,80,440.443
20,2,0,80,438.377
20,2,0,80,437.404
20,2,0,80,437.412
20,2,0,80,439.939
20,2,0,80,439.076
20,2,0,80,439.584
20,2,0,80,440.870
20,2,0,80,439.897
20,2,0,80,438.887
20,2,0,80,439.895
20,2,0,80,439.218
20,2,0,80,420.170
20,2,0,80,438.252
20,2,0,80,439.723
20,2,0,80,438.972
20,2,0,80,440.703
20,2,0,80,438.340
20,2,0,80,439.034
20,2,0,80,438.709
20,2,0,80,440.272
20,2,0,80,440.169
20,2,0,80,440.511
20,2,0,80,439.926
20,2,0,80,439.286
20,2,0,80,438.757
20,2,0,80,439.821
20,2,0,80,437.311
20,2,0,80,438.874
20,2,0,80,440.456
20,2,0,80,438.853
20,2,0,80,439.362
20,2,0,80,630.887
20,2,0,80,439.489
20,2,0,80,437.442
20,2,0,80,438.764
20,2,0,80,430.384
20,2,0,80,438.447
20,2,0,80,438.900
20,2,0,80,439.778
20,2,0,80,439.583
20,2,0,80,439.628
20,2,0,80,438.284
20,2,0,80,439.144
20,2,0,80,438.838
20,2,0,80,438.253
20,2,0,80,440.391
20,2,0,80,439.584
20,2,0,80,440.092
20,2,0,80,438.100
20,2,0,80,424.368
20,2,0,80,438.635
20,2,0,80,438.903
20,2,0,80,437.874
20,2,0,80,439.178
20,2,0,80,439.057
21,2,0,80,0.259
21,2,0,80,502.931
21,2,0,80,69.386
21,2,0,80,785.835
21,2,0,80,197.309
21,2,0,80,593.278
21,2,0,80,441.917
21,2,0,80,442.758
21,2,0,80,830.301
21,2,0,80,439.738
21,2,0,80,439.468
21,2,0,80,667.845
21,2,0,80,438.206
21,2,0,80,931.693
21,2,0,80,441.130
21,2,0,80,440.860
21,2,0,80,439.461
21,2,0,80,443.599
21,2,0,80,451.033
21,2,0,80,441.504
21,2,0,80,442.605
21,2,0,80,441.668
21,2,0,80,438.825
21,2,0,80,441.166
21,2,0,80,436.896
21,2,0,80,438.923
21,2,0,80,438.413
21,2,0,80,452.550
21,2,0,80,438.762
21,2,0,80,442.511
21,2,0,80,440.519
21,2,0,80,416.398
21,2,0,80,438.610
21,2,0,80,439.303
21,2,0,80,440.385
21,2,0,80,440.727
21,2,0,80,439.642
21,2,0,80,440.650
21,2,0,80,439.584
21,2,0,80,440.870
21,2,0,80,428.804
21,2,0,80,440.461
21,2,0,80,438.895
21,2,0,80,442.440
21,2,0,80,437.503
21,2,0,80,440.752
21,2,0,80,439.705
21,2,0,80,440.732
21,2,0,80,438.888
21,2,0,80,429.803
21,2,0,80,453.848
21,2,0,80,441.468
21,2,0,80,438.143
21,2,0,80,441.040
21,2,0,80,439.214
21,2,0,80,440.982
21,2,0,80,438.953
21,2,0,80,448.257
21,2,0,80,430.302
21,2,0,80,441.625
21,2,0,80,1115.797
21,2,0,80,437.938
21,2,0,80,438.353
21,2,0,80,442.917
21,2,0,80,437.129
21,2,0,80,440.489
21,2,0,80,439.404
21,2,0,80,429.042
21,2,0,80,438.810
21,2,0,80,441.651
21,2,0,80,439.196
21,2,0,80,440.834
21,2,0,80,442.601
21,2,0,80,441.554
21,2,0,80,439.377
21,2,0,80,439.885
21,2,0,80,415.523
21,2,0,80,440.975
21,2,0,80,442.520
21,2,0,80,438.936
21,2,0,80,441.444
21,2,0,80,440.156
21,2,0,80,438.683
21,2,0,80,439.006
21,2,0,80,437.847
21,2,0,80,444.818
21,2,0,80,439.456
21,2,0,80,441.908
21,2,0,80,439.602
21,2,0,80,440.888
21,2,0,80,441.803
21,2,0,80,439.441
21,2,0,80,439.560
21,2,0,80,935.788
21,2,0,80,457.558
21,2,0,80,442.955
21,2,0,80,438.389
21,2,0,80,441.008
21,2,0,80,420.294
21,2,0,80,442.117
21,2,0,80,440.088
21,2,0,80,440.115
21,2,0,80,441.419
21,2,0,80,442.649
21,2,0,80,440.658
21,2,0,80,441.166
21,2,0,80,439.581
21,2,0,80,441.256
21,2,0,80,1116.520
21,2,0,80,441.346
21,2,0,80,440.577
21,2,0,80,406.974
21,2,0,80,439.686
21,2,0,80,439.249
21,2,0,80,450.980
21,2,0,80,438.969
21,2,0,80,438.681
21,2,0,80,441.689
21,2,0,80,438.827
21,2,0,80,440.520
21,2,0,80,425.362
21,2,0,80,440.907
21,2,0,80,439.748
21,2,0,80,441.553
21,2,0,80,438.635
21,2,0,80,439.958
21,2,0,80,437.114
21,2,0,80,440.733
21,2,0,80,918.017
21,2,0,80,444.731
21,2,0,80,437.276
21,2,0,80,438.877
21,2,0,80,438.589
21,2,0,80,438.856
21,2,0,80,440.790
21,2,0,80,442.465
21,2,0,80,438.621
21,2,0,80,438.685
21,2,0,80,440.749
21,2,0,80,438.961
21,2,0,80,437.376
21,2,0,80,439.588
21,2,0,80,439.522
21,2,0,80,438.326
21,2,0,80,439.834
21,2,0,80,439.417
21,2,0,80,398.462
21,2,0,80,440.266
21,2,0,80,437.997
21,2,0,80,439.746
21,2,0,80,442.328
21,2,0,80,441.632
21,2,0,80,437.566
21,2,0,80,439.482
21,2,0,80,437.249
21,2,0,80,422.905
21,2,0,80,440.784
21,2,0,80,446.070
21,2,0,80,439.930
21,2,0,80,440.290
21,2,0,80,439.520
21,2,0,80,438.750
21,2,0,80,440.388
21,2,0,80,438.767
21,2,0,80,449.164
21,2,0,80,441.357
21,2,0,80,439.735
21,2,0,80,442.707
21,2,0,80,449.622
21,2,0,80,440.038
21,2,0,80,442.009
21,2,0,80,439.554
21,2,0,80,439.543
21,2,0,80,441.070
21,2,0,80,439.875
21,2,0,80,439.698
21,2,0,80,439.354
21,2,0,80,442.195
21,2,0,80,440.426
21,2,0,80,440.619
21,2,0,80,440.220
21,2,0,80,439.357
21,2,0,80,441.625
21,2,0,80,443.762
21,2,0,80,440.993
21,2,0,80,441.334
21,2,0,80,1114.969
21,2,0,80,450.425
21,2,0,80,438.544
21,2,0,80,441.885
21,2,0,80,439.375
21,2,0,80,442.383
21,2,0,80,438.187
21,2,0,80,440.122
21,2,0,80,1385.032
21,2,0,80,446.545
21,2,0,80,443.146
21,2,0,80,444.635
21,2,0,80,444.773
21,2,0,80,422.911
21,2,0,80,445.790
21,2,0,80,445.187
21,2,0,80,438.898
21,2,0,80,439.184
21,2,0,80,439.507
21,2,0,80,439.849
21,2,0,80,438.505
21,2,0,80,439.124
21,2,0,80,923.833
21,2,0,80,445.529
21,2,0,80,438.815
21,2,0,80,439.342
21,2,0,80,438.165
21,2,0,80,441.173
21,2,0,80,440.626
21,2,0,80,441.689
21,2,0,80,438.216
21,2,0,80,439.891
21,2,0,80,420.547
21,2,0,80,443.240
21,2,0,80,442.267
21,2,0,80,441.349
21,2,0,80,438.857
21,2,0,80,439.939
21,2,0,80,437.355
21,2,0,80,441.585
21,2,0,80,435.630
21,2,0,80,929.710
21,2,0,80,444.313
21,2,0,80,440.118
21,2,0,80,440.218
21,2,0,80,442.930
21,2,0,80,437.438
21,2,0,80,444.706
21,2,0,80,440.344
21,2,0,80,442.111
21,2,0,80,440.341
21,2,0,80,430.294
21,2,0,80,436.098
21,2,0,80,438.921
21,2,0,80,439.652
21,2,0,80,442.900
21,2,0,80,438.557
21,2,0,80,441.546
21,2,0,80,440.554
21,2,0,80,438.989
21,2,0,80,928.735
21,2,0,80,439.875
21,2,0,80,439.920
21,2,0,80,439.910
21,2,0,80,439.825
21,2,0,80,442.685
21,2,0,80,440.268
21,2,0,80,439.239
21,2,0,80,438.895
21,2,0,80,439.922
21,2,0,80,420.856
21,2,0,80,439.308
21,2,0,80,438.594
21,2,0,80,440.399
21,2,0,80,440.277
21,2,0,80,440.063
21,2,0,80,439.404
21,2,0,80,438.913
21,2,0,80,440.458
21,2,0,80,927.074
21,2,0,80,439.048
21,2,0,80,443.371
21,2,0,80,437.435
21,2,0,80,438.795
21,2,0,80,439.229
21,2,0,80,439.441
21,2,0,80,439.319
21,2,0,80,441.698
21,2,0,80,437.613
21,2,0,80,441.640
21,2,0,80,1113.144
21,2,0,80,442.230
21,2,0,80,436.794
21,2,0,80,441.006
21,2,0,80,431.088
21,2,0,80,440.670
21,2,0,80,438.308
21,2,0,80,441.890
21,2,0,80,440.176
21,2,0,80,442.221
21,2,0,80,437.636
21,2,0,80,440.052
21,2,0,80,438.801
21,2,0,80,438.550
21,2,0,80,439.206
21,2,0,80,441.529
21,2,0,80,440.444
21,2,0,80,439.842
21,2,0,80,424.850
21,2,0,80,440.802
21,2,0,80,438.773
21,2,0,80,440.670
21,2,0,80,438.975
21,2,0,80,439.575
22,2,0,80,0.223
22,2,0,80,943.874
22,2,0,80,72.183
22,2,0,80,530.004
22,2,0,80,200.050
22,2,0,80,498.557
22,2,0,80,445.195
22,2,0,80,444.259
22,2,0,80,499.655
22,2,0,80,440.090
22,2,0,80,441.968
22,2,0,80,515.772
22,2,0,80,441.892
22,2,0,80,442.733
22,2,0,80,445.075
22,2,0,80,441.602
22,2,0,80,443.147
22,2,0,80,443.507
22,2,0,80,454.663
22,2,0,80,442.338
22,2,0,80,444.864
22,2,0,80,442.706
22,2,0,80,442.232
22,2,0,80,441.889
22,2,0,80,440.415
22,2,0,80,441.164
22,2,0,80,440.765
22,2,0,80,454.792
22,2,0,80,441.837
22,2,0,80,443.086
22,2,0,80,443.075
22,2,0,80,416.583
22,2,0,80,441.869
22,2,0,80,441.933
22,2,0,80,443.663
22,2,0,80,442.042
22,2,0,80,443.068
22,2,0,80,441.743
22,2,0,80,442.159
22,2,0,80,441.519
22,2,0,80,431.786
22,2,0,80,442.609
22,2,0,80,441.525
22,2,0,80,443.755
22,2,0,80,441.985
22,2,0,80,442.438
22,2,0,80,443.576
22,2,0,80,441.362
22,2,0,80,442.092
22,2,0,80,430.415
22,2,0,80,455.571
22,2,0,80,442.505
22,2,0,80,441.865
22,2,0,80,441.651
22,2,0,80,442.178
22,2,0,80,441.723
22,2,0,80,442.786
22,2,0,80,450.702
22,2,0,80,432.747
22,2,0,80,442.681
22,2,0,80,635.596
22,2,0,80,440.253
22,2,0,80,442.409
22,2,0,80,443.121
22,2,0,80,441.926
22,2,0,80,441.711
22,2,0,80,441.757
22,2,0,80,431.172
22,2,0,80,443.143
22,2,0,80,442.614
22,2,0,80,442.752
22,2,0,80,441.649
22,2,0,80,443.768
22,2,0,80,443.962
22,2,0,80,441.618
22,2,0,80,440.830
22,2,0,80,419.653
22,2,0,80,442.290
22,2,0,80,445.039
22,2,0,80,441.066
22,2,0,80,443.241
22,2,0,80,441.712
22,2,0,80,442.627
22,2,0,80,441.154
22,2,0,80,440.755
22,2,0,80,446.170
22,2,0,80,443.752
22,2,0,80,442.724
22,2,0,80,443.047
22,2,0,80,442.721
22,2,0,80,444.266
22,2,0,80,441.515
22,2,0,80,442.616
22,2,0,80,442.143
22,2,0,80,459.780
22,2,0,80,443.918
22,2,0,80,441.704
22,2,0,80,441.712
22,2,0,80,422.869
22,2,0,80,441.636
22,2,0,80,442.626
22,2,0,80,440.726
22,2,0,80,443.160
22,2,0,80,445.668
22,2,0,80,441.843
22,2,0,80,442.148
22,2,0,80,442.267
22,2,0,80,442.238
22,2,0,80,633.449
22,2,0,80,441.699
22,2,0,80,442.892
22,2,0,80,408.808
22,2,0,80,442.316
22,2,0,80,440.713
22,2,0,80,452.924
22,2,0,80,441.359
22,2,0,80,442.644
22,2,0,80,442.541
22,2,0,80,441.642
22,2,0,80,441.928
22,2,0,80,428.807
22,2,0,80,441.370
22,2,0,80,442.823
22,2,0,80,442.609
22,2,0,80,441.746
22,2,0,80,441.088
22,2,0,80,441.152
22,2,0,80,440.956
22,2,0,80,441.557
22,2,0,80,444.694
22,2,0,80,441.332
22,2,0,80,440.544
22,2,0,80,442.071
22,2,0,80,441.116
22,2,0,80,443.717
22,2,0,80,443.262
22,2,0,80,440.955
22,2,0,80,440.093
22,2,0,80,442.786
22,2,0,80,441.794
22,2,0,80,441.932
22,2,0,80,440.459
22,2,0,80,442.819
22,2,0,80,440.512
22,2,0,80,443.335
22,2,0,80,441.473
22,2,0,80,400.907
22,2,0,80,441.544
22,2,0,80,441.053
22,2,0,80,441.468
22,2,0,80,443.513
22,2,0,80,442.003
22,2,0,80,440.918
22,2,0,80,441.575
22,2,0,80,441.583
22,2,0,80,425.480
22,2,0,80,443.414
22,2,0,80,448.533
22,2,0,80,442.875
22,2,0,80,442.086
22,2,0,80,443.928
22,2,0,80,441.751
22,2,0,80,444.185
22,2,0,80,440.137
22,2,0,80,451.868
22,2,0,80,440.820
22,2,0,80,441.958
22,2,0,80,442.781
22,2,0,80,452.548
22,2,0,80,442.520
22,2,0,80,443.879
22,2,0,80,441.536
22,2,0,80,441.025
22,2,0,80,441.589
22,2,0,80,443.727
22,2,0,80,440.457
22,2,0,80,443.687
22,2,0,80,442.844
22,2,0,80,443.630
22,2,0,80,441.879
22,2,0,80,442.590
22,2,0,80,439.654
22,2,0,80,444.199
22,2,0,80,443.096
22,2,0,80,443.012
22,2,0,80,441.724
22,2,0,80,636.860
22,2,0,80,451.073
22,2,0,80,442.341
22,2,0,80,441.645
22,2,0,80,442.449
22,2,0,80,442.050
22,2,0,80,440.632
22,2,0,80,440.511
22,2,0,80,887.683
22,2,0,80,447.786
22,2,0,80,447.202
22,2,0,80,445.469
22,2,0,80,446.533
22,2,0,80,425.708
22,2,0,80,447.734
22,2,0,80,446.502
22,2,0,80,441.232
22,2,0,80,440.592
22,2,0,80,442.600
22,2,0,80,441.145
22,2,0,80,441.098
22,2,0,80,440.532
22,2,0,80,442.244
22,2,0,80,445.567
22,2,0,80,442.353
22,2,0,80,441.564
22,2,0,80,442.369
22,2,0,80,442.562
22,2,0,80,442.293
22,2,0,80,442.264
22,2,0,80,440.327
22,2,0,80,441.280
22,2,0,80,423.992
22,2,0,80,443.241
22,2,0,80,443.397
22,2,0,80,442.683
22,2,0,80,441.228
22,2,0,80,440.662
22,2,0,80,440.540
22,2,0,80,442.937
22,2,0,80,440.168
22,2,0,80,443.194
22,2,0,80,447.221
22,2,0,80,440.859
22,2,0,80,443.330
22,2,0,80,444.912
22,2,0,80,441.383
22,2,0,80,443.521
22,2,0,80,443.751
22,2,0,80,442.537
22,2,0,80,442.268
22,2,0,80,431.165
22,2,0,80,440.580
22,2,0,80,441.144
22,2,0,80,442.448
22,2,0,80,443.030
22,2,0,80,442.594
22,2,0,80,441.750
22,2,0,80,442.944
22,2,0,80,441.044
22,2,0,80,439.404
22,2,0,80,440.079
22,2,0,80,442.550
22,2,0,80,441.781
22,2,0,80,442.122
22,2,0,80,443.241
22,2,0,80,442.490
22,2,0,80,440.795
22,2,0,80,442.451
22,2,0,80,441.903
22,2,0,80,422.338
22,2,0,80,440.364
22,2,0,80,442.280
22,2,0,80,440.806
22,2,0,80,442.722
22,2,0,80,441.045
22,2,0,80,441.812
22,2,0,80,441.450
22,2,0,80,442.699
22,2,0,80,442.040
22,2,0,80,442.752
22,2,0,80,442.612
22,2,0,80,441.472
22,2,0,80,441.314
22,2,0,80,442.340
22,2,0,80,440.108
22,2,0,80,441.301
22,2,0,80,442.735
22,2,0,80,441.502
22,2,0,80,441.973
22,2,0,80,633.351
22,2,0,80,442.304
22,2,0,80,439.961
22,2,0,80,441.024
22,2,0,80,432.459
22,2,0,80,441.263
22,2,0,80,441.623
22,2,0,80,442.224
22,2,0,80,442.213
22,2,0,80,442.314
22,2,0,80,441.007
22,2,0,80,441.441
22,2,0,80,441.431
22,2,0,80,441.032
22,2,0,80,443.040
22,2,0,80,442.085
22,2,0,80,442.112
22,2,0,80,439.953
22,2,0,80,427.109
22,2,0,80,441.432
22,2,0,80,440.885
22,2,0,80,440.652
22,2,0,80,440.994
22,2,0,80,441.372
23,2,0,80,0.185
23,2,0,80,715.430
23,2,0,80,69.997
23,2,0,80,530.225
23,2,0,80,197.809
23,2,0,80,500.038
23,2,0,80,442.620
23,2,0,80,441.554
23,2,0,80,496.896
23,2,0,80,437.552
23,2,0,80,439.505
23,2,0,80,516.142
23,2,0,80,439.262
23,2,0,80,439.844
23,2,0,80,442.185
23,2,0,80,438.897
23,2,0,80,440.090
23,2,0,80,441.302
23,2,0,80,452.181
23,2,0,80,439.874
23,2,0,80,442.160
23,2,0,80,439.872
23,2,0,80,439.398
23,2,0,80,439.444
23,2,0,80,437.933
23,2,0,80,438.293
23,2,0,80,438.283
23,2,0,80,451.550
23,2,0,80,439.577
23,2,0,80,440.789
23,2,0,80,440.815
23,2,0,80,414.342
23,2,0,80,439.869
23,2,0,80,438.895
23,2,0,80,440.755
23,2,0,80,439.226
23,2,0,80,440.475
23,2,0,80,438.983
23,2,0,80,439.399
23,2,0,80,438.851
23,2,0,80,429.878
23,2,0,80,439.442
23,2,0,80,439.117
23,2,0,80,441.051
23,2,0,80,438.929
23,2,0,80,439.585
23,2,0,80,440.334
23,2,0,80,438.398
23,2,0,80,439.462
23,2,0,80,427.970
23,2,0,80,453.200
23,2,0,80,439.542
23,2,0,80,439.309
23,2,0,80,439.428
23,2,0,80,439.233
23,2,0,80,439.167
23,2,0,80,439.767
23,2,0,80,447.701
23,2,0,80,430.191
23,2,0,80,440.088
23,2,0,80,1115.111
23,2,0,80,437.086
23,2,0,80,439.520
23,2,0,80,440.843
23,2,0,80,438.629
23,2,0,80,438.822
23,2,0,80,439.645
23,2,0,80,428.523
23,2,0,80,440.235
23,2,0,80,439.799
23,2,0,80,440.474
23,2,0,80,439.111
23,2,0,80,441.971
23,2,0,80,441.146
23,2,0,80,439.580
23,2,0,80,438.088
23,2,0,80,417.097
23,2,0,80,439.568
23,2,0,80,442.502
23,2,0,80,438.288
23,2,0,80,440.777
23,2,0,80,438.952
23,2,0,80,440.145
23,2,0,80,437.950
23,2,0,80,438.087
23,2,0,80,443.373
23,2,0,80,440.900
23,2,0,80,439.982
23,2,0,80,440.824
23,2,0,80,439.721
23,2,0,80,441.507
23,2,0,80,438.422
23,2,0,80,439.745
23,2,0,80,439.438
23,2,0,80,457.261
23,2,0,80,441.195
23,2,0,80,438.537
23,2,0,80,438.749
23,2,0,80,419.924
23,2,0,80,439.450
23,2,0,80,440.495
23,2,0,80,438.189
23,2,0,80,440.956
23,2,0,80,442.668
23,2,0,80,440.194
23,2,0,80,438.943
23,2,0,80,439.803
23,2,0,80,439.645
23,2,0,80,1116.649
23,2,0,80,439.142
23,2,0,80,440.595
23,2,0,80,405.863
23,2,0,80,439.722
23,2,0,80,438.490
23,2,0,80,450.813
23,2,0,80,438.654
23,2,0,80,439.866
23,2,0,80,439.819
23,2,0,80,438.845
23,2,0,80,438.872
23,2,0,80,426.028
23,2,0,80,438.944
23,2,0,80,440.489
23,2,0,80,439.978
23,2,0,80,439.172
23,2,0,80,438.143
23,2,0,80,437.966
23,2,0,80,438.474
23,2,0,80,438.704
23,2,0,80,442.712
23,2,0,80,438.480
23,2,0,80,438.284
23,2,0,80,438.885
23,2,0,80,438.152
23,2,0,80,440.864
23,2,0,80,440.372
23,2,0,80,438.769
23,2,0,80,437.148
23,2,0,80,440.785
23,2,0,80,438.775
23,2,0,80,439.154
23,2,0,80,437.773
23,2,0,80,439.929
23,2,0,80,437.567
23,2,0,80,440.131
23,2,0,80,439.102
23,2,0,80,398.332
23,2,0,80,438.414
23,2,0,80,438.070
23,2,0,80,438.542
23,2,0,80,441.179
23,2,0,80,439.891
23,2,0,80,438.696
23,2,0,80,439.278
23,2,0,80,438.712
23,2,0,80,422.590
23,2,0,80,440.876
23,2,0,80,445.662
23,2,0,80,440.244
23,2,0,80,439.975
23,2,0,80,440.983
23,2,0,80,438.435
23,2,0,80,441.406
23,2,0,80,437.581
23,2,0,80,449.311
23,2,0,80,439.542
23,2,0,80,439.217
23,2,0,80,440.780
23,2,0,80,449.659
23,2,0,80,439.704
23,2,0,80,441.286
23,2,0,80,438.387
23,2,0,80,438.877
23,2,0,80,439.125
23,2,0,80,441.208
23,2,0,80,437.605
23,2,0,80,441.113
23,2,0,80,440.213
23,2,0,80,440.648
23,2,0,80,438.656
23,2,0,80,440.182
23,2,0,80,436.802
23,2,0,80,441.365
23,2,0,80,440.855
23,2,0,80,440.215
23,2,0,80,439.297
23,2,0,80,1114.228
23,2,0,80,448.221
23,2,0,80,439.544
23,2,0,80,439.404
23,2,0,80,439.578
23,2,0,80,440.068
23,2,0,80,438.280
23,2,0,80,437.862
23,2,0,80,1384.828
23,2,0,80,445.008
23,2,0,80,443.942
23,2,0,80,442.598
23,2,0,80,444.162
23,2,0,80,422.652
23,2,0,80,445.252
23,2,0,80,443.723
23,2,0,80,438.565
23,2,0,80,437.684
23,2,0,80,439.562
23,2,0,80,438.885
23,2,0,80,438.727
23,2,0,80,437.439
23,2,0,80,439.132
23,2,0,80,442.751
23,2,0,80,439.704
23,2,0,80,438.823
23,2,0,80,439.405
23,2,0,80,439.450
23,2,0,80,440.125
23,2,0,80,439.411
23,2,0,80,437.734
23,2,0,80,438.076
23,2,0,80,421.176
23,2,0,80,440.629
23,2,0,80,441.878
23,2,0,80,439.664
23,2,0,80,438.468
23,2,0,80,437.828
23,2,0,80,437.595
23,2,0,80,439.844
23,2,0,80,437.130
23,2,0,80,440.731
23,2,0,80,444.276
23,2,0,80,438.117
23,2,0,80,440.255
23,2,0,80,442.282
23,2,0,80,438.975
23,2,0,80,441.317
23,2,0,80,441.084
23,2,0,80,439.685
23,2,0,80,439.915
23,2,0,80,428.997
23,2,0,80,437.654
23,2,0,80,438.310
23,2,0,80,439.614
23,2,0,80,440.567
23,2,0,80,439.631
23,2,0,80,439.565
23,2,0,80,440.591
23,2,0,80,438.118
23,2,0,80,437.070
23,2,0,80,437.301
23,2,0,80,439.902
23,2,0,80,439.021
23,2,0,80,439.751
23,2,0,80,440.704
23,2,0,80,439.971
23,2,0,80,438.738
23,2,0,80,439.672
23,2,0,80,438.588
23,2,0,80,420.393
23,2,0,80,438.086
23,2,0,80,439.557
23,2,0,80,438.787
23,2,0,80,440.295
23,2,0,80,438.174
23,2,0,80,438.960
23,2,0,80,438.320
23,2,0,80,439.939
23,2,0,80,439.854
23,2,0,80,440.400
23,2,0,80,440.241
23,2,0,80,439.008
23,2,0,80,438.443
23,2,0,80,439.543
23,2,0,80,437.051
23,2,0,80,438.985
23,2,0,80,440.216
23,2,0,80,438.687
23,2,0,80,439.362
23,2,0,80,1114.237
23,2,0,80,439.637
23,2,0,80,437.127
23,2,0,80,438.950
23,2,0,80,430.458
23,2,0,80,438.392
23,2,0,80,438.381
23,2,0,80,439.686
23,2,0,80,439.620
23,2,0,80,439.776
23,2,0,80,437.895
23,2,0,80,439.033
23,2,0,80,438.708
23,2,0,80,438.142
23,2,0,80,440.261
23,2,0,80,439.510
23,2,0,80,439.815
23,2,0,80,437.952
23,2,0,80,424.386
23,2,0,80,438.728
23,2,0,80,438.532
23,2,0,80,437.966
23,2,0,80,438.974
23,2,0,80,438.760
24,2,0,80,0.093
24,2,0,80,590.912
24,2,0,80,69.127
24,2,0,80,785.520
24,2,0,80,197.050
24,2,0,80,592.963
24,2,0,80,441.732
24,2,0,80,442.499
24,2,0,80,830.005
24,2,0,80,439.497
24,2,0,80,439.283
24,2,0,80,667.530
24,2,0,80,437.947
24,2,0,80,931.378
24,2,0,80,440.852
24,2,0,80,440.564
24,2,0,80,439.202
24,2,0,80,443.321
24,2,0,80,450.829
24,2,0,80,441.208
24,2,0,80,442.327
24,2,0,80,441.390
24,2,0,80,438.510
24,2,0,80,440.907
24,2,0,80,436.637
24,2,0,80,438.627
24,2,0,80,438.209
24,2,0,80,452.254
24,2,0,80,438.447
24,2,0,80,442.233
24,2,0,80,440.241
24,2,0,80,416.139
24,2,0,80,438.332
24,2,0,80,439.025
24,2,0,80,440.200
24,2,0,80,440.449
24,2,0,80,439.346
24,2,0,80,440.354
24,2,0,80,439.343
24,2,0,80,440.555
24,2,0,80,428.508
24,2,0,80,440.146
24,2,0,80,438.672
24,2,0,80,442.143
24,2,0,80,437.244
24,2,0,80,440.474
24,2,0,80,439.408
24,2,0,80,440.435
24,2,0,80,438.591
24,2,0,80,429.544
24,2,0,80,453.608
24,2,0,80,441.190
24,2,0,80,437.865
24,2,0,80,440.780
24,2,0,80,438.918
24,2,0,80,440.722
24,2,0,80,438.638
24,2,0,80,447.979
24,2,0,80,430.080
24,2,0,80,441.366
24,2,0,80,1115.500
24,2,0,80,437.660
24,2,0,80,438.057
24,2,0,80,442.621
24,2,0,80,436.833
24,2,0,80,440.192
24,2,0,80,439.182
24,2,0,80,428.764
24,2,0,80,438.532
24,2,0,80,441.373
24,2,0,80,438.974
24,2,0,80,440.575
24,2,0,80,442.323
24,2,0,80,441.294
24,2,0,80,439.154
24,2,0,80,439.589
24,2,0,80,415.245
24,2,0,80,440.716
24,2,0,80,442.243
24,2,0,80,438.658
24,2,0,80,441.129
24,2,0,80,439.878
24,2,0,80,438.479
24,2,0,80,438.709
24,2,0,80,437.569
24,2,0,80,444.540
24,2,0,80,439.196
24,2,0,80,441.649
24,2,0,80,439.324
24,2,0,80,440.610
24,2,0,80,441.581
24,2,0,80,439.144
24,2,0,80,439.264
24,2,0,80,935.454
24,2,0,80,457.280
24,2,0,80,442.695
24,2,0,80,438.130
24,2,0,80,440.693
24,2,0,80,420.072
24,2,0,80,441.839
24,2,0,80,439.773
24,2,0,80,439.837
24,2,0,80,441.215
24,2,0,80,442.353
24,2,0,80,440.380
24,2,0,80,440.869
24,2,0,80,439.377
24,2,0,80,440.978
24,2,0,80,1116.205
24,2,0,80,441.069
24,2,0,80,440.317
24,2,0,80,406.715
24,2,0,80,439.408
24,2,0,80,438.953
24,2,0,80,450.776
24,2,0,80,438.673
24,2,0,80,438.403
24,2,0,80,441.393
24,2,0,80,438.531
24,2,0,80,440.205
24,2,0,80,425.084
24,2,0,80,440.629
24,2,0,80,439.563
24,2,0,80,441.275
24,2,0,80,438.357
24,2,0,80,439.680
24,2,0,80,436.836
24,2,0,80,440.456
24,2,0,80,917.683
24,2,0,80,444.546
24,2,0,80,437.054
24,2,0,80,438.581
24,2,0,80,438.292
24,2,0,80,438.578
24,2,0,80,440.605
24,2,0,80,442.169
24,2,0,80,438.306
24,2,0,80,438.407
24,2,0,80,440.526
24,2,0,80,438.664
24,2,0,80,437.080
24,2,0,80,439.310
24,2,0,80,439.244
24,2,0,80,438.048
24,2,0,80,439.501
24,2,0,80,439.120
24,2,0,80,398.240
24,2,0,80,439.970
24,2,0,80,437.737
24,2,0,80,439.449
24,2,0,80,442.050
24,2,0,80,441.354
24,2,0,80,437.251
24,2,0,80,439.204
24,2,0,80,437.045
24,2,0,80,422.646
24,2,0,80,440.469
24,2,0,80,445.792
24,2,0,80,439.652
24,2,0,80,440.012
24,2,0,80,439.224
24,2,0,80,438.473
24,2,0,80,440.147
24,2,0,80,438.489
24,2,0,80,448.849
24,2,0,80,441.079
24,2,0,80,439.550
24,2,0,80,442.429
24,2,0,80,449.326
24,2,0,80,439.741
24,2,0,80,441.805
24,2,0,80,439.276
24,2,0,80,439.229
24,2,0,80,440.792
24,2,0,80,439.578
24,2,0,80,439.457
24,2,0,80,439.076
24,2,0,80,441.899
24,2,0,80,440.222
24,2,0,80,440.341
24,2,0,80,439.960
24,2,0,80,439.098
24,2,0,80,441.328
24,2,0,80,443.466
24,2,0,80,440.678
24,2,0,80,441.038
24,2,0,80,1114.746
24,2,0,80,450.147
24,2,0,80,438.229
24,2,0,80,441.607
24,2,0,80,439.079
24,2,0,80,442.105
24,2,0,80,437.891
24,2,0,80,439.825
24,2,0,80,1384.810
24,2,0,80,446.267
24,2,0,80,442.831
24,2,0,80,444.376
24,2,0,80,444.588
24,2,0,80,422.633
24,2,0,80,445.438
24,2,0,80,444.927
24,2,0,80,438.713
24,2,0,80,438.888
24,2,0,80,439.211
24,2,0,80,439.589
24,2,0,80,438.190
24,2,0,80,438.846
24,2,0,80,923.537
24,2,0,80,445.233
24,2,0,80,438.574
24,2,0,80,439.027
24,2,0,80,437.887
24,2,0,80,440.932
24,2,0,80,440.366
24,2,0,80,441.448
24,2,0,80,437.938
24,2,0,80,439.613
24,2,0,80,420.325
24,2,0,80,442.962
24,2,0,80,441.952
24,2,0,80,441.053
24,2,0,80,438.542
24,2,0,80,439.680
24,2,0,80,437.059
24,2,0,80,441.307
24,2,0,80,435.390
24,2,0,80,929.395
24,2,0,80,444.035
24,2,0,80,439.840
24,2,0,80,439.996
24,2,0,80,442.671
24,2,0,80,437.161
24,2,0,80,444.409
24,2,0,80,440.121
24,2,0,80,441.852
24,2,0,80,440.045
24,2,0,80,430.035
24,2,0,80,435.820
24,2,0,80,438.643
24,2,0,80,439.374
24,2,0,80,442.660
24,2,0,80,438.334
24,2,0,80,441.287
24,2,0,80,440.277
24,2,0,80,438.711
24,2,0,80,928.420
24,2,0,80,439.579
24,2,0,80,439.624
24,2,0,80,439.632
24,2,0,80,439.640
24,2,0,80,442.408
24,2,0,80,439.990
24,2,0,80,438.961
24,2,0,80,438.599
24,2,0,80,439.644
24,2,0,80,420.578
24,2,0,80,439.012
24,2,0,80,438.353
24,2,0,80,440.121
24,2,0,80,439.962
24,2,0,80,439.785
24,2,0,80,439.164
24,2,0,80,438.653
24,2,0,80,440.161
24,2,0,80,926.778
24,2,0,80,438.826
24,2,0,80,443.130
24,2,0,80,437.138
24,2,0,80,438.535
24,2,0,80,438.988
24,2,0,80,439.237
24,2,0,80,439.060
24,2,0,80,441.401
24,2,0,80,437.335
24,2,0,80,441.380
24,2,0,80,1112.885
24,2,0,80,441.952
24,2,0,80,436.516
24,2,0,80,440.765
24,2,0,80,430.810
24,2,0,80,440.374
24,2,0,80,438.011
24,2,0,80,441.630
24,2,0,80,439.916
24,2,0,80,441.943
24,2,0,80,437.377
24,2,0,80,439.793
24,2,0,80,438.523
24,2,0,80,438.272
24,2,0,80,438.910
24,2,0,80,441.233
24,2,0,80,440.148
24,2,0,80,439.564
24,2,0,80,424.609
24,2,0,80,440.524
24,2,0,80,438.495
24,2,0,80,440.374
24,2,0,80,438.715
24,2,0,80,439.279
25,2,0,80,0.093
25,2,0,80,983.466
25,2,0,80,71.516
25,2,0,80,529.244
25,2,0,80,199.217
25,2,0,80,497.742
25,2,0,80,444.380
25,2,0,80,443.481
25,2,0,80,498.840
25,2,0,80,439.219
25,2,0,80,441.227
25,2,0,80,515.217
25,2,0,80,441.095
25,2,0,80,441.955
25,2,0,80,444.260
25,2,0,80,440.842
25,2,0,80,442.221
25,2,0,80,442.932
25,2,0,80,453.922
25,2,0,80,441.578
25,2,0,80,444.068
25,2,0,80,441.946
25,2,0,80,441.510
25,2,0,80,441.111
25,2,0,80,439.656
25,2,0,80,440.368
25,2,0,80,439.987
25,2,0,80,453.940
25,2,0,80,441.188
25,2,0,80,442.326
25,2,0,80,442.390
25,2,0,80,415.843
25,2,0,80,441.276
25,2,0,80,441.174
25,2,0,80,442.811
25,2,0,80,441.245
25,2,0,80,442.290
25,2,0,80,440.965
25,2,0,80,441.418
25,2,0,80,440.685
25,2,0,80,431.027
25,2,0,80,441.813
25,2,0,80,440.765
25,2,0,80,442.977
25,2,0,80,441.189
25,2,0,80,441.641
25,2,0,80,442.742
25,2,0,80,440.676
25,2,0,80,441.277
25,2,0,80,429.785
25,2,0,80,454.700
25,2,0,80,441.672
25,2,0,80,441.032
25,2,0,80,440.929
25,2,0,80,441.326
25,2,0,80,440.945
25,2,0,80,441.934
25,2,0,80,449.906
25,2,0,80,431.969
25,2,0,80,441.903
25,2,0,80,634.799
25,2,0,80,439.475
25,2,0,80,441.594
25,2,0,80,442.343
25,2,0,80,441.092
25,2,0,80,440.878
25,2,0,80,441.034
25,2,0,80,430.413
25,2,0,80,442.328
25,2,0,80,441.799
25,2,0,80,442.011
25,2,0,80,440.834
25,2,0,80,443.027
25,2,0,80,443.165
25,2,0,80,440.821
25,2,0,80,440.033
25,2,0,80,418.893
25,2,0,80,441.494
25,2,0,80,444.206
25,2,0,80,440.270
25,2,0,80,442.463
25,2,0,80,441.026
25,2,0,80,441.812
25,2,0,80,440.395
25,2,0,80,439.977
25,2,0,80,445.337
25,2,0,80,442.975
25,2,0,80,441.983
25,2,0,80,442.306
25,2,0,80,441.980
25,2,0,80,443.507
25,2,0,80,440.663
25,2,0,80,441.838
25,2,0,80,441.346
25,2,0,80,459.058
25,2,0,80,443.103
25,2,0,80,440.908
25,2,0,80,440.934
25,2,0,80,422.128
25,2,0,80,440.913
25,2,0,80,441.848
25,2,0,80,439.930
25,2,0,80,442.456
25,2,0,80,444.909
25,2,0,80,441.287
25,2,0,80,441.351
25,2,0,80,441.489
25,2,0,80,441.441
25,2,0,80,632.615
25,2,0,80,440.921
25,2,0,80,442.133
25,2,0,80,407.937
25,2,0,80,441.464
25,2,0,80,440.027
25,2,0,80,452.146
25,2,0,80,440.544
25,2,0,80,441.866
25,2,0,80,441.689
25,2,0,80,440.883
25,2,0,80,441.095
25,2,0,80,427.992
25,2,0,80,440.611
25,2,0,80,441.989
25,2,0,80,441.849
25,2,0,80,441.024
25,2,0,80,440.254
25,2,0,80,440.337
25,2,0,80,440.178
25,2,0,80,440.723
25,2,0,80,443.935
25,2,0,80,440.591
25,2,0,80,439.840
25,2,0,80,441.256
25,2,0,80,440.282
25,2,0,80,442.883
25,2,0,80,442.447
25,2,0,80,440.196
25,2,0,80,439.222
25,2,0,80,441.990
25,2,0,80,440.998
25,2,0,80,441.136
25,2,0,80,439.662
25,2,0,80,442.022
25,2,0,80,439.715
25,2,0,80,442.464
25,2,0,80,440.898
25,2,0,80,400.055
25,2,0,80,440.748
25,2,0,80,440.238
25,2,0,80,440.727
25,2,0,80,442.809
25,2,0,80,441.206
25,2,0,80,440.122
25,2,0,80,440.908
25,2,0,80,440.786
25,2,0,80,424.720
25,2,0,80,442.617
25,2,0,80,447.681
25,2,0,80,442.041
25,2,0,80,441.345
25,2,0,80,443.039
25,2,0,80,440.973
25,2,0,80,443.370
25,2,0,80,439.285
25,2,0,80,451.071
25,2,0,80,440.265
25,2,0,80,441.236
25,2,0,80,442.096
25,2,0,80,451.733
25,2,0,80,441.705
25,2,0,80,443.083
25,2,0,80,440.795
25,2,0,80,440.266
25,2,0,80,440.756
25,2,0,80,443.060
25,2,0,80,439.679
25,2,0,80,442.947
25,2,0,80,442.177
25,2,0,80,442.815
25,2,0,80,441.008
25,2,0,80,441.757
25,2,0,80,438.876
25,2,0,80,443.329
25,2,0,80,442.318
25,2,0,80,442.160
25,2,0,80,440.964
25,2,0,80,636.064
25,2,0,80,450.203
25,2,0,80,441.544
25,2,0,80,440.941
25,2,0,80,441.653
25,2,0,80,441.328
25,2,0,80,439.873
25,2,0,80,439.714
25,2,0,80,1386.477
25,2,0,80,446.971
25,2,0,80,446.405
25,2,0,80,444.580
25,2,0,80,445.829
25,2,0,80,424.967
25,2,0,80,446.975
25,2,0,80,445.687
25,2,0,80,440.510
25,2,0,80,439.759
25,2,0,80,441.859
25,2,0,80,440.386
25,2,0,80,440.301
25,2,0,80,439.791
25,2,0,80,441.429
25,2,0,80,444.918
25,2,0,80,441.556
25,2,0,80,440.787
25,2,0,80,441.572
25,2,0,80,441.729
25,2,0,80,441.515
25,2,0,80,441.467
25,2,0,80,439.531
25,2,0,80,440.520
25,2,0,80,423.232
25,2,0,80,442.444
25,2,0,80,442.804
25,2,0,80,441.905
25,2,0,80,440.357
25,2,0,80,439.866
25,2,0,80,439.725
25,2,0,80,442.141
25,2,0,80,439.371
25,2,0,80,442.398
25,2,0,80,446.443
25,2,0,80,440.007
25,2,0,80,442.515
25,2,0,80,444.134
25,2,0,80,440.679
25,2,0,80,442.780
25,2,0,80,442.936
25,2,0,80,441.722
25,2,0,80,441.471
25,2,0,80,430.461
25,2,0,80,439.747
25,2,0,80,440.366
25,2,0,80,441.633
25,2,0,80,442.401
25,2,0,80,441.798
25,2,0,80,441.195
25,2,0,80,442.147
25,2,0,80,440.248
25,2,0,80,438.682
25,2,0,80,439.264
25,2,0,80,441.809
25,2,0,80,440.966
25,2,0,80,441.381
25,2,0,80,442.426
25,2,0,80,441.694
25,2,0,80,440.183
25,2,0,80,441.691
25,2,0,80,441.107
25,2,0,80,421.597
25,2,0,80,439.734
25,2,0,80,441.520
25,2,0,80,440.158
25,2,0,80,441.962
25,2,0,80,440.248
25,2,0,80,440.997
25,2,0,80,440.709
25,2,0,80,441.976
25,2,0,80,441.392
25,2,0,80,442.030
25,2,0,80,441.760
25,2,0,80,440.713
25,2,0,80,440.517
25,2,0,80,441.451
25,2,0,80,439.274
25,2,0,80,440.504
25,2,0,80,442.198
25,2,0,80,440.798
25,2,0,80,441.177
25,2,0,80,632.517
25,2,0,80,441.508
25,2,0,80,439.201
25,2,0,80,440.191
25,2,0,80,431.699
25,2,0,80,440.392
25,2,0,80,440.826
25,2,0,80,441.335
25,2,0,80,441.435
25,2,0,80,441.517
25,2,0,80,440.229
25,2,0,80,440.682
25,2,0,80,440.671
25,2,0,80,440.180
25,2,0,80,442.188
25,2,0,80,441.325
25,2,0,80,441.352
25,2,0,80,439.379
25,2,0,80,426.276
25,2,0,80,440.636
25,2,0,80,440.292
25,2,0,80,439.856
25,2,0,80,440.290
25,2,0,80,440.631
26,2,0,80,0.204
26,2,0,80,774.060
26,2,0,80,70.146
26,2,0,80,530.318
26,2,0,80,197.846
26,2,0,80,500.020
26,2,0,80,443.398
26,2,0,80,444.073
26,2,0,80,496.970
26,2,0,80,440.052
26,2,0,80,439.838
26,2,0,80,516.142
26,2,0,80,439.262
26,2,0,80,442.492
26,2,0,80,442.167
26,2,0,80,441.249
26,2,0,80,440.294
26,2,0,80,443.969
26,2,0,80,452.459
26,2,0,80,441.893
26,2,0,80,442.716
26,2,0,80,442.243
26,2,0,80,439.362
26,2,0,80,441.333
26,2,0,80,437.897
26,2,0,80,440.090
26,2,0,80,438.654
26,2,0,80,453.791
26,2,0,80,439.633
26,2,0,80,442.696
26,2,0,80,440.871
26,2,0,80,414.713
26,2,0,80,439.850
26,2,0,80,440.507
26,2,0,80,440.719
26,2,0,80,441.578
26,2,0,80,440.476
26,2,0,80,441.039
26,2,0,80,439.862
26,2,0,80,440.833
26,2,0,80,429.804
26,2,0,80,441.090
26,2,0,80,439.135
26,2,0,80,442.940
26,2,0,80,438.652
26,2,0,80,441.400
26,2,0,80,440.112
26,2,0,80,441.880
26,2,0,80,439.462
26,2,0,80,430.118
26,2,0,80,453.645
26,2,0,80,441.671
26,2,0,80,439.328
26,2,0,80,441.428
26,2,0,80,439.566
26,2,0,80,441.222
26,2,0,80,439.712
26,2,0,80,449.572
26,2,0,80,430.432
26,2,0,80,441.922
26,2,0,80,1115.426
26,2,0,80,438.882
26,2,0,80,439.613
26,2,0,80,442.936
26,2,0,80,438.555
26,2,0,80,441.100
26,2,0,80,439.738
26,2,0,80,430.320
26,2,0,80,440.476
26,2,0,80,441.947
26,2,0,80,440.567
26,2,0,80,441.204
26,2,0,80,442.324
26,2,0,80,443.072
26,2,0,80,439.914
26,2,0,80,440.144
26,2,0,80,417.078
26,2,0,80,441.420
26,2,0,80,442.780
26,2,0,80,440.399
26,2,0,80,441.185
26,2,0,80,440.971
26,2,0,80,440.127
26,2,0,80,439.728
26,2,0,80,438.143
26,2,0,80,445.522
26,2,0,80,440.863
26,2,0,80,442.260
26,2,0,80,440.861
26,2,0,80,441.536
26,2,0,80,442.007
26,2,0,80,440.256
26,2,0,80,440.079
26,2,0,80,441.272
26,2,0,80,457.613
26,2,0,80,443.177
26,2,0,80,438.500
26,2,0,80,441.582
26,2,0,80,420.202
26,2,0,80,441.876
26,2,0,80,440.514
26,2,0,80,440.300
26,2,0,80,441.567
26,2,0,80,444.261
26,2,0,80,440.528
26,2,0,80,440.944
26,2,0,80,439.822
26,2,0,80,441.775
26,2,0,80,1117.001
26,2,0,80,441.383
26,2,0,80,440.836
26,2,0,80,406.085
26,2,0,80,440.075
26,2,0,80,440.564
26,2,0,80,451.109
26,2,0,80,440.173
26,2,0,80,439.811
26,2,0,80,442.004
26,2,0,80,439.179
26,2,0,80,440.724
26,2,0,80,426.047
26,2,0,80,441.000
26,2,0,80,440.471
26,2,0,80,442.053
26,2,0,80,439.172
26,2,0,80,440.051
26,2,0,80,438.281
26,2,0,80,440.678
26,2,0,80,438.816
26,2,0,80,444.768
26,2,0,80,438.499
26,2,0,80,440.192
26,2,0,80,439.144
26,2,0,80,439.967
26,2,0,80,441.050
26,2,0,80,442.558
26,2,0,80,439.084
26,2,0,80,439.185
26,2,0,80,441.101
26,2,0,80,440.479
26,2,0,80,439.061
26,2,0,80,439.829
26,2,0,80,440.003
26,2,0,80,439.771
26,2,0,80,440.205
26,2,0,80,440.806
26,2,0,80,398.703
26,2,0,80,440.674
26,2,0,80,438.367
26,2,0,80,440.227
26,2,0,80,441.550
26,2,0,80,441.910
26,2,0,80,438.733
26,2,0,80,441.093
26,2,0,80,438.712
26,2,0,80,422.591
26,2,0,80,440.895
26,2,0,80,447.533
26,2,0,80,440.263
26,2,0,80,441.642
26,2,0,80,441.094
26,2,0,80,440.232
26,2,0,80,441.425
26,2,0,80,439.470
26,2,0,80,449.664
26,2,0,80,441.653
26,2,0,80,439.865
26,2,0,80,442.744
26,2,0,80,449.974
26,2,0,80,441.519
26,2,0,80,441.472
26,2,0,80,440.128
26,2,0,80,439.377
26,2,0,80,441.144
26,2,0,80,441.189
26,2,0,80,439.883
26,2,0,80,440.780
26,2,0,80,442.380
26,2,0,80,440.796
26,2,0,80,440.341
26,2,0,80,440.516
26,2,0,80,438.746
26,2,0,80,441.680
26,2,0,80,443.318
26,2,0,80,440.567
26,2,0,80,441.464
26,2,0,80,1114.932
26,2,0,80,450.314
26,2,0,80,439.599
26,2,0,80,441.608
26,2,0,80,439.634
26,2,0,80,442.420
26,2,0,80,438.336
26,2,0,80,439.936
26,2,0,80,1385.236
26,2,0,80,446.804
26,2,0,80,443.720
26,2,0,80,445.080
26,2,0,80,444.514
26,2,0,80,422.670
26,2,0,80,445.586
26,2,0,80,445.705
26,2,0,80,439.047
26,2,0,80,439.740
26,2,0,80,439.618
26,2,0,80,440.626
26,2,0,80,439.024
26,2,0,80,439.476
26,2,0,80,438.892
26,2,0,80,445.400
26,2,0,80,439.963
26,2,0,80,440.768
26,2,0,80,439.424
26,2,0,80,441.414
26,2,0,80,440.459
26,2,0,80,442.097
26,2,0,80,438.086
26,2,0,80,440.187
26,2,0,80,421.251
26,2,0,80,443.166
26,2,0,80,442.304
26,2,0,80,441.701
26,2,0,80,438.839
26,2,0,80,440.143
26,2,0,80,437.577
26,2,0,80,441.900
26,2,0,80,437.130
26,2,0,80,442.824
26,2,0,80,444.480
26,2,0,80,440.396
26,2,0,80,440.515
26,2,0,80,444.301
26,2,0,80,439.050
26,2,0,80,444.021
26,2,0,80,441.121
26,2,0,80,442.092
26,2,0,80,440.434
26,2,0,80,430.905
26,2,0,80,437.580
26,2,0,80,440.199
26,2,0,80,439.929
26,2,0,80,442.956
26,2,0,80,439.575
26,2,0,80,441.713
26,2,0,80,440.851
26,2,0,80,440.174
26,2,0,80,437.200
26,2,0,80,440.023
26,2,0,80,440.180
26,2,0,80,441.206
26,2,0,80,440.048
26,2,0,80,442.834
26,2,0,80,440.305
26,2,0,80,440.887
26,2,0,80,439.617
26,2,0,80,441.051
26,2,0,80,420.985
26,2,0,80,440.068
26,2,0,80,439.428
26,2,0,80,440.936
26,2,0,80,440.388
26,2,0,80,440.137
26,2,0,80,439.479
26,2,0,80,440.394
26,2,0,80,440.458
26,2,0,80,441.855
26,2,0,80,440.344
26,2,0,80,442.852
26,2,0,80,438.990
26,2,0,80,440.332
26,2,0,80,439.784
26,2,0,80,439.274
26,2,0,80,439.245
26,2,0,80,442.216
26,2,0,80,438.724
26,2,0,80,441.769
26,2,0,80,1114.292
26,2,0,80,442.174
26,2,0,80,437.146
26,2,0,80,441.117
26,2,0,80,430.736
26,2,0,80,440.892
26,2,0,80,438.548
26,2,0,80,441.927
26,2,0,80,439.954
26,2,0,80,442.017
26,2,0,80,437.914
26,2,0,80,441.200
26,2,0,80,438.782
26,2,0,80,440.013
26,2,0,80,440.243
26,2,0,80,441.770
26,2,0,80,440.167
26,2,0,80,439.953
26,2,0,80,424.813
26,2,0,80,441.024
26,2,0,80,438.884
26,2,0,80,440.689
26,2,0,80,439.253
26,2,0,80,440.964
27,2,0,80,0.111
27,2,0,80,678.875
27,2,0,80,69.146
27,2,0,80,785.539
27,2,0,80,197.069
27,2,0,80,592.982
27,2,0,80,441.732
27,2,0,80,442.499
27,2,0,80,830.005
27,2,0,80,439.534
27,2,0,80,439.283
27,2,0,80,667.530
27,2,0,80,437.984
27,2,0,80,931.416
27,2,0,80,440.871
27,2,0,80,440.583
27,2,0,80,439.220
27,2,0,80,443.340
27,2,0,80,450.829
27,2,0,80,441.208
27,2,0,80,442.345
27,2,0,80,441.391
27,2,0,80,438.491
27,2,0,80,440.944
27,2,0,80,436.637
27,2,0,80,438.627
27,2,0,80,438.209
27,2,0,80,452.254
27,2,0,80,438.429
27,2,0,80,442.270
27,2,0,80,440.241
27,2,0,80,416.139
27,2,0,80,438.313
27,2,0,80,439.062
27,2,0,80,440.200
27,2,0,80,440.486
27,2,0,80,439.383
27,2,0,80,440.335
27,2,0,80,439.344
27,2,0,80,440.537
27,2,0,80,428.489
27,2,0,80,440.164
27,2,0,80,438.672
27,2,0,80,442.199
27,2,0,80,437.244
27,2,0,80,440.474
27,2,0,80,439.446
27,2,0,80,440.435
27,2,0,80,438.628
27,2,0,80,429.544
27,2,0,80,453.663
27,2,0,80,441.171
27,2,0,80,437.883
27,2,0,80,440.762
27,2,0,80,438.899
27,2,0,80,440.704
27,2,0,80,438.656
27,2,0,80,448.016
27,2,0,80,430.080
27,2,0,80,441.385
27,2,0,80,1115.519
27,2,0,80,437.679
27,2,0,80,438.076
27,2,0,80,442.602
27,2,0,80,436.833
27,2,0,80,440.193
27,2,0,80,439.182
27,2,0,80,428.746
27,2,0,80,438.532
27,2,0,80,441.355
27,2,0,80,439.011
27,2,0,80,440.612
27,2,0,80,442.323
27,2,0,80,441.295
27,2,0,80,439.173
27,2,0,80,439.589
27,2,0,80,415.226
27,2,0,80,440.716
27,2,0,80,442.243
27,2,0,80,438.677
27,2,0,80,441.148
27,2,0,80,439.878
27,2,0,80,438.479
27,2,0,80,438.709
27,2,0,80,437.532
27,2,0,80,444.540
27,2,0,80,439.215
27,2,0,80,441.649
27,2,0,80,439.324
27,2,0,80,440.610
27,2,0,80,441.581
27,2,0,80,439.163
27,2,0,80,439.264
27,2,0,80,935.455
27,2,0,80,958.388
27,2,0,80,442.733
27,2,0,80,438.111
27,2,0,80,440.675
27,2,0,80,420.109
27,2,0,80,441.876
27,2,0,80,439.773
27,2,0,80,439.818
27,2,0,80,441.215
27,2,0,80,442.335
27,2,0,80,440.398
27,2,0,80,440.925
27,2,0,80,439.396
27,2,0,80,440.960
27,2,0,80,1116.187
27,2,0,80,441.087
27,2,0,80,440.392
27,2,0,80,406.696
27,2,0,80,439.445
27,2,0,80,438.971
27,2,0,80,450.776
27,2,0,80,438.691
27,2,0,80,438.403
27,2,0,80,441.430
27,2,0,80,438.531
27,2,0,80,440.224
27,2,0,80,425.121
27,2,0,80,440.685
27,2,0,80,439.563
27,2,0,80,441.312
27,2,0,80,438.376
27,2,0,80,439.662
27,2,0,80,436.892
27,2,0,80,440.437
27,2,0,80,917.702
27,2,0,80,444.546
27,2,0,80,437.073
27,2,0,80,438.636
27,2,0,80,438.293
27,2,0,80,438.597
27,2,0,80,440.605
27,2,0,80,442.169
27,2,0,80,438.288
27,2,0,80,438.407
27,2,0,80,440.526
27,2,0,80,438.683
27,2,0,80,437.098
27,2,0,80,439.329
27,2,0,80,439.244
27,2,0,80,438.067
27,2,0,80,439.501
27,2,0,80,439.120
27,2,0,80,398.277
27,2,0,80,439.988
27,2,0,80,437.756
27,2,0,80,439.468
27,2,0,80,442.050
27,2,0,80,441.391
27,2,0,80,437.288
27,2,0,80,439.241
27,2,0,80,437.045
27,2,0,80,422.646
27,2,0,80,440.488
27,2,0,80,445.810
27,2,0,80,439.763
27,2,0,80,440.030
27,2,0,80,439.242
27,2,0,80,438.510
27,2,0,80,440.147
27,2,0,80,438.489
27,2,0,80,448.849
27,2,0,80,441.098
27,2,0,80,439.624
27,2,0,80,442.447
27,2,0,80,449.307
27,2,0,80,439.760
27,2,0,80,441.805
27,2,0,80,439.295
27,2,0,80,439.266
27,2,0,80,440.792
27,2,0,80,439.671
27,2,0,80,439.475
27,2,0,80,439.039
27,2,0,80,441.917
27,2,0,80,440.203
27,2,0,80,440.360
27,2,0,80,439.979
27,2,0,80,439.061
27,2,0,80,441.421
27,2,0,80,443.466
27,2,0,80,440.678
27,2,0,80,441.038
27,2,0,80,1114.765
27,2,0,80,450.202
27,2,0,80,438.266
27,2,0,80,441.626
27,2,0,80,439.171
27,2,0,80,442.105
27,2,0,80,437.873
27,2,0,80,439.862
27,2,0,80,1384.847
27,2,0,80,446.267
27,2,0,80,442.850
27,2,0,80,444.376
27,2,0,80,444.699
27,2,0,80,422.652
27,2,0,80,445.475
27,2,0,80,444.946
27,2,0,80,438.695
27,2,0,80,438.888
27,2,0,80,439.229
27,2,0,80,439.608
27,2,0,80,438.264
27,2,0,80,438.865
27,2,0,80,923.556
27,2,0,80,445.251
27,2,0,80,438.574
27,2,0,80,439.027
27,2,0,80,437.887
27,2,0,80,440.932
27,2,0,80,440.422
27,2,0,80,441.467
27,2,0,80,437.938
27,2,0,80,439.650
27,2,0,80,420.343
27,2,0,80,442.999
27,2,0,80,441.989
27,2,0,80,441.108
27,2,0,80,438.542
27,2,0,80,439.699
27,2,0,80,437.096
27,2,0,80,441.307
27,2,0,80,435.408
27,2,0,80,929.395
27,2,0,80,444.054
27,2,0,80,439.821
27,2,0,80,440.107
27,2,0,80,442.671
27,2,0,80,437.161
27,2,0,80,444.446
27,2,0,80,440.140
27,2,0,80,441.852
27,2,0,80,440.082
27,2,0,80,430.072
27,2,0,80,435.895
27,2,0,80,438.662
27,2,0,80,439.392
27,2,0,80,442.660
27,2,0,80,438.372
27,2,0,80,441.287
27,2,0,80,440.295
27,2,0,80,438.748
27,2,0,80,928.531
27,2,0,80,439.560
27,2,0,80,439.642
27,2,0,80,439.651
27,2,0,80,439.622
27,2,0,80,442.445
27,2,0,80,439.990
27,2,0,80,438.961
27,2,0,80,438.599
27,2,0,80,439.644
27,2,0,80,420.615
27,2,0,80,439.012
27,2,0,80,438.353
27,2,0,80,440.158
27,2,0,80,439.962
27,2,0,80,439.804
27,2,0,80,439.201
27,2,0,80,438.653
27,2,0,80,440.161
27,2,0,80,926.778
27,2,0,80,438.863
27,2,0,80,443.149
27,2,0,80,437.157
27,2,0,80,438.535
27,2,0,80,438.988
27,2,0,80,439.255
27,2,0,80,439.060
27,2,0,80,441.401
27,2,0,80,437.335
27,2,0,80,441.380
27,2,0,80,1112.922
27,2,0,80,441.971
27,2,0,80,436.516
27,2,0,80,440.746
27,2,0,80,430.828
27,2,0,80,440.392
27,2,0,80,438.030
27,2,0,80,441.631
27,2,0,80,439.935
27,2,0,80,441.925
27,2,0,80,437.359
27,2,0,80,439.793
27,2,0,80,438.523
27,2,0,80,438.272
27,2,0,80,438.965
27,2,0,80,441.288
27,2,0,80,440.167
27,2,0,80,439.564
27,2,0,80,424.646
27,2,0,80,440.506
27,2,0,80,438.532
27,2,0,80,440.392
27,2,0,80,438.752
27,2,0,80,439.298
28,2,0,80,0.093
28,2,0,80,1023.558
28,2,0,80,71.386
28,2,0,80,529.096
28,2,0,80,199.050
28,2,0,80,497.723
28,2,0,80,444.158
28,2,0,80,443.240
28,2,0,80,498.655
28,2,0,80,439.034
28,2,0,80,441.079
28,2,0,80,515.161
28,2,0,80,440.817
28,2,0,80,441.807
28,2,0,80,444.019
28,2,0,80,440.638
28,2,0,80,441.924
28,2,0,80,442.673
28,2,0,80,453.718
28,2,0,80,441.337
28,2,0,80,443.790
28,2,0,80,441.687
28,2,0,80,441.251
28,2,0,80,440.851
28,2,0,80,439.433
28,2,0,80,440.127
28,2,0,80,439.765
28,2,0,80,453.624
28,2,0,80,440.947
28,2,0,80,442.178
28,2,0,80,442.223
28,2,0,80,415.676
28,2,0,80,441.165
28,2,0,80,440.970
28,2,0,80,442.589
28,2,0,80,441.060
28,2,0,80,442.049
28,2,0,80,440.650
28,2,0,80,441.158
28,2,0,80,440.407
28,2,0,80,430.823
28,2,0,80,441.498
28,2,0,80,440.617
28,2,0,80,442.755
28,2,0,80,440.966
28,2,0,80,441.437
28,2,0,80,442.501
28,2,0,80,440.398
28,2,0,80,441.073
28,2,0,80,429.544
28,2,0,80,454.497
28,2,0,80,441.394
28,2,0,80,440.772
28,2,0,80,440.706
28,2,0,80,441.066
28,2,0,80,440.685
28,2,0,80,441.693
28,2,0,80,449.627
28,2,0,80,431.710
28,2,0,80,441.662
28,2,0,80,634.595
28,2,0,80,439.197
28,2,0,80,441.409
28,2,0,80,442.158
28,2,0,80,440.740
28,2,0,80,440.693
28,2,0,80,440.886
28,2,0,80,430.246
28,2,0,80,442.124
28,2,0,80,441.540
28,2,0,80,441.992
28,2,0,80,440.538
28,2,0,80,442.768
28,2,0,80,442.869
28,2,0,80,440.580
28,2,0,80,439.755
28,2,0,80,418.671
28,2,0,80,441.309
28,2,0,80,443.983
28,2,0,80,440.029
28,2,0,80,442.148
28,2,0,80,440.748
28,2,0,80,441.608
28,2,0,80,440.098
28,2,0,80,439.754
28,2,0,80,445.114
28,2,0,80,442.734
28,2,0,80,441.779
28,2,0,80,442.083
28,2,0,80,441.702
28,2,0,80,443.285
28,2,0,80,440.422
28,2,0,80,441.579
28,2,0,80,441.087
28,2,0,80,458.835
28,2,0,80,442.862
28,2,0,80,440.574
28,2,0,80,440.693
28,2,0,80,421.831
28,2,0,80,440.821
28,2,0,80,441.681
28,2,0,80,439.670
28,2,0,80,442.234
28,2,0,80,444.779
28,2,0,80,441.176
28,2,0,80,441.073
28,2,0,80,441.155
28,2,0,80,441.219
28,2,0,80,632.393
28,2,0,80,440.680
28,2,0,80,442.188
28,2,0,80,407.659
28,2,0,80,441.241
28,2,0,80,439.879
28,2,0,80,451.942
28,2,0,80,440.321
28,2,0,80,441.607
28,2,0,80,441.430
28,2,0,80,440.734
28,2,0,80,440.816
28,2,0,80,427.769
28,2,0,80,440.536
28,2,0,80,441.767
28,2,0,80,441.590
28,2,0,80,440.820
28,2,0,80,439.995
28,2,0,80,440.096
28,2,0,80,439.956
28,2,0,80,440.501
28,2,0,80,443.713
28,2,0,80,440.332
28,2,0,80,439.895
28,2,0,80,441.015
28,2,0,80,440.078
28,2,0,80,442.809
28,2,0,80,442.187
28,2,0,80,439.955
28,2,0,80,438.907
28,2,0,80,441.804
28,2,0,80,440.701
28,2,0,80,440.876
28,2,0,80,439.458
28,2,0,80,441.818
28,2,0,80,439.437
28,2,0,80,442.297
28,2,0,80,440.731
28,2,0,80,399.888
28,2,0,80,440.470
28,2,0,80,439.941
28,2,0,80,440.505
28,2,0,80,442.624
28,2,0,80,441.058
28,2,0,80,439.844
28,2,0,80,440.815
28,2,0,80,440.582
28,2,0,80,424.498
28,2,0,80,442.339
28,2,0,80,447.440
28,2,0,80,441.948
28,2,0,80,441.086
28,2,0,80,442.761
28,2,0,80,440.713
28,2,0,80,443.129
28,2,0,80,439.378
28,2,0,80,450.812
28,2,0,80,440.283
28,2,0,80,441.106
28,2,0,80,442.077
28,2,0,80,451.603
28,2,0,80,441.519
28,2,0,80,442.805
28,2,0,80,440.628
28,2,0,80,440.006
28,2,0,80,440.459
28,2,0,80,443.023
28,2,0,80,439.401
28,2,0,80,442.669
28,2,0,80,441.843
28,2,0,80,442.537
28,2,0,80,440.730
28,2,0,80,441.479
28,2,0,80,438.543
28,2,0,80,443.162
28,2,0,80,442.077
28,2,0,80,441.882
28,2,0,80,440.742
28,2,0,80,635.786
28,2,0,80,449.943
28,2,0,80,441.285
28,2,0,80,440.811
28,2,0,80,441.467
28,2,0,80,441.161
28,2,0,80,439.632
28,2,0,80,439.473
28,2,0,80,1386.310
28,2,0,80,447.101
28,2,0,80,446.090
28,2,0,80,444.302
28,2,0,80,445.810
28,2,0,80,424.744
28,2,0,80,446.771
28,2,0,80,445.501
28,2,0,80,440.232
28,2,0,80,439.555
28,2,0,80,441.563
28,2,0,80,440.163
28,2,0,80,440.246
28,2,0,80,439.457
28,2,0,80,441.132
28,2,0,80,444.696
28,2,0,80,441.389
28,2,0,80,440.527
28,2,0,80,441.294
28,2,0,80,441.543
28,2,0,80,441.755
28,2,0,80,441.245
28,2,0,80,439.308
28,2,0,80,440.261
28,2,0,80,422.936
28,2,0,80,442.240
28,2,0,80,442.804
28,2,0,80,441.608
28,2,0,80,440.265
28,2,0,80,439.643
28,2,0,80,439.447
28,2,0,80,441.919
28,2,0,80,439.167
28,2,0,80,442.416
28,2,0,80,446.239
28,2,0,80,439.803
28,2,0,80,442.311
28,2,0,80,443.949
28,2,0,80,440.457
28,2,0,80,442.502
28,2,0,80,442.732
28,2,0,80,441.537
28,2,0,80,441.193
28,2,0,80,430.294
28,2,0,80,439.598
28,2,0,80,440.051
28,2,0,80,441.392
28,2,0,80,442.104
28,2,0,80,441.631
28,2,0,80,441.065
28,2,0,80,441.962
28,2,0,80,440.044
28,2,0,80,438.626
28,2,0,80,439.079
28,2,0,80,441.513
28,2,0,80,440.762
28,2,0,80,441.140
28,2,0,80,442.204
28,2,0,80,441.471
28,2,0,80,440.165
28,2,0,80,441.525
28,2,0,80,440.792
28,2,0,80,421.448
28,2,0,80,439.604
28,2,0,80,441.316
28,2,0,80,440.195
28,2,0,80,441.666
28,2,0,80,440.026
28,2,0,80,440.738
28,2,0,80,440.468
28,2,0,80,441.735
28,2,0,80,441.336
28,2,0,80,441.807
28,2,0,80,441.556
28,2,0,80,440.527
28,2,0,80,440.295
28,2,0,80,441.284
28,2,0,80,439.089
28,2,0,80,440.300
28,2,0,80,441.920
28,2,0,80,440.465
28,2,0,80,440.936
28,2,0,80,632.313
28,2,0,80,441.248
28,2,0,80,439.090
28,2,0,80,439.987
28,2,0,80,431.495
28,2,0,80,440.207
28,2,0,80,440.585
28,2,0,80,441.075
28,2,0,80,441.231
28,2,0,80,441.276
28,2,0,80,439.970
28,2,0,80,440.441
28,2,0,80,440.523
28,2,0,80,440.013
28,2,0,80,442.039
28,2,0,80,441.270
28,2,0,80,441.130
28,2,0,80,439.323
28,2,0,80,426.016
28,2,0,80,440.487
28,2,0,80,440.162
28,2,0,80,439.559
28,2,0,80,440.030
28,2,0,80,440.446
29,2,0,80,0.093
29,2,0,80,832.633
29,2,0,80,70.145
29,2,0,80,530.429
29,2,0,80,197.957
29,2,0,80,500.205
29,2,0,80,443.454
29,2,0,80,444.203
29,2,0,80,497.044
29,2,0,80,440.423
29,2,0,80,440.097
29,2,0,80,516.216
29,2,0,80,439.336
29,2,0,80,442.863
29,2,0,80,442.241
29,2,0,80,441.545
29,2,0,80,440.498
29,2,0,80,444.321
29,2,0,80,452.403
29,2,0,80,441.948
29,2,0,80,443.142
29,2,0,80,442.316
29,2,0,80,439.399
29,2,0,80,441.592
29,2,0,80,437.933
29,2,0,80,440.016
29,2,0,80,438.913
29,2,0,80,453.884
29,2,0,80,439.633
29,2,0,80,442.807
29,2,0,80,441.149
29,2,0,80,416.842
29,2,0,80,439.758
29,2,0,80,440.432
29,2,0,80,440.959
29,2,0,80,441.652
29,2,0,80,440.438
29,2,0,80,441.261
29,2,0,80,440.232
29,2,0,80,441.352
29,2,0,80,429.712
29,2,0,80,441.183
29,2,0,80,439.339
29,2,0,80,443.069
29,2,0,80,438.522
29,2,0,80,441.363
29,2,0,80,440.483
29,2,0,80,441.898
29,2,0,80,439.351
29,2,0,80,430.359
29,2,0,80,453.978
29,2,0,80,442.023
29,2,0,80,439.309
29,2,0,80,441.706
29,2,0,80,439.918
29,2,0,80,441.593
29,2,0,80,439.805
29,2,0,80,449.553
29,2,0,80,430.765
29,2,0,80,442.199
29,2,0,80,1116.019
29,2,0,80,438.845
29,2,0,80,439.798
29,2,0,80,443.213
29,2,0,80,438.555
29,2,0,80,441.155
29,2,0,80,440.089
29,2,0,80,430.264
29,2,0,80,440.458
29,2,0,80,442.188
29,2,0,80,440.696
29,2,0,80,441.500
29,2,0,80,442.675
29,2,0,80,443.054
29,2,0,80,440.136
29,2,0,80,440.459
29,2,0,80,417.134
29,2,0,80,441.494
29,2,0,80,443.131
29,2,0,80,440.362
29,2,0,80,441.518
29,2,0,80,441.082
29,2,0,80,440.145
29,2,0,80,439.857
29,2,0,80,438.162
29,2,0,80,445.559
29,2,0,80,440.863
29,2,0,80,442.593
29,2,0,80,440.953
29,2,0,80,441.628
29,2,0,80,442.284
29,2,0,80,440.219
29,2,0,80,440.356
29,2,0,80,441.383
29,2,0,80,457.854
29,2,0,80,443.455
29,2,0,80,438.444
29,2,0,80,441.712
29,2,0,80,420.553
29,2,0,80,442.358
29,2,0,80,440.810
29,2,0,80,440.596
29,2,0,80,441.956
29,2,0,80,444.205
29,2,0,80,440.806
29,2,0,80,441.221
29,2,0,80,440.081
29,2,0,80,442.052
29,2,0,80,1117.261
29,2,0,80,441.680
29,2,0,80,441.132
29,2,0,80,408.270
29,2,0,80,440.315
29,2,0,80,440.694
29,2,0,80,451.350
29,2,0,80,440.099
29,2,0,80,439.737
29,2,0,80,442.263
29,2,0,80,439.549
29,2,0,80,441.020
29,2,0,80,426.306
29,2,0,80,441.481
29,2,0,80,440.507
29,2,0,80,442.349
29,2,0,80,439.079
29,2,0,80,440.365
29,2,0,80,438.392
29,2,0,80,441.030
29,2,0,80,439.130
29,2,0,80,445.064
29,2,0,80,438.480
29,2,0,80,440.210
29,2,0,80,439.404
29,2,0,80,439.949
29,2,0,80,441.327
29,2,0,80,442.780
29,2,0,80,439.325
29,2,0,80,439.481
29,2,0,80,441.397
29,2,0,80,440.460
29,2,0,80,439.061
29,2,0,80,440.088
29,2,0,80,439.985
29,2,0,80,439.808
29,2,0,80,440.445
29,2,0,80,440.824
29,2,0,80,399.036
29,2,0,80,440.711
29,2,0,80,438.626
29,2,0,80,440.319
29,2,0,80,441.994
29,2,0,80,442.280
29,2,0,80,438.918
29,2,0,80,441.037
29,2,0,80,438.619
29,2,0,80,424.331
29,2,0,80,441.173
29,2,0,80,447.570
29,2,0,80,440.393
29,2,0,80,441.660
29,2,0,80,441.038
29,2,0,80,440.343
29,2,0,80,441.407
29,2,0,80,439.989
29,2,0,80,449.941
29,2,0,80,441.949
29,2,0,80,440.346
29,2,0,80,443.040
29,2,0,80,450.215
29,2,0,80,441.538
29,2,0,80,441.953
29,2,0,80,440.091
29,2,0,80,439.858
29,2,0,80,441.403
29,2,0,80,441.226
29,2,0,80,440.253
29,2,0,80,440.761
29,2,0,80,442.677
29,2,0,80,440.870
29,2,0,80,440.841
29,2,0,80,440.868
29,2,0,80,439.209
29,2,0,80,441.995
29,2,0,80,443.818
29,2,0,80,441.085
29,2,0,80,441.797
29,2,0,80,1115.431
29,2,0,80,450.647
29,2,0,80,439.618
29,2,0,80,442.200
29,2,0,80,439.764
29,2,0,80,442.716
29,2,0,80,438.687
29,2,0,80,440.325
29,2,0,80,1385.514
29,2,0,80,447.045
29,2,0,80,443.924
29,2,0,80,445.117
29,2,0,80,444.940
29,2,0,80,424.374
29,2,0,80,445.901
29,2,0,80,445.890
29,2,0,80,439.306
29,2,0,80,439.851
29,2,0,80,439.896
29,2,0,80,440.608
29,2,0,80,439.246
29,2,0,80,439.680
29,2,0,80,438.966
29,2,0,80,445.788
29,2,0,80,439.963
29,2,0,80,440.786
29,2,0,80,439.442
29,2,0,80,441.636
29,2,0,80,440.755
29,2,0,80,442.504
29,2,0,80,438.679
29,2,0,80,440.465
29,2,0,80,421.251
29,2,0,80,443.518
29,2,0,80,442.822
29,2,0,80,441.664
29,2,0,80,439.153
29,2,0,80,440.495
29,2,0,80,437.521
29,2,0,80,442.122
29,2,0,80,437.112
29,2,0,80,443.157
29,2,0,80,444.795
29,2,0,80,440.673
29,2,0,80,440.829
29,2,0,80,444.393
29,2,0,80,438.975
29,2,0,80,444.595
29,2,0,80,441.066
29,2,0,80,442.444
29,2,0,80,440.730
29,2,0,80,430.868
29,2,0,80,437.617
29,2,0,80,440.199
29,2,0,80,440.244
29,2,0,80,443.308
29,2,0,80,439.520
29,2,0,80,442.009
29,2,0,80,441.128
29,2,0,80,440.303
29,2,0,80,437.441
29,2,0,80,440.523
29,2,0,80,440.568
29,2,0,80,441.243
29,2,0,80,440.325
29,2,0,80,443.093
29,2,0,80,440.582
29,2,0,80,440.905
29,2,0,80,439.710
29,2,0,80,441.033
29,2,0,80,421.300
29,2,0,80,439.993
29,2,0,80,439.390
29,2,0,80,441.195
29,2,0,80,440.610
29,2,0,80,440.526
29,2,0,80,439.719
29,2,0,80,440.412
29,2,0,80,440.846
29,2,0,80,441.762
29,2,0,80,440.289
29,2,0,80,443.371
29,2,0,80,438.953
29,2,0,80,440.332
29,2,0,80,439.951
29,2,0,80,439.663
29,2,0,80,439.541
29,2,0,80,442.494
29,2,0,80,438.761
29,2,0,80,442.084
29,2,0,80,1114.348
29,2,0,80,442.619
29,2,0,80,437.275
29,2,0,80,441.468
29,2,0,80,431.199
29,2,0,80,441.225
29,2,0,80,438.604
29,2,0,80,442.390
29,2,0,80,440.435
29,2,0,80,442.313
29,2,0,80,438.025
29,2,0,80,441.200
29,2,0,80,439.190
29,2,0,80,439.976
29,2,0,80,440.261
29,2,0,80,442.103
29,2,0,80,440.518
29,2,0,80,440.101
29,2,0,80,425.109
29,2,0,80,441.432
29,2,0,80,439.181
29,2,0,80,441.152
29,2,0,80,439.493
29,2,0,80,441.038
30,2,0,80,0.092
30,2,0,80,766.708
30,2,0,80,69.034
30,2,0,80,785.316
30,2,0,80,196.846
30,2,0,80,592.741
30,2,0,80,441.472
30,2,0,80,442.258
30,2,0,80,829.857
30,2,0,80,439.274
30,2,0,80,439.023
30,2,0,80,667.308
30,2,0,80,437.762
30,2,0,80,931.267
30,2,0,80,440.630
30,2,0,80,440.342
30,2,0,80,439.128
30,2,0,80,443.136
30,2,0,80,450.625
30,2,0,80,441.022
30,2,0,80,442.104
30,2,0,80,441.131
30,2,0,80,438.269
30,2,0,80,440.684
30,2,0,80,436.396
30,2,0,80,438.367
30,2,0,80,437.987
30,2,0,80,452.032
30,2,0,80,438.169
30,2,0,80,442.048
30,2,0,80,440.019
30,2,0,80,415.898
30,2,0,80,438.221
30,2,0,80,438.840
30,2,0,80,439.959
30,2,0,80,440.245
30,2,0,80,439.142
30,2,0,80,440.113
30,2,0,80,439.084
30,2,0,80,440.296
30,2,0,80,428.323
30,2,0,80,439.923
30,2,0,80,438.450
30,2,0,80,441.958
30,2,0,80,437.003
30,2,0,80,440.326
30,2,0,80,439.205
30,2,0,80,440.194
30,2,0,80,438.443
30,2,0,80,429.322
30,2,0,80,453.441
30,2,0,80,440.949
30,2,0,80,437.624
30,2,0,80,440.502
30,2,0,80,438.659
30,2,0,80,440.444
30,2,0,80,438.508
30,2,0,80,447.794
30,2,0,80,429.858
30,2,0,80,441.144
30,2,0,80,1115.296
30,2,0,80,437.456
30,2,0,80,437.853
30,2,0,80,442.380
30,2,0,80,436.592
30,2,0,80,439.952
30,2,0,80,438.941
30,2,0,80,428.505
30,2,0,80,438.291
30,2,0,80,441.114
30,2,0,80,438.789
30,2,0,80,440.389
30,2,0,80,442.138
30,2,0,80,441.054
30,2,0,80,438.932
30,2,0,80,439.348
30,2,0,80,415.004
30,2,0,80,440.549
30,2,0,80,442.002
30,2,0,80,438.436
30,2,0,80,440.962
30,2,0,80,439.619
30,2,0,80,438.219
30,2,0,80,438.450
30,2,0,80,437.347
30,2,0,80,444.299
30,2,0,80,438.974
30,2,0,80,441.408
30,2,0,80,439.157
30,2,0,80,440.369
30,2,0,80,441.358
30,2,0,80,438.978
30,2,0,80,439.041
30,2,0,80,935.214
30,2,0,80,958.185
30,2,0,80,442.492
30,2,0,80,437.944
30,2,0,80,440.415
30,2,0,80,419.887
30,2,0,80,441.635
30,2,0,80,439.569
30,2,0,80,439.577
30,2,0,80,440.974
30,2,0,80,442.186
30,2,0,80,440.268
30,2,0,80,440.684
30,2,0,80,439.155
30,2,0,80,440.756
30,2,0,80,1115.946
30,2,0,80,440.883
30,2,0,80,440.169
30,2,0,80,406.492
30,2,0,80,439.259
30,2,0,80,438.823
30,2,0,80,450.609
30,2,0,80,438.469
30,2,0,80,438.162
30,2,0,80,441.207
30,2,0,80,438.308
30,2,0,80,440.001
30,2,0,80,424.991
30,2,0,80,440.462
30,2,0,80,439.322
30,2,0,80,441.071
30,2,0,80,438.116
30,2,0,80,439.421
30,2,0,80,436.651
30,2,0,80,440.196
30,2,0,80,917.535
30,2,0,80,444.305
30,2,0,80,436.813
30,2,0,80,438.414
30,2,0,80,438.070
30,2,0,80,438.356
30,2,0,80,440.383
30,2,0,80,441.946
30,2,0,80,438.103
30,2,0,80,438.185
30,2,0,80,440.323
30,2,0,80,438.442
30,2,0,80,436.857
30,2,0,80,439.180
30,2,0,80,439.003
30,2,0,80,437.808
30,2,0,80,439.334
30,2,0,80,438.898
30,2,0,80,398.073
30,2,0,80,439.748
30,2,0,80,437.515
30,2,0,80,439.245
30,2,0,80,441.846
30,2,0,80,441.150
30,2,0,80,437.140
30,2,0,80,439.000
30,2,0,80,436.804
30,2,0,80,422.405
30,2,0,80,440.247
30,2,0,80,445.569
30,2,0,80,439.541
30,2,0,80,439.789
30,2,0,80,439.094
30,2,0,80,438.306
30,2,0,80,439.888
30,2,0,80,438.248
30,2,0,80,448.608
30,2,0,80,440.857
30,2,0,80,439.383
30,2,0,80,442.206
30,2,0,80,449.177
30,2,0,80,439.537
30,2,0,80,441.564
30,2,0,80,439.054
30,2,0,80,439.043
30,2,0,80,440.681
30,2,0,80,439.448
30,2,0,80,439.234
30,2,0,80,438.872
30,2,0,80,441.676
30,2,0,80,439.962
30,2,0,80,440.137
30,2,0,80,439.756
30,2,0,80,438.820
30,2,0,80,441.180
30,2,0,80,443.207
30,2,0,80,440.511
30,2,0,80,440.797
30,2,0,80,1114.524
30,2,0,80,449.998
30,2,0,80,438.025
30,2,0,80,441.367
30,2,0,80,438.949
30,2,0,80,441.883
30,2,0,80,437.687
30,2,0,80,439.603
30,2,0,80,1384.643
30,2,0,80,446.008
30,2,0,80,442.646
30,2,0,80,444.154
30,2,0,80,444.440
30,2,0,80,422.411
30,2,0,80,445.308
30,2,0,80,444.742
30,2,0,80,438.472
30,2,0,80,438.647
30,2,0,80,438.988
30,2,0,80,439.423
30,2,0,80,438.023
30,2,0,80,438.624
30,2,0,80,923.463
30,2,0,80,445.029
30,2,0,80,438.315
30,2,0,80,438.768
30,2,0,80,437.628
30,2,0,80,440.728
30,2,0,80,440.181
30,2,0,80,441.226
30,2,0,80,437.790
30,2,0,80,439.372
30,2,0,80,420.084
30,2,0,80,442.758
30,2,0,80,441.748
30,2,0,80,440.867
30,2,0,80,438.283
30,2,0,80,439.476
30,2,0,80,436.929
30,2,0,80,441.085
30,2,0,80,435.167
30,2,0,80,929.154
30,2,0,80,443.813
30,2,0,80,439.599
30,2,0,80,439.866
30,2,0,80,442.430
30,2,0,80,436.975
30,2,0,80,444.206
30,2,0,80,439.899
30,2,0,80,441.629
30,2,0,80,439.823
30,2,0,80,429.905
30,2,0,80,435.654
30,2,0,80,438.440
30,2,0,80,439.207
30,2,0,80,442.437
30,2,0,80,438.149
30,2,0,80,441.046
30,2,0,80,440.073
30,2,0,80,438.544
30,2,0,80,928.290
30,2,0,80,439.319
30,2,0,80,439.476
30,2,0,80,439.391
30,2,0,80,439.399
30,2,0,80,442.204
30,2,0,80,439.749
30,2,0,80,438.757
30,2,0,80,438.395
30,2,0,80,439.403
30,2,0,80,420.430
30,2,0,80,438.771
30,2,0,80,438.131
30,2,0,80,439.954
30,2,0,80,439.740
30,2,0,80,439.563
30,2,0,80,438.978
30,2,0,80,438.412
30,2,0,80,439.995
30,2,0,80,926.537
30,2,0,80,438.603
30,2,0,80,442.926
30,2,0,80,436.897
30,2,0,80,438.406
30,2,0,80,438.747
30,2,0,80,439.070
30,2,0,80,438.893
30,2,0,80,441.160
30,2,0,80,437.113
30,2,0,80,441.139
30,2,0,80,1112.700
30,2,0,80,441.730
30,2,0,80,436.293
30,2,0,80,440.505
30,2,0,80,430.662
30,2,0,80,440.133
30,2,0,80,437.789
30,2,0,80,441.390
30,2,0,80,439.713
30,2,0,80,441.684
30,2,0,80,437.136
30,2,0,80,439.533
30,2,0,80,438.375
30,2,0,80,438.068
30,2,0,80,438.687
30,2,0,80,441.047
30,2,0,80,439.907
30,2,0,80,439.323
30,2,0,80,424.405
30,2,0,80,440.265
30,2,0,80,438.366
30,2,0,80,440.170
30,2,0,80,438.512
30,2,0,80,439.020
31,2,0,80,0.278
31,2,0,80,1063.336
31,2,0,80,71.127
31,2,0,80,528.707
31,2,0,80,198.847
31,2,0,80,497.613
31,2,0,80,443.917
31,2,0,80,442.999
31,2,0,80,498.415
31,2,0,80,438.849
31,2,0,80,440.728
31,2,0,80,514.976
31,2,0,80,440.651
31,2,0,80,441.456
31,2,0,80,443.630
31,2,0,80,440.379
31,2,0,80,441.573
31,2,0,80,442.358
31,2,0,80,453.459
31,2,0,80,441.171
31,2,0,80,443.475
31,2,0,80,441.409
31,2,0,80,440.936
31,2,0,80,440.704
31,2,0,80,439.267
31,2,0,80,439.812
31,2,0,80,439.376
31,2,0,80,453.236
31,2,0,80,440.707
31,2,0,80,441.974
31,2,0,80,442.001
31,2,0,80,415.269
31,2,0,80,441.017
31,2,0,80,440.637
31,2,0,80,442.256
31,2,0,80,440.708
31,2,0,80,441.735
31,2,0,80,440.336
31,2,0,80,440.770
31,2,0,80,440.074
31,2,0,80,431.064
31,2,0,80,441.220
31,2,0,80,440.395
31,2,0,80,442.440
31,2,0,80,440.578
31,2,0,80,441.123
31,2,0,80,442.150
31,2,0,80,440.139
31,2,0,80,440.814
31,2,0,80,429.174
31,2,0,80,454.219
31,2,0,80,441.005
31,2,0,80,440.513
31,2,0,80,440.429
31,2,0,80,440.678
31,2,0,80,440.371
31,2,0,80,441.472
31,2,0,80,449.332
31,2,0,80,431.358
31,2,0,80,441.496
31,2,0,80,634.262
31,2,0,80,438.809
31,2,0,80,441.039
31,2,0,80,441.880
31,2,0,80,440.407
31,2,0,80,440.304
31,2,0,80,440.720
31,2,0,80,429.913
31,2,0,80,441.810
31,2,0,80,441.281
31,2,0,80,441.715
31,2,0,80,440.186
31,2,0,80,442.602
31,2,0,80,442.517
31,2,0,80,440.211
31,2,0,80,439.422
31,2,0,80,418.412
31,2,0,80,441.013
31,2,0,80,443.669
31,2,0,80,439.770
31,2,0,80,441.944
31,2,0,80,440.397
31,2,0,80,441.313
31,2,0,80,439.710
31,2,0,80,439.495
31,2,0,80,444.874
31,2,0,80,442.438
31,2,0,80,441.446
31,2,0,80,442.102
31,2,0,80,441.369
31,2,0,80,442.915
31,2,0,80,440.126
31,2,0,80,441.283
31,2,0,80,440.809
31,2,0,80,458.484
31,2,0,80,442.548
31,2,0,80,440.167
31,2,0,80,440.342
31,2,0,80,421.461
31,2,0,80,440.543
31,2,0,80,441.514
31,2,0,80,439.319
31,2,0,80,442.049
31,2,0,80,444.409
31,2,0,80,440.973
31,2,0,80,440.666
31,2,0,80,440.841
31,2,0,80,440.849
31,2,0,80,632.097
31,2,0,80,440.291
31,2,0,80,441.855
31,2,0,80,407.363
31,2,0,80,440.927
31,2,0,80,439.639
31,2,0,80,451.591
31,2,0,80,440.155
31,2,0,80,441.311
31,2,0,80,441.023
31,2,0,80,440.383
31,2,0,80,440.558
31,2,0,80,427.584
31,2,0,80,440.296
31,2,0,80,441.489
31,2,0,80,441.201
31,2,0,80,440.469
31,2,0,80,439.699
31,2,0,80,439.744
31,2,0,80,439.660
31,2,0,80,440.131
31,2,0,80,443.583
31,2,0,80,439.906
31,2,0,80,439.766
31,2,0,80,440.663
31,2,0,80,439.653
31,2,0,80,442.439
31,2,0,80,441.799
31,2,0,80,439.733
31,2,0,80,438.537
31,2,0,80,441.675
31,2,0,80,440.350
31,2,0,80,440.506
31,2,0,80,439.051
31,2,0,80,441.467
31,2,0,80,439.067
31,2,0,80,442.020
31,2,0,80,440.473
31,2,0,80,399.537
31,2,0,80,440.193
31,2,0,80,439.516
31,2,0,80,440.153
31,2,0,80,442.328
31,2,0,80,440.799
31,2,0,80,439.863
31,2,0,80,440.575
31,2,0,80,440.231
31,2,0,80,424.165
31,2,0,80,442.192
31,2,0,80,447.163
31,2,0,80,441.652
31,2,0,80,440.920
31,2,0,80,442.409
31,2,0,80,440.306
31,2,0,80,442.796
31,2,0,80,439.119
31,2,0,80,450.534
31,2,0,80,440.191
31,2,0,80,440.754
31,2,0,80,441.855
31,2,0,80,451.234
31,2,0,80,441.186
31,2,0,80,442.491
31,2,0,80,440.258
31,2,0,80,439.803
31,2,0,80,440.108
31,2,0,80,442.690
31,2,0,80,439.050
31,2,0,80,442.521
31,2,0,80,441.510
31,2,0,80,442.130
31,2,0,80,440.434
31,2,0,80,441.238
31,2,0,80,438.210
31,2,0,80,442.921
31,2,0,80,441.726
31,2,0,80,441.660
31,2,0,80,440.557
31,2,0,80,635.379
31,2,0,80,449.666
31,2,0,80,440.933
31,2,0,80,440.589
31,2,0,80,441.153
31,2,0,80,440.883
31,2,0,80,439.521
31,2,0,80,439.289
31,2,0,80,1385.866
31,2,0,80,446.786
31,2,0,80,445.757
31,2,0,80,443.951
31,2,0,80,445.625
31,2,0,80,424.393
31,2,0,80,446.382
31,2,0,80,445.261
31,2,0,80,439.880
31,2,0,80,439.240
31,2,0,80,441.211
31,2,0,80,439.923
31,2,0,80,439.894
31,2,0,80,439.088
31,2,0,80,440.947
31,2,0,80,444.307
31,2,0,80,441.112
31,2,0,80,440.250
31,2,0,80,440.906
31,2,0,80,441.229
31,2,0,80,441.367
31,2,0,80,440.893
31,2,0,80,439.235
31,2,0,80,439.928
31,2,0,80,422.529
31,2,0,80,441.889
31,2,0,80,442.619
31,2,0,80,441.238
31,2,0,80,439.895
31,2,0,80,439.310
31,2,0,80,439.096
31,2,0,80,441.549
31,2,0,80,438.797
31,2,0,80,442.139
31,2,0,80,445.888
31,2,0,80,439.414
31,2,0,80,441.941
31,2,0,80,443.690
31,2,0,80,440.272
31,2,0,80,442.280
31,2,0,80,442.381
31,2,0,80,441.204
31,2,0,80,440.916
31,2,0,80,430.109
31,2,0,80,439.228
31,2,0,80,439.699
31,2,0,80,441.133
31,2,0,80,441.734
31,2,0,80,441.242
31,2,0,80,440.806
31,2,0,80,441.592
31,2,0,80,439.730
31,2,0,80,438.423
31,2,0,80,438.746
31,2,0,80,441.347
31,2,0,80,440.484
31,2,0,80,440.752
31,2,0,80,441.908
31,2,0,80,441.120
31,2,0,80,439.943
31,2,0,80,441.192
31,2,0,80,440.496
31,2,0,80,421.245
31,2,0,80,439.364
31,2,0,80,440.946
31,2,0,80,439.954
31,2,0,80,441.574
31,2,0,80,439.711
31,2,0,80,440.349
31,2,0,80,440.061
31,2,0,80,441.477
31,2,0,80,441.151
31,2,0,80,441.437
31,2,0,80,441.168
31,2,0,80,440.194
31,2,0,80,439.906
31,2,0,80,440.933
31,2,0,80,438.700
31,2,0,80,440.116
31,2,0,80,441.661
31,2,0,80,440.132
31,2,0,80,440.659
31,2,0,80,632.018
31,2,0,80,440.823
31,2,0,80,438.757
31,2,0,80,439.765
31,2,0,80,431.551
31,2,0,80,439.855
31,2,0,80,440.178
31,2,0,80,440.890
31,2,0,80,440.861
31,2,0,80,440.925
31,2,0,80,439.637
31,2,0,80,440.145
31,2,0,80,440.153
31,2,0,80,439.606
31,2,0,80,441.651
31,2,0,80,440.900
31,2,0,80,440.945
31,2,0,80,439.138
31,2,0,80,425.609
31,2,0,80,440.099
31,2,0,80,439.977
31,2,0,80,439.189
31,2,0,80,439.827
31,2,0,80,440.205
32,2,0,80,0.203
32,2,0,80,891.003
32,2,0,80,69.738
32,2,0,80,786.779
32,2,0,80,197.809
32,2,0,80,500.019
32,2,0,80,442.991
32,2,0,80,443.702
32,2,0,80,497.044
32,2,0,80,440.330
32,2,0,80,439.894
32,2,0,80,516.031
32,2,0,80,439.039
32,2,0,80,443.177
32,2,0,80,441.741
32,2,0,80,441.434
32,2,0,80,440.220
32,2,0,80,444.136
32,2,0,80,451.884
32,2,0,80,441.837
32,2,0,80,442.975
32,2,0,80,441.890
32,2,0,80,439.250
32,2,0,80,441.518
32,2,0,80,437.452
32,2,0,80,439.534
32,2,0,80,438.709
32,2,0,80,453.476
32,2,0,80,439.466
32,2,0,80,442.696
32,2,0,80,441.038
32,2,0,80,416.620
32,2,0,80,439.257
32,2,0,80,440.006
32,2,0,80,440.829
32,2,0,80,441.263
32,2,0,80,440.234
32,2,0,80,441.150
32,2,0,80,440.065
32,2,0,80,441.240
32,2,0,80,429.341
32,2,0,80,440.997
32,2,0,80,439.191
32,2,0,80,442.884
32,2,0,80,438.207
32,2,0,80,441.456
32,2,0,80,440.260
32,2,0,80,441.453
32,2,0,80,439.073
32,2,0,80,430.192
32,2,0,80,453.959
32,2,0,80,441.819
32,2,0,80,438.735
32,2,0,80,441.484
32,2,0,80,439.733
32,2,0,80,441.389
32,2,0,80,439.434
32,2,0,80,449.127
32,2,0,80,430.728
32,2,0,80,441.958
32,2,0,80,1116.019
32,2,0,80,438.512
32,2,0,80,439.409
32,2,0,80,443.009
32,2,0,80,437.962
32,2,0,80,441.007
32,2,0,80,439.867
32,2,0,80,429.931
32,2,0,80,439.920
32,2,0,80,442.243
32,2,0,80,440.344
32,2,0,80,441.426
32,2,0,80,442.731
32,2,0,80,442.572
32,2,0,80,439.969
32,2,0,80,440.255
32,2,0,80,416.652
32,2,0,80,441.419
32,2,0,80,443.020
32,2,0,80,439.899
32,2,0,80,441.610
32,2,0,80,440.563
32,2,0,80,439.608
32,2,0,80,439.653
32,2,0,80,438.180
32,2,0,80,445.355
32,2,0,80,440.530
32,2,0,80,442.390
32,2,0,80,440.398
32,2,0,80,441.221
32,2,0,80,442.229
32,2,0,80,439.885
32,2,0,80,440.171
32,2,0,80,441.161
32,2,0,80,457.817
32,2,0,80,443.251
32,2,0,80,438.148
32,2,0,80,441.563
32,2,0,80,420.535
32,2,0,80,442.339
32,2,0,80,440.569
32,2,0,80,440.559
32,2,0,80,441.882
32,2,0,80,443.723
32,2,0,80,440.676
32,2,0,80,441.388
32,2,0,80,439.933
32,2,0,80,441.774
32,2,0,80,1117.057
32,2,0,80,441.716
32,2,0,80,441.058
32,2,0,80,407.974
32,2,0,80,440.093
32,2,0,80,440.249
32,2,0,80,451.090
32,2,0,80,439.636
32,2,0,80,439.236
32,2,0,80,442.041
32,2,0,80,439.475
32,2,0,80,440.909
32,2,0,80,425.991
32,2,0,80,441.388
32,2,0,80,440.248
32,2,0,80,442.127
32,2,0,80,438.931
32,2,0,80,440.513
32,2,0,80,438.151
32,2,0,80,440.918
32,2,0,80,438.982
32,2,0,80,445.009
32,2,0,80,437.998
32,2,0,80,439.710
32,2,0,80,439.237
32,2,0,80,439.449
32,2,0,80,441.179
32,2,0,80,442.576
32,2,0,80,439.103
32,2,0,80,439.314
32,2,0,80,441.248
32,2,0,80,440.034
32,2,0,80,438.561
32,2,0,80,440.106
32,2,0,80,439.836
32,2,0,80,439.289
32,2,0,80,440.223
32,2,0,80,440.268
32,2,0,80,398.832
32,2,0,80,440.562
32,2,0,80,438.404
32,2,0,80,440.171
32,2,0,80,442.513
32,2,0,80,442.113
32,2,0,80,438.510
32,2,0,80,440.555
32,2,0,80,438.156
32,2,0,80,423.979
32,2,0,80,441.080
32,2,0,80,447.162
32,2,0,80,440.411
32,2,0,80,441.178
32,2,0,80,440.575
32,2,0,80,439.917
32,2,0,80,441.036
32,2,0,80,439.526
32,2,0,80,449.700
32,2,0,80,441.838
32,2,0,80,440.272
32,2,0,80,442.984
32,2,0,80,450.029
32,2,0,80,441.148
32,2,0,80,441.990
32,2,0,80,439.980
32,2,0,80,439.784
32,2,0,80,441.496
32,2,0,80,440.874
32,2,0,80,440.105
32,2,0,80,440.298
32,2,0,80,442.528
32,2,0,80,440.814
32,2,0,80,440.674
32,2,0,80,440.701
32,2,0,80,439.264
32,2,0,80,441.976
32,2,0,80,443.855
32,2,0,80,441.011
32,2,0,80,441.593
32,2,0,80,1115.320
32,2,0,80,450.554
32,2,0,80,439.358
32,2,0,80,442.200
32,2,0,80,439.634
32,2,0,80,442.568
32,2,0,80,438.595
32,2,0,80,440.362
32,2,0,80,1385.310
32,2,0,80,446.786
32,2,0,80,443.757
32,2,0,80,444.894
32,2,0,80,444.958
32,2,0,80,423.985
32,2,0,80,445.771
32,2,0,80,445.668
32,2,0,80,439.102
32,2,0,80,439.628
32,2,0,80,439.859
32,2,0,80,440.497
32,2,0,80,439.134
32,2,0,80,439.513
32,2,0,80,438.669
32,2,0,80,445.677
32,2,0,80,439.722
32,2,0,80,440.323
32,2,0,80,439.090
32,2,0,80,441.469
32,2,0,80,440.866
32,2,0,80,442.300
32,2,0,80,438.549
32,2,0,80,440.372
32,2,0,80,421.084
32,2,0,80,443.536
32,2,0,80,442.674
32,2,0,80,441.664
32,2,0,80,439.320
32,2,0,80,440.328
32,2,0,80,437.151
32,2,0,80,441.992
32,2,0,80,436.593
32,2,0,80,443.157
32,2,0,80,444.813
32,2,0,80,440.525
32,2,0,80,440.774
32,2,0,80,443.893
32,2,0,80,438.457
32,2,0,80,444.687
32,2,0,80,440.640
32,2,0,80,442.333
32,2,0,80,440.600
32,2,0,80,430.645
32,2,0,80,437.302
32,2,0,80,439.773
32,2,0,80,440.096
32,2,0,80,443.308
32,2,0,80,439.038
32,2,0,80,441.879
32,2,0,80,440.906
32,2,0,80,440.007
32,2,0,80,437.293
32,2,0,80,440.338
32,2,0,80,440.401
32,2,0,80,440.891
32,2,0,80,440.195
32,2,0,80,443.000
32,2,0,80,440.471
32,2,0,80,440.405
32,2,0,80,439.321
32,2,0,80,440.792
32,2,0,80,421.115
32,2,0,80,439.530
32,2,0,80,439.112
32,2,0,80,441.009
32,2,0,80,440.536
32,2,0,80,440.544
32,2,0,80,439.793
32,2,0,80,439.894
32,2,0,80,440.698
32,2,0,80,441.336
32,2,0,80,439.714
32,2,0,80,443.389
32,2,0,80,438.490
32,2,0,80,439.980
32,2,0,80,439.839
32,2,0,80,439.681
32,2,0,80,439.485
32,2,0,80,442.271
32,2,0,80,438.391
32,2,0,80,441.917
32,2,0,80,1113.885
32,2,0,80,442.693
32,2,0,80,437.238
32,2,0,80,441.320
32,2,0,80,431.291
32,2,0,80,441.151
32,2,0,80,438.474
32,2,0,80,442.223
32,2,0,80,440.546
32,2,0,80,442.350
32,2,0,80,437.988
32,2,0,80,440.792
32,2,0,80,439.060
32,2,0,80,439.494
32,2,0,80,439.946
32,2,0,80,442.010
32,2,0,80,440.592
32,2,0,80,440.063
32,2,0,80,425.312
32,2,0,80,441.265
32,2,0,80,439.014
32,2,0,80,440.985
32,2,0,80,439.437
32,2,0,80,440.631
33,2,0,80,0.093
33,2,0,80,855.207
33,2,0,80,68.868
33,2,0,80,785.131
33,2,0,80,196.754
33,2,0,80,592.538
33,2,0,80,441.287
33,2,0,80,442.073
33,2,0,80,829.672
33,2,0,80,439.071
33,2,0,80,438.857
33,2,0,80,667.123
33,2,0,80,437.669
33,2,0,80,931.082
33,2,0,80,440.463
33,2,0,80,440.175
33,2,0,80,438.943
33,2,0,80,442.932
33,2,0,80,450.422
33,2,0,80,440.856
33,2,0,80,442.031
33,2,0,80,440.983
33,2,0,80,438.065
33,2,0,80,440.499
33,2,0,80,436.248
33,2,0,80,438.164
33,2,0,80,437.783
33,2,0,80,451.847
33,2,0,80,438.040
33,2,0,80,441.863
33,2,0,80,439.871
33,2,0,80,415.694
33,2,0,80,438.036
33,2,0,80,438.636
33,2,0,80,439.756
33,2,0,80,440.041
33,2,0,80,439.031
33,2,0,80,439.891
33,2,0,80,438.955
33,2,0,80,440.167
33,2,0,80,428.138
33,2,0,80,439.757
33,2,0,80,438.265
33,2,0,80,441.773
33,2,0,80,436.911
33,2,0,80,440.104
33,2,0,80,439.001
33,2,0,80,440.028
33,2,0,80,438.240
33,2,0,80,429.174
33,2,0,80,453.274
33,2,0,80,440.764
33,2,0,80,437.531
33,2,0,80,440.299
33,2,0,80,438.474
33,2,0,80,440.278
33,2,0,80,438.360
33,2,0,80,447.628
33,2,0,80,429.654
33,2,0,80,440.959
33,2,0,80,1115.204
33,2,0,80,437.271
33,2,0,80,437.687
33,2,0,80,442.195
33,2,0,80,436.425
33,2,0,80,439.767
33,2,0,80,438.738
33,2,0,80,428.302
33,2,0,80,438.217
33,2,0,80,440.966
33,2,0,80,438.604
33,2,0,80,440.223
33,2,0,80,441.935
33,2,0,80,440.832
33,2,0,80,438.766
33,2,0,80,439.181
33,2,0,80,414.912
33,2,0,80,440.401
33,2,0,80,441.835
33,2,0,80,438.269
33,2,0,80,440.796
33,2,0,80,439.434
33,2,0,80,438.034
33,2,0,80,438.265
33,2,0,80,437.217
33,2,0,80,444.114
33,2,0,80,438.771
33,2,0,80,441.242
33,2,0,80,438.954
33,2,0,80,440.202
33,2,0,80,441.155
33,2,0,80,438.774
33,2,0,80,438.931
33,2,0,80,935.010
33,2,0,80,957.981
33,2,0,80,442.307
33,2,0,80,437.778
33,2,0,80,440.230
33,2,0,80,419.683
33,2,0,80,441.450
33,2,0,80,439.477
33,2,0,80,439.393
33,2,0,80,440.808
33,2,0,80,442.020
33,2,0,80,440.084
33,2,0,80,440.499
33,2,0,80,439.007
33,2,0,80,440.571
33,2,0,80,1115.872
33,2,0,80,440.698
33,2,0,80,439.984
33,2,0,80,406.326
33,2,0,80,439.074
33,2,0,80,438.657
33,2,0,80,450.406
33,2,0,80,438.321
33,2,0,80,438.051
33,2,0,80,441.060
33,2,0,80,438.142
33,2,0,80,439.817
33,2,0,80,424.825
33,2,0,80,440.277
33,2,0,80,439.137
33,2,0,80,440.886
33,2,0,80,438.005
33,2,0,80,439.236
33,2,0,80,436.522
33,2,0,80,439.993
33,2,0,80,917.369
33,2,0,80,444.120
33,2,0,80,436.647
33,2,0,80,438.229
33,2,0,80,437.978
33,2,0,80,438.190
33,2,0,80,440.179
33,2,0,80,441.780
33,2,0,80,437.899
33,2,0,80,438.000
33,2,0,80,440.138
33,2,0,80,438.275
33,2,0,80,436.728
33,2,0,80,439.014
33,2,0,80,438.818
33,2,0,80,437.660
33,2,0,80,439.131
33,2,0,80,438.713
33,2,0,80,397.869
33,2,0,80,439.581
33,2,0,80,437.423
33,2,0,80,439.060
33,2,0,80,441.680
33,2,0,80,440.965
33,2,0,80,436.955
33,2,0,80,438.815
33,2,0,80,436.619
33,2,0,80,422.220
33,2,0,80,440.136
33,2,0,80,445.403
33,2,0,80,439.337
33,2,0,80,439.642
33,2,0,80,438.909
33,2,0,80,438.102
33,2,0,80,439.703
33,2,0,80,438.063
33,2,0,80,448.553
33,2,0,80,440.672
33,2,0,80,439.217
33,2,0,80,442.021
33,2,0,80,449.011
33,2,0,80,439.371
33,2,0,80,441.379
33,2,0,80,438.850
33,2,0,80,438.914
33,2,0,80,440.478
33,2,0,80,439.226
33,2,0,80,439.049
33,2,0,80,438.687
33,2,0,80,441.547
33,2,0,80,439.759
33,2,0,80,439.971
33,2,0,80,439.627
33,2,0,80,438.635
33,2,0,80,441.014
33,2,0,80,443.022
33,2,0,80,440.363
33,2,0,80,440.649
33,2,0,80,1114.357
33,2,0,80,449.813
33,2,0,80,437.914
33,2,0,80,441.182
33,2,0,80,438.745
33,2,0,80,441.735
33,2,0,80,437.502
33,2,0,80,439.436
33,2,0,80,1384.458
33,2,0,80,445.823
33,2,0,80,442.553
33,2,0,80,443.987
33,2,0,80,444.255
33,2,0,80,422.244
33,2,0,80,445.123
33,2,0,80,444.575
33,2,0,80,438.306
33,2,0,80,438.499
33,2,0,80,438.878
33,2,0,80,439.256
33,2,0,80,437.857
33,2,0,80,438.421
33,2,0,80,923.259
33,2,0,80,444.844
33,2,0,80,438.130
33,2,0,80,438.601
33,2,0,80,437.498
33,2,0,80,440.599
33,2,0,80,440.014
33,2,0,80,441.023
33,2,0,80,437.623
33,2,0,80,439.224
33,2,0,80,419.880
33,2,0,80,442.555
33,2,0,80,441.637
33,2,0,80,440.701
33,2,0,80,438.098
33,2,0,80,439.310
33,2,0,80,436.762
33,2,0,80,440.900
33,2,0,80,434.945
33,2,0,80,928.969
33,2,0,80,443.684
33,2,0,80,439.414
33,2,0,80,439.681
33,2,0,80,442.264
33,2,0,80,436.790
33,2,0,80,444.039
33,2,0,80,439.714
33,2,0,80,441.481
33,2,0,80,439.730
33,2,0,80,429.720
33,2,0,80,435.506
33,2,0,80,438.273
33,2,0,80,439.059
33,2,0,80,442.289
33,2,0,80,437.964
33,2,0,80,440.898
33,2,0,80,439.980
33,2,0,80,438.359
33,2,0,80,928.124
33,2,0,80,439.116
33,2,0,80,439.346
33,2,0,80,439.206
33,2,0,80,439.214
33,2,0,80,442.019
33,2,0,80,439.619
33,2,0,80,438.572
33,2,0,80,438.228
33,2,0,80,439.199
33,2,0,80,420.245
33,2,0,80,438.623
33,2,0,80,437.927
33,2,0,80,439.769
33,2,0,80,439.629
33,2,0,80,439.378
33,2,0,80,438.812
33,2,0,80,438.246
33,2,0,80,439.810
33,2,0,80,926.371
33,2,0,80,438.400
33,2,0,80,442.778
33,2,0,80,436.824
33,2,0,80,438.221
33,2,0,80,438.544
33,2,0,80,438.903
33,2,0,80,438.726
33,2,0,80,440.975
33,2,0,80,436.946
33,2,0,80,440.936
33,2,0,80,1112.589
33,2,0,80,441.563
33,2,0,80,436.127
33,2,0,80,440.320
33,2,0,80,430.495
33,2,0,80,439.948
33,2,0,80,437.604
33,2,0,80,441.205
33,2,0,80,439.583
33,2,0,80,441.517
33,2,0,80,436.970
33,2,0,80,439.330
33,2,0,80,438.190
33,2,0,80,437.920
33,2,0,80,438.502
33,2,0,80,440.844
33,2,0,80,439.796
33,2,0,80,439.119
33,2,0,80,424.220
33,2,0,80,440.080
33,2,0,80,438.144
33,2,0,80,439.985
33,2,0,80,438.327
33,2,0,80,438.835
34,2,0,80,0.296
34,2,0,80,1103.613
34,2,0,80,70.664
34,2,0,80,528.040
34,2,0,80,198.420
34,2,0,80,497.204
34,2,0,80,443.379
34,2,0,80,442.443
34,2,0,80,497.655
34,2,0,80,438.274
34,2,0,80,440.245
34,2,0,80,514.494
34,2,0,80,440.058
34,2,0,80,440.807
34,2,0,80,442.926
34,2,0,80,439.730
34,2,0,80,440.868
34,2,0,80,441.598
34,2,0,80,452.903
34,2,0,80,440.559
34,2,0,80,442.715
34,2,0,80,440.724
34,2,0,80,440.195
34,2,0,80,440.203
34,2,0,80,438.600
34,2,0,80,439.145
34,2,0,80,438.783
34,2,0,80,452.531
34,2,0,80,440.188
34,2,0,80,441.344
34,2,0,80,441.426
34,2,0,80,414.527
34,2,0,80,440.350
34,2,0,80,440.006
34,2,0,80,441.662
34,2,0,80,440.152
34,2,0,80,441.105
34,2,0,80,439.668
34,2,0,80,440.084
34,2,0,80,439.388
34,2,0,80,430.526
34,2,0,80,440.516
34,2,0,80,440.005
34,2,0,80,441.754
34,2,0,80,439.892
34,2,0,80,440.437
34,2,0,80,441.464
34,2,0,80,439.472
34,2,0,80,440.147
34,2,0,80,428.414
34,2,0,80,453.607
34,2,0,80,440.301
34,2,0,80,439.827
34,2,0,80,439.891
34,2,0,80,439.844
34,2,0,80,439.704
34,2,0,80,440.712
34,2,0,80,448.572
34,2,0,80,430.709
34,2,0,80,440.940
34,2,0,80,633.651
34,2,0,80,438.012
34,2,0,80,440.242
34,2,0,80,441.361
34,2,0,80,439.684
34,2,0,80,439.711
34,2,0,80,440.348
34,2,0,80,429.246
34,2,0,80,441.050
34,2,0,80,440.614
34,2,0,80,441.140
34,2,0,80,439.426
34,2,0,80,442.101
34,2,0,80,441.850
34,2,0,80,439.988
34,2,0,80,438.792
34,2,0,80,417.726
34,2,0,80,440.308
34,2,0,80,442.983
34,2,0,80,439.047
34,2,0,80,441.296
34,2,0,80,439.656
34,2,0,80,440.719
34,2,0,80,438.968
34,2,0,80,438.791
34,2,0,80,444.262
34,2,0,80,441.770
34,2,0,80,440.778
34,2,0,80,441.527
34,2,0,80,440.628
34,2,0,80,442.210
34,2,0,80,439.403
34,2,0,80,440.541
34,2,0,80,440.179
34,2,0,80,457.798
34,2,0,80,441.862
34,2,0,80,439.444
34,2,0,80,439.637
34,2,0,80,420.775
34,2,0,80,439.839
34,2,0,80,440.958
34,2,0,80,438.614
34,2,0,80,441.511
34,2,0,80,443.649
34,2,0,80,440.398
34,2,0,80,439.943
34,2,0,80,440.433
34,2,0,80,440.163
34,2,0,80,631.318
34,2,0,80,439.605
34,2,0,80,441.132
34,2,0,80,406.566
34,2,0,80,440.148
34,2,0,80,439.082
34,2,0,80,451.053
34,2,0,80,439.635
34,2,0,80,440.514
34,2,0,80,440.300
34,2,0,80,439.660
34,2,0,80,439.872
34,2,0,80,426.898
34,2,0,80,439.721
34,2,0,80,441.303
34,2,0,80,440.441
34,2,0,80,439.875
34,2,0,80,438.957
34,2,0,80,438.984
34,2,0,80,439.029
34,2,0,80,439.463
34,2,0,80,443.027
34,2,0,80,439.239
34,2,0,80,439.228
34,2,0,80,439.885
34,2,0,80,438.985
34,2,0,80,441.753
34,2,0,80,441.020
34,2,0,80,439.158
34,2,0,80,437.833
34,2,0,80,441.489
34,2,0,80,439.645
34,2,0,80,439.876
34,2,0,80,438.291
34,2,0,80,440.707
34,2,0,80,438.344
34,2,0,80,441.316
34,2,0,80,439.787
34,2,0,80,398.980
34,2,0,80,439.507
34,2,0,80,438.737
34,2,0,80,439.449
34,2,0,80,441.605
34,2,0,80,440.280
34,2,0,80,439.307
34,2,0,80,440.000
34,2,0,80,439.619
34,2,0,80,423.498
34,2,0,80,441.672
34,2,0,80,446.458
34,2,0,80,440.966
34,2,0,80,440.345
34,2,0,80,441.686
34,2,0,80,439.583
34,2,0,80,442.091
34,2,0,80,438.377
34,2,0,80,449.867
34,2,0,80,439.820
34,2,0,80,440.031
34,2,0,80,441.280
34,2,0,80,450.436
34,2,0,80,440.445
34,2,0,80,442.008
34,2,0,80,439.516
34,2,0,80,439.228
34,2,0,80,439.533
34,2,0,80,442.004
34,2,0,80,438.308
34,2,0,80,441.946
34,2,0,80,440.861
34,2,0,80,441.518
34,2,0,80,439.748
34,2,0,80,440.701
34,2,0,80,437.542
34,2,0,80,442.235
34,2,0,80,441.095
34,2,0,80,440.974
34,2,0,80,440.019
34,2,0,80,634.619
34,2,0,80,448.998
34,2,0,80,440.173
34,2,0,80,440.015
34,2,0,80,440.393
34,2,0,80,440.420
34,2,0,80,438.909
34,2,0,80,438.695
34,2,0,80,1385.291
34,2,0,80,446.082
34,2,0,80,445.053
34,2,0,80,443.209
34,2,0,80,445.014
34,2,0,80,423.670
34,2,0,80,445.734
34,2,0,80,444.686
34,2,0,80,439.602
34,2,0,80,438.536
34,2,0,80,440.544
34,2,0,80,439.422
34,2,0,80,439.245
34,2,0,80,438.290
34,2,0,80,440.262
34,2,0,80,443.584
34,2,0,80,440.481
34,2,0,80,439.545
34,2,0,80,440.183
34,2,0,80,440.561
34,2,0,80,440.644
34,2,0,80,440.189
34,2,0,80,438.567
34,2,0,80,439.168
34,2,0,80,421.898
34,2,0,80,441.129
34,2,0,80,442.081
34,2,0,80,440.534
34,2,0,80,439.116
34,2,0,80,438.624
34,2,0,80,438.299
34,2,0,80,440.918
34,2,0,80,438.167
34,2,0,80,441.453
34,2,0,80,445.165
34,2,0,80,438.691
34,2,0,80,441.311
34,2,0,80,443.004
34,2,0,80,439.790
34,2,0,80,441.668
34,2,0,80,441.973
34,2,0,80,440.444
34,2,0,80,440.267
34,2,0,80,429.571
34,2,0,80,438.561
34,2,0,80,439.069
34,2,0,80,440.410
34,2,0,80,440.993
34,2,0,80,440.686
34,2,0,80,440.250
34,2,0,80,440.924
34,2,0,80,439.044
34,2,0,80,437.848
34,2,0,80,438.023
34,2,0,80,440.568
34,2,0,80,439.743
34,2,0,80,440.177
34,2,0,80,441.352
34,2,0,80,440.434
34,2,0,80,439.386
34,2,0,80,440.487
34,2,0,80,439.773
34,2,0,80,420.652
34,2,0,80,438.771
34,2,0,80,440.353
34,2,0,80,439.417
34,2,0,80,441.054
34,2,0,80,439.007
34,2,0,80,439.645
34,2,0,80,439.357
34,2,0,80,440.846
34,2,0,80,440.577
34,2,0,80,441.103
34,2,0,80,440.482
34,2,0,80,439.490
34,2,0,80,439.257
34,2,0,80,440.265
34,2,0,80,437.996
34,2,0,80,439.448
34,2,0,80,441.030
34,2,0,80,439.502
34,2,0,80,439.973
34,2,0,80,631.369
34,2,0,80,440.118
34,2,0,80,438.034
34,2,0,80,439.227
34,2,0,80,430.921
34,2,0,80,439.077
34,2,0,80,439.529
34,2,0,80,440.278
34,2,0,80,440.083
34,2,0,80,440.239
34,2,0,80,438.932
34,2,0,80,439.422
34,2,0,80,439.430
34,2,0,80,438.920
34,2,0,80,441.002
34,2,0,80,440.195
34,2,0,80,440.389
34,2,0,80,438.563
34,2,0,80,424.997
34,2,0,80,439.265
34,2,0,80,439.421
34,2,0,80,438.466
34,2,0,80,439.567
34,2,0,80,439.612
35,2,0,80,0.074
35,2,0,80,949.133
35,2,0,80,69.072
35,2,0,80,786.169
35,2,0,80,197.402
35,2,0,80,593.297
35,2,0,80,442.232
35,2,0,80,443.018
35,2,0,80,830.394
35,2,0,80,439.867
35,2,0,80,439.524
35,2,0,80,667.901
35,2,0,80,438.466
35,2,0,80,442.789
35,2,0,80,441.056
35,2,0,80,440.972
35,2,0,80,439.758
35,2,0,80,443.692
35,2,0,80,451.200
35,2,0,80,441.486
35,2,0,80,442.512
35,2,0,80,441.539
35,2,0,80,438.825
35,2,0,80,441.074
35,2,0,80,436.934
35,2,0,80,439.072
35,2,0,80,438.302
35,2,0,80,452.791
35,2,0,80,439.022
35,2,0,80,442.493
35,2,0,80,440.668
35,2,0,80,416.287
35,2,0,80,438.758
35,2,0,80,439.396
35,2,0,80,440.422
35,2,0,80,440.801
35,2,0,80,439.772
35,2,0,80,440.688
35,2,0,80,439.677
35,2,0,80,440.833
35,2,0,80,428.953
35,2,0,80,440.553
35,2,0,80,438.839
35,2,0,80,442.440
35,2,0,80,437.707
35,2,0,80,440.808
35,2,0,80,439.816
35,2,0,80,440.917
35,2,0,80,438.795
35,2,0,80,429.785
35,2,0,80,453.738
35,2,0,80,441.412
35,2,0,80,438.124
35,2,0,80,441.058
35,2,0,80,439.307
35,2,0,80,441.149
35,2,0,80,439.101
35,2,0,80,448.443
35,2,0,80,430.340
35,2,0,80,441.607
35,2,0,80,1115.760
35,2,0,80,438.049
35,2,0,80,438.724
35,2,0,80,442.769
35,2,0,80,437.314
35,2,0,80,440.563
35,2,0,80,439.442
35,2,0,80,429.246
35,2,0,80,439.180
35,2,0,80,441.818
35,2,0,80,439.641
35,2,0,80,441.001
35,2,0,80,442.620
35,2,0,80,441.924
35,2,0,80,439.488
35,2,0,80,439.848
35,2,0,80,415.893
35,2,0,80,441.013
35,2,0,80,442.669
35,2,0,80,439.177
35,2,0,80,441.537
35,2,0,80,440.138
35,2,0,80,438.849
35,2,0,80,439.135
35,2,0,80,437.810
35,2,0,80,444.892
35,2,0,80,439.863
35,2,0,80,442.020
35,2,0,80,439.750
35,2,0,80,440.962
35,2,0,80,441.766
35,2,0,80,439.552
35,2,0,80,439.709
35,2,0,80,440.717
35,2,0,80,457.410
35,2,0,80,442.881
35,2,0,80,438.408
35,2,0,80,441.138
35,2,0,80,420.331
35,2,0,80,442.025
35,2,0,80,440.181
35,2,0,80,440.152
35,2,0,80,441.475
35,2,0,80,442.983
35,2,0,80,440.806
35,2,0,80,440.999
35,2,0,80,439.563
35,2,0,80,441.293
35,2,0,80,1116.668
35,2,0,80,441.402
35,2,0,80,440.670
35,2,0,80,407.363
35,2,0,80,439.815
35,2,0,80,439.546
35,2,0,80,450.721
35,2,0,80,439.062
35,2,0,80,438.552
35,2,0,80,441.856
35,2,0,80,438.994
35,2,0,80,440.632
35,2,0,80,425.695
35,2,0,80,441.018
35,2,0,80,439.823
35,2,0,80,441.701
35,2,0,80,438.580
35,2,0,80,440.051
35,2,0,80,437.448
35,2,0,80,440.752
35,2,0,80,438.686
35,2,0,80,444.639
35,2,0,80,437.258
35,2,0,80,438.970
35,2,0,80,438.774
35,2,0,80,439.005
35,2,0,80,440.735
35,2,0,80,442.428
35,2,0,80,438.770
35,2,0,80,438.833
35,2,0,80,440.823
35,2,0,80,439.313
35,2,0,80,437.802
35,2,0,80,439.755
35,2,0,80,439.467
35,2,0,80,438.567
35,2,0,80,439.835
35,2,0,80,439.565
35,2,0,80,398.425
35,2,0,80,440.341
35,2,0,80,437.867
35,2,0,80,439.801
35,2,0,80,442.217
35,2,0,80,441.706
35,2,0,80,437.955
35,2,0,80,439.834
35,2,0,80,437.583
35,2,0,80,423.202
35,2,0,80,440.877
35,2,0,80,446.422
35,2,0,80,440.023
35,2,0,80,440.568
35,2,0,80,439.928
35,2,0,80,439.158
35,2,0,80,440.462
35,2,0,80,438.934
35,2,0,80,449.256
35,2,0,80,441.468
35,2,0,80,439.865
35,2,0,80,442.651
35,2,0,80,449.733
35,2,0,80,440.482
35,2,0,80,441.861
35,2,0,80,439.610
35,2,0,80,439.488
35,2,0,80,441.163
35,2,0,80,440.282
35,2,0,80,439.753
35,2,0,80,439.613
35,2,0,80,442.103
35,2,0,80,440.370
35,2,0,80,440.564
35,2,0,80,440.220
35,2,0,80,439.098
35,2,0,80,441.699
35,2,0,80,443.615
35,2,0,80,441.030
35,2,0,80,441.223
35,2,0,80,1114.932
35,2,0,80,450.332
35,2,0,80,438.655
35,2,0,80,441.756
35,2,0,80,439.264
35,2,0,80,442.235
35,2,0,80,438.317
35,2,0,80,440.159
35,2,0,80,1384.940
35,2,0,80,446.360
35,2,0,80,443.313
35,2,0,80,444.728
35,2,0,80,444.644
35,2,0,80,423.300
35,2,0,80,445.827
35,2,0,80,445.187
35,2,0,80,438.750
35,2,0,80,439.203
35,2,0,80,439.544
35,2,0,80,440.053
35,2,0,80,438.653
35,2,0,80,439.069
35,2,0,80,438.299
35,2,0,80,445.363
35,2,0,80,439.019
35,2,0,80,439.750
35,2,0,80,438.313
35,2,0,80,441.192
35,2,0,80,440.552
35,2,0,80,441.838
35,2,0,80,438.272
35,2,0,80,439.928
35,2,0,80,420.658
35,2,0,80,443.129
35,2,0,80,442.323
35,2,0,80,441.460
35,2,0,80,438.969
35,2,0,80,440.032
35,2,0,80,437.263
35,2,0,80,441.678
35,2,0,80,435.890
35,2,0,80,442.750
35,2,0,80,444.406
35,2,0,80,440.137
35,2,0,80,440.311
35,2,0,80,443.134
35,2,0,80,437.883
35,2,0,80,444.502
35,2,0,80,440.140
35,2,0,80,441.963
35,2,0,80,440.156
35,2,0,80,430.276
35,2,0,80,436.487
35,2,0,80,439.310
35,2,0,80,439.781
35,2,0,80,442.864
35,2,0,80,438.594
35,2,0,80,441.472
35,2,0,80,440.481
35,2,0,80,439.304
35,2,0,80,436.904
35,2,0,80,439.912
35,2,0,80,440.050
35,2,0,80,440.299
35,2,0,80,439.807
35,2,0,80,442.815
35,2,0,80,440.064
35,2,0,80,439.683
35,2,0,80,438.840
35,2,0,80,440.181
35,2,0,80,420.800
35,2,0,80,439.234
35,2,0,80,438.650
35,2,0,80,440.547
35,2,0,80,440.166
35,2,0,80,440.156
35,2,0,80,439.349
35,2,0,80,439.116
35,2,0,80,440.421
35,2,0,80,440.836
35,2,0,80,439.067
35,2,0,80,443.205
35,2,0,80,437.842
35,2,0,80,439.202
35,2,0,80,439.359
35,2,0,80,439.441
35,2,0,80,439.301
35,2,0,80,441.790
35,2,0,80,437.687
35,2,0,80,441.529
35,2,0,80,1113.367
35,2,0,80,442.397
35,2,0,80,436.905
35,2,0,80,440.932
35,2,0,80,431.032
35,2,0,80,440.763
35,2,0,80,438.067
35,2,0,80,442.038
35,2,0,80,440.287
35,2,0,80,442.147
35,2,0,80,437.600
35,2,0,80,440.293
35,2,0,80,438.709
35,2,0,80,438.846
35,2,0,80,439.243
35,2,0,80,441.696
35,2,0,80,440.334
35,2,0,80,439.897
35,2,0,80,424.980
35,2,0,80,440.858
35,2,0,80,438.699
35,2,0,80,440.708
35,2,0,80,438.956
35,2,0,80,439.946
36,2,0,80,0.167
36,2,0,80,942.651
36,2,0,80,68.608
36,2,0,80,784.835
36,2,0,80,196.494
36,2,0,80,592.241
36,2,0,80,441.065
36,2,0,80,441.758
36,2,0,80,829.357
36,2,0,80,438.774
36,2,0,80,438.523
36,2,0,80,666.827
36,2,0,80,437.354
36,2,0,80,930.749
36,2,0,80,440.241
36,2,0,80,439.860
36,2,0,80,438.628
36,2,0,80,442.654
36,2,0,80,450.144
36,2,0,80,440.559
36,2,0,80,441.808
36,2,0,80,440.724
36,2,0,80,437.825
36,2,0,80,440.166
36,2,0,80,435.915
36,2,0,80,437.849
36,2,0,80,437.468
36,2,0,80,451.532
36,2,0,80,437.725
36,2,0,80,441.530
36,2,0,80,439.945
36,2,0,80,415.379
36,2,0,80,437.702
36,2,0,80,438.321
36,2,0,80,439.459
36,2,0,80,439.745
36,2,0,80,438.716
36,2,0,80,439.576
36,2,0,80,438.732
36,2,0,80,439.870
36,2,0,80,427.860
36,2,0,80,439.460
36,2,0,80,437.987
36,2,0,80,441.477
36,2,0,80,436.596
36,2,0,80,439.789
36,2,0,80,438.760
36,2,0,80,439.750
36,2,0,80,437.925
36,2,0,80,428.859
36,2,0,80,452.996
36,2,0,80,440.449
36,2,0,80,437.309
36,2,0,80,440.021
36,2,0,80,438.233
36,2,0,80,440.000
36,2,0,80,438.027
36,2,0,80,447.313
36,2,0,80,429.358
36,2,0,80,440.681
36,2,0,80,1114.889
36,2,0,80,436.956
36,2,0,80,437.464
36,2,0,80,441.880
36,2,0,80,436.110
36,2,0,80,439.433
36,2,0,80,438.441
36,2,0,80,428.005
36,2,0,80,437.884
36,2,0,80,440.688
36,2,0,80,438.381
36,2,0,80,439.908
36,2,0,80,441.638
36,2,0,80,440.517
36,2,0,80,438.469
36,2,0,80,438.866
36,2,0,80,414.615
36,2,0,80,440.086
36,2,0,80,441.613
36,2,0,80,437.973
36,2,0,80,440.481
36,2,0,80,439.137
36,2,0,80,437.701
36,2,0,80,437.968
36,2,0,80,436.977
36,2,0,80,443.836
36,2,0,80,438.567
36,2,0,80,440.927
36,2,0,80,438.639
36,2,0,80,439.887
36,2,0,80,440.840
36,2,0,80,438.478
36,2,0,80,438.616
36,2,0,80,934.732
36,2,0,80,957.759
36,2,0,80,441.992
36,2,0,80,437.444
36,2,0,80,439.915
36,2,0,80,419.387
36,2,0,80,441.154
36,2,0,80,439.162
36,2,0,80,439.059
36,2,0,80,440.604
36,2,0,80,441.723
36,2,0,80,439.769
36,2,0,80,440.184
36,2,0,80,438.692
36,2,0,80,440.256
36,2,0,80,1115.538
36,2,0,80,440.365
36,2,0,80,439.743
36,2,0,80,406.011
36,2,0,80,438.760
36,2,0,80,438.360
36,2,0,80,450.072
36,2,0,80,438.025
36,2,0,80,437.829
36,2,0,80,440.745
36,2,0,80,437.938
36,2,0,80,439.483
36,2,0,80,424.491
36,2,0,80,439.999
36,2,0,80,438.822
36,2,0,80,440.571
36,2,0,80,437.709
36,2,0,80,438.921
36,2,0,80,436.262
36,2,0,80,439.678
36,2,0,80,917.035
36,2,0,80,443.805
36,2,0,80,436.313
36,2,0,80,437.932
36,2,0,80,437.663
36,2,0,80,437.893
36,2,0,80,439.957
36,2,0,80,441.483
36,2,0,80,437.584
36,2,0,80,437.703
36,2,0,80,439.841
36,2,0,80,437.979
36,2,0,80,436.395
36,2,0,80,438.717
36,2,0,80,438.559
36,2,0,80,437.345
36,2,0,80,438.834
36,2,0,80,438.417
36,2,0,80,397.573
36,2,0,80,439.266
36,2,0,80,437.200
36,2,0,80,438.764
36,2,0,80,441.457
36,2,0,80,440.688
36,2,0,80,436.640
36,2,0,80,438.500
36,2,0,80,436.305
36,2,0,80,421.942
36,2,0,80,439.839
36,2,0,80,445.088
36,2,0,80,439.096
36,2,0,80,439.308
36,2,0,80,438.631
36,2,0,80,437.806
36,2,0,80,439.370
36,2,0,80,437.767
36,2,0,80,448.238
36,2,0,80,440.375
36,2,0,80,439.013
36,2,0,80,441.706
36,2,0,80,448.696
36,2,0,80,439.056
36,2,0,80,441.064
36,2,0,80,438.535
36,2,0,80,438.636
36,2,0,80,440.181
36,2,0,80,439.004
36,2,0,80,438.771
36,2,0,80,438.428
36,2,0,80,441.251
36,2,0,80,439.444
36,2,0,80,439.656
36,2,0,80,439.405
36,2,0,80,438.283
36,2,0,80,440.791
36,2,0,80,442.707
36,2,0,80,440.067
36,2,0,80,440.316
36,2,0,80,1114.024
36,2,0,80,449.480
36,2,0,80,437.599
36,2,0,80,440.867
36,2,0,80,438.523
36,2,0,80,441.420
36,2,0,80,437.187
36,2,0,80,439.103
36,2,0,80,1384.143
36,2,0,80,445.508
36,2,0,80,442.257
36,2,0,80,443.654
36,2,0,80,444.051
36,2,0,80,421.930
36,2,0,80,444.808
36,2,0,80,444.260
36,2,0,80,437.991
36,2,0,80,438.221
36,2,0,80,438.563
36,2,0,80,438.960
36,2,0,80,437.653
36,2,0,80,438.106
36,2,0,80,922.963
36,2,0,80,444.529
36,2,0,80,437.834
36,2,0,80,438.286
36,2,0,80,437.276
36,2,0,80,440.302
36,2,0,80,439.774
36,2,0,80,440.763
36,2,0,80,437.327
36,2,0,80,438.891
36,2,0,80,419.621
36,2,0,80,442.240
36,2,0,80,441.341
36,2,0,80,440.349
36,2,0,80,437.857
36,2,0,80,439.013
36,2,0,80,436.466
36,2,0,80,440.585
36,2,0,80,434.630
36,2,0,80,928.617
36,2,0,80,443.369
36,2,0,80,439.118
36,2,0,80,439.459
36,2,0,80,441.967
36,2,0,80,436.531
36,2,0,80,443.706
36,2,0,80,439.418
36,2,0,80,441.185
36,2,0,80,439.415
36,2,0,80,429.423
36,2,0,80,435.265
36,2,0,80,437.940
36,2,0,80,438.744
36,2,0,80,441.974
36,2,0,80,437.649
36,2,0,80,440.620
36,2,0,80,439.758
36,2,0,80,438.025
36,2,0,80,927.883
36,2,0,80,438.801
36,2,0,80,439.050
36,2,0,80,438.873
36,2,0,80,438.918
36,2,0,80,441.704
36,2,0,80,439.305
36,2,0,80,438.276
36,2,0,80,438.006
36,2,0,80,438.866
36,2,0,80,419.911
36,2,0,80,438.327
36,2,0,80,437.594
36,2,0,80,439.473
36,2,0,80,439.295
36,2,0,80,439.063
36,2,0,80,438.571
36,2,0,80,437.949
36,2,0,80,439.495
36,2,0,80,926.074
36,2,0,80,438.085
36,2,0,80,442.463
36,2,0,80,436.527
36,2,0,80,437.906
36,2,0,80,438.321
36,2,0,80,438.589
36,2,0,80,438.449
36,2,0,80,440.679
36,2,0,80,436.650
36,2,0,80,440.621
36,2,0,80,1112.348
36,2,0,80,441.248
36,2,0,80,435.923
36,2,0,80,440.005
36,2,0,80,430.199
36,2,0,80,439.651
36,2,0,80,437.289
36,2,0,80,440.890
36,2,0,80,439.268
36,2,0,80,441.202
36,2,0,80,436.729
36,2,0,80,439.015
36,2,0,80,437.893
36,2,0,80,437.587
36,2,0,80,438.187
36,2,0,80,440.547
36,2,0,80,439.481
36,2,0,80,438.786
36,2,0,80,423.961
36,2,0,80,439.802
36,2,0,80,437.829
36,2,0,80,439.689
36,2,0,80,437.993
36,2,0,80,438.501
37,3,0,70,0.463
37,3,0,70,101.020
37,3,0,70,457.910
37,3,0,70,624.524
37,3,0,70,3861.788
37,3,0,70,2971.943
37,3,0,70,3699.239
37,3,0,70,2969.838
37,3,0,70,3973.632
37,3,0,70,3017.251
37,3,0,70,3974.286
37,3,0,70,2982.887
37,3,0,70,3474.146
37,3,0,70,2972.652
37,3,0,70,3972.724
37,3,0,70,2971.121
37,3,0,70,3970.229
37,3,0,70,2984.497
37,3,0,70,3971.884
37,3,0,70,2972.503
37,3,0,70,3469.873
37,3,0,70,2971.897
37,3,0,70,3971.543
37,3,0,70,2971.033
37,3,0,70,3972.216
37,3,0,70,2972.113
37,3,0,70,3971.259
37,3,0,70,2971.471
37,3,0,70,3468.749
37,3,0,70,2972.014
37,3,0,70,3971.604
37,3,0,70,2971.149
37,3,0,70,3985.610
37,3,0,70,2973.525
37,3,0,70,3973.264
37,3,0,70,2971.531
37,3,0,70,3970.195
37,3,0,70,2981.222
37,3,0,70,3473.037
37,3,0,70,3147.134
37,3,0,70,3971.411
37,3,0,70,2975.641
37,3,0,70,3981.769
37,3,0,70,2969.240
37,3,0,70,3970.108
37,3,0,70,2973.764
37,3,0,70,3973.484
37,3,0,70,2972.677
37,3,0,70,3971.305
37,3,0,70,2971.757
37,3,0,70,3978.088
37,3,0,70,2975.633
37,3,0,70,3974.131
37,3,0,70,2971.288
37,3,0,70,3981.544
37,3,0,70,2971.960
37,3,0,70,3972.939
37,3,0,70,2973.910
37,3,0,70,3971.334
37,3,0,70,2973.787
37,3,0,70,3970.618
37,3,0,70,2966.978
37,3,0,70,3973.735
37,3,0,70,2970.743
37,3,0,70,3451.595
37,3,0,70,2972.415
37,3,0,70,3970.932
37,3,0,70,2973.736
37,3,0,70,3971.548
37,3,0,70,2973.779
37,3,0,70,3472.538
37,3,0,70,3147.710
37,3,0,70,3971.394
37,3,0,70,2971.142
37,3,0,70,3971.159
37,3,0,70,2982.222
37,3,0,70,3970.572
37,3,0,70,2973.487
37,3,0,70,3974.059
37,3,0,70,2973.623
37,3,0,70,3971.732
37,3,0,70,2972.295
37,3,0,70,3972.293
37,3,0,70,2969.727
37,3,0,70,3949.132
37,3,0,70,2977.159
37,3,0,70,3970.379
37,3,0,70,2971.165
37,3,0,70,3972.551
37,3,0,70,2975.004
37,3,0,70,3970.465
37,3,0,70,2973.825
37,3,0,70,3468.640
37,3,0,70,2971.682
37,3,0,70,3968.939
37,3,0,70,2972.207
37,3,0,70,3429.781
37,3,0,70,2973.176
37,3,0,70,3471.065
37,3,0,70,2975.330
37,3,0,70,3468.867
37,3,0,70,2972.058
37,3,0,70,3454.206
37,3,0,70,2973.193
37,3,0,70,3972.469
37,3,0,70,2971.884
37,3,0,70,3971.086
37,3,0,70,2972.520
37,3,0,70,3981.332
37,3,0,70,2974.359
37,3,0,70,3973.949
37,3,0,70,2989.642
37,3,0,70,3973.714
37,3,0,70,2972.426
37,3,0,70,3973.035
37,3,0,70,2971.691
37,3,0,70,3970.282
37,3,0,70,2973.142
37,3,0,70,3972.139
37,3,0,70,2971.796
37,3,0,70,3973.238
37,3,0,70,2974.227
37,3,0,70,3472.691
37,3,0,70,3146.399
37,3,0,70,3970.009
37,3,0,70,2974.609
37,3,0,70,3972.663
37,3,0,70,2970.319
37,3,0,70,4416.037
37,3,0,70,3144.361
37,3,0,70,3976.952
37,3,0,70,2978.053
37,3,0,70,3977.847
37,3,0,70,2977.429
37,3,0,70,3971.445
37,3,0,70,2972.250
37,3,0,70,3971.414
37,3,0,70,2970.385
37,3,0,70,3976.642
37,3,0,70,2970.669
37,3,0,70,3970.537
37,3,0,70,2972.434
37,3,0,70,3974.728
37,3,0,70,2969.977
37,3,0,70,3451.885
37,3,0,70,2974.983
37,3,0,70,3972.925
37,3,0,70,2970.952
37,3,0,70,3969.246
37,3,0,70,2972.328
37,3,0,70,3960.881
37,3,0,70,2975.241
37,3,0,70,3970.776
37,3,0,70,2975.636
37,3,0,70,3977.060
37,3,0,70,2972.549
37,3,0,70,3971.177
37,3,0,70,2970.518
37,3,0,70,3470.148
37,3,0,70,2970.931
37,3,0,70,3969.559
37,3,0,70,2974.159
37,3,0,70,3971.194
37,3,0,70,2960.110
37,3,0,70,3972.867
37,3,0,70,2973.134
37,3,0,70,3975.095
37,3,0,70,2971.103
37,3,0,70,3970.971
37,3,0,70,2972.664
37,3,0,70,3970.069
37,3,0,70,2970.504
37,3,0,70,3972.835
37,3,0,70,2972.769
37,3,0,70,3982.211
37,3,0,70,2971.404
37,3,0,70,3970.013
37,3,0,70,2976.243
37,3,0,70,3470.207
37,3,0,70,2970.564
37,3,0,70,3971.247
37,3,0,70,2974.681
37,3,0,70,3473.033
37,3,0,70,3144.575
37,3,0,70,3968.962
37,3,0,70,2974.248
37,3,0,70,3971.690
37,3,0,70,2969.439
37,3,0,70,3971.918
37,3,0,70,2974.278
37,3,0,70,3971.072
37,3,0,70,2970.007
37,3,0,70,3970.930
37,3,0,70,2973.123
37,3,0,70,3970.992
37,3,0,70,2971.518
37,3,0,70,3970.868
37,3,0,70,2972.339
37,3,0,70,3470.969
37,3,0,70,18846.929
38,3,0,70,0.112
38,3,0,70,100.003
38,3,0,70,1069.630
38,3,0,70,623.265
38,3,0,70,3861.029
38,3,0,70,2974.666
38,3,0,70,3697.999
38,3,0,70,2968.857
38,3,0,70,3972.429
38,3,0,70,3015.919
38,3,0,70,3973.565
38,3,0,70,2981.665
38,3,0,70,3472.906
38,3,0,70,2971.468
38,3,0,70,3971.391
38,3,0,70,2970.084
38,3,0,70,3969.101
38,3,0,70,2983.498
38,3,0,70,3970.903
38,3,0,70,2971.355
38,3,0,70,3970.557
38,3,0,70,2970.565
38,3,0,70,3970.192
38,3,0,70,2969.793
38,3,0,70,3971.328
38,3,0,70,2971.392
38,3,0,70,3970.445
38,3,0,70,2970.360
38,3,0,70,3968.766
38,3,0,70,2971.163
38,3,0,70,3970.327
38,3,0,70,2970.798
38,3,0,70,3984.425
38,3,0,70,2972.156
38,3,0,70,3972.098
38,3,0,70,2970.458
38,3,0,70,3969.382
38,3,0,70,2979.816
38,3,0,70,3472.131
38,3,0,70,3145.987
38,3,0,70,3970.282
38,3,0,70,2974.494
38,3,0,70,3980.492
38,3,0,70,2968.148
38,3,0,70,3968.961
38,3,0,70,2972.450
38,3,0,70,3972.244
38,3,0,70,2971.493
38,3,0,70,3970.157
38,3,0,70,2970.666
38,3,0,70,3977.182
38,3,0,70,2974.727
38,3,0,70,3973.002
38,3,0,70,2970.066
38,3,0,70,3980.434
38,3,0,70,2970.831
38,3,0,70,3971.607
38,3,0,70,2972.633
38,3,0,70,3970.057
38,3,0,70,2972.473
38,3,0,70,3969.396
38,3,0,70,2965.627
38,3,0,70,3972.587
38,3,0,70,2970.058
38,3,0,70,3950.390
38,3,0,70,2971.101
38,3,0,70,3969.969
38,3,0,70,2972.496
38,3,0,70,3970.753
38,3,0,70,2972.687
38,3,0,70,3471.391
38,3,0,70,3146.525
38,3,0,70,3970.154
38,3,0,70,2969.865
38,3,0,70,3969.956
38,3,0,70,2981.260
38,3,0,70,3969.610
38,3,0,70,2972.340
38,3,0,70,3972.912
38,3,0,70,2973.142
38,3,0,70,3970.936
38,3,0,70,2971.296
38,3,0,70,3971.127
38,3,0,70,2968.858
38,3,0,70,3948.282
38,3,0,70,2975.808
38,3,0,70,3969.324
38,3,0,70,2969.851
38,3,0,70,3971.367
38,3,0,70,2973.709
38,3,0,70,3969.392
38,3,0,70,2972.529
38,3,0,70,3967.249
38,3,0,70,2970.517
38,3,0,70,3967.811
38,3,0,70,2971.097
38,3,0,70,3930.243
38,3,0,70,2971.899
38,3,0,70,3974.082
38,3,0,70,2974.164
38,3,0,70,3967.217
38,3,0,70,2971.151
38,3,0,70,3952.927
38,3,0,70,2971.972
38,3,0,70,3971.581
38,3,0,70,2970.867
38,3,0,70,3969.994
38,3,0,70,2971.354
38,3,0,70,3980.241
38,3,0,70,2973.101
38,3,0,70,3972.969
38,3,0,70,2988.532
38,3,0,70,3972.456
38,3,0,70,2971.205
38,3,0,70,3971.925
38,3,0,70,2970.433
38,3,0,70,3969.301
38,3,0,70,2972.217
38,3,0,70,3971.177
38,3,0,70,2970.759
38,3,0,70,3972.016
38,3,0,70,2973.191
38,3,0,70,3472.303
38,3,0,70,3145.067
38,3,0,70,3968.769
38,3,0,70,2973.518
38,3,0,70,3971.756
38,3,0,70,2969.394
38,3,0,70,5917.048
38,3,0,70,3236.528
38,3,0,70,3976.009
38,3,0,70,2976.739
38,3,0,70,3976.940
38,3,0,70,2976.393
38,3,0,70,3970.428
38,3,0,70,2970.917
38,3,0,70,3970.545
38,3,0,70,2969.294
38,3,0,70,3975.514
38,3,0,70,2969.651
38,3,0,70,3969.353
38,3,0,70,2971.213
38,3,0,70,3973.562
38,3,0,70,2974.922
38,3,0,70,3951.772
38,3,0,70,2973.799
38,3,0,70,3971.870
38,3,0,70,2970.304
38,3,0,70,3968.173
38,3,0,70,2971.033
38,3,0,70,3959.641
38,3,0,70,2974.149
38,3,0,70,3969.444
38,3,0,70,2974.359
38,3,0,70,3976.301
38,3,0,70,2971.420
38,3,0,70,3970.103
38,3,0,70,2969.482
38,3,0,70,3968.776
38,3,0,70,2969.951
38,3,0,70,3968.393
38,3,0,70,2972.938
38,3,0,70,3970.195
38,3,0,70,2959.259
38,3,0,70,3972.182
38,3,0,70,2972.042
38,3,0,70,3974.003
38,3,0,70,2970.233
38,3,0,70,3969.842
38,3,0,70,2971.591
38,3,0,70,3969.181
38,3,0,70,2969.190
38,3,0,70,3971.835
38,3,0,70,2971.844
38,3,0,70,3981.267
38,3,0,70,2970.386
38,3,0,70,3968.773
38,3,0,70,2975.115
38,3,0,70,3968.872
38,3,0,70,2969.269
38,3,0,70,3970.563
38,3,0,70,2973.423
38,3,0,70,3472.015
38,3,0,70,3143.539
38,3,0,70,3967.704
38,3,0,70,2973.064
38,3,0,70,3970.654
38,3,0,70,2968.755
38,3,0,70,3970.679
38,3,0,70,2973.224
38,3,0,70,3970.129
38,3,0,70,2968.989
38,3,0,70,3969.579
38,3,0,70,2971.958
38,3,0,70,3970.048
38,3,0,70,2970.612
38,3,0,70,3970.146
38,3,0,70,2971.081
38,3,0,70,3470.007
38,3,0,70,18699.671
39,3,0,70,0.130
39,3,0,70,99.669
39,3,0,70,977.223
39,3,0,70,622.820
39,3,0,70,3859.936
39,3,0,70,2973.666
39,3,0,70,3698.147
39,3,0,70,2969.005
39,3,0,70,3970.836
39,3,0,70,3016.085
39,3,0,70,3973.546
39,3,0,70,2981.572
39,3,0,70,3472.054
39,3,0,70,2970.115
39,3,0,70,3971.335
39,3,0,70,2970.510
39,3,0,70,3968.137
39,3,0,70,2983.590
39,3,0,70,3970.180
39,3,0,70,2970.096
39,3,0,70,3970.371
39,3,0,70,2970.713
39,3,0,70,3970.174
39,3,0,70,2969.459
39,3,0,70,3969.994
39,3,0,70,2971.002
39,3,0,70,3970.278
39,3,0,70,2969.804
39,3,0,70,3968.061
39,3,0,70,2970.496
39,3,0,70,3970.271
39,3,0,70,2969.520
39,3,0,70,3984.573
39,3,0,70,2971.933
39,3,0,70,3972.431
39,3,0,70,2970.569
39,3,0,70,3969.326
39,3,0,70,2980.500
39,3,0,70,3472.260
39,3,0,70,3143.413
39,3,0,70,3969.819
39,3,0,70,2975.216
39,3,0,70,3979.565
39,3,0,70,2967.648
39,3,0,70,3967.627
39,3,0,70,2972.394
39,3,0,70,3971.114
39,3,0,70,2971.085
39,3,0,70,3970.046
39,3,0,70,2970.739
39,3,0,70,3975.978
39,3,0,70,2973.264
39,3,0,70,3973.428
39,3,0,70,2969.899
39,3,0,70,3980.878
39,3,0,70,2971.016
39,3,0,70,3972.366
39,3,0,70,2972.652
39,3,0,70,3969.983
39,3,0,70,2971.213
39,3,0,70,3969.377
39,3,0,70,2965.774
39,3,0,70,3971.365
39,3,0,70,2969.910
39,3,0,70,3950.278
39,3,0,70,2969.786
39,3,0,70,3968.765
39,3,0,70,2970.959
39,3,0,70,3971.142
39,3,0,70,2971.650
39,3,0,70,3469.891
39,3,0,70,3146.266
39,3,0,70,3968.764
39,3,0,70,2970.161
39,3,0,70,3969.178
39,3,0,70,2981.297
39,3,0,70,3969.795
39,3,0,70,2972.321
39,3,0,70,3973.041
39,3,0,70,2973.272
39,3,0,70,3969.751
39,3,0,70,2970.963
39,3,0,70,3970.386
39,3,0,70,2967.635
39,3,0,70,3947.207
39,3,0,70,2975.493
39,3,0,70,3969.342
39,3,0,70,2968.536
39,3,0,70,3970.737
39,3,0,70,2972.931
39,3,0,70,3969.484
39,3,0,70,2972.770
39,3,0,70,3967.156
39,3,0,70,2970.405
39,3,0,70,3967.773
39,3,0,70,2970.911
39,3,0,70,3930.502
39,3,0,70,2971.861
39,3,0,70,3974.526
39,3,0,70,2974.145
39,3,0,70,3966.032
39,3,0,70,2970.688
39,3,0,70,3953.038
39,3,0,70,2972.490
39,3,0,70,3971.525
39,3,0,70,2971.088
39,3,0,70,3968.845
39,3,0,70,2970.446
39,3,0,70,3980.111
39,3,0,70,2973.100
39,3,0,70,3972.394
39,3,0,70,2988.125
39,3,0,70,3972.974
39,3,0,70,2971.186
39,3,0,70,3971.628
39,3,0,70,2969.507
39,3,0,70,3969.504
39,3,0,70,2972.550
39,3,0,70,3971.436
39,3,0,70,2970.963
39,3,0,70,3972.238
39,3,0,70,2972.709
39,3,0,70,3471.654
39,3,0,70,3145.640
39,3,0,70,3968.639
39,3,0,70,2972.314
39,3,0,70,3970.552
39,3,0,70,2969.412
39,3,0,70,6112.028
39,3,0,70,4727.094
39,3,0,70,3974.934
39,3,0,70,2977.220
39,3,0,70,3977.292
39,3,0,70,2976.022
39,3,0,70,3969.761
39,3,0,70,2969.584
39,3,0,70,3969.748
39,3,0,70,2968.941
39,3,0,70,3974.902
39,3,0,70,2969.077
39,3,0,70,3969.371
39,3,0,70,2969.583
39,3,0,70,3972.895
39,3,0,70,2975.015
39,3,0,70,3951.309
39,3,0,70,2973.446
39,3,0,70,3971.796
39,3,0,70,2970.323
39,3,0,70,3967.580
39,3,0,70,2971.199
39,3,0,70,3958.586
39,3,0,70,2972.927
39,3,0,70,3968.554
39,3,0,70,2974.229
39,3,0,70,3976.245
39,3,0,70,2971.031
39,3,0,70,3969.399
39,3,0,70,2969.630
39,3,0,70,3968.609
39,3,0,70,2969.728
39,3,0,70,3967.393
39,3,0,70,2972.790
39,3,0,70,3969.528
39,3,0,70,2959.147
39,3,0,70,3972.589
39,3,0,70,2971.246
39,3,0,70,3972.966
39,3,0,70,2970.381
39,3,0,70,3969.768
39,3,0,70,2971.294
39,3,0,70,3968.718
39,3,0,70,2969.689
39,3,0,70,3972.205
39,3,0,70,2971.825
39,3,0,70,3980.952
39,3,0,70,2969.571
39,3,0,70,3968.958
39,3,0,70,2975.762
39,3,0,70,3967.742
39,3,0,70,2967.546
39,3,0,70,3970.599
39,3,0,70,2973.515
39,3,0,70,3472.293
39,3,0,70,3142.427
39,3,0,70,3968.130
39,3,0,70,2971.915
39,3,0,70,3969.876
39,3,0,70,2967.551
39,3,0,70,3970.086
39,3,0,70,2973.557
39,3,0,70,3969.684
39,3,0,70,2969.100
39,3,0,70,3968.746
39,3,0,70,2971.846
39,3,0,70,3969.122
39,3,0,70,2970.685
39,3,0,70,3969.905
39,3,0,70,2970.858
39,3,0,70,3469.081
39,3,0,70,18606.671
40,3,0,70,0.093
40,3,0,70,100.484
40,3,0,70,1257.222
40,3,0,70,623.987
40,3,0,70,3861.307
40,3,0,70,2971.499
40,3,0,70,3698.813
40,3,0,70,2969.394
40,3,0,70,3973.151
40,3,0,70,3016.715
40,3,0,70,3973.768
40,3,0,70,2982.387
40,3,0,70,3473.517
40,3,0,70,2972.078
40,3,0,70,3972.206
40,3,0,70,2970.621
40,3,0,70,3969.860
40,3,0,70,2983.960
40,3,0,70,3971.403
40,3,0,70,2972.022
40,3,0,70,3971.057
40,3,0,70,2971.306
40,3,0,70,3971.063
40,3,0,70,2970.552
40,3,0,70,3971.828
40,3,0,70,2971.725
40,3,0,70,3970.852
40,3,0,70,2970.897
40,3,0,70,3969.099
40,3,0,70,2971.533
40,3,0,70,3971.104
40,3,0,70,2970.835
40,3,0,70,3985.073
40,3,0,70,2972.970
40,3,0,70,3972.690
40,3,0,70,2971.013
40,3,0,70,3969.715
40,3,0,70,2980.649
40,3,0,70,3472.556
40,3,0,70,3146.635
40,3,0,70,3970.893
40,3,0,70,2975.123
40,3,0,70,3981.214
40,3,0,70,2968.740
40,3,0,70,3969.590
40,3,0,70,2973.209
40,3,0,70,3973.022
40,3,0,70,2972.196
40,3,0,70,3970.787
40,3,0,70,2971.184
40,3,0,70,3977.533
40,3,0,70,2975.282
40,3,0,70,3973.558
40,3,0,70,2970.825
40,3,0,70,3981.119
40,3,0,70,2971.516
40,3,0,70,3972.384
40,3,0,70,2973.337
40,3,0,70,3970.724
40,3,0,70,2973.269
40,3,0,70,3970.100
40,3,0,70,2966.441
40,3,0,70,3973.291
40,3,0,70,2970.243
40,3,0,70,3950.945
40,3,0,70,2971.823
40,3,0,70,3970.432
40,3,0,70,2973.125
40,3,0,70,3971.068
40,3,0,70,2973.205
40,3,0,70,3472.095
40,3,0,70,3147.247
40,3,0,70,3970.839
40,3,0,70,2970.625
40,3,0,70,3970.604
40,3,0,70,2981.704
40,3,0,70,3970.147
40,3,0,70,2973.007
40,3,0,70,3973.523
40,3,0,70,2973.235
40,3,0,70,3971.325
40,3,0,70,2971.852
40,3,0,70,3971.701
40,3,0,70,2969.320
40,3,0,70,3948.615
40,3,0,70,2976.549
40,3,0,70,3969.954
40,3,0,70,2970.610
40,3,0,70,3972.034
40,3,0,70,2974.449
40,3,0,70,3969.928
40,3,0,70,2973.362
40,3,0,70,3967.379
40,3,0,70,2971.202
40,3,0,70,3968.551
40,3,0,70,2971.707
40,3,0,70,3930.705
40,3,0,70,2972.621
40,3,0,70,3974.267
40,3,0,70,2974.849
40,3,0,70,3967.347
40,3,0,70,2971.595
40,3,0,70,3953.501
40,3,0,70,2972.657
40,3,0,70,3971.951
40,3,0,70,2971.422
40,3,0,70,3970.512
40,3,0,70,2972.002
40,3,0,70,3980.796
40,3,0,70,2973.823
40,3,0,70,3973.450
40,3,0,70,2989.088
40,3,0,70,3973.159
40,3,0,70,2971.908
40,3,0,70,3972.480
40,3,0,70,2971.118
40,3,0,70,3969.801
40,3,0,70,2972.753
40,3,0,70,3971.677
40,3,0,70,2971.333
40,3,0,70,3972.646
40,3,0,70,2973.765
40,3,0,70,3472.136
40,3,0,70,3145.900
40,3,0,70,3969.417
40,3,0,70,2974.129
40,3,0,70,3972.182
40,3,0,70,2969.838
40,3,0,70,4415.593
40,3,0,70,3143.788
40,3,0,70,3976.453
40,3,0,70,2977.535
40,3,0,70,3977.329
40,3,0,70,2977.004
40,3,0,70,3970.965
40,3,0,70,2971.695
40,3,0,70,3970.878
40,3,0,70,2969.868
40,3,0,70,3976.087
40,3,0,70,2970.133
40,3,0,70,3970.019
40,3,0,70,2971.842
40,3,0,70,3974.303
40,3,0,70,2969.441
40,3,0,70,3952.216
40,3,0,70,2974.372
40,3,0,70,3972.389
40,3,0,70,2970.582
40,3,0,70,3968.691
40,3,0,70,2971.829
40,3,0,70,3960.363
40,3,0,70,2974.742
40,3,0,70,3970.203
40,3,0,70,2975.137
40,3,0,70,3976.560
40,3,0,70,2971.939
40,3,0,70,3970.622
40,3,0,70,2970.037
40,3,0,70,3969.479
40,3,0,70,2970.358
40,3,0,70,3969.022
40,3,0,70,2973.586
40,3,0,70,3970.621
40,3,0,70,2959.610
40,3,0,70,3972.404
40,3,0,70,2972.635
40,3,0,70,3974.725
40,3,0,70,2970.659
40,3,0,70,3970.435
40,3,0,70,2972.183
40,3,0,70,3969.515
40,3,0,70,2969.930
40,3,0,70,3972.317
40,3,0,70,2972.251
40,3,0,70,3981.693
40,3,0,70,2970.905
40,3,0,70,3969.495
40,3,0,70,2975.725
40,3,0,70,3969.279
40,3,0,70,2969.935
40,3,0,70,3970.803
40,3,0,70,2974.126
40,3,0,70,3472.589
40,3,0,70,3144.038
40,3,0,70,3968.407
40,3,0,70,2973.693
40,3,0,70,3971.154
40,3,0,70,2969.032
40,3,0,70,3971.401
40,3,0,70,2973.724
40,3,0,70,3970.740
40,3,0,70,2969.470
40,3,0,70,3970.357
40,3,0,70,2972.587
40,3,0,70,3970.455
40,3,0,70,2970.982
40,3,0,70,3970.313
40,3,0,70,2971.803
40,3,0,70,3470.599
40,3,0,70,18886.818
41,3,0,70,0.111
41,3,0,70,100.003
41,3,0,70,1128.519
41,3,0,70,623.043
41,3,0,70,3860.862
41,3,0,70,2974.555
41,3,0,70,3698.277
41,3,0,70,2969.117
41,3,0,70,3972.059
41,3,0,70,3016.159
41,3,0,70,3973.805
41,3,0,70,2981.573
41,3,0,70,3472.499
41,3,0,70,2971.356
41,3,0,70,3971.558
41,3,0,70,2970.455
41,3,0,70,3969.008
41,3,0,70,2983.849
41,3,0,70,3970.607
41,3,0,70,2971.355
41,3,0,70,3970.483
41,3,0,70,2970.769
41,3,0,70,3970.489
41,3,0,70,2969.941
41,3,0,70,3971.272
41,3,0,70,2971.243
41,3,0,70,3970.519
41,3,0,70,2970.342
41,3,0,70,3968.599
41,3,0,70,2971.051
41,3,0,70,3970.623
41,3,0,70,2970.668
41,3,0,70,3984.610
41,3,0,70,2972.267
41,3,0,70,3972.246
41,3,0,70,2970.662
41,3,0,70,3969.493
41,3,0,70,2980.241
41,3,0,70,3472.427
41,3,0,70,3145.580
41,3,0,70,3970.301
41,3,0,70,2974.716
41,3,0,70,3980.380
41,3,0,70,2967.926
41,3,0,70,3968.849
41,3,0,70,2972.617
41,3,0,70,3972.189
41,3,0,70,2971.456
41,3,0,70,3970.398
41,3,0,70,2970.888
41,3,0,70,3977.126
41,3,0,70,2974.542
41,3,0,70,3973.206
41,3,0,70,2970.251
41,3,0,70,3980.805
41,3,0,70,2970.961
41,3,0,70,3972.088
41,3,0,70,2972.837
41,3,0,70,3970.094
41,3,0,70,2972.398
41,3,0,70,3969.544
41,3,0,70,2965.960
41,3,0,70,3972.550
41,3,0,70,2970.244
41,3,0,70,3950.538
41,3,0,70,2971.009
41,3,0,70,3969.858
41,3,0,70,2972.107
41,3,0,70,3971.123
41,3,0,70,2972.261
41,3,0,70,3470.984
41,3,0,70,3146.692
41,3,0,70,3970.042
41,3,0,70,2970.125
41,3,0,70,3969.585
41,3,0,70,2981.501
41,3,0,70,3969.776
41,3,0,70,2972.488
41,3,0,70,3972.912
41,3,0,70,2973.402
41,3,0,70,3970.547
41,3,0,70,2971.167
41,3,0,70,3971.035
41,3,0,70,2968.728
41,3,0,70,3948.115
41,3,0,70,2975.789
41,3,0,70,3969.509
41,3,0,70,2969.610
41,3,0,70,3971.293
41,3,0,70,2973.375
41,3,0,70,3969.373
41,3,0,70,2972.733
41,3,0,70,3967.120
41,3,0,70,2970.591
41,3,0,70,3968.088
41,3,0,70,2971.245
41,3,0,70,3930.557
41,3,0,70,2972.158
41,3,0,70,3974.359
41,3,0,70,2974.386
41,3,0,70,3967.013
41,3,0,70,2970.873
41,3,0,70,3953.223
41,3,0,70,2972.268
41,3,0,70,3971.766
41,3,0,70,2971.163
41,3,0,70,3969.920
41,3,0,70,2971.169
41,3,0,70,3980.555
41,3,0,70,2973.286
41,3,0,70,3972.895
41,3,0,70,2988.273
41,3,0,70,3972.678
41,3,0,70,2971.464
41,3,0,70,3971.869
41,3,0,70,2970.377
41,3,0,70,3969.523
41,3,0,70,2972.513
41,3,0,70,3971.307
41,3,0,70,2970.815
41,3,0,70,3972.239
41,3,0,70,2973.117
41,3,0,70,3472.303
41,3,0,70,3145.252
41,3,0,70,3968.639
41,3,0,70,2973.444
41,3,0,70,3971.682
41,3,0,70,2969.653
41,3,0,70,6112.325
41,3,0,70,3236.732
41,3,0,70,3975.916
41,3,0,70,2977.072
41,3,0,70,3977.218
41,3,0,70,2976.393
41,3,0,70,3970.298
41,3,0,70,2970.714
41,3,0,70,3970.378
41,3,0,70,2969.275
41,3,0,70,3975.514
41,3,0,70,2969.262
41,3,0,70,3969.519
41,3,0,70,2970.824
41,3,0,70,3973.636
41,3,0,70,2975.219
41,3,0,70,3951.865
41,3,0,70,2973.706
41,3,0,70,3971.741
41,3,0,70,2970.545
41,3,0,70,3968.006
41,3,0,70,2971.255
41,3,0,70,3959.290
41,3,0,70,2974.001
41,3,0,70,3969.351
41,3,0,70,2974.285
41,3,0,70,3976.320
41,3,0,70,2971.383
41,3,0,70,3970.140
41,3,0,70,2969.334
41,3,0,70,3968.776
41,3,0,70,2969.932
41,3,0,70,3968.189
41,3,0,70,2973.142
41,3,0,70,3970.176
41,3,0,70,2959.481
41,3,0,70,3972.312
41,3,0,70,2972.024
41,3,0,70,3974.040
41,3,0,70,2970.456
41,3,0,70,3969.842
41,3,0,70,2971.536
41,3,0,70,3969.163
41,3,0,70,2969.615
41,3,0,70,3972.076
41,3,0,70,2972.029
41,3,0,70,3981.008
41,3,0,70,2970.312
41,3,0,70,3968.921
41,3,0,70,2975.466
41,3,0,70,3968.594
41,3,0,70,2968.861
41,3,0,70,3970.655
41,3,0,70,2973.682
41,3,0,70,3472.349
41,3,0,70,3143.502
41,3,0,70,3967.945
41,3,0,70,2972.916
41,3,0,70,3970.599
41,3,0,70,2968.662
41,3,0,70,3970.623
41,3,0,70,2973.298
41,3,0,70,3970.296
41,3,0,70,2969.211
41,3,0,70,3969.598
41,3,0,70,2972.143
41,3,0,70,3969.974
41,3,0,70,2970.834
41,3,0,70,3970.054
41,3,0,70,2970.932
41,3,0,70,3470.044
41,3,0,70,18758.097
42,3,0,70,0.111
42,3,0,70,99.651
42,3,0,70,1065.630
42,3,0,70,622.802
42,3,0,70,3859.918
42,3,0,70,2973.648
42,3,0,70,3698.128
42,3,0,70,2968.968
42,3,0,70,3970.762
42,3,0,70,3016.085
42,3,0,70,3973.527
42,3,0,70,2981.535
42,3,0,70,3472.017
42,3,0,70,2970.041
42,3,0,70,3971.280
42,3,0,70,2970.455
42,3,0,70,3968.119
42,3,0,70,2983.553
42,3,0,70,3970.143
42,3,0,70,2970.040
42,3,0,70,3970.297
42,3,0,70,2970.694
42,3,0,70,3970.118
42,3,0,70,2969.423
42,3,0,70,3969.957
42,3,0,70,2970.984
42,3,0,70,3970.241
42,3,0,70,2969.731
42,3,0,70,3968.025
42,3,0,70,2970.440
42,3,0,70,3970.253
42,3,0,70,2969.464
42,3,0,70,3984.555
42,3,0,70,2971.915
42,3,0,70,3972.394
42,3,0,70,2970.495
42,3,0,70,3969.289
42,3,0,70,2980.463
42,3,0,70,3472.223
42,3,0,70,3143.357
42,3,0,70,3969.782
42,3,0,70,2975.142
42,3,0,70,3979.510
42,3,0,70,2967.611
42,3,0,70,3967.590
42,3,0,70,2972.376
42,3,0,70,3971.077
42,3,0,70,2971.011
42,3,0,70,3970.102
42,3,0,70,2970.702
42,3,0,70,3975.922
42,3,0,70,2973.190
42,3,0,70,3973.391
42,3,0,70,2969.899
42,3,0,70,3980.878
42,3,0,70,2970.979
42,3,0,70,3972.403
42,3,0,70,2972.596
42,3,0,70,3969.964
42,3,0,70,2971.176
42,3,0,70,3969.341
42,3,0,70,2965.738
42,3,0,70,3971.309
42,3,0,70,2969.836
42,3,0,70,3950.315
42,3,0,70,2969.731
42,3,0,70,3968.710
42,3,0,70,2970.922
42,3,0,70,3971.123
42,3,0,70,2971.613
42,3,0,70,3469.891
42,3,0,70,3146.247
42,3,0,70,3968.802
42,3,0,70,2970.106
42,3,0,70,3969.122
42,3,0,70,2981.241
42,3,0,70,3969.739
42,3,0,70,2972.303
42,3,0,70,3973.004
42,3,0,70,2973.253
42,3,0,70,3969.807
42,3,0,70,2970.926
42,3,0,70,3970.349
42,3,0,70,2967.561
42,3,0,70,3947.226
42,3,0,70,2975.456
42,3,0,70,3969.287
42,3,0,70,2968.480
42,3,0,70,3970.737
42,3,0,70,2972.894
42,3,0,70,3969.447
42,3,0,70,2972.714
42,3,0,70,3967.101
42,3,0,70,2970.331
42,3,0,70,3967.736
42,3,0,70,2970.856
42,3,0,70,3930.557
42,3,0,70,2971.843
42,3,0,70,3974.507
42,3,0,70,2974.071
42,3,0,70,3966.013
42,3,0,70,2970.651
42,3,0,70,3952.982
42,3,0,70,2972.398
42,3,0,70,3971.562
42,3,0,70,2971.052
42,3,0,70,3968.790
42,3,0,70,2970.372
42,3,0,70,3980.092
42,3,0,70,2973.063
42,3,0,70,3972.376
42,3,0,70,2988.088
42,3,0,70,3973.011
42,3,0,70,2971.149
42,3,0,70,3971.610
42,3,0,70,2969.451
42,3,0,70,3969.468
42,3,0,70,2972.494
42,3,0,70,3971.399
42,3,0,70,2970.926
42,3,0,70,3972.276
42,3,0,70,2972.673
42,3,0,70,3471.617
42,3,0,70,3145.603
42,3,0,70,3968.565
42,3,0,70,2972.277
42,3,0,70,3970.552
42,3,0,70,2969.357
42,3,0,70,7722.539
42,3,0,70,4727.020
42,3,0,70,3974.860
42,3,0,70,2977.183
42,3,0,70,3977.292
42,3,0,70,2975.967
42,3,0,70,3969.724
42,3,0,70,2969.528
42,3,0,70,3969.785
42,3,0,70,2968.923
42,3,0,70,3974.884
42,3,0,70,2969.059
42,3,0,70,3969.297
42,3,0,70,2969.527
42,3,0,70,3972.877
42,3,0,70,2974.959
42,3,0,70,3951.346
42,3,0,70,2973.391
42,3,0,70,3971.778
42,3,0,70,2970.286
42,3,0,70,3967.543
42,3,0,70,2971.125
42,3,0,70,3958.512
42,3,0,70,2972.872
42,3,0,70,3968.629
42,3,0,70,2974.174
42,3,0,70,3976.190
42,3,0,70,2970.994
42,3,0,70,3969.362
42,3,0,70,2969.593
42,3,0,70,3968.572
42,3,0,70,2969.673
42,3,0,70,3967.430
42,3,0,70,2972.734
42,3,0,70,3969.528
42,3,0,70,2959.073
42,3,0,70,3972.553
42,3,0,70,2971.172
42,3,0,70,3972.966
42,3,0,70,2970.344
42,3,0,70,3969.824
42,3,0,70,2971.239
42,3,0,70,3968.681
42,3,0,70,2969.671
42,3,0,70,3972.150
42,3,0,70,2971.788
42,3,0,70,3980.934
42,3,0,70,2969.534
42,3,0,70,3968.977
42,3,0,70,2975.707
42,3,0,70,3967.686
42,3,0,70,2967.491
42,3,0,70,3970.544
42,3,0,70,2973.441
42,3,0,70,3472.256
42,3,0,70,3142.427
42,3,0,70,3968.204
42,3,0,70,2971.916
42,3,0,70,3969.895
42,3,0,70,2967.495
42,3,0,70,3970.049
42,3,0,70,2973.501
42,3,0,70,3969.684
42,3,0,70,2969.063
42,3,0,70,3968.820
42,3,0,70,2971.772
42,3,0,70,3969.103
42,3,0,70,2970.612
42,3,0,70,3969.906
42,3,0,70,2970.784
42,3,0,70,3469.044
42,3,0,70,18694.745
43,3,0,70,0.092
43,3,0,70,100.336
43,3,0,70,1297.666
43,3,0,70,623.857
43,3,0,70,3861.251
43,3,0,70,2974.943
43,3,0,70,3698.646
43,3,0,70,2969.301
43,3,0,70,3973.040
43,3,0,70,3016.529
43,3,0,70,3973.712
43,3,0,70,2982.202
43,3,0,70,3473.332
43,3,0,70,2971.911
43,3,0,70,3972.020
43,3,0,70,2970.473
43,3,0,70,3969.656
43,3,0,70,2983.793
43,3,0,70,3971.347
43,3,0,70,2971.910
43,3,0,70,3970.908
43,3,0,70,2971.176
43,3,0,70,3970.914
43,3,0,70,2970.367
43,3,0,70,3971.716
43,3,0,70,2971.743
43,3,0,70,3970.741
43,3,0,70,2970.804
43,3,0,70,3968.969
43,3,0,70,2971.403
43,3,0,70,3970.882
43,3,0,70,2970.872
43,3,0,70,3984.943
43,3,0,70,2972.748
43,3,0,70,3972.505
43,3,0,70,2970.902
43,3,0,70,3969.566
43,3,0,70,2980.445
43,3,0,70,3472.408
43,3,0,70,3146.450
43,3,0,70,3970.782
43,3,0,70,2974.975
43,3,0,70,3981.010
43,3,0,70,2968.536
43,3,0,70,3969.423
43,3,0,70,2973.042
43,3,0,70,3972.818
43,3,0,70,2971.974
43,3,0,70,3970.657
43,3,0,70,2970.998
43,3,0,70,3977.422
43,3,0,70,2975.152
43,3,0,70,3973.372
43,3,0,70,2970.621
43,3,0,70,3981.008
43,3,0,70,2971.349
43,3,0,70,3972.217
43,3,0,70,2973.151
43,3,0,70,3970.631
43,3,0,70,2973.065
43,3,0,70,3969.933
43,3,0,70,2966.274
43,3,0,70,3973.179
43,3,0,70,2970.076
43,3,0,70,3950.833
43,3,0,70,2971.638
43,3,0,70,3970.469
43,3,0,70,2972.921
43,3,0,70,3970.919
43,3,0,70,2973.094
43,3,0,70,3471.946
43,3,0,70,3147.099
43,3,0,70,3970.709
43,3,0,70,2970.476
43,3,0,70,3970.474
43,3,0,70,2981.556
43,3,0,70,3970.035
43,3,0,70,2972.803
43,3,0,70,3973.282
43,3,0,70,2973.345
43,3,0,70,3971.269
43,3,0,70,2971.740
43,3,0,70,3971.497
43,3,0,70,2969.228
43,3,0,70,3948.448
43,3,0,70,2976.363
43,3,0,70,3969.805
43,3,0,70,2970.499
43,3,0,70,3971.904
43,3,0,70,2974.301
43,3,0,70,3969.835
43,3,0,70,2973.195
43,3,0,70,3967.434
43,3,0,70,2971.072
43,3,0,70,3968.384
43,3,0,70,2971.540
43,3,0,70,3930.687
43,3,0,70,2972.472
43,3,0,70,3974.285
43,3,0,70,2974.719
43,3,0,70,3967.272
43,3,0,70,2971.447
43,3,0,70,3953.445
43,3,0,70,2972.416
43,3,0,70,3971.858
43,3,0,70,2971.273
43,3,0,70,3970.475
43,3,0,70,2971.890
43,3,0,70,3980.740
43,3,0,70,2973.581
43,3,0,70,3973.301
43,3,0,70,2988.902
43,3,0,70,3973.104
43,3,0,70,2971.741
43,3,0,70,3972.443
43,3,0,70,2970.988
43,3,0,70,3969.652
43,3,0,70,2972.642
43,3,0,70,3971.566
43,3,0,70,2971.222
43,3,0,70,3972.516
43,3,0,70,2973.617
43,3,0,70,3472.635
43,3,0,70,3145.696
43,3,0,70,3969.324
43,3,0,70,2974.073
43,3,0,70,3972.089
43,3,0,70,2969.671
43,3,0,70,5917.548
43,3,0,70,3143.639
43,3,0,70,3976.453
43,3,0,70,2977.350
43,3,0,70,3977.162
43,3,0,70,2976.892
43,3,0,70,3970.872
43,3,0,70,2971.547
43,3,0,70,3970.766
43,3,0,70,2969.701
43,3,0,70,3975.976
43,3,0,70,2969.947
43,3,0,70,3969.852
43,3,0,70,2971.675
43,3,0,70,3974.191
43,3,0,70,2969.311
43,3,0,70,3952.086
43,3,0,70,2974.187
43,3,0,70,3972.333
43,3,0,70,2970.656
43,3,0,70,3968.524
43,3,0,70,2971.680
43,3,0,70,3960.178
43,3,0,70,2974.630
43,3,0,70,3969.999
43,3,0,70,2974.970
43,3,0,70,3976.504
43,3,0,70,2971.827
43,3,0,70,3970.510
43,3,0,70,2969.926
43,3,0,70,3969.312
43,3,0,70,2970.228
43,3,0,70,3968.948
43,3,0,70,2973.419
43,3,0,70,3970.602
43,3,0,70,2959.443
43,3,0,70,3972.293
43,3,0,70,2972.449
43,3,0,70,3974.502
43,3,0,70,2970.640
43,3,0,70,3970.249
43,3,0,70,2972.035
43,3,0,70,3969.440
43,3,0,70,2969.708
43,3,0,70,3972.205
43,3,0,70,2972.047
43,3,0,70,3981.544
43,3,0,70,2970.775
43,3,0,70,3969.365
43,3,0,70,2975.558
43,3,0,70,3969.241
43,3,0,70,2969.805
43,3,0,70,3970.618
43,3,0,70,2973.996
43,3,0,70,3472.533
43,3,0,70,3143.871
43,3,0,70,3968.222
43,3,0,70,2973.508
43,3,0,70,3971.117
43,3,0,70,2968.995
43,3,0,70,3971.197
43,3,0,70,2973.538
43,3,0,70,3970.554
43,3,0,70,2969.359
43,3,0,70,3970.208
43,3,0,70,2972.457
43,3,0,70,3970.418
43,3,0,70,2970.944
43,3,0,70,3970.276
43,3,0,70,2971.598
43,3,0,70,3470.488
43,3,0,70,18926.762
44,3,0,70,0.074
44,3,0,70,100.169
44,3,0,70,1187.166
44,3,0,70,623.246
44,3,0,70,3860.806
44,3,0,70,2974.462
44,3,0,70,3698.572
44,3,0,70,2969.431
44,3,0,70,3971.891
44,3,0,70,3016.399
44,3,0,70,3974.064
44,3,0,70,2981.924
44,3,0,70,3472.609
44,3,0,70,2971.263
44,3,0,70,3971.761
44,3,0,70,2970.825
44,3,0,70,3969.082
44,3,0,70,2984.071
44,3,0,70,3970.791
44,3,0,70,2971.244
44,3,0,70,3970.686
44,3,0,70,2971.175
44,3,0,70,3970.710
44,3,0,70,2970.163
44,3,0,70,3971.198
44,3,0,70,2971.132
44,3,0,70,3970.740
44,3,0,70,2970.323
44,3,0,70,3968.543
44,3,0,70,2971.199
44,3,0,70,3970.826
44,3,0,70,2970.612
44,3,0,70,3984.925
44,3,0,70,2972.451
44,3,0,70,3972.542
44,3,0,70,2970.939
44,3,0,70,3969.696
44,3,0,70,2980.667
44,3,0,70,3472.704
44,3,0,70,3145.135
44,3,0,70,3970.393
44,3,0,70,2975.216
44,3,0,70,3980.213
44,3,0,70,2968.110
44,3,0,70,3968.738
44,3,0,70,2972.912
44,3,0,70,3972.132
44,3,0,70,2971.529
44,3,0,70,3970.564
44,3,0,70,2971.350
44,3,0,70,3977.070
44,3,0,70,2974.467
44,3,0,70,3973.557
44,3,0,70,2970.454
44,3,0,70,3981.119
44,3,0,70,2971.220
44,3,0,70,3972.791
44,3,0,70,2973.096
44,3,0,70,3970.445
44,3,0,70,2972.361
44,3,0,70,3969.747
44,3,0,70,2966.367
44,3,0,70,3972.457
44,3,0,70,2970.484
44,3,0,70,3950.815
44,3,0,70,2970.990
44,3,0,70,3969.784
44,3,0,70,2972.051
44,3,0,70,3971.363
44,3,0,70,2972.242
44,3,0,70,3470.983
44,3,0,70,3146.969
44,3,0,70,3969.968
44,3,0,70,2970.402
44,3,0,70,3969.714
44,3,0,70,2981.778
44,3,0,70,3970.035
44,3,0,70,2972.765
44,3,0,70,3973.171
44,3,0,70,2973.642
44,3,0,70,3970.417
44,3,0,70,2971.351
44,3,0,70,3971.053
44,3,0,70,2968.690
44,3,0,70,3948.096
44,3,0,70,2976.085
44,3,0,70,3969.731
44,3,0,70,2969.628
44,3,0,70,3971.274
44,3,0,70,2973.282
44,3,0,70,3969.835
44,3,0,70,2972.955
44,3,0,70,3967.304
44,3,0,70,2970.868
44,3,0,70,3968.310
44,3,0,70,2971.522
44,3,0,70,3930.816
44,3,0,70,2972.361
44,3,0,70,3974.711
44,3,0,70,2974.589
44,3,0,70,3966.939
44,3,0,70,2970.965
44,3,0,70,3953.556
44,3,0,70,2972.749
44,3,0,70,3972.024
44,3,0,70,2971.422
44,3,0,70,3969.845
44,3,0,70,2971.076
44,3,0,70,3980.777
44,3,0,70,2973.581
44,3,0,70,3972.857
44,3,0,70,2988.550
44,3,0,70,3973.196
44,3,0,70,2971.704
44,3,0,70,3972.035
44,3,0,70,2970.432
44,3,0,70,3969.782
44,3,0,70,2972.809
44,3,0,70,3971.621
44,3,0,70,2971.370
44,3,0,70,3972.645
44,3,0,70,2973.117
44,3,0,70,3472.543
44,3,0,70,3145.621
44,3,0,70,3968.990
44,3,0,70,2973.406
44,3,0,70,3971.626
44,3,0,70,2969.893
44,3,0,70,6112.602
44,3,0,70,4724.557
44,3,0,70,3975.823
44,3,0,70,2977.498
44,3,0,70,3977.514
44,3,0,70,2976.652
44,3,0,70,3970.186
44,3,0,70,2970.639
44,3,0,70,3970.581
44,3,0,70,2969.293
44,3,0,70,3975.661
44,3,0,70,2969.466
44,3,0,70,3969.834
44,3,0,70,2970.749
44,3,0,70,3973.599
44,3,0,70,2975.514
44,3,0,70,3952.031
44,3,0,70,2973.909
44,3,0,70,3972.129
44,3,0,70,2970.933
44,3,0,70,3968.209
44,3,0,70,2971.624
44,3,0,70,3959.326
44,3,0,70,2974.019
44,3,0,70,3969.610
44,3,0,70,2974.321
44,3,0,70,3976.652
44,3,0,70,2971.457
44,3,0,70,3970.140
44,3,0,70,2969.815
44,3,0,70,3968.960
44,3,0,70,2970.117
44,3,0,70,3968.281
44,3,0,70,2973.363
44,3,0,70,3970.250
44,3,0,70,2959.703
44,3,0,70,3972.626
44,3,0,70,2972.042
44,3,0,70,3973.984
44,3,0,70,2970.807
44,3,0,70,3970.193
44,3,0,70,2971.553
44,3,0,70,3969.255
44,3,0,70,2970.022
44,3,0,70,3972.353
44,3,0,70,2972.232
44,3,0,70,3981.304
44,3,0,70,2970.441
44,3,0,70,3969.421
44,3,0,70,2975.855
44,3,0,70,3968.704
44,3,0,70,2968.749
44,3,0,70,3970.951
44,3,0,70,2973.996
44,3,0,70,3472.607
44,3,0,70,3143.575
44,3,0,70,3968.277
44,3,0,70,2972.915
44,3,0,70,3970.672
44,3,0,70,2968.754
44,3,0,70,3970.659
44,3,0,70,2973.686
44,3,0,70,3970.499
44,3,0,70,2969.451
44,3,0,70,3969.856
44,3,0,70,2972.327
44,3,0,70,3970.084
44,3,0,70,2971.055
44,3,0,70,3970.146
44,3,0,70,2971.154
44,3,0,70,3470.025
44,3,0,70,18816.318
45,3,0,70,0.185
45,3,0,70,99.595
45,3,0,70,1649.793
45,3,0,70,622.765
45,3,0,70,3859.899
45,3,0,70,2973.592
45,3,0,70,3698.072
45,3,0,70,2968.894
45,3,0,70,3970.743
45,3,0,70,3016.085
45,3,0,70,3973.583
45,3,0,70,2981.517
45,3,0,70,3471.961
45,3,0,70,2970.004
45,3,0,70,3971.279
45,3,0,70,2970.454
45,3,0,70,3968.063
45,3,0,70,2983.497
45,3,0,70,3970.217
45,3,0,70,2970.003
45,3,0,70,3970.223
45,3,0,70,2970.620
45,3,0,70,3970.099
45,3,0,70,2969.385
45,3,0,70,3969.901
45,3,0,70,2970.928
45,3,0,70,3970.259
45,3,0,70,2969.675
45,3,0,70,3967.987
45,3,0,70,2970.403
45,3,0,70,3970.215
45,3,0,70,2969.446
45,3,0,70,3984.554
45,3,0,70,2971.877
45,3,0,70,3972.412
45,3,0,70,2970.457
45,3,0,70,3969.251
45,3,0,70,2980.408
45,3,0,70,3472.167
45,3,0,70,3143.301
45,3,0,70,3969.745
45,3,0,70,2975.123
45,3,0,70,3979.565
45,3,0,70,2967.555
45,3,0,70,3967.534
45,3,0,70,2972.357
45,3,0,70,3971.040
45,3,0,70,2970.955
45,3,0,70,3970.064
45,3,0,70,2970.646
45,3,0,70,3975.996
45,3,0,70,2973.152
45,3,0,70,3973.354
45,3,0,70,2969.862
45,3,0,70,3980.841
45,3,0,70,2970.997
45,3,0,70,3972.365
45,3,0,70,2972.540
45,3,0,70,3970.001
45,3,0,70,2971.120
45,3,0,70,3969.285
45,3,0,70,2965.700
45,3,0,70,3971.290
45,3,0,70,2969.799
45,3,0,70,3950.278
45,3,0,70,2969.693
45,3,0,70,3968.765
45,3,0,70,2970.866
45,3,0,70,3971.086
45,3,0,70,2971.594
45,3,0,70,3469.854
45,3,0,70,3146.191
45,3,0,70,3968.783
45,3,0,70,2970.032
45,3,0,70,3969.122
45,3,0,70,2981.186
45,3,0,70,3969.683
45,3,0,70,2972.265
45,3,0,70,3972.948
45,3,0,70,2973.197
45,3,0,70,3969.769
45,3,0,70,2970.851
45,3,0,70,3970.386
45,3,0,70,2967.524
45,3,0,70,3947.207
45,3,0,70,2975.382
45,3,0,70,3969.231
45,3,0,70,2968.424
45,3,0,70,3970.681
45,3,0,70,2972.856
45,3,0,70,3969.539
45,3,0,70,2972.677
45,3,0,70,3967.064
45,3,0,70,2970.312
45,3,0,70,3967.680
45,3,0,70,2970.818
45,3,0,70,3930.575
45,3,0,70,2971.769
45,3,0,70,3974.563
45,3,0,70,2974.052
45,3,0,70,3965.976
45,3,0,70,2970.577
45,3,0,70,3952.926
45,3,0,70,2972.360
45,3,0,70,3971.543
45,3,0,70,2970.996
45,3,0,70,3968.808
45,3,0,70,2970.353
45,3,0,70,3980.092
45,3,0,70,2973.044
45,3,0,70,3972.375
45,3,0,70,2988.013
45,3,0,70,3972.937
45,3,0,70,2971.056
45,3,0,70,3971.646
45,3,0,70,2969.414
45,3,0,70,3969.412
45,3,0,70,2972.420
45,3,0,70,3971.399
45,3,0,70,2970.889
45,3,0,70,3972.238
45,3,0,70,2972.617
45,3,0,70,3471.672
45,3,0,70,3145.585
45,3,0,70,3968.546
45,3,0,70,2972.258
45,3,0,70,3970.515
45,3,0,70,2969.301
45,3,0,70,7722.501
45,3,0,70,4726.946
45,3,0,70,3974.897
45,3,0,70,2977.127
45,3,0,70,3977.236
45,3,0,70,2975.911
45,3,0,70,3969.668
45,3,0,70,2969.472
45,3,0,70,3969.748
45,3,0,70,2968.867
45,3,0,70,3974.920
45,3,0,70,2969.040
45,3,0,70,3969.241
45,3,0,70,2969.471
45,3,0,70,3972.858
45,3,0,70,2974.922
45,3,0,70,3951.290
45,3,0,70,2973.335
45,3,0,70,3971.814
45,3,0,70,2970.230
45,3,0,70,3967.468
45,3,0,70,2971.106
45,3,0,70,3958.474
45,3,0,70,2972.797
45,3,0,70,3968.573
45,3,0,70,2974.136
45,3,0,70,3976.245
45,3,0,70,2970.938
45,3,0,70,3969.325
45,3,0,70,2969.518
45,3,0,70,3968.516
45,3,0,70,2969.672
45,3,0,70,3967.411
45,3,0,70,2972.697
45,3,0,70,3969.546
45,3,0,70,2959.036
45,3,0,70,3972.552
45,3,0,70,2971.153
45,3,0,70,3972.910
45,3,0,70,2970.325
45,3,0,70,3969.786
45,3,0,70,2971.202
45,3,0,70,3968.810
45,3,0,70,2969.633
45,3,0,70,3972.131
45,3,0,70,2971.750
45,3,0,70,3980.896
45,3,0,70,2969.478
45,3,0,70,3968.976
45,3,0,70,2975.632
45,3,0,70,3967.741
45,3,0,70,2967.435
45,3,0,70,3970.525
45,3,0,70,2973.366
45,3,0,70,3472.219
45,3,0,70,3142.390
45,3,0,70,3968.148
45,3,0,70,2971.878
45,3,0,70,3969.931
45,3,0,70,2967.458
45,3,0,70,3970.011
45,3,0,70,2973.445
45,3,0,70,3969.647
45,3,0,70,2969.007
45,3,0,70,3968.801
45,3,0,70,2971.698
45,3,0,70,3969.159
45,3,0,70,2970.593
45,3,0,70,3969.850
45,3,0,70,2970.728
45,3,0,70,3469.006
45,3,0,70,18782.633
46,3,0,70,0.204
46,3,0,70,100.095
46,3,0,70,1833.811
46,3,0,70,623.580
46,3,0,70,3860.973
46,3,0,70,2974.777
46,3,0,70,3698.295
46,3,0,70,2968.987
46,3,0,70,3972.670
46,3,0,70,3016.233
46,3,0,70,3973.638
46,3,0,70,2981.924
46,3,0,70,3473.165
46,3,0,70,2971.689
46,3,0,70,3971.669
46,3,0,70,2970.381
46,3,0,70,3969.323
46,3,0,70,2983.497
46,3,0,70,3971.032
46,3,0,70,2971.633
46,3,0,70,3970.705
46,3,0,70,2970.898
46,3,0,70,3970.507
46,3,0,70,2970.145
46,3,0,70,3971.568
46,3,0,70,2971.502
46,3,0,70,3970.445
46,3,0,70,2970.601
46,3,0,70,3968.858
46,3,0,70,2971.292
46,3,0,70,3970.586
46,3,0,70,2970.890
46,3,0,70,3984.629
46,3,0,70,2972.433
46,3,0,70,3972.246
46,3,0,70,2970.717
46,3,0,70,3969.400
46,3,0,70,2980.112
46,3,0,70,3472.279
46,3,0,70,3146.191
46,3,0,70,3970.486
46,3,0,70,2974.716
46,3,0,70,3980.677
46,3,0,70,2968.277
46,3,0,70,3969.220
46,3,0,70,2972.728
46,3,0,70,3972.596
46,3,0,70,2971.808
46,3,0,70,3970.398
46,3,0,70,2970.795
46,3,0,70,3977.144
46,3,0,70,2974.856
46,3,0,70,3973.132
46,3,0,70,2970.288
46,3,0,70,3980.619
46,3,0,70,2971.016
46,3,0,70,3971.940
46,3,0,70,2972.892
46,3,0,70,3970.316
46,3,0,70,2972.695
46,3,0,70,3969.655
46,3,0,70,2965.941
46,3,0,70,3972.883
46,3,0,70,2970.151
46,3,0,70,3950.630
46,3,0,70,2971.360
46,3,0,70,3970.154
46,3,0,70,2972.681
46,3,0,70,3970.716
46,3,0,70,2972.761
46,3,0,70,3471.650
46,3,0,70,3146.747
46,3,0,70,3970.413
46,3,0,70,2970.180
46,3,0,70,3970.178
46,3,0,70,2981.408
46,3,0,70,3969.887
46,3,0,70,2972.581
46,3,0,70,3973.115
46,3,0,70,2973.290
46,3,0,70,3971.029
46,3,0,70,2971.426
46,3,0,70,3971.294
46,3,0,70,2968.969
46,3,0,70,3948.207
46,3,0,70,2976.067
46,3,0,70,3969.583
46,3,0,70,2970.165
46,3,0,70,3971.589
46,3,0,70,2973.986
46,3,0,70,3969.595
46,3,0,70,2972.825
46,3,0,70,3967.342
46,3,0,70,2970.720
46,3,0,70,3968.125
46,3,0,70,2971.337
46,3,0,70,3930.446
46,3,0,70,2972.158
46,3,0,70,3974.155
46,3,0,70,2974.404
46,3,0,70,3967.217
46,3,0,70,2971.206
46,3,0,70,3953.167
46,3,0,70,2972.101
46,3,0,70,3971.710
46,3,0,70,2971.014
46,3,0,70,3970.179
46,3,0,70,2971.650
46,3,0,70,3980.518
46,3,0,70,2973.267
46,3,0,70,3973.079
46,3,0,70,2988.773
46,3,0,70,3972.734
46,3,0,70,2971.464
46,3,0,70,3972.128
46,3,0,70,2970.710
46,3,0,70,3969.412
46,3,0,70,2972.457
46,3,0,70,3971.270
46,3,0,70,2970.944
46,3,0,70,3972.257
46,3,0,70,2973.302
46,3,0,70,3472.358
46,3,0,70,3145.307
46,3,0,70,3969.065
46,3,0,70,2973.758
46,3,0,70,3971.886
46,3,0,70,2969.486
46,3,0,70,5917.307
46,3,0,70,3143.251
46,3,0,70,3976.231
46,3,0,70,2977.017
46,3,0,70,3976.959
46,3,0,70,2976.634
46,3,0,70,3970.594
46,3,0,70,2971.158
46,3,0,70,3970.582
46,3,0,70,2969.386
46,3,0,70,3975.736
46,3,0,70,2969.688
46,3,0,70,3969.612
46,3,0,70,2971.416
46,3,0,70,3973.840
46,3,0,70,2975.218
46,3,0,70,3951.790
46,3,0,70,2973.891
46,3,0,70,3972.055
46,3,0,70,2970.508
46,3,0,70,3968.339
46,3,0,70,2971.310
46,3,0,70,3959.863
46,3,0,70,2974.390
46,3,0,70,3969.684
46,3,0,70,2974.655
46,3,0,70,3976.338
46,3,0,70,2971.568
46,3,0,70,3970.325
46,3,0,70,2969.611
46,3,0,70,3968.998
46,3,0,70,2970.173
46,3,0,70,3968.670
46,3,0,70,2973.123
46,3,0,70,3970.232
46,3,0,70,2959.351
46,3,0,70,3972.108
46,3,0,70,2972.153
46,3,0,70,3974.206
46,3,0,70,2970.400
46,3,0,70,3970.046
46,3,0,70,2971.720
46,3,0,70,3969.237
46,3,0,70,2969.504
46,3,0,70,3972.057
46,3,0,70,2971.936
46,3,0,70,3981.285
46,3,0,70,2970.627
46,3,0,70,3969.051
46,3,0,70,2975.281
46,3,0,70,3969.038
46,3,0,70,2969.472
46,3,0,70,3970.470
46,3,0,70,2973.682
46,3,0,70,3472.256
46,3,0,70,3143.594
46,3,0,70,3967.926
46,3,0,70,2973.212
46,3,0,70,3970.784
46,3,0,70,2968.810
46,3,0,70,3970.938
46,3,0,70,2973.372
46,3,0,70,3970.258
46,3,0,70,2969.285
46,3,0,70,3969.857
46,3,0,70,2972.087
46,3,0,70,3970.159
46,3,0,70,2970.760
46,3,0,70,3970.072
46,3,0,70,2971.302
46,3,0,70,3470.266
46,3,0,70,18966.484
47,3,0,70,0.093
47,3,0,70,99.854
47,3,0,70,1741.478
47,3,0,70,623.098
47,3,0,70,3860.399
47,3,0,70,2973.888
47,3,0,70,3698.443
47,3,0,70,2969.209
47,3,0,70,3971.392
47,3,0,70,3016.215
47,3,0,70,3973.805
47,3,0,70,2981.813
47,3,0,70,3472.202
47,3,0,70,2970.726
47,3,0,70,3971.650
47,3,0,70,2970.677
47,3,0,70,3968.471
47,3,0,70,2983.794
47,3,0,70,3970.532
47,3,0,70,2970.726
47,3,0,70,3970.557
47,3,0,70,2970.972
47,3,0,70,3970.488
47,3,0,70,2969.848
47,3,0,70,3970.605
47,3,0,70,2970.928
47,3,0,70,3970.574
47,3,0,70,2970.064
47,3,0,70,3968.302
47,3,0,70,2970.810
47,3,0,70,3970.623
47,3,0,70,2970.131
47,3,0,70,3984.795
47,3,0,70,2972.211
47,3,0,70,3972.449
47,3,0,70,2970.884
47,3,0,70,3969.566
47,3,0,70,2980.612
47,3,0,70,3472.538
47,3,0,70,3144.339
47,3,0,70,3970.097
47,3,0,70,2975.216
47,3,0,70,3979.899
47,3,0,70,2967.907
47,3,0,70,3968.182
47,3,0,70,2972.709
47,3,0,70,3971.651
47,3,0,70,2971.326
47,3,0,70,3970.305
47,3,0,70,2971.073
47,3,0,70,3976.552
47,3,0,70,2973.875
47,3,0,70,3973.447
47,3,0,70,2970.251
47,3,0,70,3980.952
47,3,0,70,2970.998
47,3,0,70,3972.644
47,3,0,70,2972.855
47,3,0,70,3970.205
47,3,0,70,2971.861
47,3,0,70,3969.526
47,3,0,70,2966.126
47,3,0,70,3972.013
47,3,0,70,2970.206
47,3,0,70,3950.630
47,3,0,70,2970.434
47,3,0,70,3969.247
47,3,0,70,2971.533
47,3,0,70,3971.216
47,3,0,70,2971.890
47,3,0,70,3470.520
47,3,0,70,3146.655
47,3,0,70,3969.357
47,3,0,70,2970.236
47,3,0,70,3969.456
47,3,0,70,2981.630
47,3,0,70,3969.795
47,3,0,70,2972.599
47,3,0,70,3973.338
47,3,0,70,2973.531
47,3,0,70,3969.973
47,3,0,70,2971.203
47,3,0,70,3970.627
47,3,0,70,2968.154
47,3,0,70,3947.744
47,3,0,70,2975.845
47,3,0,70,3969.620
47,3,0,70,2969.110
47,3,0,70,3971.034
47,3,0,70,2973.005
47,3,0,70,3969.762
47,3,0,70,2972.825
47,3,0,70,3967.230
47,3,0,70,2970.646
47,3,0,70,3968.107
47,3,0,70,2971.263
47,3,0,70,3930.631
47,3,0,70,2972.121
47,3,0,70,3974.600
47,3,0,70,2974.404
47,3,0,70,3966.421
47,3,0,70,2970.818
47,3,0,70,3953.389
47,3,0,70,2972.601
47,3,0,70,3971.821
47,3,0,70,2971.237
47,3,0,70,3969.401
47,3,0,70,2970.724
47,3,0,70,3980.499
47,3,0,70,2973.341
47,3,0,70,3972.635
47,3,0,70,2988.328
47,3,0,70,3973.067
47,3,0,70,2971.501
47,3,0,70,3971.887
47,3,0,70,2970.007
47,3,0,70,3969.727
47,3,0,70,2972.716
47,3,0,70,3971.510
47,3,0,70,2971.241
47,3,0,70,3972.479
47,3,0,70,2972.895
47,3,0,70,3472.043
47,3,0,70,3145.659
47,3,0,70,3968.806
47,3,0,70,2972.851
47,3,0,70,3971.163
47,3,0,70,2969.746
47,3,0,70,6112.343
47,3,0,70,4724.187
47,3,0,70,3975.342
47,3,0,70,2977.387
47,3,0,70,3977.385
47,3,0,70,2976.411
47,3,0,70,3969.983
47,3,0,70,2970.139
47,3,0,70,3970.211
47,3,0,70,2968.923
47,3,0,70,3975.328
47,3,0,70,2969.225
47,3,0,70,3969.593
47,3,0,70,2970.175
47,3,0,70,3973.229
47,3,0,70,2975.329
47,3,0,70,3951.698
47,3,0,70,2973.687
47,3,0,70,3972.000
47,3,0,70,2970.637
47,3,0,70,3967.820
47,3,0,70,2971.477
47,3,0,70,3959.030
47,3,0,70,2973.464
47,3,0,70,3969.165
47,3,0,70,2974.137
47,3,0,70,3976.505
47,3,0,70,2971.179
47,3,0,70,3969.696
47,3,0,70,2969.741
47,3,0,70,3968.831
47,3,0,70,2969.932
47,3,0,70,3967.744
47,3,0,70,2973.123
47,3,0,70,3969.806
47,3,0,70,2959.370
47,3,0,70,3972.552
47,3,0,70,2971.616
47,3,0,70,3973.577
47,3,0,70,2970.678
47,3,0,70,3969.990
47,3,0,70,2971.276
47,3,0,70,3969.014
47,3,0,70,2969.911
47,3,0,70,3972.187
47,3,0,70,2972.028
47,3,0,70,3981.193
47,3,0,70,2970.108
47,3,0,70,3969.180
47,3,0,70,2975.873
47,3,0,70,3968.205
47,3,0,70,2968.231
47,3,0,70,3970.803
47,3,0,70,2973.793
47,3,0,70,3472.534
47,3,0,70,3143.057
47,3,0,70,3968.204
47,3,0,70,2972.378
47,3,0,70,3970.209
47,3,0,70,2968.144
47,3,0,70,3970.271
47,3,0,70,2973.557
47,3,0,70,3970.110
47,3,0,70,2969.266
47,3,0,70,3969.357
47,3,0,70,2972.106
47,3,0,70,3969.566
47,3,0,70,2970.815
47,3,0,70,3969.980
47,3,0,70,2971.025
47,3,0,70,3469.618
47,3,0,70,18874.022
48,3,0,70,0.203
48,3,0,70,99.298
48,3,0,70,1737.774
48,3,0,70,622.487
48,3,0,70,3859.584
48,3,0,70,2973.277
48,3,0,70,3697.831
48,3,0,70,2968.597
48,3,0,70,3970.503
48,3,0,70,3015.881
48,3,0,70,3973.286
48,3,0,70,2981.220
48,3,0,70,3471.684
48,3,0,70,2969.726
48,3,0,70,3970.983
48,3,0,70,2970.195
48,3,0,70,3967.859
48,3,0,70,2983.201
48,3,0,70,3969.939
48,3,0,70,2969.688
48,3,0,70,3969.945
48,3,0,70,2970.324
48,3,0,70,3969.803
48,3,0,70,2969.070
48,3,0,70,3969.679
48,3,0,70,2970.687
48,3,0,70,3969.963
48,3,0,70,2969.341
48,3,0,70,3967.709
48,3,0,70,2970.088
48,3,0,70,3969.900
48,3,0,70,2969.168
48,3,0,70,3984.332
48,3,0,70,2971.581
48,3,0,70,3972.116
48,3,0,70,2970.142
48,3,0,70,3968.955
48,3,0,70,2980.093
48,3,0,70,3471.889
48,3,0,70,3143.024
48,3,0,70,3969.541
48,3,0,70,2974.882
48,3,0,70,3979.287
48,3,0,70,2967.221
48,3,0,70,3967.219
48,3,0,70,2972.042
48,3,0,70,3970.725
48,3,0,70,2970.640
48,3,0,70,3969.860
48,3,0,70,2970.332
48,3,0,70,3975.681
48,3,0,70,2972.837
48,3,0,70,3973.057
48,3,0,70,2969.528
48,3,0,70,3980.526
48,3,0,70,2970.682
48,3,0,70,3972.143
48,3,0,70,2972.299
48,3,0,70,3969.723
48,3,0,70,2970.824
48,3,0,70,3968.988
48,3,0,70,2965.385
48,3,0,70,3971.031
48,3,0,70,2969.502
48,3,0,70,3950.037
48,3,0,70,2969.397
48,3,0,70,3968.506
48,3,0,70,2970.588
48,3,0,70,3970.789
48,3,0,70,2971.298
48,3,0,70,3469.576
48,3,0,70,4648.017
48,3,0,70,3968.542
48,3,0,70,2969.791
48,3,0,70,3968.844
48,3,0,70,2980.871
48,3,0,70,3969.387
48,3,0,70,2971.951
48,3,0,70,3972.652
48,3,0,70,2972.919
48,3,0,70,3969.528
48,3,0,70,2970.573
48,3,0,70,3970.090
48,3,0,70,2967.209
48,3,0,70,3946.966
48,3,0,70,2975.104
48,3,0,70,3968.935
48,3,0,70,2968.091
48,3,0,70,3970.478
48,3,0,70,2972.652
48,3,0,70,3969.243
48,3,0,70,2972.380
48,3,0,70,3966.767
48,3,0,70,2969.997
48,3,0,70,3967.384
48,3,0,70,2970.485
48,3,0,70,3930.335
48,3,0,70,2971.491
48,3,0,70,3974.285
48,3,0,70,2973.756
48,3,0,70,3965.661
48,3,0,70,2970.280
48,3,0,70,3952.611
48,3,0,70,2972.045
48,3,0,70,3971.321
48,3,0,70,2970.773
48,3,0,70,3968.512
48,3,0,70,2970.057
48,3,0,70,3979.795
48,3,0,70,2972.711
48,3,0,70,3972.098
48,3,0,70,2987.698
48,3,0,70,3972.715
48,3,0,70,2970.778
48,3,0,70,3971.350
48,3,0,70,2969.117
48,3,0,70,3969.115
48,3,0,70,2972.123
48,3,0,70,3971.103
48,3,0,70,2970.574
48,3,0,70,3972.016
48,3,0,70,2972.376
48,3,0,70,3471.395
48,3,0,70,3145.288
48,3,0,70,3968.268
48,3,0,70,2971.943
48,3,0,70,3970.219
48,3,0,70,2969.004
48,3,0,70,7722.297
48,3,0,70,4726.631
48,3,0,70,3974.582
48,3,0,70,2976.812
48,3,0,70,3976.940
48,3,0,70,2975.596
48,3,0,70,3969.409
48,3,0,70,2969.139
48,3,0,70,3969.507
48,3,0,70,2968.663
48,3,0,70,3974.606
48,3,0,70,2968.743
48,3,0,70,3968.963
48,3,0,70,2969.138
48,3,0,70,3972.580
48,3,0,70,2974.588
48,3,0,70,3951.049
48,3,0,70,2973.039
48,3,0,70,3971.518
48,3,0,70,2969.896
48,3,0,70,3967.172
48,3,0,70,2970.810
48,3,0,70,3958.178
48,3,0,70,2972.501
48,3,0,70,3968.369
48,3,0,70,2973.914
48,3,0,70,3975.949
48,3,0,70,2970.623
48,3,0,70,3969.029
48,3,0,70,2969.240
48,3,0,70,3968.201
48,3,0,70,2969.394
48,3,0,70,3967.189
48,3,0,70,2972.400
48,3,0,70,3969.250
48,3,0,70,2958.758
48,3,0,70,3972.256
48,3,0,70,2970.875
48,3,0,70,3972.632
48,3,0,70,2970.010
48,3,0,70,3969.564
48,3,0,70,2970.998
48,3,0,70,3968.533
48,3,0,70,2969.319
48,3,0,70,3971.835
48,3,0,70,2971.454
48,3,0,70,3980.581
48,3,0,70,2969.164
48,3,0,70,3968.754
48,3,0,70,2975.336
48,3,0,70,3967.463
48,3,0,70,2967.138
48,3,0,70,3970.229
48,3,0,70,2973.070
48,3,0,70,3471.959
48,3,0,70,3142.075
48,3,0,70,3967.944
48,3,0,70,2971.656
48,3,0,70,3969.654
48,3,0,70,2967.162
48,3,0,70,3969.733
48,3,0,70,2973.130
48,3,0,70,3969.350
48,3,0,70,2968.710
48,3,0,70,3968.579
48,3,0,70,2971.401
48,3,0,70,3968.881
48,3,0,70,2970.296
48,3,0,70,3969.553
48,3,0,70,2970.469
48,3,0,70,3468.710
48,3,0,70,18870.077
49,4,0,60,0.241
49,4,0,60,1322.176
49,4,0,60,1440.321
49,4,0,60,1457.208
49,4,0,60,1790.278
49,4,0,60,1515.703
49,4,0,60,1445.442
49,4,0,60,962.035
49,4,0,60,1790.991
49,4,0,60,1459.509
49,4,0,60,1787.486
49,4,0,60,1788.706
49,4,0,60,1453.706
49,4,0,60,1801.072
49,4,0,60,1787.533
49,4,0,60,934.128
49,4,0,60,1787.991
49,4,0,60,1787.526
49,4,0,60,1455.155
49,4,0,60,1787.670
49,4,0,60,1787.630
49,4,0,60,1454.982
49,4,0,60,1787.922
49,4,0,60,1787.550
49,4,0,60,946.959
49,4,0,60,1789.267
49,4,0,60,1789.839
49,4,0,60,956.711
49,4,0,60,1797.705
49,4,0,60,1289.779
49,4,0,60,1461.202
49,4,0,60,1792.661
49,4,0,60,1796.974
49,4,0,60,946.420
49,4,0,60,1789.728
49,4,0,60,1788.448
49,4,0,60,1464.707
49,4,0,60,1787.981
49,4,0,60,1793.441
49,4,0,60,1455.496
49,4,0,60,1787.326
49,4,0,60,1798.249
49,4,0,60,1459.749
49,4,0,60,1790.060
49,4,0,60,1787.539
49,4,0,60,1451.316
49,4,0,60,1783.183
49,4,0,60,1788.699
49,4,0,60,1455.235
49,4,0,60,1787.231
49,4,0,60,1786.266
49,4,0,60,1456.969
49,4,0,60,1788.965
49,4,0,60,1287.429
49,4,0,60,1465.648
49,4,0,60,921.019
49,4,0,60,1786.549
49,4,0,60,1456.400
49,4,0,60,1789.729
49,4,0,60,1790.375
49,4,0,60,1455.727
49,4,0,60,1788.260
49,4,0,60,1787.887
49,4,0,60,1455.090
49,4,0,60,1792.845
49,4,0,60,1786.658
49,4,0,60,1454.157
49,4,0,60,1790.413
49,4,0,60,1786.966
49,4,0,60,952.264
49,4,0,60,1787.684
49,4,0,60,1785.126
49,4,0,60,1454.088
49,4,0,60,1789.177
49,4,0,60,1792.026
49,4,0,60,1456.822
49,4,0,60,1787.226
49,4,0,60,1770.409
49,4,0,60,1459.815
49,4,0,60,1787.626
49,4,0,60,1786.254
49,4,0,60,952.256
49,4,0,60,1790.490
49,4,0,60,1789.895
49,4,0,60,1457.061
49,4,0,60,1787.946
49,4,0,60,1789.018
49,4,0,60,1453.832
49,4,0,60,1789.958
49,4,0,60,1788.937
49,4,0,60,1454.122
49,4,0,60,1790.099
49,4,0,60,1289.118
49,4,0,60,1466.763
49,4,0,60,1789.666
49,4,0,60,1787.923
49,4,0,60,1454.719
49,4,0,60,3553.669
49,4,0,60,1792.305
49,4,0,60,940.326
49,4,0,60,1793.356
49,4,0,60,1787.132
49,4,0,60,1451.743
49,4,0,60,1786.479
49,4,0,60,1792.255
49,4,0,60,1452.699
49,4,0,60,1786.954
49,4,0,60,1790.415
49,4,0,60,1456.470
49,4,0,60,1790.725
49,4,0,60,1789.260
49,4,0,60,1454.796
49,4,0,60,1788.588
49,4,0,60,1775.920
49,4,0,60,1455.400
49,4,0,60,1791.674
49,4,0,60,1793.709
49,4,0,60,1456.283
49,4,0,60,944.320
49,4,0,60,1785.850
49,4,0,60,1457.942
49,4,0,60,1790.216
49,4,0,60,1786.973
49,4,0,60,1454.917
49,4,0,60,1787.413
49,4,0,60,1790.448
49,4,0,60,963.228
49,4,0,60,1788.721
49,4,0,60,1786.274
49,4,0,60,1455.422
49,4,0,60,1789.233
49,4,0,60,1798.490
49,4,0,60,1444.045
49,4,0,60,1793.096
49,4,0,60,1785.168
49,4,0,60,1452.390
49,4,0,60,1790.849
49,4,0,60,1289.868
49,4,0,60,1466.031
49,4,0,60,1789.361
49,4,0,60,1787.395
49,4,0,60,1456.876
49,4,0,60,1790.891
49,4,0,60,1787.092
49,4,0,60,952.317
49,4,0,60,1789.199
49,4,0,60,1786.604
49,4,0,60,1455.548
49,4,0,60,1788.174
49,4,0,60,1286.507
50,4,0,60,0.259
50,4,0,60,1321.324
50,4,0,60,1438.951
50,4,0,60,1455.449
50,4,0,60,3289.511
50,4,0,60,1530.703
50,4,0,60,1443.886
50,4,0,60,3300.152
50,4,0,60,3635.667
50,4,0,60,1458.843
50,4,0,60,3288.534
50,4,0,60,3620.493
50,4,0,60,1452.002
50,4,0,60,3301.713
50,4,0,60,3620.413
50,4,0,60,1432.551
50,4,0,60,3288.502
50,4,0,60,3620.517
50,4,0,60,1453.674
50,4,0,60,3285.570
50,4,0,60,3620.640
50,4,0,60,1453.575
50,4,0,60,3289.692
50,4,0,60,3620.318
50,4,0,60,1447.142
50,4,0,60,3287.000
50,4,0,60,3624.145
50,4,0,60,1455.931
50,4,0,60,3297.605
50,4,0,60,1288.205
50,4,0,60,1460.091
50,4,0,60,3289.876
50,4,0,60,3628.168
50,4,0,60,1444.714
50,4,0,60,3288.554
50,4,0,60,3622.735
50,4,0,60,1463.059
50,4,0,60,3287.214
50,4,0,60,3629.432
50,4,0,60,1454.071
50,4,0,60,3287.078
50,4,0,60,3632.444
50,4,0,60,1458.360
50,4,0,60,3288.663
50,4,0,60,3620.585
50,4,0,60,1449.650
50,4,0,60,3294.749
50,4,0,60,3620.782
50,4,0,60,1453.902
50,4,0,60,3286.113
50,4,0,60,3619.979
50,4,0,60,1455.340
50,4,0,60,3287.865
50,4,0,60,1285.947
50,4,0,60,1464.111
50,4,0,60,1752.811
50,4,0,60,3631.039
50,4,0,60,1454.845
50,4,0,60,3289.555
50,4,0,60,3623.866
50,4,0,60,1454.301
50,4,0,60,3287.141
50,4,0,60,3617.544
50,4,0,60,1453.350
50,4,0,60,3290.986
50,4,0,60,3617.908
50,4,0,60,1452.565
50,4,0,60,3289.516
50,4,0,60,3621.216
50,4,0,60,1451.373
50,4,0,60,3289.806
50,4,0,60,3619.024
50,4,0,60,1452.477
50,4,0,60,3288.225
50,4,0,60,3629.443
50,4,0,60,1455.230
50,4,0,60,3285.718
50,4,0,60,3605.622
50,4,0,60,1458.519
50,4,0,60,3286.248
50,4,0,60,3620.522
50,4,0,60,1449.365
50,4,0,60,3290.890
50,4,0,60,3633.626
50,4,0,60,1456.395
50,4,0,60,3288.216
50,4,0,60,3621.046
50,4,0,60,1452.314
50,4,0,60,3290.469
50,4,0,60,3623.280
50,4,0,60,1452.770
50,4,0,60,3290.943
50,4,0,60,1287.544
50,4,0,60,1465.282
50,4,0,60,3289.251
50,4,0,60,3621.414
50,4,0,60,1453.090
50,4,0,60,3552.058
50,4,0,60,3628.037
50,4,0,60,1439.787
50,4,0,60,3293.071
50,4,0,60,3620.993
50,4,0,60,1450.206
50,4,0,60,3270.750
50,4,0,60,3624.579
50,4,0,60,1451.014
50,4,0,60,3288.502
50,4,0,60,3629.479
50,4,0,60,1455.137
50,4,0,60,3292.551
50,4,0,60,3623.121
50,4,0,60,1453.389
50,4,0,60,3286.062
50,4,0,60,3607.262
50,4,0,60,1453.808
50,4,0,60,3290.352
50,4,0,60,3626.811
50,4,0,60,1455.024
50,4,0,60,3276.401
50,4,0,60,3618.786
50,4,0,60,1456.461
50,4,0,60,3292.227
50,4,0,60,3610.853
50,4,0,60,1453.269
50,4,0,60,3286.887
50,4,0,60,3624.457
50,4,0,60,1462.836
50,4,0,60,3290.491
50,4,0,60,3619.876
50,4,0,60,1454.163
50,4,0,60,3290.614
50,4,0,60,3631.906
50,4,0,60,1443.545
50,4,0,60,3292.219
50,4,0,60,3615.548
50,4,0,60,1450.835
50,4,0,60,3288.397
50,4,0,60,1288.312
50,4,0,60,1464.883
50,4,0,60,3291.186
50,4,0,60,3619.053
50,4,0,60,1455.377
50,4,0,60,3288.902
50,4,0,60,3619.602
50,4,0,60,1452.203
50,4,0,60,3291.432
50,4,0,60,3621.021
50,4,0,60,1454.252
50,4,0,60,3286.888
50,4,0,60,1285.063
51,4,0,60,0.686
51,4,0,60,1318.454
51,4,0,60,1435.655
51,4,0,60,1453.338
51,4,0,60,3287.382
51,4,0,60,1527.685
51,4,0,60,1440.831
51,4,0,60,3297.282
51,4,0,60,5133.826
51,4,0,60,1456.250
51,4,0,60,3286.794
51,4,0,60,3617.549
51,4,0,60,1450.003
51,4,0,60,3300.472
51,4,0,60,4608.352
51,4,0,60,1430.348
51,4,0,60,3286.317
51,4,0,60,3616.999
51,4,0,60,1451.934
51,4,0,60,3283.200
51,4,0,60,3618.733
51,4,0,60,1450.945
51,4,0,60,3288.526
51,4,0,60,4621.313
51,4,0,60,1443.290
51,4,0,60,3284.019
51,4,0,60,3622.200
51,4,0,60,1452.469
51,4,0,60,3295.846
51,4,0,60,1285.298
51,4,0,60,1457.962
51,4,0,60,3288.302
51,4,0,60,4620.756
51,4,0,60,1442.437
51,4,0,60,3286.999
51,4,0,60,3620.810
51,4,0,60,1460.448
51,4,0,60,3285.677
51,4,0,60,3627.803
51,4,0,60,1451.960
51,4,0,60,3285.041
51,4,0,60,3630.444
51,4,0,60,1456.379
51,4,0,60,3286.127
51,4,0,60,3617.049
51,4,0,60,1446.391
51,4,0,60,3292.842
51,4,0,60,3618.894
51,4,0,60,1451.440
51,4,0,60,3284.020
51,4,0,60,3617.183
51,4,0,60,1453.025
51,4,0,60,3285.958
51,4,0,60,1283.522
51,4,0,60,1462.333
51,4,0,60,3224.970
51,4,0,60,5129.551
51,4,0,60,1452.549
51,4,0,60,3286.815
51,4,0,60,3621.922
51,4,0,60,1450.061
51,4,0,60,3285.623
51,4,0,60,3614.860
51,4,0,60,1450.257
51,4,0,60,3289.135
51,4,0,60,3614.575
51,4,0,60,1450.306
51,4,0,60,3286.517
51,4,0,60,3619.420
51,4,0,60,1447.818
51,4,0,60,3287.917
51,4,0,60,3615.710
51,4,0,60,1448.959
51,4,0,60,3286.281
51,4,0,60,3627.869
51,4,0,60,1451.434
51,4,0,60,3283.904
51,4,0,60,3604.085
51,4,0,60,1456.168
51,4,0,60,3284.323
51,4,0,60,3618.393
51,4,0,60,1447.013
51,4,0,60,3289.223
51,4,0,60,5131.378
51,4,0,60,1454.543
51,4,0,60,3285.865
51,4,0,60,3619.472
51,4,0,60,1449.240
51,4,0,60,3288.488
51,4,0,60,3621.372
51,4,0,60,1449.493
51,4,0,60,3289.444
51,4,0,60,1284.248
51,4,0,60,1463.541
51,4,0,60,3286.363
51,4,0,60,3619.933
51,4,0,60,1450.349
51,4,0,60,3548.632
51,4,0,60,4614.699
51,4,0,60,1437.009
51,4,0,60,3291.183
51,4,0,60,3619.012
51,4,0,60,1446.965
51,4,0,60,3267.491
51,4,0,60,3622.690
51,4,0,60,1448.403
51,4,0,60,3285.521
51,4,0,60,3627.813
51,4,0,60,1452.637
51,4,0,60,3290.736
51,4,0,60,3620.825
51,4,0,60,1451.500
51,4,0,60,3283.970
51,4,0,60,3604.892
51,4,0,60,1451.975
51,4,0,60,3288.297
51,4,0,60,3624.848
51,4,0,60,1451.320
51,4,0,60,3274.790
51,4,0,60,3616.934
51,4,0,60,1452.980
51,4,0,60,3290.635
51,4,0,60,3608.316
51,4,0,60,1449.992
51,4,0,60,3285.110
51,4,0,60,3622.717
51,4,0,60,1460.911
51,4,0,60,3288.955
51,4,0,60,3618.395
51,4,0,60,1452.608
51,4,0,60,3289.003
51,4,0,60,5118.418
51,4,0,60,1441.268
51,4,0,60,3290.626
51,4,0,60,3613.715
51,4,0,60,1448.520
51,4,0,60,3286.527
51,4,0,60,1284.794
51,4,0,60,1462.124
51,4,0,60,3290.094
51,4,0,60,3617.109
51,4,0,60,1451.932
51,4,0,60,3287.606
51,4,0,60,3618.065
51,4,0,60,1450.389
51,4,0,60,3289.636
51,4,0,60,3619.151
51,4,0,60,1451.067
51,4,0,60,3284.426
51,4,0,60,1281.767
52,4,0,60,0.222
52,4,0,60,1321.972
52,4,0,60,1439.821
52,4,0,60,1456.745
52,4,0,60,1789.870
52,4,0,60,1515.184
52,4,0,60,1444.960
52,4,0,60,1800.919
52,4,0,60,1790.547
52,4,0,60,1458.990
52,4,0,60,1787.005
52,4,0,60,1788.225
52,4,0,60,1453.280
52,4,0,60,1800.831
52,4,0,60,1787.126
52,4,0,60,1432.514
52,4,0,60,1787.640
52,4,0,60,1787.008
52,4,0,60,1454.822
52,4,0,60,1787.151
52,4,0,60,1787.149
52,4,0,60,1454.500
52,4,0,60,1787.589
52,4,0,60,1786.994
52,4,0,60,1447.234
52,4,0,60,1788.712
52,4,0,60,1789.321
52,4,0,60,1457.061
52,4,0,60,1797.223
52,4,0,60,1289.279
52,4,0,60,1460.832
52,4,0,60,1792.124
52,4,0,60,1796.548
52,4,0,60,1444.936
52,4,0,60,1789.173
52,4,0,60,1787.985
52,4,0,60,1464.318
52,4,0,60,1787.592
52,4,0,60,1793.053
52,4,0,60,1455.182
52,4,0,60,1786.956
52,4,0,60,1797.805
52,4,0,60,1459.508
52,4,0,60,1789.560
52,4,0,60,1787.021
52,4,0,60,1450.890
52,4,0,60,1782.627
52,4,0,60,1788.310
52,4,0,60,1454.921
52,4,0,60,1786.731
52,4,0,60,1785.822
52,4,0,60,1456.506
52,4,0,60,1788.484
52,4,0,60,1287.058
52,4,0,60,1465.148
52,4,0,60,1754.014
52,4,0,60,1786.160
52,4,0,60,1456.104
52,4,0,60,1789.304
52,4,0,60,1789.875
52,4,0,60,1455.412
52,4,0,60,1787.815
52,4,0,60,1787.461
52,4,0,60,1454.683
52,4,0,60,1792.457
52,4,0,60,1786.158
52,4,0,60,1453.732
52,4,0,60,1790.061
52,4,0,60,1786.466
52,4,0,60,1452.614
52,4,0,60,1787.313
52,4,0,60,1784.589
52,4,0,60,1453.681
52,4,0,60,1788.714
52,4,0,60,1791.601
52,4,0,60,1456.545
52,4,0,60,1786.670
52,4,0,60,1769.927
52,4,0,60,1459.316
52,4,0,60,1787.274
52,4,0,60,1785.976
52,4,0,60,1450.661
52,4,0,60,1790.027
52,4,0,60,1789.469
52,4,0,60,1456.524
52,4,0,60,1787.539
52,4,0,60,1788.610
52,4,0,60,1453.425
52,4,0,60,1789.624
52,4,0,60,1788.604
52,4,0,60,1453.714
52,4,0,60,1789.618
52,4,0,60,1288.674
52,4,0,60,1466.318
52,4,0,60,1789.203
52,4,0,60,1787.423
52,4,0,60,1454.238
52,4,0,60,3553.206
52,4,0,60,1791.824
52,4,0,60,1439.879
52,4,0,60,1792.894
52,4,0,60,1786.780
52,4,0,60,1451.298
52,4,0,60,1785.942
52,4,0,60,1791.792
52,4,0,60,1452.217
52,4,0,60,1786.510
52,4,0,60,1790.081
52,4,0,60,1456.266
52,4,0,60,1790.262
52,4,0,60,1788.797
52,4,0,60,1454.407
52,4,0,60,1788.200
52,4,0,60,1775.531
52,4,0,60,1454.956
52,4,0,60,1791.360
52,4,0,60,1793.339
52,4,0,60,1456.079
52,4,0,60,1779.279
52,4,0,60,1785.443
52,4,0,60,1457.517
52,4,0,60,1789.846
52,4,0,60,1786.621
52,4,0,60,1454.491
52,4,0,60,1787.006
52,4,0,60,1790.022
52,4,0,60,1464.040
52,4,0,60,1788.314
52,4,0,60,1785.849
52,4,0,60,1455.089
52,4,0,60,1788.640
52,4,0,60,1798.008
52,4,0,60,1443.638
52,4,0,60,1792.578
52,4,0,60,1784.668
52,4,0,60,1451.927
52,4,0,60,1790.479
52,4,0,60,1289.460
52,4,0,60,1465.661
52,4,0,60,1788.898
52,4,0,60,1786.932
52,4,0,60,1456.525
52,4,0,60,1790.465
52,4,0,60,1786.555
52,4,0,60,1453.351
52,4,0,60,1788.662
52,4,0,60,1786.141
52,4,0,60,1455.363
52,4,0,60,1787.692
52,4,0,60,1286.044
53,4,0,60,0.223
53,4,0,60,1321.176
53,4,0,60,1438.581
53,4,0,60,1455.171
53,4,0,60,3289.604
53,4,0,60,1530.148
53,4,0,60,1443.498
53,4,0,60,3299.819
53,4,0,60,3635.593
53,4,0,60,1458.546
53,4,0,60,3288.516
53,4,0,60,3620.271
53,4,0,60,1452.040
53,4,0,60,3301.620
53,4,0,60,3620.135
53,4,0,60,1432.403
53,4,0,60,3288.447
53,4,0,60,3620.073
53,4,0,60,1453.730
53,4,0,60,3285.237
53,4,0,60,3620.677
53,4,0,60,1453.204
53,4,0,60,3289.767
53,4,0,60,3619.911
53,4,0,60,1446.420
53,4,0,60,3286.612
53,4,0,60,3624.163
53,4,0,60,1455.598
53,4,0,60,3297.698
53,4,0,60,1287.613
53,4,0,60,1459.814
53,4,0,60,3289.894
53,4,0,60,3628.187
53,4,0,60,1444.585
53,4,0,60,3288.647
53,4,0,60,3622.736
53,4,0,60,1462.615
53,4,0,60,3287.251
53,4,0,60,3629.081
53,4,0,60,1453.960
53,4,0,60,3287.096
53,4,0,60,3632.352
53,4,0,60,1458.249
53,4,0,60,3288.590
53,4,0,60,3620.011
53,4,0,60,1449.243
53,4,0,60,3294.749
53,4,0,60,3620.690
53,4,0,60,1453.680
53,4,0,60,3286.057
53,4,0,60,3619.665
53,4,0,60,1455.211
53,4,0,60,3287.865
53,4,0,60,1285.818
53,4,0,60,1463.593
53,4,0,60,3226.859
53,4,0,60,3631.003
53,4,0,60,1454.438
53,4,0,60,3289.241
53,4,0,60,3623.829
53,4,0,60,1453.635
53,4,0,60,3287.234
53,4,0,60,3617.322
53,4,0,60,1452.683
53,4,0,60,3290.912
53,4,0,60,3617.593
53,4,0,60,1452.491
53,4,0,60,3289.405
53,4,0,60,3621.161
53,4,0,60,1450.985
53,4,0,60,3289.491
53,4,0,60,3618.691
53,4,0,60,1451.922
53,4,0,60,3288.207
53,4,0,60,3629.573
53,4,0,60,1454.526
53,4,0,60,3285.848
53,4,0,60,3605.714
53,4,0,60,1458.131
53,4,0,60,3286.249
53,4,0,60,3620.189
53,4,0,60,1449.143
53,4,0,60,3290.964
53,4,0,60,3633.516
53,4,0,60,1456.376
53,4,0,60,3287.957
53,4,0,60,3621.027
53,4,0,60,1451.629
53,4,0,60,3290.413
53,4,0,60,3623.187
53,4,0,60,1452.233
53,4,0,60,3290.925
53,4,0,60,1287.211
53,4,0,60,1465.319
53,4,0,60,3288.918
53,4,0,60,3621.451
53,4,0,60,1452.720
53,4,0,60,3551.669
53,4,0,60,3628.296
53,4,0,60,1439.250
53,4,0,60,3293.145
53,4,0,60,3620.845
53,4,0,60,1449.854
53,4,0,60,3270.454
53,4,0,60,3624.561
53,4,0,60,1450.681
53,4,0,60,3288.169
53,4,0,60,3629.498
53,4,0,60,1454.766
53,4,0,60,3292.514
53,4,0,60,3623.028
53,4,0,60,1453.352
53,4,0,60,3286.026
53,4,0,60,3606.985
53,4,0,60,1453.623
53,4,0,60,3290.278
53,4,0,60,3626.811
53,4,0,60,1454.505
53,4,0,60,3276.605
53,4,0,60,3618.860
53,4,0,60,1455.999
53,4,0,60,3292.042
53,4,0,60,3610.575
53,4,0,60,1452.714
53,4,0,60,3287.017
53,4,0,60,3624.439
53,4,0,60,1462.837
53,4,0,60,3290.510
53,4,0,60,3619.988
53,4,0,60,1454.237
53,4,0,60,3290.651
53,4,0,60,3631.573
53,4,0,60,1443.249
53,4,0,60,3292.182
53,4,0,60,3615.548
53,4,0,60,1450.724
53,4,0,60,3288.360
53,4,0,60,1287.683
53,4,0,60,1464.550
53,4,0,60,3291.446
53,4,0,60,3618.942
53,4,0,60,1454.729
53,4,0,60,3288.939
53,4,0,60,3619.676
53,4,0,60,1451.944
53,4,0,60,3291.395
53,4,0,60,3620.984
53,4,0,60,1453.660
53,4,0,60,3286.648
53,4,0,60,1284.674
54,4,0,60,0.204
54,4,0,60,1317.899
54,4,0,60,1435.062
54,4,0,60,1452.616
54,4,0,60,3286.696
54,4,0,60,1527.018
54,4,0,60,1440.127
54,4,0,60,3296.560
54,4,0,60,5133.178
54,4,0,60,1455.491
54,4,0,60,3286.072
54,4,0,60,3616.808
54,4,0,60,1449.280
54,4,0,60,3299.750
54,4,0,60,4607.648
54,4,0,60,1429.607
54,4,0,60,3285.651
54,4,0,60,3616.313
54,4,0,60,1451.230
54,4,0,60,3282.496
54,4,0,60,3618.066
54,4,0,60,1450.204
54,4,0,60,3287.804
54,4,0,60,4620.646
54,4,0,60,1442.605
54,4,0,60,3283.315
54,4,0,60,3621.497
54,4,0,60,1451.746
54,4,0,60,3295.123
54,4,0,60,1284.632
54,4,0,60,1457.258
54,4,0,60,3287.598
54,4,0,60,4620.126
54,4,0,60,1441.714
54,4,0,60,3286.313
54,4,0,60,3620.087
54,4,0,60,1459.744
54,4,0,60,3284.973
54,4,0,60,4627.520
54,4,0,60,1451.256
54,4,0,60,3284.374
54,4,0,60,3629.722
54,4,0,60,1455.675
54,4,0,60,3285.404
54,4,0,60,3616.382
54,4,0,60,1445.668
54,4,0,60,3292.101
54,4,0,60,3618.208
54,4,0,60,1450.810
54,4,0,60,3283.298
54,4,0,60,3616.479
54,4,0,60,1452.284
54,4,0,60,3285.273
54,4,0,60,1282.799
54,4,0,60,1461.629
54,4,0,60,3224.248
54,4,0,60,5128.995
54,4,0,60,1451.826
54,4,0,60,3286.111
54,4,0,60,3621.218
54,4,0,60,1449.338
54,4,0,60,3284.882
54,4,0,60,3614.137
54,4,0,60,1449.554
54,4,0,60,3288.486
54,4,0,60,3613.890
54,4,0,60,1449.584
54,4,0,60,3285.850
54,4,0,60,3618.716
54,4,0,60,1447.096
54,4,0,60,3287.176
54,4,0,60,3615.006
54,4,0,60,1448.367
54,4,0,60,3285.540
54,4,0,60,5129.343
54,4,0,60,1450.749
54,4,0,60,3283.181
54,4,0,60,3603.362
54,4,0,60,1455.445
54,4,0,60,3283.619
54,4,0,60,3617.782
54,4,0,60,1446.328
54,4,0,60,3288.482
54,4,0,60,5130.693
54,4,0,60,1453.821
54,4,0,60,3285.161
54,4,0,60,3618.749
54,4,0,60,1448.518
54,4,0,60,3287.858
54,4,0,60,3620.650
54,4,0,60,1448.807
54,4,0,60,3288.777
54,4,0,60,1283.563
54,4,0,60,1462.856
54,4,0,60,3285.640
54,4,0,60,3619.248
54,4,0,60,1449.719
54,4,0,60,3547.929
54,4,0,60,4614.013
54,4,0,60,1436.268
54,4,0,60,3290.553
54,4,0,60,3618.289
54,4,0,60,1446.206
54,4,0,60,3266.787
54,4,0,60,3622.060
54,4,0,60,1447.681
54,4,0,60,3284.817
54,4,0,60,5129.064
54,4,0,60,1451.896
54,4,0,60,3290.032
54,4,0,60,3620.121
54,4,0,60,1450.815
54,4,0,60,3283.340
54,4,0,60,3604.188
54,4,0,60,1451.290
54,4,0,60,3287.593
54,4,0,60,3624.144
54,4,0,60,1450.635
54,4,0,60,3274.105
54,4,0,60,3616.230
54,4,0,60,1452.276
54,4,0,60,3289.950
54,4,0,60,3607.631
54,4,0,60,1449.288
54,4,0,60,3284.387
54,4,0,60,3622.013
54,4,0,60,1460.170
54,4,0,60,3288.232
54,4,0,60,3617.765
54,4,0,60,1451.922
54,4,0,60,3288.300
54,4,0,60,5117.714
54,4,0,60,1440.564
54,4,0,60,3289.922
54,4,0,60,3613.011
54,4,0,60,1447.816
54,4,0,60,3285.916
54,4,0,60,1284.090
54,4,0,60,1461.420
54,4,0,60,3289.390
54,4,0,60,3616.368
54,4,0,60,1451.229
54,4,0,60,3286.883
54,4,0,60,3617.379
54,4,0,60,1449.685
54,4,0,60,3288.914
54,4,0,60,3618.447
54,4,0,60,1450.326
54,4,0,60,3283.722
54,4,0,60,1281.082
55,4,0,60,0.222
55,4,0,60,1321.731
55,4,0,60,1439.525
55,4,0,60,1456.411
55,4,0,60,1789.500
55,4,0,60,1514.832
55,4,0,60,1444.608
55,4,0,60,1800.623
55,4,0,60,1790.139
55,4,0,60,1458.583
55,4,0,60,1786.579
55,4,0,60,1787.966
55,4,0,60,1452.947
55,4,0,60,1800.665
55,4,0,60,1786.866
55,4,0,60,1432.218
55,4,0,60,1787.269
55,4,0,60,1786.711
55,4,0,60,1454.488
55,4,0,60,1786.799
55,4,0,60,1786.741
55,4,0,60,1454.259
55,4,0,60,1787.330
55,4,0,60,1786.587
55,4,0,60,1446.901
55,4,0,60,1788.415
55,4,0,60,1788.932
55,4,0,60,1456.746
55,4,0,60,1796.908
55,4,0,60,1288.927
55,4,0,60,1460.461
55,4,0,60,1791.828
55,4,0,60,1796.251
55,4,0,60,1444.529
55,4,0,60,1788.784
55,4,0,60,1787.652
55,4,0,60,1463.911
55,4,0,60,1787.147
55,4,0,60,1792.812
55,4,0,60,1454.830
55,4,0,60,1786.622
55,4,0,60,1797.472
55,4,0,60,1459.101
55,4,0,60,1789.189
55,4,0,60,1786.613
55,4,0,60,1450.501
55,4,0,60,1782.294
55,4,0,60,1787.977
55,4,0,60,1454.643
55,4,0,60,1786.379
55,4,0,60,1785.396
55,4,0,60,1456.173
55,4,0,60,1788.206
55,4,0,60,1286.706
55,4,0,60,1464.888
55,4,0,60,1753.718
55,4,0,60,1785.919
55,4,0,60,1455.696
55,4,0,60,1789.100
55,4,0,60,1789.505
55,4,0,60,1455.134
55,4,0,60,1787.500
55,4,0,60,1787.239
55,4,0,60,1454.312
55,4,0,60,1792.105
55,4,0,60,1785.825
55,4,0,60,1453.454
55,4,0,60,1789.765
55,4,0,60,1786.207
55,4,0,60,1452.151
55,4,0,60,1787.110
55,4,0,60,1784.237
55,4,0,60,1453.403
55,4,0,60,1788.473
55,4,0,60,1791.397
55,4,0,60,1456.174
55,4,0,60,1786.374
55,4,0,60,1769.649
55,4,0,60,1459.038
55,4,0,60,1786.960
55,4,0,60,1785.661
55,4,0,60,1450.309
55,4,0,60,1789.768
55,4,0,60,1789.173
55,4,0,60,1456.154
55,4,0,60,1787.279
55,4,0,60,1788.203
55,4,0,60,1453.073
55,4,0,60,1789.365
55,4,0,60,1788.307
55,4,0,60,1453.362
55,4,0,60,1789.303
55,4,0,60,1288.359
55,4,0,60,1465.985
55,4,0,60,1788.833
55,4,0,60,1787.108
55,4,0,60,1453.849
55,4,0,60,3552.928
55,4,0,60,1791.472
55,4,0,60,1439.509
55,4,0,60,1792.560
55,4,0,60,1786.502
55,4,0,60,1450.983
55,4,0,60,1785.627
55,4,0,60,1791.495
55,4,0,60,1451.810
55,4,0,60,1786.102
55,4,0,60,1789.803
55,4,0,60,1455.895
55,4,0,60,1789.892
55,4,0,60,1788.426
55,4,0,60,1454.129
55,4,0,60,1787.885
55,4,0,60,1775.123
55,4,0,60,1454.604
55,4,0,60,1791.063
55,4,0,60,1793.024
55,4,0,60,1455.671
55,4,0,60,1778.927
55,4,0,60,1785.165
55,4,0,60,1457.165
55,4,0,60,1789.549
55,4,0,60,1786.306
55,4,0,60,1454.158
55,4,0,60,1786.635
55,4,0,60,1789.781
55,4,0,60,1463.651
55,4,0,60,1787.980
55,4,0,60,1785.497
55,4,0,60,1454.903
55,4,0,60,1788.362
55,4,0,60,1797.767
55,4,0,60,1443.304
55,4,0,60,1792.226
55,4,0,60,1784.353
55,4,0,60,1451.612
55,4,0,60,1790.127
55,4,0,60,1289.090
55,4,0,60,1465.364
55,4,0,60,1788.601
55,4,0,60,1786.673
55,4,0,60,1456.247
55,4,0,60,1790.187
55,4,0,60,1786.166
55,4,0,60,1453.036
55,4,0,60,1788.384
55,4,0,60,1785.715
55,4,0,60,1455.029
55,4,0,60,1787.340
55,4,0,60,1285.674
56,4,0,60,0.222
56,4,0,60,1320.454
56,4,0,60,1437.747
56,4,0,60,1454.727
56,4,0,60,3288.992
56,4,0,60,1529.425
56,4,0,60,1442.590
56,4,0,60,3298.949
56,4,0,60,3635.037
56,4,0,60,1457.824
56,4,0,60,3288.109
56,4,0,60,3619.530
56,4,0,60,1451.428
56,4,0,60,3301.324
56,4,0,60,3619.413
56,4,0,60,1431.736
56,4,0,60,3287.799
56,4,0,60,3619.072
56,4,0,60,1453.230
56,4,0,60,3284.570
56,4,0,60,3620.177
56,4,0,60,1452.556
56,4,0,60,3289.452
56,4,0,60,3618.985
56,4,0,60,1445.438
56,4,0,60,3285.889
56,4,0,60,3623.645
56,4,0,60,1454.691
56,4,0,60,3297.271
56,4,0,60,1286.928
56,4,0,60,1459.332
56,4,0,60,3289.376
56,4,0,60,3627.575
56,4,0,60,1443.973
56,4,0,60,3288.239
56,4,0,60,3622.143
56,4,0,60,1462.022
56,4,0,60,3286.936
56,4,0,60,3628.432
56,4,0,60,1453.386
56,4,0,60,3286.522
56,4,0,60,3631.888
56,4,0,60,1457.916
56,4,0,60,3287.904
56,4,0,60,3619.048
56,4,0,60,1448.483
56,4,0,60,3294.323
56,4,0,60,3620.153
56,4,0,60,1453.050
56,4,0,60,3285.465
56,4,0,60,3618.942
56,4,0,60,1454.636
56,4,0,60,3287.273
56,4,0,60,1285.151
56,4,0,60,1462.963
56,4,0,60,3226.303
56,4,0,60,3630.502
56,4,0,60,1453.900
56,4,0,60,3288.444
56,4,0,60,3623.310
56,4,0,60,1452.375
56,4,0,60,3286.937
56,4,0,60,3616.656
56,4,0,60,1451.609
56,4,0,60,3290.412
56,4,0,60,3616.760
56,4,0,60,1451.917
56,4,0,60,3288.572
56,4,0,60,3620.716
56,4,0,60,1450.077
56,4,0,60,3289.176
56,4,0,60,3617.820
56,4,0,60,1451.070
56,4,0,60,3287.762
56,4,0,60,3629.276
56,4,0,60,1453.563
56,4,0,60,3285.348
56,4,0,60,3605.399
56,4,0,60,1457.630
56,4,0,60,3285.656
56,4,0,60,3619.615
56,4,0,60,1448.568
56,4,0,60,3290.371
56,4,0,60,3632.904
56,4,0,60,1455.895
56,4,0,60,3287.364
56,4,0,60,3620.694
56,4,0,60,1450.758
56,4,0,60,3289.839
56,4,0,60,3622.798
56,4,0,60,1451.326
56,4,0,60,3290.499
56,4,0,60,1286.359
56,4,0,60,1464.782
56,4,0,60,3288.103
56,4,0,60,3621.136
56,4,0,60,1452.071
56,4,0,60,3550.836
56,4,0,60,3627.926
56,4,0,60,1438.398
56,4,0,60,3292.664
56,4,0,60,3620.419
56,4,0,60,1449.095
56,4,0,60,3269.657
56,4,0,60,3624.060
56,4,0,60,1449.847
56,4,0,60,3287.539
56,4,0,60,3629.146
56,4,0,60,1454.118
56,4,0,60,3291.977
56,4,0,60,3622.510
56,4,0,60,1452.741
56,4,0,60,3285.470
56,4,0,60,3606.373
56,4,0,60,1453.216
56,4,0,60,3289.870
56,4,0,60,3626.403
56,4,0,60,1453.487
56,4,0,60,3276.197
56,4,0,60,3618.304
56,4,0,60,1455.091
56,4,0,60,3291.801
56,4,0,60,3609.723
56,4,0,60,1451.825
56,4,0,60,3286.628
56,4,0,60,3624.068
56,4,0,60,1462.318
56,4,0,60,3290.010
56,4,0,60,3619.654
56,4,0,60,1453.811
56,4,0,60,3290.244
56,4,0,60,3630.851
56,4,0,60,1442.675
56,4,0,60,3291.885
56,4,0,60,3615.252
56,4,0,60,1450.224
56,4,0,60,3287.823
56,4,0,60,1286.831
56,4,0,60,1463.791
56,4,0,60,3291.131
56,4,0,60,3618.386
56,4,0,60,1453.784
56,4,0,60,3288.717
56,4,0,60,3619.305
56,4,0,60,1451.611
56,4,0,60,3291.136
56,4,0,60,3620.558
56,4,0,60,1452.863
56,4,0,60,3285.907
56,4,0,60,1283.748
57,4,0,60,0.203
57,4,0,60,1317.731
57,4,0,60,1434.765
57,4,0,60,1452.337
57,4,0,60,3286.344
57,4,0,60,1526.703
57,4,0,60,1439.812
57,4,0,60,3296.281
57,4,0,60,5132.881
57,4,0,60,1455.138
57,4,0,60,3285.756
57,4,0,60,3616.474
57,4,0,60,1448.946
57,4,0,60,3299.435
57,4,0,60,4607.425
57,4,0,60,1429.273
57,4,0,60,3285.335
57,4,0,60,3615.979
57,4,0,60,1450.933
57,4,0,60,3282.162
57,4,0,60,3617.769
57,4,0,60,1449.889
57,4,0,60,3287.451
57,4,0,60,4620.349
57,4,0,60,1442.271
57,4,0,60,3283.000
57,4,0,60,3621.181
57,4,0,60,1451.431
57,4,0,60,3294.789
57,4,0,60,1284.316
57,4,0,60,1457.017
57,4,0,60,3287.301
57,4,0,60,4619.811
57,4,0,60,1441.399
57,4,0,60,3286.017
57,4,0,60,3619.772
57,4,0,60,1459.429
57,4,0,60,3284.695
57,4,0,60,4627.408
57,4,0,60,1450.904
57,4,0,60,3284.040
57,4,0,60,3629.425
57,4,0,60,1455.397
57,4,0,60,3285.070
57,4,0,60,3616.085
57,4,0,60,1445.353
57,4,0,60,3291.767
57,4,0,60,3617.911
57,4,0,60,1450.513
57,4,0,60,3282.964
57,4,0,60,3616.127
57,4,0,60,1451.969
57,4,0,60,3284.939
57,4,0,60,1282.484
57,4,0,60,1461.407
57,4,0,60,3223.932
57,4,0,60,5128.661
57,4,0,60,1451.474
57,4,0,60,3285.777
57,4,0,60,3620.884
57,4,0,60,1449.041
57,4,0,60,3284.585
57,4,0,60,3613.914
57,4,0,60,1449.238
57,4,0,60,3288.189
57,4,0,60,3613.574
57,4,0,60,1449.268
57,4,0,60,3285.516
57,4,0,60,3618.401
57,4,0,60,1446.780
57,4,0,60,3286.861
57,4,0,60,3614.672
57,4,0,60,1448.051
57,4,0,60,3285.224
57,4,0,60,5129.027
57,4,0,60,1450.396
57,4,0,60,3282.847
57,4,0,60,3603.047
57,4,0,60,1455.204
57,4,0,60,3283.322
57,4,0,60,3617.485
57,4,0,60,1445.994
57,4,0,60,3288.167
57,4,0,60,5130.396
57,4,0,60,1453.487
57,4,0,60,3284.845
57,4,0,60,3618.545
57,4,0,60,1448.184
57,4,0,60,3287.505
57,4,0,60,3620.353
57,4,0,60,1448.510
57,4,0,60,3288.461
57,4,0,60,1283.266
57,4,0,60,1462.503
57,4,0,60,3285.362
57,4,0,60,3618.932
57,4,0,60,1449.386
57,4,0,60,3547.632
57,4,0,60,4613.698
57,4,0,60,1435.934
57,4,0,60,3290.237
57,4,0,60,3617.993
57,4,0,60,1445.909
57,4,0,60,3266.471
57,4,0,60,3621.727
57,4,0,60,1447.347
57,4,0,60,3284.520
57,4,0,60,5128.786
57,4,0,60,1451.544
57,4,0,60,3289.717
57,4,0,60,3619.861
57,4,0,60,1450.463
57,4,0,60,3283.043
57,4,0,60,3603.873
57,4,0,60,1450.974
57,4,0,60,3287.296
57,4,0,60,3623.810
57,4,0,60,1450.319
57,4,0,60,3273.826
57,4,0,60,3615.915
57,4,0,60,1451.979
57,4,0,60,3289.597
57,4,0,60,3607.352
57,4,0,60,1448.972
57,4,0,60,3284.127
57,4,0,60,3621.660
57,4,0,60,1459.929
57,4,0,60,3287.935
57,4,0,60,3617.468
57,4,0,60,1451.570
57,4,0,60,3287.984
57,4,0,60,5117.398
57,4,0,60,1440.230
57,4,0,60,3289.588
57,4,0,60,3612.733
57,4,0,60,1447.501
57,4,0,60,3285.637
57,4,0,60,1283.775
57,4,0,60,1461.142
57,4,0,60,3289.075
57,4,0,60,3616.052
57,4,0,60,1450.950
57,4,0,60,3286.531
57,4,0,60,3617.046
57,4,0,60,1449.351
57,4,0,60,3288.580
57,4,0,60,3618.113
57,4,0,60,1450.011
57,4,0,60,3283.425
57,4,0,60,1280.766
58,4,0,60,0.222
58,4,0,60,1321.824
58,4,0,60,1439.413
58,4,0,60,1456.152
58,4,0,60,1789.296
58,4,0,60,1530.999
58,4,0,60,1444.497
58,4,0,60,1800.474
58,4,0,60,1789.972
58,4,0,60,1458.323
58,4,0,60,1786.449
58,4,0,60,1787.799
58,4,0,60,1452.705
58,4,0,60,1800.553
58,4,0,60,1786.699
58,4,0,60,1432.051
58,4,0,60,1787.121
58,4,0,60,1786.526
58,4,0,60,1454.322
58,4,0,60,1786.558
58,4,0,60,1786.500
58,4,0,60,1454.204
58,4,0,60,1787.255
58,4,0,60,1786.420
58,4,0,60,1446.697
58,4,0,60,1788.304
58,4,0,60,1788.691
58,4,0,60,1456.560
58,4,0,60,2797.847
58,4,0,60,1288.834
58,4,0,60,1460.554
58,4,0,60,1791.587
58,4,0,60,1796.103
58,4,0,60,1444.269
58,4,0,60,1788.635
58,4,0,60,1787.578
58,4,0,60,1463.688
58,4,0,60,2787.105
58,4,0,60,1792.774
58,4,0,60,1454.644
58,4,0,60,1786.492
58,4,0,60,1797.286
58,4,0,60,1458.934
58,4,0,60,1789.004
58,4,0,60,1786.446
58,4,0,60,1450.353
58,4,0,60,1782.127
58,4,0,60,1787.828
58,4,0,60,1454.439
58,4,0,60,1786.175
58,4,0,60,1785.266
58,4,0,60,1455.950
58,4,0,60,1788.039
58,4,0,60,1286.595
58,4,0,60,1464.721
58,4,0,60,1753.477
58,4,0,60,1785.734
58,4,0,60,1455.455
58,4,0,60,1788.896
58,4,0,60,2790.759
58,4,0,60,1454.967
58,4,0,60,1787.315
58,4,0,60,1787.109
58,4,0,60,1454.034
58,4,0,60,1791.975
58,4,0,60,1785.621
58,4,0,60,1453.250
58,4,0,60,1789.561
58,4,0,60,1786.003
58,4,0,60,1451.965
58,4,0,60,1787.054
58,4,0,60,1784.089
58,4,0,60,1453.162
58,4,0,60,1788.362
58,4,0,60,1791.322
58,4,0,60,1455.914
58,4,0,60,1786.225
58,4,0,60,1769.501
58,4,0,60,1458.963
58,4,0,60,1786.793
58,4,0,60,1785.476
58,4,0,60,1450.068
58,4,0,60,1789.601
58,4,0,60,1789.061
58,4,0,60,1455.987
58,4,0,60,1787.279
58,4,0,60,1788.036
58,4,0,60,1452.943
58,4,0,60,1789.254
58,4,0,60,1788.085
58,4,0,60,1453.140
58,4,0,60,1789.136
58,4,0,60,1288.173
58,4,0,60,1465.874
58,4,0,60,1788.684
58,4,0,60,1786.886
58,4,0,60,1453.719
58,4,0,60,3552.706
58,4,0,60,1791.268
58,4,0,60,1439.323
58,4,0,60,1792.356
58,4,0,60,1786.428
58,4,0,60,1450.816
58,4,0,60,1785.423
58,4,0,60,1791.310
58,4,0,60,1451.643
58,4,0,60,1785.935
58,4,0,60,1789.562
58,4,0,60,1455.747
58,4,0,60,1789.613
58,4,0,60,1788.296
58,4,0,60,1454.000
58,4,0,60,1787.681
58,4,0,60,1774.956
58,4,0,60,1454.456
58,4,0,60,1790.878
58,4,0,60,1792.838
58,4,0,60,1455.708
58,4,0,60,1778.686
58,4,0,60,1785.035
58,4,0,60,1457.090
58,4,0,60,1789.494
58,4,0,60,1786.177
58,4,0,60,1453.972
58,4,0,60,1786.431
58,4,0,60,1789.596
58,4,0,60,1463.503
58,4,0,60,2789.697
58,4,0,60,1785.293
58,4,0,60,1454.811
58,4,0,60,1788.121
58,4,0,60,1797.564
58,4,0,60,1443.082
58,4,0,60,1792.374
58,4,0,60,1784.242
58,4,0,60,1451.464
58,4,0,60,1789.904
58,4,0,60,1288.960
58,4,0,60,1465.198
58,4,0,60,1788.434
58,4,0,60,1786.469
58,4,0,60,1456.061
58,4,0,60,1790.168
58,4,0,60,1785.944
58,4,0,60,1452.869
58,4,0,60,1788.273
58,4,0,60,1785.511
58,4,0,60,1454.788
58,4,0,60,1787.192
58,4,0,60,1285.748
59,4,0,60,0.204
59,4,0,60,1319.491
59,4,0,60,1436.784
59,4,0,60,1454.023
59,4,0,60,3288.252
59,4,0,60,1528.462
59,4,0,60,1441.775
59,4,0,60,3298.282
59,4,0,60,3634.370
59,4,0,60,1457.102
59,4,0,60,3287.442
59,4,0,60,3618.623
59,4,0,60,1450.669
59,4,0,60,3300.861
59,4,0,60,3618.709
59,4,0,60,1430.921
59,4,0,60,3287.002
59,4,0,60,3618.109
59,4,0,60,1452.618
59,4,0,60,3283.958
59,4,0,60,3619.491
59,4,0,60,1451.815
59,4,0,60,3288.951
59,4,0,60,3618.318
59,4,0,60,1444.420
59,4,0,60,3284.834
59,4,0,60,3623.015
59,4,0,60,1453.653
59,4,0,60,3296.642
59,4,0,60,1286.131
59,4,0,60,1458.832
59,4,0,60,3288.709
59,4,0,60,3626.872
59,4,0,60,1443.269
59,4,0,60,3287.721
59,4,0,60,3621.457
59,4,0,60,1461.355
59,4,0,60,3286.269
59,4,0,60,3628.080
59,4,0,60,1452.682
59,4,0,60,3285.855
59,4,0,60,3631.166
59,4,0,60,1457.249
59,4,0,60,3287.108
59,4,0,60,3618.011
59,4,0,60,1447.557
59,4,0,60,3293.693
59,4,0,60,3619.449
59,4,0,60,1452.291
59,4,0,60,3284.798
59,4,0,60,3618.109
59,4,0,60,1453.895
59,4,0,60,3286.624
59,4,0,60,1284.429
59,4,0,60,1462.574
59,4,0,60,3225.784
59,4,0,60,3629.799
59,4,0,60,1453.159
59,4,0,60,3287.592
59,4,0,60,3622.644
59,4,0,60,1451.338
59,4,0,60,3286.363
59,4,0,60,3615.748
59,4,0,60,1450.942
59,4,0,60,3289.764
59,4,0,60,3615.741
59,4,0,60,1451.158
59,4,0,60,3287.535
59,4,0,60,3619.994
59,4,0,60,1448.984
59,4,0,60,3288.546
59,4,0,60,3616.802
59,4,0,60,1450.107
59,4,0,60,3287.095
59,4,0,60,3628.702
59,4,0,60,1452.563
59,4,0,60,3284.736
59,4,0,60,3604.751
59,4,0,60,1456.964
59,4,0,60,3284.933
59,4,0,60,3619.022
59,4,0,60,1447.864
59,4,0,60,3289.778
59,4,0,60,3632.182
59,4,0,60,1455.339
59,4,0,60,3286.679
59,4,0,60,3620.138
59,4,0,60,1450.073
59,4,0,60,3289.154
59,4,0,60,3622.205
59,4,0,60,1450.344
59,4,0,60,3289.980
59,4,0,60,1285.396
59,4,0,60,1464.115
59,4,0,60,3287.140
59,4,0,60,3620.506
59,4,0,60,1451.201
59,4,0,60,3549.817
59,4,0,60,3627.407
59,4,0,60,1437.768
59,4,0,60,3291.960
59,4,0,60,3619.808
59,4,0,60,1448.187
59,4,0,60,3268.657
59,4,0,60,3623.319
59,4,0,60,1449.014
59,4,0,60,3286.594
59,4,0,60,3628.479
59,4,0,60,1453.396
59,4,0,60,3291.291
59,4,0,60,3621.750
59,4,0,60,1451.963
59,4,0,60,3284.766
59,4,0,60,3605.706
59,4,0,60,1452.715
59,4,0,60,3289.204
59,4,0,60,3625.718
59,4,0,60,1452.486
59,4,0,60,3275.493
59,4,0,60,3617.600
59,4,0,60,1454.035
59,4,0,60,3291.283
59,4,0,60,3608.982
59,4,0,60,1450.825
59,4,0,60,3285.924
59,4,0,60,3623.309
59,4,0,60,1461.707
59,4,0,60,3289.454
59,4,0,60,3619.117
59,4,0,60,1453.274
59,4,0,60,3289.577
59,4,0,60,3630.166
59,4,0,60,1441.952
59,4,0,60,3291.218
59,4,0,60,3614.529
59,4,0,60,1449.446
59,4,0,60,3287.174
59,4,0,60,1285.812
59,4,0,60,1462.976
59,4,0,60,3290.668
59,4,0,60,3617.701
59,4,0,60,1452.821
59,4,0,60,3288.142
59,4,0,60,3618.583
59,4,0,60,1450.944
59,4,0,60,3290.413
59,4,0,60,3619.854
59,4,0,60,1451.955
59,4,0,60,3285.240
59,4,0,60,1282.748
60,4,0,60,0.112
60,4,0,60,1317.602
60,4,0,60,1434.637
60,4,0,60,1452.208
60,4,0,60,3286.215
60,4,0,60,1526.537
60,4,0,60,1439.683
60,4,0,60,3296.116
60,4,0,60,5327.806
60,4,0,60,1454.954
60,4,0,60,3285.609
60,4,0,60,3616.309
60,4,0,60,1448.818
60,4,0,60,3299.287
60,4,0,60,5301.478
60,4,0,60,1429.181
60,4,0,60,3285.225
60,4,0,60,3615.832
60,4,0,60,1450.767
60,4,0,60,3282.014
60,4,0,60,3617.640
60,4,0,60,1449.742
60,4,0,60,3287.285
60,4,0,60,5316.087
60,4,0,60,1442.142
60,4,0,60,3282.834
60,4,0,60,3621.034
60,4,0,60,1451.302
60,4,0,60,3294.661
60,4,0,60,1284.169
60,4,0,60,1456.851
60,4,0,60,3287.228
60,4,0,60,5313.678
60,4,0,60,1441.233
60,4,0,60,3285.869
60,4,0,60,3619.606
60,4,0,60,1459.263
60,4,0,60,3284.511
60,4,0,60,4627.353
60,4,0,60,1450.793
60,4,0,60,3283.874
60,4,0,60,5131.844
60,4,0,60,1455.231
60,4,0,60,3284.904
60,4,0,60,3615.937
60,4,0,60,1445.206
60,4,0,60,3291.620
60,4,0,60,3617.819
60,4,0,60,1450.384
60,4,0,60,3282.835
60,4,0,60,3615.979
60,4,0,60,1451.822
60,4,0,60,3284.791
60,4,0,60,1282.299
60,4,0,60,1461.333
60,4,0,60,3223.766
60,4,0,60,5128.513
60,4,0,60,1451.308
60,4,0,60,3285.667
60,4,0,60,3620.737
60,4,0,60,1448.912
60,4,0,60,3284.438
60,4,0,60,3613.823
60,4,0,60,1449.183
60,4,0,60,3288.023
60,4,0,60,3613.445
60,4,0,60,1449.102
60,4,0,60,3285.331
60,4,0,60,3618.272
60,4,0,60,1446.633
60,4,0,60,3286.769
60,4,0,60,3614.506
60,4,0,60,1447.885
60,4,0,60,3285.096
60,4,0,60,5128.880
60,4,0,60,1450.230
60,4,0,60,3282.700
60,4,0,60,3602.900
60,4,0,60,1455.131
60,4,0,60,3283.230
60,4,0,60,3617.374
60,4,0,60,1445.809
60,4,0,60,3288.001
60,4,0,60,5325.359
60,4,0,60,1453.321
60,4,0,60,3284.679
60,4,0,60,3618.361
60,4,0,60,1448.018
60,4,0,60,3287.339
60,4,0,60,3620.187
60,4,0,60,1448.344
60,4,0,60,3288.277
60,4,0,60,1283.118
60,4,0,60,1462.393
60,4,0,60,3285.307
60,4,0,60,3618.896
60,4,0,60,1449.257
60,4,0,60,3547.466
60,4,0,60,5308.751
60,4,0,60,1435.768
60,4,0,60,3290.071
60,4,0,60,3617.845
60,4,0,60,1445.836
60,4,0,60,3266.324
60,4,0,60,3621.579
60,4,0,60,1447.199
60,4,0,60,3284.391
60,4,0,60,5128.620
60,4,0,60,1451.433
60,4,0,60,3289.551
60,4,0,60,3619.806
60,4,0,60,1450.389
60,4,0,60,3282.896
60,4,0,60,3603.725
60,4,0,60,1450.790
60,4,0,60,3287.130
60,4,0,60,3623.663
60,4,0,60,1450.153
60,4,0,60,3273.771
60,4,0,60,3615.786
60,4,0,60,1451.813
60,4,0,60,3289.450
60,4,0,60,3607.205
60,4,0,60,1448.807
60,4,0,60,3283.961
60,4,0,60,3621.531
60,4,0,60,1459.781
60,4,0,60,3287.843
60,4,0,60,3617.321
60,4,0,60,1451.441
60,4,0,60,3287.800
60,4,0,60,5312.491
60,4,0,60,1440.082
60,4,0,60,3289.422
60,4,0,60,3612.659
60,4,0,60,1447.335
60,4,0,60,3285.471
60,4,0,60,1283.646
60,4,0,60,1460.976
60,4,0,60,3288.909
60,4,0,60,3615.886
60,4,0,60,1450.784
60,4,0,60,3286.495
60,4,0,60,3616.972
60,4,0,60,1449.203
60,4,0,60,3288.414
60,4,0,60,3617.947
60,4,0,60,1449.845
60,4,0,60,3283.259
60,4,0,60,1280.619
61,6,0,50,0.445
61,6,0,50,856.057
61,6,0,50,760.230
61,6,0,50,948.587
61,6,0,50,870.964
61,6,0,50,4885.412
61,6,0,50,1025.086
61,6,0,50,4876.127
61,6,0,50,997.764
61,6,0,50,4864.046
61,6,0,50,987.480
61,6,0,50,4873.040
61,6,0,50,994.788
61,6,0,50,4872.922
61,6,0,50,993.966
61,6,0,50,4872.526
61,6,0,50,1008.867
61,6,0,50,4879.204
61,6,0,50,1001.878
61,6,0,50,712.275
61,6,0,50,981.150
61,6,0,50,4871.431
61,6,0,50,991.069
61,6,0,50,4884.332
61,6,0,50,1007.395
61,6,0,50,4882.251
61,6,0,50,1008.073
61,6,0,50,4885.374
61,6,0,50,1011.048
61,6,0,50,4871.497
61,6,0,50,994.486
61,6,0,50,4874.638
61,6,0,50,966.905
61,6,0,50,4871.965
61,6,0,50,996.176
61,6,0,50,705.480
61,6,0,50,980.262
61,6,0,50,4881.562
61,6,0,50,1004.718
61,6,0,50,4875.667
61,6,0,50,998.544
61,6,0,50,4870.308
61,6,0,50,969.741
61,6,0,50,4869.764
61,6,0,50,993.494
61,6,0,50,4871.591
61,6,0,50,990.802
61,6,0,50,4868.565
61,6,0,50,963.888
61,6,0,50,4880.503
61,6,0,50,999.325
61,6,0,50,3028.469
61,6,0,50,994.522
61,6,0,50,4869.730
61,6,0,50,993.923
61,6,0,50,4883.705
61,6,0,50,1009.212
61,6,0,50,4876.457
61,6,0,50,999.835
61,6,0,50,4875.043
61,6,0,50,998.587
61,6,0,50,706.465
61,6,0,50,980.562
61,6,0,50,4875.715
61,6,0,50,4968.590
61,6,0,50,5020.596
61,6,0,50,4819.084
61,6,0,50,6901.135
61,6,0,50,4756.930
61,6,0,50,6868.739
61,6,0,50,4742.256
61,6,0,50,5009.501
61,6,0,50,4722.027
61,6,0,50,5004.680
61,6,0,50,4708.502
61,6,0,50,4938.655
61,6,0,50,1002.607
61,6,0,50,4917.444
61,6,0,50,1011.378
61,6,0,50,4908.178
61,6,0,50,1000.168
61,6,0,50,4870.079
61,6,0,50,997.050
61,6,0,50,4887.535
61,6,0,50,1010.617
61,6,0,50,4880.529
61,6,0,50,1007.036
61,6,0,50,4874.744
61,6,0,50,996.585
61,6,0,50,4867.922
61,6,0,50,992.041
61,6,0,50,706.734
61,6,0,50,980.942
61,6,0,50,4874.298
61,6,0,50,998.805
61,6,0,50,4872.587
61,6,0,50,993.502
61,6,0,50,4874.951
61,6,0,50,998.792
61,6,0,50,701.669
62,6,0,50,0.315
62,6,0,50,1877.904
62,6,0,50,256.325
62,6,0,50,2278.006
62,6,0,50,4049.206
62,6,0,50,6232.904
62,6,0,50,4226.124
62,6,0,50,6206.564
62,6,0,50,4212.692
62,6,0,50,6195.817
62,6,0,50,4188.148
62,6,0,50,6203.829
62,6,0,50,4192.937
62,6,0,50,6202.192
62,6,0,50,4197.116
62,6,0,50,6217.259
62,6,0,50,4207.627
62,6,0,50,6210.123
62,6,0,50,4212.769
62,6,0,50,6189.190
62,6,0,50,4183.836
62,6,0,50,6199.406
62,6,0,50,4192.292
62,6,0,50,6216.047
62,6,0,50,4208.693
62,6,0,50,6216.281
62,6,0,50,4208.001
62,6,0,50,6219.033
62,6,0,50,4212.235
62,6,0,50,6202.786
62,6,0,50,4201.432
62,6,0,50,6205.909
62,6,0,50,4195.518
62,6,0,50,6204.383
62,6,0,50,4197.011
62,6,0,50,6189.358
62,6,0,50,4151.930
62,6,0,50,6212.833
62,6,0,50,4206.682
62,6,0,50,6207.085
62,6,0,50,4198.731
62,6,0,50,6179.004
62,6,0,50,4171.613
62,6,0,50,6201.609
62,6,0,50,4194.773
62,6,0,50,6199.065
62,6,0,50,4193.803
62,6,0,50,6203.354
62,6,0,50,4193.926
62,6,0,50,6208.107
62,6,0,50,4197.808
62,6,0,50,6203.785
62,6,0,50,4193.542
62,6,0,50,6201.945
62,6,0,50,4197.295
62,6,0,50,6218.086
62,6,0,50,4210.751
62,6,0,50,6207.839
62,6,0,50,4204.225
62,6,0,50,6207.388
62,6,0,50,4203.145
62,6,0,50,6188.399
62,6,0,50,4181.916
62,6,0,50,4371.513
62,6,0,50,10291.173
62,6,0,50,10314.790
62,6,0,50,10267.593
62,6,0,50,10254.858
62,6,0,50,10207.956
62,6,0,50,10237.833
62,6,0,50,10183.061
62,6,0,50,10218.048
62,6,0,50,10177.943
62,6,0,50,10204.578
62,6,0,50,4327.818
62,6,0,50,6272.685
62,6,0,50,4261.960
62,6,0,50,6250.789
62,6,0,50,4242.287
62,6,0,50,6239.727
62,6,0,50,4236.187
62,6,0,50,6205.331
62,6,0,50,4196.996
62,6,0,50,6218.769
62,6,0,50,4215.081
62,6,0,50,6215.243
62,6,0,50,4210.963
62,6,0,50,6204.755
62,6,0,50,4202.549
62,6,0,50,6200.230
62,6,0,50,4192.876
62,6,0,50,6189.927
62,6,0,50,4186.536
62,6,0,50,6206.846
62,6,0,50,4201.510
62,6,0,50,6202.043
62,6,0,50,4198.522
62,6,0,50,6206.240
62,6,0,50,4198.108
62,6,0,50,197.598
63,6,0,50,0.112
63,6,0,50,1876.941
63,6,0,50,3915.214
63,6,0,50,4098.700
63,6,0,50,4049.003
63,6,0,50,10098.829
63,6,0,50,10049.539
63,6,0,50,10085.452
63,6,0,50,10037.477
63,6,0,50,10060.871
63,6,0,50,4187.648
63,6,0,50,10065.661
63,6,0,50,4191.956
63,6,0,50,10069.821
63,6,0,50,4198.190
63,6,0,50,10080.332
63,6,0,50,4206.998
63,6,0,50,10085.492
63,6,0,50,5884.575
63,6,0,50,10056.559
63,6,0,50,4182.966
63,6,0,50,10064.997
63,6,0,50,4192.515
63,6,0,50,10081.379
63,6,0,50,4208.952
63,6,0,50,10080.743
63,6,0,50,4208.260
63,6,0,50,10084.939
63,6,0,50,10045.001
63,6,0,50,10074.155
63,6,0,50,4201.784
63,6,0,50,10069.352
63,6,0,50,4196.925
63,6,0,50,10069.715
63,6,0,50,4197.807
63,6,0,50,10024.616
63,6,0,50,4151.264
63,6,0,50,10079.387
63,6,0,50,4207.516
63,6,0,50,10071.473
63,6,0,50,4199.398
63,6,0,50,10044.299
63,6,0,50,4172.873
63,6,0,50,10067.496
63,6,0,50,4193.829
63,6,0,50,10066.508
63,6,0,50,4194.285
63,6,0,50,10067.723
63,6,0,50,4195.501
63,6,0,50,10070.513
63,6,0,50,8201.954
63,6,0,50,10066.265
63,6,0,50,4193.376
63,6,0,50,10070.036
63,6,0,50,4197.832
63,6,0,50,10083.492
63,6,0,50,4211.066
63,6,0,50,10076.967
63,6,0,50,4203.744
63,6,0,50,10075.868
63,6,0,50,4203.552
63,6,0,50,10054.639
63,6,0,50,4181.971
63,6,0,50,4371.458
63,6,0,50,15994.737
63,6,0,50,21927.082
63,6,0,50,15931.489
63,6,0,50,16208.605
63,6,0,50,15914.594
63,6,0,50,16182.987
63,6,0,50,15894.346
63,6,0,50,16178.092
63,6,0,50,15880.932
63,6,0,50,16110.974
63,6,0,50,12144.315
63,6,0,50,10136.924
63,6,0,50,10092.041
63,6,0,50,10116.158
63,6,0,50,10082.738
63,6,0,50,10109.948
63,6,0,50,8207.871
63,6,0,50,10069.719
63,6,0,50,4196.829
63,6,0,50,10087.786
63,6,0,50,10054.014
63,6,0,50,10083.705
63,6,0,50,10048.211
63,6,0,50,10075.291
63,6,0,50,4202.753
63,6,0,50,10065.599
63,6,0,50,4193.154
63,6,0,50,10059.222
63,6,0,50,4186.369
63,6,0,50,10074.271
63,6,0,50,4200.788
63,6,0,50,10071.208
63,6,0,50,4199.115
63,6,0,50,10070.813
63,6,0,50,4197.127
63,6,0,50,195.727
64,6,0,50,0.185
64,6,0,50,352.597
64,6,0,50,256.770
64,6,0,50,445.071
64,6,0,50,367.466
64,6,0,50,4381.877
64,6,0,50,4192.884
64,6,0,50,4372.537
64,6,0,50,4179.821
64,6,0,50,4360.530
64,6,0,50,4154.870
64,6,0,50,4369.468
64,6,0,50,4159.678
64,6,0,50,4369.442
64,6,0,50,4163.838
64,6,0,50,4369.065
64,6,0,50,4174.535
64,6,0,50,4375.947
64,6,0,50,4179.658
64,6,0,50,4354.589
64,6,0,50,477.652
64,6,0,50,4367.952
64,6,0,50,4159.015
64,6,0,50,4380.816
64,6,0,50,4175.045
64,6,0,50,4378.938
64,6,0,50,4174.223
64,6,0,50,4382.135
64,6,0,50,4178.753
64,6,0,50,4367.943
64,6,0,50,4167.802
64,6,0,50,4371.214
64,6,0,50,463.389
64,6,0,50,4368.559
64,6,0,50,4163.789
64,6,0,50,4356.330
64,6,0,50,4118.689
64,6,0,50,4378.120
64,6,0,50,4173.312
64,6,0,50,4372.317
64,6,0,50,4165.676
64,6,0,50,4366.773
64,6,0,50,466.188
64,6,0,50,4366.229
64,6,0,50,4161.551
64,6,0,50,4368.111
64,6,0,50,4160.655
64,6,0,50,4365.123
64,6,0,50,460.353
64,6,0,50,4377.005
64,6,0,50,4164.845
64,6,0,50,4366.239
64,6,0,50,4160.246
64,6,0,50,4366.214
64,6,0,50,4164.128
64,6,0,50,4380.207
64,6,0,50,4177.084
64,6,0,50,4373.070
64,6,0,50,4170.781
64,6,0,50,4371.545
64,6,0,50,4169.904
64,6,0,50,4355.298
64,6,0,50,477.083
64,6,0,50,4372.254
64,6,0,50,4465.037
64,6,0,50,6353.829
64,6,0,50,4315.568
64,6,0,50,6397.767
64,6,0,50,4253.358
64,6,0,50,6365.464
64,6,0,50,4238.703
64,6,0,50,6341.531
64,6,0,50,4218.437
64,6,0,50,6334.580
64,6,0,50,4205.245
64,6,0,50,4435.213
64,6,0,50,4169.831
64,6,0,50,4413.928
64,6,0,50,4179.954
64,6,0,50,4404.644
64,6,0,50,4172.910
64,6,0,50,4366.600
64,6,0,50,4164.162
64,6,0,50,4384.000
64,6,0,50,4181.785
64,6,0,50,4377.086
64,6,0,50,4177.575
64,6,0,50,4371.191
64,6,0,50,4169.364
64,6,0,50,4364.462
64,6,0,50,4159.672
64,6,0,50,4356.603
64,6,0,50,477.425
64,6,0,50,4370.818
64,6,0,50,4168.251
64,6,0,50,4369.108
64,6,0,50,4164.763
64,6,0,50,4371.471
64,6,0,50,4164.904
64,6,0,50,198.171
65,6,0,50,0.222
65,6,0,50,1877.144
65,6,0,50,255.214
65,6,0,50,2278.339
65,6,0,50,4048.706
65,6,0,50,6232.774
65,6,0,50,4225.624
65,6,0,50,6205.694
65,6,0,50,4211.951
65,6,0,50,6195.298
65,6,0,50,4187.277
65,6,0,50,6203.087
65,6,0,50,4192.067
65,6,0,50,6201.803
65,6,0,50,4196.782
65,6,0,50,6216.685
65,6,0,50,4206.775
65,6,0,50,6209.641
65,6,0,50,4212.028
65,6,0,50,6188.801
65,6,0,50,4183.114
65,6,0,50,6198.905
65,6,0,50,4191.736
65,6,0,50,6215.454
65,6,0,50,4208.081
65,6,0,50,6215.818
65,6,0,50,4207.464
65,6,0,50,6218.570
65,6,0,50,4211.809
65,6,0,50,6202.323
65,6,0,50,4200.950
65,6,0,50,6205.464
65,6,0,50,4195.036
65,6,0,50,6203.957
65,6,0,50,4196.807
65,6,0,50,6188.487
65,6,0,50,4151.171
65,6,0,50,6212.406
65,6,0,50,4206.238
65,6,0,50,6206.455
65,6,0,50,4198.231
65,6,0,50,6178.226
65,6,0,50,4171.206
65,6,0,50,6201.108
65,6,0,50,4193.976
65,6,0,50,6198.583
65,6,0,50,4193.321
65,6,0,50,6202.706
65,6,0,50,4193.463
65,6,0,50,6207.366
65,6,0,50,4196.900
65,6,0,50,6202.951
65,6,0,50,4192.746
65,6,0,50,6201.556
65,6,0,50,4196.887
65,6,0,50,6217.345
65,6,0,50,4210.250
65,6,0,50,6207.561
65,6,0,50,4203.429
65,6,0,50,6206.665
65,6,0,50,4202.626
65,6,0,50,6187.992
65,6,0,50,4181.212
65,6,0,50,4371.013
65,6,0,50,15994.032
65,6,0,50,16140.630
65,6,0,50,10267.037
65,6,0,50,10254.080
65,6,0,50,10207.882
65,6,0,50,10236.980
65,6,0,50,10182.727
65,6,0,50,10217.122
65,6,0,50,10177.665
65,6,0,50,10204.004
65,6,0,50,8294.760
65,6,0,50,10137.849
65,6,0,50,4261.497
65,6,0,50,6250.104
65,6,0,50,4241.601
65,6,0,50,6238.986
65,6,0,50,4235.669
65,6,0,50,6204.646
65,6,0,50,4196.255
65,6,0,50,6218.250
65,6,0,50,4214.600
65,6,0,50,6214.836
65,6,0,50,4210.537
65,6,0,50,6204.366
65,6,0,50,4202.012
65,6,0,50,6199.804
65,6,0,50,4192.024
65,6,0,50,6188.890
65,6,0,50,4185.702
65,6,0,50,6206.457
65,6,0,50,4200.732
65,6,0,50,6201.431
65,6,0,50,4198.077
65,6,0,50,6206.054
65,6,0,50,4197.274
65,6,0,50,196.616
66,6,0,50,0.092
66,6,0,50,1877.107
66,6,0,50,3915.176
66,6,0,50,4098.699
66,6,0,50,4048.965
66,6,0,50,10098.828
66,6,0,50,10049.557
66,6,0,50,10085.414
66,6,0,50,10037.439
66,6,0,50,10060.889
66,6,0,50,4187.629
66,6,0,50,10065.660
66,6,0,50,4191.937
66,6,0,50,10069.820
66,6,0,50,4198.189
66,6,0,50,10080.331
66,6,0,50,4206.979
66,6,0,50,10085.473
66,6,0,50,5884.556
66,6,0,50,10056.559
66,6,0,50,4182.928
66,6,0,50,10064.996
66,6,0,50,4192.458
66,6,0,50,10081.397
66,6,0,50,4208.915
66,6,0,50,10080.742
66,6,0,50,4208.223
66,6,0,50,10084.920
66,6,0,50,10045.000
66,6,0,50,10074.136
66,6,0,50,4201.727
66,6,0,50,10069.314
66,6,0,50,4196.850
66,6,0,50,10069.715
66,6,0,50,4197.751
66,6,0,50,10024.597
66,6,0,50,4151.207
66,6,0,50,10079.405
66,6,0,50,4207.497
66,6,0,50,10071.472
66,6,0,50,4199.360
66,6,0,50,10044.317
66,6,0,50,4172.909
66,6,0,50,10067.495
66,6,0,50,4193.791
66,6,0,50,10066.489
66,6,0,50,4194.247
66,6,0,50,10067.760
66,6,0,50,4195.463
66,6,0,50,10070.512
66,6,0,50,8201.916
66,6,0,50,10066.246
66,6,0,50,4193.356
66,6,0,50,10070.035
66,6,0,50,4197.794
66,6,0,50,10083.473
66,6,0,50,10048.775
66,6,0,50,10076.948
66,6,0,50,4203.780
66,6,0,50,10075.885
66,6,0,50,4203.514
66,6,0,50,10054.656
66,6,0,50,4181.934
66,6,0,50,4371.420
66,6,0,50,22139.185
66,6,0,50,21927.063
66,6,0,50,15931.526
66,6,0,50,16208.604
66,6,0,50,15914.574
66,6,0,50,16182.968
66,6,0,50,15894.345
66,6,0,50,16178.091
66,6,0,50,15880.894
66,6,0,50,16110.955
66,6,0,50,12144.314
66,6,0,50,16087.633
66,6,0,50,10092.003
66,6,0,50,10116.120
66,6,0,50,10082.719
66,6,0,50,10110.002
66,6,0,50,8207.833
66,6,0,50,10069.718
66,6,0,50,4196.773
66,6,0,50,10087.767
66,6,0,50,10053.976
66,6,0,50,10083.686
66,6,0,50,10048.192
66,6,0,50,10075.272
66,6,0,50,4202.734
66,6,0,50,10065.598
66,6,0,50,4193.153
66,6,0,50,10059.240
66,6,0,50,4186.313
66,6,0,50,10074.251
66,6,0,50,4200.751
66,6,0,50,10071.244
66,6,0,50,4199.059
66,6,0,50,10070.793
66,6,0,50,4197.070
66,6,0,50,195.708
67,6,0,50,0.185
67,6,0,50,352.559
67,6,0,50,256.677
67,6,0,50,2278.468
67,6,0,50,367.429
67,6,0,50,4381.691
67,6,0,50,4192.661
67,6,0,50,4372.314
67,6,0,50,4179.636
67,6,0,50,4360.363
67,6,0,50,4154.777
67,6,0,50,4369.245
67,6,0,50,4159.437
67,6,0,50,4369.275
67,6,0,50,4163.634
67,6,0,50,4368.861
67,6,0,50,4174.442
67,6,0,50,4375.836
67,6,0,50,4179.491
67,6,0,50,4354.459
67,6,0,50,4150.688
67,6,0,50,4367.785
67,6,0,50,4158.829
67,6,0,50,4380.667
67,6,0,50,4174.970
67,6,0,50,4378.753
67,6,0,50,4174.019
67,6,0,50,4382.005
67,6,0,50,4178.586
67,6,0,50,4367.758
67,6,0,50,4167.691
67,6,0,50,4371.066
67,6,0,50,4132.055
67,6,0,50,4368.374
67,6,0,50,4163.677
67,6,0,50,4356.182
67,6,0,50,4118.485
67,6,0,50,4377.953
67,6,0,50,4173.164
67,6,0,50,4372.224
67,6,0,50,4165.527
67,6,0,50,4366.625
67,6,0,50,4137.650
67,6,0,50,4366.025
67,6,0,50,4161.439
67,6,0,50,4367.981
67,6,0,50,4160.525
67,6,0,50,4364.900
67,6,0,50,4131.130
67,6,0,50,4376.782
67,6,0,50,4164.678
67,6,0,50,4366.072
67,6,0,50,4160.134
67,6,0,50,4366.084
67,6,0,50,4163.998
67,6,0,50,4379.947
67,6,0,50,4176.954
67,6,0,50,4372.829
67,6,0,50,4170.707
67,6,0,50,4371.378
67,6,0,50,4169.792
67,6,0,50,4355.168
67,6,0,50,4148.638
67,6,0,50,4372.050
67,6,0,50,10291.543
67,6,0,50,6353.699
67,6,0,50,4315.364
67,6,0,50,6397.803
67,6,0,50,4253.135
67,6,0,50,6365.352
67,6,0,50,4238.425
67,6,0,50,6341.383
67,6,0,50,4218.233
67,6,0,50,6334.505
67,6,0,50,4205.004
67,6,0,50,6268.666
67,6,0,50,4169.608
67,6,0,50,4413.780
67,6,0,50,4179.657
67,6,0,50,4404.514
67,6,0,50,4172.761
67,6,0,50,4366.396
67,6,0,50,4163.921
67,6,0,50,4383.796
67,6,0,50,4181.637
67,6,0,50,4376.993
67,6,0,50,4177.445
67,6,0,50,4371.024
67,6,0,50,4169.253
67,6,0,50,4364.295
67,6,0,50,4159.561
67,6,0,50,4356.473
67,6,0,50,4153.239
67,6,0,50,4370.670
67,6,0,50,4168.103
67,6,0,50,4368.959
67,6,0,50,4164.614
67,6,0,50,4371.267
67,6,0,50,4164.663
67,6,0,50,198.004
68,6,0,50,0.093
68,6,0,50,1876.978
68,6,0,50,254.752
68,6,0,50,4099.367
68,6,0,50,4048.892
68,6,0,50,6232.738
68,6,0,50,4225.625
68,6,0,50,6205.435
68,6,0,50,4211.914
68,6,0,50,6195.280
68,6,0,50,4186.908
68,6,0,50,6202.829
68,6,0,50,4191.753
68,6,0,50,6201.729
68,6,0,50,4196.894
68,6,0,50,6216.649
68,6,0,50,4206.406
68,6,0,50,6209.660
68,6,0,50,4211.714
68,6,0,50,6188.820
68,6,0,50,4182.818
68,6,0,50,6198.887
68,6,0,50,4191.682
68,6,0,50,6215.381
68,6,0,50,4208.027
68,6,0,50,6215.818
68,6,0,50,4207.409
68,6,0,50,6218.737
68,6,0,50,4211.717
68,6,0,50,6202.286
68,6,0,50,4200.932
68,6,0,50,10069.444
68,6,0,50,4195.055
68,6,0,50,6203.921
68,6,0,50,4196.881
68,6,0,50,6188.247
68,6,0,50,4150.856
68,6,0,50,6212.444
68,6,0,50,4206.442
68,6,0,50,6206.234
68,6,0,50,4198.250
68,6,0,50,6177.820
68,6,0,50,4171.373
68,6,0,50,6201.202
68,6,0,50,4193.644
68,6,0,50,6198.547
68,6,0,50,4193.322
68,6,0,50,10068.575
68,6,0,50,4193.463
68,6,0,50,6207.144
68,6,0,50,4196.605
68,6,0,50,6202.637
68,6,0,50,4192.635
68,6,0,50,6201.538
68,6,0,50,4196.980
68,6,0,50,6217.198
68,6,0,50,4210.158
68,6,0,50,6207.543
68,6,0,50,4203.152
68,6,0,50,6206.592
68,6,0,50,4202.626
68,6,0,50,6188.140
68,6,0,50,4181.101
68,6,0,50,4371.162
68,6,0,50,15994.237
68,6,0,50,16140.482
68,6,0,50,10266.908
68,6,0,50,10253.969
68,6,0,50,10208.142
68,6,0,50,10236.685
68,6,0,50,10182.913
68,6,0,50,10216.919
68,6,0,50,10177.851
68,6,0,50,10203.986
68,6,0,50,10110.752
68,6,0,50,10137.572
68,6,0,50,4261.442
68,6,0,50,10117.103
68,6,0,50,4241.565
68,6,0,50,10110.040
68,6,0,50,4235.706
68,6,0,50,6204.720
68,6,0,50,4195.903
68,6,0,50,6218.325
68,6,0,50,4214.582
68,6,0,50,6214.781
68,6,0,50,4210.501
68,6,0,50,6204.330
68,6,0,50,4201.976
68,6,0,50,6199.804
68,6,0,50,4191.987
68,6,0,50,6188.742
68,6,0,50,4185.592
68,6,0,50,6206.494
68,6,0,50,4200.455
68,6,0,50,6201.284
68,6,0,50,4198.097
68,6,0,50,6206.222
68,6,0,50,4196.905
68,6,0,50,196.320
69,6,0,50,0.129
69,6,0,50,1877.162
69,6,0,50,3915.213
69,6,0,50,4098.718
69,6,0,50,4048.983
69,6,0,50,10098.902
69,6,0,50,10049.575
69,6,0,50,10085.433
69,6,0,50,10037.531
69,6,0,50,10060.889
69,6,0,50,4187.629
69,6,0,50,10065.678
69,6,0,50,4191.900
69,6,0,50,10069.857
69,6,0,50,4198.208
69,6,0,50,10080.368
69,6,0,50,4207.090
69,6,0,50,10085.510
69,6,0,50,5884.556
69,6,0,50,10056.559
69,6,0,50,4182.928
69,6,0,50,10065.015
69,6,0,50,4192.440
69,6,0,50,10081.434
69,6,0,50,4208.896
69,6,0,50,10080.779
69,6,0,50,4208.260
69,6,0,50,10084.957
69,6,0,50,10045.000
69,6,0,50,10074.154
69,6,0,50,4201.728
69,6,0,50,10192.573
69,6,0,50,4196.850
69,6,0,50,10069.752
69,6,0,50,4197.751
69,6,0,50,10024.634
69,6,0,50,4151.207
69,6,0,50,10079.423
69,6,0,50,4207.497
69,6,0,50,10071.472
69,6,0,50,4199.453
69,6,0,50,10044.354
69,6,0,50,4172.909
69,6,0,50,10067.532
69,6,0,50,4193.791
69,6,0,50,10066.526
69,6,0,50,4194.229
69,6,0,50,10191.055
69,6,0,50,4195.463
69,6,0,50,10070.568
69,6,0,50,8201.935
69,6,0,50,10066.265
69,6,0,50,4193.356
69,6,0,50,10070.054
69,6,0,50,4197.794
69,6,0,50,10083.510
69,6,0,50,10048.794
69,6,0,50,10076.948
69,6,0,50,4203.799
69,6,0,50,10075.885
69,6,0,50,4203.496
69,6,0,50,10054.657
69,6,0,50,4181.952
69,6,0,50,4371.457
69,6,0,50,22139.222
69,6,0,50,21927.118
69,6,0,50,16126.543
69,6,0,50,21910.223
69,6,0,50,15914.574
69,6,0,50,16182.986
69,6,0,50,15894.364
69,6,0,50,16178.128
69,6,0,50,15880.950
69,6,0,50,16110.973
69,6,0,50,12144.333
69,6,0,50,16087.689
69,6,0,50,12122.345
69,6,0,50,16078.386
69,6,0,50,12111.357
69,6,0,50,14203.500
69,6,0,50,10043.509
69,6,0,50,10069.737
69,6,0,50,4196.754
69,6,0,50,10087.804
69,6,0,50,10054.013
69,6,0,50,10083.723
69,6,0,50,10048.229
69,6,0,50,10075.290
69,6,0,50,4202.734
69,6,0,50,10065.617
69,6,0,50,4193.172
69,6,0,50,10059.258
69,6,0,50,4186.332
69,6,0,50,10074.270
69,6,0,50,4200.732
69,6,0,50,10071.282
69,6,0,50,4199.077
69,6,0,50,10070.849
69,6,0,50,4197.089
69,6,0,50,195.727
70,6,0,50,0.297
70,6,0,50,352.504
70,6,0,50,256.640
70,6,0,50,2278.413
70,6,0,50,367.392
70,6,0,50,5731.926
70,6,0,50,4192.551
70,6,0,50,4372.185
70,6,0,50,4179.488
70,6,0,50,4360.345
70,6,0,50,4154.704
70,6,0,50,4369.135
70,6,0,50,4159.308
70,6,0,50,4369.183
70,6,0,50,4163.449
70,6,0,50,4368.806
70,6,0,50,4174.313
70,6,0,50,4375.762
70,6,0,50,4179.454
70,6,0,50,4354.385
70,6,0,50,4150.577
70,6,0,50,4367.823
70,6,0,50,4158.793
70,6,0,50,4380.668
70,6,0,50,4174.841
70,6,0,50,4378.642
70,6,0,50,4173.909
70,6,0,50,4381.876
70,6,0,50,4178.457
70,6,0,50,4367.703
70,6,0,50,4167.617
70,6,0,50,6206.020
70,6,0,50,4131.963
70,6,0,50,4368.282
70,6,0,50,4163.585
70,6,0,50,4356.109
70,6,0,50,4118.412
70,6,0,50,4377.953
70,6,0,50,4173.034
70,6,0,50,4372.243
70,6,0,50,4165.398
70,6,0,50,4366.588
70,6,0,50,4137.558
70,6,0,50,4365.896
70,6,0,50,4161.366
70,6,0,50,4367.797
70,6,0,50,4160.396
70,6,0,50,6203.336
70,6,0,50,4131.019
70,6,0,50,4376.727
70,6,0,50,4164.605
70,6,0,50,4366.036
70,6,0,50,4160.024
70,6,0,50,4366.084
70,6,0,50,4163.813
70,6,0,50,4379.800
70,6,0,50,4176.862
70,6,0,50,4372.737
70,6,0,50,4170.689
70,6,0,50,4371.305
70,6,0,50,4169.589
70,6,0,50,4355.039
70,6,0,50,4148.546
70,6,0,50,4371.921
70,6,0,50,10291.451
70,6,0,50,6353.755
70,6,0,50,4315.161
70,6,0,50,10051.378
70,6,0,50,4253.025
70,6,0,50,6365.408
70,6,0,50,4238.240
70,6,0,50,6341.383
70,6,0,50,4218.215
70,6,0,50,6334.432
70,6,0,50,4204.856
70,6,0,50,6268.666
70,6,0,50,4169.461
70,6,0,50,6248.882
70,6,0,50,4179.565
70,6,0,50,6237.690
70,6,0,50,4172.558
70,6,0,50,4366.396
70,6,0,50,4163.755
70,6,0,50,6218.713
70,6,0,50,4181.526
70,6,0,50,4376.938
70,6,0,50,4177.297
70,6,0,50,4370.969
70,6,0,50,4169.179
70,6,0,50,4364.166
70,6,0,50,4159.413
70,6,0,50,4356.437
70,6,0,50,4153.203
70,6,0,50,4370.633
70,6,0,50,4168.048
70,6,0,50,4368.886
70,6,0,50,4164.485
70,6,0,50,4371.157
70,6,0,50,4164.516
70,6,0,50,197.968
71,6,0,50,0.204
71,6,0,50,1876.959
71,6,0,50,3915.436
71,6,0,50,4099.163
71,6,0,50,4049.058
71,6,0,50,10099.347
71,6,0,50,4225.587
71,6,0,50,10086.248
71,6,0,50,4212.155
71,6,0,50,10061.519
71,6,0,50,4186.629
71,6,0,50,10066.105
71,6,0,50,4191.437
71,6,0,50,10070.135
71,6,0,50,4197.208
71,6,0,50,10081.147
71,6,0,50,4206.090
71,6,0,50,10086.251
71,6,0,50,4211.732
71,6,0,50,10057.281
71,6,0,50,4182.503
71,6,0,50,10065.515
71,6,0,50,4191.718
71,6,0,50,10081.564
71,6,0,50,4208.082
71,6,0,50,10080.687
71,6,0,50,4207.371
71,6,0,50,10085.180
71,6,0,50,4211.753
71,6,0,50,10074.395
71,6,0,50,4201.006
71,6,0,50,10069.611
71,6,0,50,4194.980
71,6,0,50,10070.382
71,6,0,50,4196.937
71,6,0,50,10025.116
71,6,0,50,4150.541
71,6,0,50,10079.831
71,6,0,50,4206.608
71,6,0,50,10072.121
71,6,0,50,4198.453
71,6,0,50,10044.262
71,6,0,50,4171.669
71,6,0,50,10068.088
71,6,0,50,4193.310
71,6,0,50,10067.045
71,6,0,50,4193.359
71,6,0,50,10068.186
71,6,0,50,4193.482
71,6,0,50,10071.327
71,6,0,50,4196.586
71,6,0,50,10066.765
71,6,0,50,4192.598
71,6,0,50,10070.554
71,6,0,50,4196.980
71,6,0,50,10083.659
71,6,0,50,4210.177
71,6,0,50,10077.430
71,6,0,50,4202.892
71,6,0,50,10076.349
71,6,0,50,4202.663
71,6,0,50,10055.268
71,6,0,50,4181.119
71,6,0,50,4371.346
71,6,0,50,15994.940
71,6,0,50,16140.519
71,6,0,50,12078.268
71,6,0,50,16083.976
71,6,0,50,10208.364
71,6,0,50,10236.629
71,6,0,50,10183.116
71,6,0,50,10216.678
71,6,0,50,10178.091
71,6,0,50,10204.004
71,6,0,50,10110.992
71,6,0,50,10137.276
71,6,0,50,10088.985
71,6,0,50,10116.713
71,6,0,50,10080.812
71,6,0,50,10110.207
71,6,0,50,4235.650
71,6,0,50,10070.478
71,6,0,50,4196.033
71,6,0,50,10088.249
71,6,0,50,4214.637
71,6,0,50,10083.964
71,6,0,50,4210.834
71,6,0,50,10075.920
71,6,0,50,4201.920
71,6,0,50,10066.154
71,6,0,50,4192.080
71,6,0,50,10059.888
71,6,0,50,4185.536
71,6,0,50,10074.789
71,6,0,50,4200.288
71,6,0,50,10071.356
71,6,0,50,4198.189
71,6,0,50,10071.312
71,6,0,50,4196.571
71,6,0,50,196.060
72,6,0,50,0.186
72,6,0,50,1876.959
72,6,0,50,3914.955
72,6,0,50,4098.515
72,6,0,50,4048.744
72,6,0,50,16044.872
72,6,0,50,12077.991
72,6,0,50,16032.884
72,6,0,50,12067.207
72,6,0,50,10183.037
72,6,0,50,4187.371
72,6,0,50,10187.382
72,6,0,50,4191.660
72,6,0,50,10193.598
72,6,0,50,4197.987
72,6,0,50,10202.406
72,6,0,50,4206.832
72,6,0,50,11879.927
72,6,0,50,5884.390
72,6,0,50,10178.392
72,6,0,50,4182.688
72,6,0,50,10187.904
72,6,0,50,4192.182
72,6,0,50,10204.360
72,6,0,50,10054.422
72,6,0,50,10203.686
72,6,0,50,4208.038
72,6,0,50,16040.390
72,6,0,50,12074.176
72,6,0,50,10197.210
72,6,0,50,4201.488
72,6,0,50,10192.333
72,6,0,50,4196.610
72,6,0,50,10193.196
72,6,0,50,4197.530
72,6,0,50,10146.653
72,6,0,50,4150.949
72,6,0,50,10202.942
72,6,0,50,10047.819
72,6,0,50,10194.787
72,6,0,50,4199.213
72,6,0,50,10168.280
72,6,0,50,4172.706
72,6,0,50,10189.255
72,6,0,50,4193.551
72,6,0,50,10189.655
72,6,0,50,4194.063
72,6,0,50,10190.871
72,6,0,50,4195.204
72,6,0,50,14197.325
72,6,0,50,12075.193
72,6,0,50,10188.802
72,6,0,50,4193.098
72,6,0,50,10193.239
72,6,0,50,4197.647
72,6,0,50,10206.455
72,6,0,50,10048.573
72,6,0,50,10199.170
72,6,0,50,4203.541
72,6,0,50,10198.941
72,6,0,50,4203.237
72,6,0,50,10177.397
72,6,0,50,4181.786
72,6,0,50,4371.347
72,6,0,50,22139.020
72,6,0,50,21926.897
72,6,0,50,16126.285
72,6,0,50,21909.983
72,6,0,50,15914.446
72,6,0,50,21889.735
72,6,0,50,15894.217
72,6,0,50,21876.303
72,6,0,50,15880.691
72,6,0,50,16110.826
72,6,0,50,12144.093
72,6,0,50,16087.467
72,6,0,50,12122.123
72,6,0,50,16078.146
72,6,0,50,12111.154
72,6,0,50,14203.278
72,6,0,50,12076.740
72,6,0,50,10192.237
72,6,0,50,4196.552
72,6,0,50,16049.422
72,6,0,50,12086.559
72,6,0,50,16043.637
72,6,0,50,12076.219
72,6,0,50,10198.142
72,6,0,50,4202.494
72,6,0,50,10188.524
72,6,0,50,4192.913
72,6,0,50,10181.777
72,6,0,50,4186.073
72,6,0,50,10196.177
72,6,0,50,4200.492
72,6,0,50,10194.504
72,6,0,50,4198.837
72,6,0,50,10192.497
72,6,0,50,4196.849
72,6,0,50,195.505
73,12,0,40,0.315
73,12,0,40,2221.297
73,12,0,40,562615.785
73,12,0,40,550818.970
73,12,0,40,539047.728
73,12,0,40,527248.856
73,12,0,40,515449.633
73,12,0,40,503650.336
73,12,0,40,491851.001
73,12,0,40,480051.426
73,12,0,40,468251.851
73,12,0,40,456452.794
73,12,0,40,444653.534
73,12,0,40,432854.089
73,12,0,40,421054.810
73,12,0,40,409258.235
73,12,0,40,397458.956
73,12,0,40,385659.399
73,12,0,40,373859.769
73,12,0,40,362060.675
73,12,0,40,350261.322
73,12,0,40,338461.802
73,12,0,40,326662.487
73,12,0,40,314863.097
73,12,0,40,303063.633
73,12,0,40,291264.058
73,12,0,40,279464.445
73,12,0,40,267665.278
73,12,0,40,255866.054
73,12,0,40,244066.609
73,12,0,40,232267.293
73,12,0,40,220468.292
73,12,0,40,208670.384
73,12,0,40,196871.105
73,12,0,40,185071.641
73,12,0,40,173274.547
73,12,0,40,161475.324
73,12,0,40,149675.897
73,12,0,40,137876.248
73,12,0,40,126077.191
73,12,0,40,114277.727
73,12,0,40,102478.374
73,12,0,40,90678.966
73,12,0,40,78879.983
73,12,0,40,67080.908
73,12,0,40,55281.444
73,12,0,40,43481.962
73,12,0,40,31682.775
73,12,0,40,19883.589
73,12,0,40,8084.199
74,12,0,40,0.093
74,12,0,40,8068.322
74,12,0,40,572086.273
74,12,0,40,560215.494
74,12,0,40,548345.142
74,12,0,40,536474.067
74,12,0,40,524601.789
74,12,0,40,512729.788
74,12,0,40,500858.473
74,12,0,40,488989.861
74,12,0,40,477119.101
74,12,0,40,465248.915
74,12,0,40,453378.266
74,12,0,40,441505.784
74,12,0,40,429633.506
74,12,0,40,417761.449
74,12,0,40,405890.264
74,12,0,40,394019.374
74,12,0,40,382148.299
74,12,0,40,370277.706
74,12,0,40,358406.150
74,12,0,40,346534.797
74,12,0,40,334664.019
74,12,0,40,322793.481
74,12,0,40,310922.832
74,12,0,40,299051.850
74,12,0,40,287180.646
74,12,0,40,275309.627
74,12,0,40,263438.570
74,12,0,40,251567.440
74,12,0,40,239696.958
74,12,0,40,227826.087
74,12,0,40,215954.827
74,12,0,40,204083.678
74,12,0,40,192212.548
74,12,0,40,180342.288
74,12,0,40,168471.250
74,12,0,40,156599.379
74,12,0,40,144728.527
74,12,0,40,132857.804
74,12,0,40,120988.859
74,12,0,40,109116.432
74,12,0,40,97245.376
74,12,0,40,85374.597
74,12,0,40,73502.615
74,12,0,40,61631.059
74,12,0,40,49760.206
74,12,0,40,37889.465
74,12,0,40,26018.668
74,12,0,40,14147.575
75,12,0,40,0.130
75,12,0,40,572449.334
75,12,0,40,576315.344
75,12,0,40,564321.714
75,12,0,40,552327.955
75,12,0,40,540334.103
75,12,0,40,528340.233
75,12,0,40,516346.640
75,12,0,40,504352.770
75,12,0,40,492358.936
75,12,0,40,480365.029
75,12,0,40,468371.232
75,12,0,40,456377.473
75,12,0,40,444383.529
75,12,0,40,432389.584
75,12,0,40,420396.084
75,12,0,40,408402.195
75,12,0,40,396408.251
75,12,0,40,384414.343
75,12,0,40,372420.510
75,12,0,40,360426.603
75,12,0,40,348432.677
75,12,0,40,336438.751
75,12,0,40,324445.139
75,12,0,40,312451.251
75,12,0,40,300457.380
75,12,0,40,288463.436
75,12,0,40,276469.695
75,12,0,40,264475.843
75,12,0,40,252481.954
75,12,0,40,240488.028
75,12,0,40,228494.473
75,12,0,40,216500.602
75,12,0,40,204506.713
75,12,0,40,192512.824
75,12,0,40,180519.084
75,12,0,40,168525.213
75,12,0,40,156531.269
75,12,0,40,144537.398
75,12,0,40,132543.843
75,12,0,40,120549.898
75,12,0,40,108556.028
75,12,0,40,96562.102
75,12,0,40,84568.343
75,12,0,40,72574.509
75,12,0,40,60580.639
75,12,0,40,48586.768
75,12,0,40,36593.157
75,12,0,40,24599.231
75,12,0,40,12605.287
76,12,0,40,0.222
76,12,0,40,2221.111
76,12,0,40,562615.655
76,12,0,40,550818.469
76,12,0,40,539047.375
76,12,0,40,527248.374
76,12,0,40,515449.151
76,12,0,40,503649.780
76,12,0,40,491850.445
76,12,0,40,480050.852
76,12,0,40,468251.332
76,12,0,40,456452.275
76,12,0,40,444653.034
76,12,0,40,432853.607
76,12,0,40,421054.309
76,12,0,40,409257.697
76,12,0,40,397458.474
76,12,0,40,385658.880
76,12,0,40,373859.268
76,12,0,40,362060.137
76,12,0,40,350260.729
76,12,0,40,338461.246
76,12,0,40,326662.005
76,12,0,40,314862.467
76,12,0,40,303063.077
76,12,0,40,291263.501
76,12,0,40,279463.889
76,12,0,40,267664.722
76,12,0,40,255865.517
76,12,0,40,244066.034
76,12,0,40,232266.885
76,12,0,40,220467.773
76,12,0,40,208669.902
76,12,0,40,196870.567
76,12,0,40,185071.122
76,12,0,40,173274.065
76,12,0,40,161474.768
76,12,0,40,149675.267
76,12,0,40,137875.877
76,12,0,40,126076.635
76,12,0,40,114277.190
76,12,0,40,102477.874
76,12,0,40,90678.502
76,12,0,40,78879.501
76,12,0,40,67080.352
76,12,0,40,55280.869
76,12,0,40,43481.517
76,12,0,40,31682.238
76,12,0,40,19883.070
76,12,0,40,8083.736
77,12,0,40,0.111
77,12,0,40,8068.340
77,12,0,40,572086.532
77,12,0,40,560215.809
77,12,0,40,548345.420
77,12,0,40,536474.141
77,12,0,40,524601.770
77,12,0,40,512729.806
77,12,0,40,500858.972
77,12,0,40,488990.213
77,12,0,40,477119.527
77,12,0,40,465249.267
77,12,0,40,453377.988
77,12,0,40,441505.710
77,12,0,40,429633.487
77,12,0,40,417761.542
77,12,0,40,405890.597
77,12,0,40,394019.652
77,12,0,40,382148.651
77,12,0,40,370277.613
77,12,0,40,358406.113
77,12,0,40,346535.056
77,12,0,40,334664.352
77,12,0,40,322793.851
77,12,0,40,310923.147
77,12,0,40,299052.054
77,12,0,40,287180.683
77,12,0,40,275309.793
77,12,0,40,263438.885
77,12,0,40,251567.810
77,12,0,40,239697.273
77,12,0,40,227826.124
77,12,0,40,215955.123
77,12,0,40,204083.974
77,12,0,40,192212.937
77,12,0,40,180342.380
77,12,0,40,168471.157
77,12,0,40,156599.694
77,12,0,40,144728.749
77,12,0,40,132858.026
77,12,0,40,120988.692
77,12,0,40,109116.450
77,12,0,40,97245.709
77,12,0,40,85374.579
77,12,0,40,73502.634
77,12,0,40,61631.374
77,12,0,40,49760.466
77,12,0,40,37889.798
77,12,0,40,26018.872
77,12,0,40,14147.575
78,12,0,40,0.185
78,12,0,40,578502.727
78,12,0,40,576315.232
78,12,0,40,564321.547
78,12,0,40,552327.787
78,12,0,40,540333.936
78,12,0,40,528340.158
78,12,0,40,516346.473
78,12,0,40,504352.639
78,12,0,40,492358.787
78,12,0,40,480364.861
78,12,0,40,468371.083
78,12,0,40,456377.324
78,12,0,40,444383.380
78,12,0,40,432389.528
78,12,0,40,420395.917
78,12,0,40,408402.046
78,12,0,40,396408.083
78,12,0,40,384414.213
78,12,0,40,372420.342
78,12,0,40,360426.454
78,12,0,40,348432.509
78,12,0,40,336438.676
78,12,0,40,324444.972
78,12,0,40,312451.102
78,12,0,40,300457.213
78,12,0,40,288463.287
78,12,0,40,276469.564
78,12,0,40,264475.694
78,12,0,40,252481.787
78,12,0,40,240487.972
78,12,0,40,228494.342
78,12,0,40,216500.453
78,12,0,40,204506.564
78,12,0,40,192512.675
78,12,0,40,180518.935
78,12,0,40,168525.064
78,12,0,40,156531.120
78,12,0,40,144537.323
78,12,0,40,132543.694
78,12,0,40,120549.749
78,12,0,40,108555.879
78,12,0,40,96561.953
78,12,0,40,84568.194
78,12,0,40,72574.360
78,12,0,40,60580.490
78,12,0,40,48586.712
78,12,0,40,36593.008
78,12,0,40,24599.082
78,12,0,40,12605.138
79,12,0,40,0.129
79,12,0,40,2220.889
79,12,0,40,562615.507
79,12,0,40,550818.024
79,12,0,40,539046.949
79,12,0,40,527248.022
79,12,0,40,515448.706
79,12,0,40,503649.353
79,12,0,40,491849.982
79,12,0,40,480050.388
79,12,0,40,468250.980
79,12,0,40,456451.849
79,12,0,40,444652.571
79,12,0,40,432853.181
79,12,0,40,421053.865
79,12,0,40,409257.327
79,12,0,40,397457.937
79,12,0,40,385658.399
79,12,0,40,373858.898
79,12,0,40,362059.693
79,12,0,40,350260.210
79,12,0,40,338460.802
79,12,0,40,326661.542
79,12,0,40,314862.041
79,12,0,40,303062.614
79,12,0,40,291263.001
79,12,0,40,279463.463
79,12,0,40,267664.333
79,12,0,40,255865.054
79,12,0,40,244065.627
79,12,0,40,232266.478
79,12,0,40,220467.403
79,12,0,40,208669.513
79,12,0,40,196870.123
79,12,0,40,185072.510
79,12,0,40,173273.639
79,12,0,40,161474.305
79,12,0,40,149674.841
79,12,0,40,137875.414
79,12,0,40,126076.172
79,12,0,40,114276.726
79,12,0,40,102477.411
79,12,0,40,90678.058
79,12,0,40,78879.001
79,12,0,40,67079.870
79,12,0,40,55280.406
79,12,0,40,43481.016
79,12,0,40,31681.849
79,12,0,40,19882.570
79,12,0,40,8083.254
80,12,0,40,0.204
80,12,0,40,362470.980
80,12,0,40,572086.736
80,12,0,40,560216.124
80,12,0,40,548345.494
80,12,0,40,536474.031
80,12,0,40,524601.678
80,12,0,40,512729.714
80,12,0,40,500859.158
80,12,0,40,488990.454
80,12,0,40,477119.749
80,12,0,40,465249.452
80,12,0,40,453377.544
80,12,0,40,441505.507
80,12,0,40,429633.432
80,12,0,40,417761.765
80,12,0,40,405890.745
80,12,0,40,394019.782
80,12,0,40,382148.800
80,12,0,40,370277.429
80,12,0,40,358406.280
80,12,0,40,346535.242
80,12,0,40,334664.556
80,12,0,40,322793.981
80,12,0,40,310923.259
80,12,0,40,299052.184
80,12,0,40,287180.887
80,12,0,40,275309.886
80,12,0,40,263438.960
80,12,0,40,251568.200
80,12,0,40,239697.440
80,12,0,40,227826.291
80,12,0,40,215955.272
80,12,0,40,204084.086
80,12,0,40,192213.104
80,12,0,40,180342.529
80,12,0,40,168470.973
80,12,0,40,156599.842
80,12,0,40,144728.879
80,12,0,40,132858.082
80,12,0,40,120988.507
80,12,0,40,109116.599
80,12,0,40,97245.802
80,12,0,40,85374.487
80,12,0,40,73502.523
80,12,0,40,61631.522
80,12,0,40,49760.614
80,12,0,40,37889.910
80,12,0,40,26018.928
80,12,0,40,14147.520
81,12,0,40,0.204
81,12,0,40,582117.524
81,12,0,40,576315.196
81,12,0,40,564321.473
81,12,0,40,552327.714
81,12,0,40,540333.844
81,12,0,40,528340.066
81,12,0,40,516346.399
81,12,0,40,504352.547
81,12,0,40,492358.714
81,12,0,40,480364.843
81,12,0,40,468371.029
81,12,0,40,456377.214
81,12,0,40,444383.288
81,12,0,40,432389.436
81,12,0,40,420395.825
81,12,0,40,408401.936
81,12,0,40,396407.991
81,12,0,40,384414.102
81,12,0,40,372420.251
81,12,0,40,360426.362
81,12,0,40,348432.417
81,12,0,40,336438.565
81,12,0,40,324444.880
81,12,0,40,312451.010
81,12,0,40,300457.139
81,12,0,40,288463.287
81,12,0,40,276469.454
81,12,0,40,264475.602
81,12,0,40,252481.695
81,12,0,40,240487.861
81,12,0,40,228494.269
81,12,0,40,216500.361
81,12,0,40,204506.491
81,12,0,40,192512.676
81,12,0,40,180518.824
81,12,0,40,168524.954
81,12,0,40,156531.046
81,12,0,40,144537.213
81,12,0,40,132543.620
81,12,0,40,120549.676
81,12,0,40,108555.805
81,12,0,40,96561.954
81,12,0,40,84568.083
81,12,0,40,72574.287
81,12,0,40,60580.435
81,12,0,40,48586.602
81,12,0,40,36592.916
81,12,0,40,24598.972
81,12,0,40,12605.027
82,12,0,40,0.185
82,12,0,40,8070.673
82,12,0,40,562615.359
82,12,0,40,550817.747
82,12,0,40,539046.597
82,12,0,40,527247.689
82,12,0,40,515448.391
82,12,0,40,503649.057
82,12,0,40,491849.593
82,12,0,40,480050.018
82,12,0,40,468250.646
82,12,0,40,456451.423
82,12,0,40,444652.218
82,12,0,40,432852.810
82,12,0,40,421056.124
82,12,0,40,409257.030
82,12,0,40,397457.566
82,12,0,40,385657.954
82,12,0,40,373858.527
82,12,0,40,362059.267
82,12,0,40,350259.803
82,12,0,40,338460.468
82,12,0,40,326661.171
82,12,0,40,314861.688
82,12,0,40,303062.243
82,12,0,40,291262.668
82,12,0,40,279463.093
82,12,0,40,267664.018
82,12,0,40,255864.683
82,12,0,40,244065.256
82,12,0,40,232266.144
82,12,0,40,220467.050
82,12,0,40,208669.179
82,12,0,40,196869.734
82,12,0,40,185072.158
82,12,0,40,173273.250
82,12,0,40,161473.916
82,12,0,40,149674.452
82,12,0,40,137875.154
82,12,0,40,126075.838
82,12,0,40,114276.374
82,12,0,40,102477.040
82,12,0,40,90677.798
82,12,0,40,78878.686
82,12,0,40,67079.463
82,12,0,40,55280.054
82,12,0,40,43480.702
82,12,0,40,31681.497
82,12,0,40,19882.236
82,12,0,40,8082.939
83,12,0,40,0.240
83,12,0,40,574278.175
83,12,0,40,572086.791
83,12,0,40,560216.346
83,12,0,40,548345.567
83,12,0,40,536473.752
83,12,0,40,524601.455
83,12,0,40,512729.917
83,12,0,40,500859.305
83,12,0,40,488990.657
83,12,0,40,477120.008
83,12,0,40,465249.544
83,12,0,40,453377.340
83,12,0,40,441505.284
83,12,0,40,429633.320
83,12,0,40,417761.801
83,12,0,40,405890.930
83,12,0,40,394019.781
83,12,0,40,382149.076
83,12,0,40,370277.557
83,12,0,40,358406.279
83,12,0,40,346535.463
83,12,0,40,334664.722
83,12,0,40,322794.314
83,12,0,40,310923.295
83,12,0,40,299052.238
83,12,0,40,287181.071
83,12,0,40,275309.996
83,12,0,40,263438.996
83,12,0,40,251568.458
83,12,0,40,239697.494
83,12,0,40,227826.216
83,12,0,40,215955.289
83,12,0,40,204084.085
83,12,0,40,192213.492
83,12,0,40,180342.491
83,12,0,40,168470.842
83,12,0,40,156600.045
83,12,0,40,144728.933
83,12,0,40,132858.081
83,12,0,40,120988.284
83,12,0,40,109116.857
83,12,0,40,97246.023
83,12,0,40,85374.245
83,12,0,40,73502.707
83,12,0,40,61631.632
83,12,0,40,49760.724
83,12,0,40,37890.039
83,12,0,40,26018.964
83,12,0,40,14147.296
84,12,0,40,0.092
84,12,0,40,582117.597
84,12,0,40,576314.973
84,12,0,40,564321.250
84,12,0,40,552327.510
84,12,0,40,540333.658
84,12,0,40,528339.917
84,12,0,40,516346.176
84,12,0,40,504352.343
84,12,0,40,492358.472
84,12,0,40,480364.621
84,12,0,40,468370.806
84,12,0,40,456376.991
84,12,0,40,444383.065
84,12,0,40,432389.287
84,12,0,40,420395.583
84,12,0,40,408401.731
84,12,0,40,396407.731
84,12,0,40,384413.880
84,12,0,40,372420.009
84,12,0,40,360426.139
84,12,0,40,348432.194
84,12,0,40,336438.435
84,12,0,40,324444.676
84,12,0,40,312450.787
84,12,0,40,300456.879
84,12,0,40,288463.046
84,12,0,40,276469.194
84,12,0,40,264475.398
84,12,0,40,252481.490
84,12,0,40,240487.694
84,12,0,40,228494.027
84,12,0,40,216500.138
84,12,0,40,204506.268
84,12,0,40,192512.416
84,12,0,40,180518.601
84,12,0,40,168524.694
84,12,0,40,156530.823
84,12,0,40,144537.064
84,12,0,40,132543.379
84,12,0,40,120549.453
84,12,0,40,108555.545
84,12,0,40,96561.731
84,12,0,40,84567.860
84,12,0,40,72574.045
84,12,0,40,60580.193
84,12,0,40,48586.434
84,12,0,40,36592.693
84,12,0,40,24598.730
84,12,0,40,12604.804
85,12,0,40,0.111
85,12,0,40,8070.099
85,12,0,40,562614.859
85,12,0,40,550817.209
85,12,0,40,539045.986
85,12,0,40,527247.170
85,12,0,40,515447.836
85,12,0,40,503648.539
85,12,0,40,491849.000
85,12,0,40,480049.425
85,12,0,40,468250.109
85,12,0,40,456450.905
85,12,0,40,444651.644
85,12,0,40,432852.254
85,12,0,40,421055.605
85,12,0,40,409256.530
85,12,0,40,397457.011
85,12,0,40,385657.380
85,12,0,40,373858.064
85,12,0,40,362058.730
85,12,0,40,350259.229
85,12,0,40,338459.950
85,12,0,40,326660.597
85,12,0,40,314861.151
85,12,0,40,303061.724
85,12,0,40,291262.057
85,12,0,40,279462.667
85,12,0,40,267663.462
85,12,0,40,255864.091
85,12,0,40,244064.756
85,12,0,40,232265.644
85,12,0,40,220466.550
85,12,0,40,208668.661
85,12,0,40,196869.197
85,12,0,40,185071.751
85,12,0,40,173272.731
85,12,0,40,161473.379
85,12,0,40,149673.896
85,12,0,40,137874.617
85,12,0,40,126075.283
85,12,0,40,114275.819
85,12,0,40,102476.484
85,12,0,40,90677.298
85,12,0,40,78878.149
85,12,0,40,67078.852
85,12,0,40,55279.480
85,12,0,40,43480.090
85,12,0,40,31680.978
85,12,0,40,19881.681
85,12,0,40,8082.476
86,12,0,40,0.186
86,12,0,40,572448.963
86,12,0,40,570257.283
86,12,0,40,558386.930
86,12,0,40,546516.022
86,12,0,40,534643.855
86,12,0,40,522771.632
86,12,0,40,510900.427
86,12,0,40,499031.797
86,12,0,40,487161.056
86,12,0,40,475290.629
86,12,0,40,463419.980
86,12,0,40,451547.683
86,12,0,40,439675.497
86,12,0,40,427803.404
86,12,0,40,415932.200
86,12,0,40,404061.329
86,12,0,40,392190.199
86,12,0,40,380319.494
86,12,0,40,368447.993
86,12,0,40,356576.715
86,12,0,40,344705.937
86,12,0,40,332835.399
86,12,0,40,320964.694
86,12,0,40,309093.712
86,12,0,40,297222.582
86,12,0,40,285351.359
86,12,0,40,273480.358
86,12,0,40,261609.432
86,12,0,40,249738.894
86,12,0,40,237867.986
86,12,0,40,225996.745
86,12,0,40,214125.707
86,12,0,40,202254.429
86,12,0,40,190384.002
86,12,0,40,178512.983
86,12,0,40,166641.223
86,12,0,40,154770.444
86,12,0,40,142899.629
86,12,0,40,131030.758
86,12,0,40,119158.350
86,12,0,40,107287.368
86,12,0,40,95416.422
86,12,0,40,83544.385
86,12,0,40,71673.125
86,12,0,40,59802.235
86,12,0,40,47931.383
86,12,0,40,36060.586
86,12,0,40,24189.530
86,12,0,40,12317.418
87,12,0,40,0.240
87,12,0,40,582117.616
87,12,0,40,576314.991
87,12,0,40,564321.269
87,12,0,40,552327.510
87,12,0,40,540333.639
87,12,0,40,528339.898
87,12,0,40,516346.158
87,12,0,40,504352.324
87,12,0,40,492358.454
87,12,0,40,480364.621
87,12,0,40,468370.824
87,12,0,40,456376.972
87,12,0,40,444383.046
87,12,0,40,432389.287
87,12,0,40,420395.602
87,12,0,40,408401.713
87,12,0,40,396407.731
87,12,0,40,384413.843
87,12,0,40,372420.009
87,12,0,40,360426.139
87,12,0,40,348432.176
87,12,0,40,336438.416
87,12,0,40,324444.694
87,12,0,40,312450.787
87,12,0,40,300456.879
87,12,0,40,288463.027
87,12,0,40,276469.213
87,12,0,40,264475.379
87,12,0,40,252481.490
87,12,0,40,240487.694
87,12,0,40,228494.009
87,12,0,40,216500.157
87,12,0,40,204506.249
87,12,0,40,192512.416
87,12,0,40,180518.601
87,12,0,40,168524.694
87,12,0,40,156530.823
87,12,0,40,144537.064
87,12,0,40,132543.342
87,12,0,40,120549.471
87,12,0,40,108555.546
87,12,0,40,96561.731
87,12,0,40,84567.842
87,12,0,40,72574.027
87,12,0,40,60580.175
87,12,0,40,48586.434
87,12,0,40,36592.693
87,12,0,40,24598.730
87,12,0,40,12604.805
88,12,0,40,0.074
88,12,0,40,8068.896
88,12,0,40,562614.174
88,12,0,40,550815.488
88,12,0,40,539044.339
88,12,0,40,527245.504
88,12,0,40,515446.133
88,12,0,40,503646.780
88,12,0,40,491847.260
88,12,0,40,480047.667
88,12,0,40,468248.425
88,12,0,40,456449.165
88,12,0,40,444649.923
88,12,0,40,432850.533
88,12,0,40,421053.976
88,12,0,40,409254.809
88,12,0,40,397455.271
88,12,0,40,385655.640
88,12,0,40,373856.305
88,12,0,40,362057.101
88,12,0,40,350257.526
88,12,0,40,338458.228
88,12,0,40,326658.838
88,12,0,40,314859.448
88,12,0,40,303059.966
88,12,0,40,291260.298
88,12,0,40,279460.927
88,12,0,40,267661.759
88,12,0,40,255862.351
88,12,0,40,244063.016
88,12,0,40,232263.997
88,12,0,40,220464.792
88,12,0,40,208666.939
88,12,0,40,196867.438
88,12,0,40,185070.085
88,12,0,40,173270.991
88,12,0,40,161471.750
88,12,0,40,149672.137
88,12,0,40,137872.914
88,12,0,40,126073.524
88,12,0,40,114274.097
88,12,0,40,102474.781
88,12,0,40,90675.540
88,12,0,40,78876.409
88,12,0,40,67077.186
88,12,0,40,55277.722
88,12,0,40,43478.461
88,12,0,40,31679.275
88,12,0,40,19879.959
88,12,0,40,8080.736
89,12,0,40,0.222
89,12,0,40,572448.981
89,12,0,40,570256.504
89,12,0,40,558386.059
89,12,0,40,546515.114
89,12,0,40,534642.928
89,12,0,40,522770.705
89,12,0,40,510899.519
89,12,0,40,499030.963
89,12,0,40,487160.166
89,12,0,40,475289.832
89,12,0,40,463419.109
89,12,0,40,451546.831
89,12,0,40,439674.626
89,12,0,40,427802.515
89,12,0,40,415931.347
89,12,0,40,404060.476
89,12,0,40,392189.346
89,12,0,40,380318.697
89,12,0,40,368447.085
89,12,0,40,356575.844
89,12,0,40,344705.047
89,12,0,40,332834.509
89,12,0,40,320963.860
89,12,0,40,309092.841
89,12,0,40,297221.729
89,12,0,40,285350.581
89,12,0,40,273479.487
89,12,0,40,261608.542
89,12,0,40,249738.023
89,12,0,40,237867.078
89,12,0,40,225995.892
89,12,0,40,214124.817
89,12,0,40,202253.557
89,12,0,40,190383.242
89,12,0,40,178512.130
89,12,0,40,166640.352
89,12,0,40,154769.573
89,12,0,40,142898.758
89,12,0,40,131029.905
89,12,0,40,119157.460
89,12,0,40,107286.459
89,12,0,40,95415.625
89,12,0,40,83543.477
89,12,0,40,71672.198
89,12,0,40,59801.346
89,12,0,40,47930.512
89,12,0,40,36059.678
89,12,0,40,24188.640
89,12,0,40,12316.491
90,12,0,40,0.093
90,12,0,40,582117.246
90,12,0,40,576313.233
90,12,0,40,564319.455
90,12,0,40,552325.696
90,12,0,40,540331.862
90,12,0,40,528338.177
90,12,0,40,516344.325
90,12,0,40,504350.529
90,12,0,40,492356.640
90,12,0,40,480362.788
90,12,0,40,468368.992
90,12,0,40,456375.158
90,12,0,40,444381.214
90,12,0,40,432387.603
90,12,0,40,420393.788
90,12,0,40,408399.880
90,12,0,40,396405.899
90,12,0,40,384412.029
90,12,0,40,372418.177
90,12,0,40,360424.306
90,12,0,40,348430.343
90,12,0,40,336436.677
90,12,0,40,324442.862
90,12,0,40,312448.973
90,12,0,40,300455.047
90,12,0,40,288461.213
90,12,0,40,276467.380
90,12,0,40,264473.565
90,12,0,40,252479.676
90,12,0,40,240485.954
90,12,0,40,228492.213
90,12,0,40,216498.324
90,12,0,40,204504.454
90,12,0,40,192510.602
90,12,0,40,180516.769
90,12,0,40,168522.898
90,12,0,40,156529.009
90,12,0,40,144535.324
90,12,0,40,132541.528
90,12,0,40,120547.639
90,12,0,40,108553.713
90,12,0,40,96559.898
90,12,0,40,84566.028
90,12,0,40,72572.231
90,12,0,40,60578.342
90,12,0,40,48584.713
90,12,0,40,36590.861
90,12,0,40,24596.898
90,12,0,40,12602.990
91,12,0,40,0.203
91,12,0,40,8068.803
91,12,0,40,562614.118
91,12,0,40,550815.172
91,12,0,40,539044.060
91,12,0,40,527245.078
91,12,0,40,515445.688
91,12,0,40,503646.409
91,12,0,40,491846.852
91,12,0,40,480047.277
91,12,0,40,468248.128
91,12,0,40,456448.738
91,12,0,40,444649.552
91,12,0,40,432850.143
91,12,0,40,421053.568
91,12,0,40,409254.401
91,12,0,40,397454.844
91,12,0,40,385655.232
91,12,0,40,373855.990
91,12,0,40,362056.693
91,12,0,40,350257.192
91,12,0,40,338457.857
91,12,0,40,326658.449
91,12,0,40,314859.040
91,12,0,40,303059.558
91,12,0,40,291259.872
91,12,0,40,279460.611
91,12,0,40,267661.369
91,12,0,40,255861.998
91,12,0,40,244062.627
91,12,0,40,232263.607
91,12,0,40,220464.384
91,12,0,40,208666.549
91,12,0,40,196867.011
91,12,0,40,185069.825
91,12,0,40,173270.583
91,12,0,40,161471.342
91,12,0,40,149671.711
91,12,0,40,137872.506
91,12,0,40,126073.098
91,12,0,40,114273.708
91,12,0,40,102474.373
91,12,0,40,90675.261
91,12,0,40,78876.001
91,12,0,40,67076.833
91,12,0,40,55277.314
91,12,0,40,43478.072
91,12,0,40,31678.941
91,12,0,40,19879.551
91,12,0,40,8080.365
92,12,0,40,0.093
92,12,0,40,572449.019
92,12,0,40,570256.061
92,12,0,40,558385.634
92,12,0,40,546514.763
92,12,0,40,534642.466
92,12,0,40,522770.354
92,12,0,40,510899.076
92,12,0,40,499030.519
92,12,0,40,487159.704
92,12,0,40,475289.426
92,12,0,40,463418.647
92,12,0,40,451546.406
92,12,0,40,439674.183
92,12,0,40,427802.071
92,12,0,40,415930.867
92,12,0,40,404060.051
92,12,0,40,392188.902
92,12,0,40,380318.216
92,12,0,40,368446.623
92,12,0,40,356575.437
92,12,0,40,344704.585
92,12,0,40,332834.121
92,12,0,40,320963.398
92,12,0,40,309092.453
92,12,0,40,297221.341
92,12,0,40,285350.137
92,12,0,40,273479.081
92,12,0,40,261608.136
92,12,0,40,249737.598
92,12,0,40,237866.690
92,12,0,40,225995.430
92,12,0,40,214124.374
92,12,0,40,202253.114
92,12,0,40,190382.798
92,12,0,40,178511.724
92,12,0,40,166639.982
92,12,0,40,154769.167
92,12,0,40,142898.425
92,12,0,40,131029.480
92,12,0,40,119157.035
92,12,0,40,107286.016
92,12,0,40,95415.200
92,12,0,40,83543.015
92,12,0,40,71671.755
92,12,0,40,59800.884
92,12,0,40,47930.161
92,12,0,40,36059.290
92,12,0,40,24188.178
92,12,0,40,12316.029
93,12,0,40,0.093
93,12,0,40,582117.394
93,12,0,40,576313.269
93,12,0,40,564319.417
93,12,0,40,552325.640
93,12,0,40,540331.788
93,12,0,40,528338.121
93,12,0,40,516344.288
93,12,0,40,504350.473
93,12,0,40,492356.565
93,12,0,40,480362.806
93,12,0,40,468368.954
93,12,0,40,456375.102
93,12,0,40,444381.139
93,12,0,40,432387.528
93,12,0,40,420393.732
93,12,0,40,408399.806
93,12,0,40,396405.843
93,12,0,40,384412.047
93,12,0,40,372418.102
93,12,0,40,360424.232
93,12,0,40,348430.306
93,12,0,40,336436.602
93,12,0,40,324442.806
93,12,0,40,312448.898
93,12,0,40,300454.991
93,12,0,40,288461.231
93,12,0,40,276467.324
93,12,0,40,264473.509
93,12,0,40,252479.602
93,12,0,40,240485.935
93,12,0,40,228492.157
93,12,0,40,216498.268
93,12,0,40,204504.379
93,12,0,40,192510.620
93,12,0,40,180516.713
93,12,0,40,168522.842
93,12,0,40,156528.935
93,12,0,40,144535.287
93,12,0,40,132541.453
93,12,0,40,120547.583
93,12,0,40,108553.675
93,12,0,40,96559.898
93,12,0,40,84565.972
93,12,0,40,72572.175
93,12,0,40,60578.305
93,12,0,40,48584.638
93,12,0,40,36590.805
93,12,0,40,24596.842
93,12,0,40,12602.934
94,12,0,40,0.093
94,12,0,40,8068.489
94,12,0,40,562613.897
94,12,0,40,550814.784
94,12,0,40,539043.802
94,12,0,40,527244.634
94,12,0,40,515445.337
94,12,0,40,503646.002
94,12,0,40,491846.409
94,12,0,40,480046.834
94,12,0,40,468247.703
94,12,0,40,456448.387
94,12,0,40,444649.127
94,12,0,40,432849.774
94,12,0,40,421053.236
94,12,0,40,409253.975
94,12,0,40,397454.400
94,12,0,40,385654.788
94,12,0,40,373855.602
94,12,0,40,362056.231
94,12,0,40,350256.804
94,12,0,40,338457.469
94,12,0,40,326658.098
94,12,0,40,314858.615
94,12,0,40,303059.096
94,12,0,40,291259.428
94,12,0,40,279460.186
94,12,0,40,267660.944
94,12,0,40,255861.591
94,12,0,40,244062.257
94,12,0,40,232263.275
94,12,0,40,220464.014
94,12,0,40,208666.087
94,12,0,40,196866.605
94,12,0,40,185069.419
94,12,0,40,173270.195
94,12,0,40,161470.898
94,12,0,40,149671.267
94,12,0,40,137872.155
94,12,0,40,126072.710
94,12,0,40,114273.320
94,12,0,40,102473.967
94,12,0,40,90674.892
94,12,0,40,78875.576
94,12,0,40,67076.445
94,12,0,40,55276.944
94,12,0,40,43477.739
94,12,0,40,31678.516
94,12,0,40,19879.200
94,12,0,40,8079.958
95,12,0,40,0.111
95,12,0,40,572449.463
95,12,0,40,570255.931
95,12,0,40,558385.485
95,12,0,40,546514.540
95,12,0,40,534642.225
95,12,0,40,522770.113
95,12,0,40,510898.853
95,12,0,40,499030.315
95,12,0,40,487159.518
95,12,0,40,475289.351
95,12,0,40,463418.573
95,12,0,40,451546.257
95,12,0,40,439673.960
95,12,0,40,427801.867
95,12,0,40,415930.663
95,12,0,40,404059.866
95,12,0,40,392188.698
95,12,0,40,380318.142
95,12,0,40,368446.493
95,12,0,40,356575.233
95,12,0,40,344704.436
95,12,0,40,332833.917
95,12,0,40,320963.231
95,12,0,40,309092.286
95,12,0,40,297221.119
95,12,0,40,285350.081
95,12,0,40,273478.951
95,12,0,40,261607.913
95,12,0,40,249737.394
95,12,0,40,237866.541
95,12,0,40,225995.226
95,12,0,40,214124.151
95,12,0,40,202252.965
95,12,0,40,190382.724
95,12,0,40,178511.612
95,12,0,40,166639.815
95,12,0,40,154768.963
95,12,0,40,142898.258
95,12,0,40,131029.295
95,12,0,40,119156.850
95,12,0,40,107285.812
95,12,0,40,95415.052
95,12,0,40,83542.903
95,12,0,40,71671.551
95,12,0,40,59800.624
95,12,0,40,47929.938
95,12,0,40,36059.104
95,12,0,40,24188.011
95,12,0,40,12315.769
96,12,0,40,0.167
96,12,0,40,582117.505
96,12,0,40,576313.140
96,12,0,40,564319.362
96,12,0,40,552325.510
96,12,0,40,540331.658
96,12,0,40,528338.066
96,12,0,40,516344.195
96,12,0,40,504350.362
96,12,0,40,492356.436
96,12,0,40,480362.658
96,12,0,40,468368.880
96,12,0,40,456374.973
96,12,0,40,444381.010
96,12,0,40,432387.473
96,12,0,40,420393.621
96,12,0,40,408399.676
96,12,0,40,396405.750
96,12,0,40,384411.935
96,12,0,40,372418.028
96,12,0,40,360424.102
96,12,0,40,348430.176
96,12,0,40,336436.565
96,12,0,40,324442.658
96,12,0,40,312448.769
96,12,0,40,300454.880
96,12,0,40,288461.120
96,12,0,40,276467.250
96,12,0,40,264473.380
96,12,0,40,252479.472
96,12,0,40,240485.898
96,12,0,40,228492.028
96,12,0,40,216498.139
96,12,0,40,204504.250
96,12,0,40,192510.509
96,12,0,40,180516.639
96,12,0,40,168522.694
96,12,0,40,156528.787
96,12,0,40,144535.231
96,12,0,40,132541.324
96,12,0,40,120547.435
96,12,0,40,108553.527
96,12,0,40,96559.768
96,12,0,40,84565.935
96,12,0,40,72572.046
96,12,0,40,60578.175
96,12,0,40,48584.601
96,12,0,40,36590.657
96,12,0,40,24596.712
96,12,0,40,12602.805
