subtask_id,period_ms,core,priority,latency_us
1,1,0,90,2.537
1,1,0,90,377.085
1,1,0,90,55.896
1,1,0,90,132.724
1,1,0,90,135.014
1,1,0,90,200.990
1,1,0,90,142.929
1,1,0,90,135.813
1,1,0,90,171.530
1,1,0,90,132.561
1,1,0,90,124.056
1,1,0,90,200.828
1,1,0,90,882.171
1,1,0,90,193.058
1,1,0,90,49.998
1,1,0,90,497.323
1,1,0,90,104.950
1,1,0,90,502.701
1,1,0,90,51.365
1,1,0,90,549.783
1,1,0,90,15.836
1,1,0,90,56.367
1,1,0,90,342.694
1,1,0,90,143.337
1,1,0,90,313.738
1,1,0,90,117.642
1,1,0,90,149.099
1,1,0,90,35.261
1,1,0,90,123.533
1,1,0,90,116.157
1,1,0,90,123.726
1,1,0,90,54.665
1,1,0,90,617.712
1,1,0,90,41.858
1,1,0,90,116.685
1,1,0,90,119.180
1,1,0,90,670.301
1,1,0,90,166.891
1,1,0,90,112.256
1,1,0,90,236.935
1,1,0,90,58.135
1,1,0,90,200.777
1,1,0,90,146.697
1,1,0,90,134.137
1,1,0,90,133.205
1,1,0,90,56.237
1,1,0,90,350.490
1,1,0,90,137.670
1,1,0,90,904.939
1,1,0,90,222.085
1,1,0,90,141.506
1,1,0,90,118.704
1,1,0,90,164.106
1,1,0,90,26.694
1,1,0,90,147.614
1,1,0,90,119.998
1,1,0,90,187.844
1,1,0,90,134.487
1,1,0,90,118.241
1,1,0,90,120.328
1,1,0,90,675.412
1,1,0,90,91.873
1,1,0,90,117.997
1,1,0,90,128.473
1,1,0,90,80.597
1,1,0,90,449.923
1,1,0,90,142.086
1,1,0,90,147.488
1,1,0,90,127.446
1,1,0,90,116.107
1,1,0,90,120.157
1,1,0,90,119.392
1,1,0,90,397.608
1,1,0,90,251.362
1,1,0,90,150.913
1,1,0,90,29.760
1,1,0,90,156.402
1,1,0,90,134.878
1,1,0,90,158.762
1,1,0,90,153.627
1,1,0,90,83.344
1,1,0,90,435.337
1,1,0,90,17.908
1,1,0,90,24.513
1,1,0,90,91.322
1,1,0,90,23.817
1,1,0,90,237.237
1,1,0,90,119.158
1,1,0,90,115.819
1,1,0,90,150.073
1,1,0,90,158.715
1,1,0,90,159.636
1,1,0,90,141.019
1,1,0,90,147.421
1,1,0,90,88.379
1,1,0,90,347.872
1,1,0,90,34.035
1,1,0,90,143.603
1,1,0,90,85.043
1,1,0,90,339.406
1,1,0,90,17.958
1,1,0,90,150.119
1,1,0,90,157.965
1,1,0,90,144.386
1,1,0,90,85.992
1,1,0,90,440.540
1,1,0,90,17.129
1,1,0,90,140.160
1,1,0,90,94.822
1,1,0,90,22.928
1,1,0,90,238.958
1,1,0,90,16.010
1,1,0,90,83.726
1,1,0,90,349.053
1,1,0,90,19.105
1,1,0,90,144.469
1,1,0,90,161.704
1,1,0,90,149.310
1,1,0,90,94.194
1,1,0,90,159.984
1,1,0,90,166.979
1,1,0,90,141.251
1,1,0,90,18.469
1,1,0,90,347.925
1,1,0,90,31.236
1,1,0,90,143.581
1,1,0,90,156.317
1,1,0,90,155.793
1,1,0,90,85.140
1,1,0,90,153.838
1,1,0,90,86.147
1,1,0,90,350.585
1,1,0,90,38.378
1,1,0,90,222.482
1,1,0,90,142.885
1,1,0,90,146.083
1,1,0,90,86.374
1,1,0,90,400.052
1,1,0,90,17.475
1,1,0,90,156.950
1,1,0,90,57.038
1,1,0,90,102.458
1,1,0,90,181.341
1,1,0,90,147.947
1,1,0,90,77.757
1,1,0,90,98.677
1,1,0,90,188.597
1,1,0,90,156.407
1,1,0,90,132.050
1,1,0,90,17.508
1,1,0,90,180.853
1,1,0,90,21.849
1,1,0,90,185.046
1,1,0,90,15.801
1,1,0,90,91.258
1,1,0,90,339.066
1,1,0,90,36.099
1,1,0,90,99.001
1,1,0,90,238.217
1,1,0,90,16.009
1,1,0,90,111.466
1,1,0,90,143.350
1,1,0,90,143.752
1,1,0,90,149.228
1,1,0,90,7.593
1,1,0,90,132.458
1,1,0,90,87.119
1,1,0,90,326.964
1,1,0,90,20.349
1,1,0,90,21.566
1,1,0,90,236.837
1,1,0,90,19.741
1,1,0,90,181.438
1,1,0,90,98.174
1,1,0,90,181.205
1,1,0,90,105.255
1,1,0,90,183.731
1,1,0,90,21.430
1,1,0,90,178.794
1,1,0,90,23.234
1,1,0,90,23.636
1,1,0,90,395.018
1,1,0,90,17.625
1,1,0,90,236.193
1,1,0,90,56.966
1,1,0,90,164.738
1,1,0,90,87.326
1,1,0,90,323.652
1,1,0,90,11.000
1,1,0,90,22.199
1,1,0,90,85.971
1,1,0,90,334.223
1,1,0,90,31.349
1,1,0,90,152.936
1,1,0,90,148.801
1,1,0,90,154.443
1,1,0,90,86.309
1,1,0,90,371.357
1,1,0,90,17.002
1,1,0,90,243.254
1,1,0,90,30.676
1,1,0,90,235.781
1,1,0,90,15.665
1,1,0,90,142.511
1,1,0,90,123.006
1,1,0,90,157.093
1,1,0,90,33.366
1,1,0,90,302.711
1,1,0,90,18.059
1,1,0,90,152.367
1,1,0,90,166.603
1,1,0,90,135.042
1,1,0,90,192.295
1,1,0,90,100.772
1,1,0,90,178.970
1,1,0,90,7.502
1,1,0,90,94.071
1,1,0,90,22.047
1,1,0,90,219.504
1,1,0,90,15.944
1,1,0,90,84.512
1,1,0,90,447.079
1,1,0,90,35.613
1,1,0,90,162.014
1,1,0,90,8.935
1,1,0,90,149.559
1,1,0,90,90.683
1,1,0,90,144.085
1,1,0,90,87.135
1,1,0,90,19.019
1,1,0,90,19.514
1,1,0,90,77.638
1,1,0,90,77.558
1,1,0,90,77.942
1,1,0,90,149.714
1,1,0,90,21.672
1,1,0,90,109.222
1,1,0,90,313.196
1,1,0,90,17.304
1,1,0,90,76.946
1,1,0,90,13.182
1,1,0,90,18.139
1,1,0,90,138.430
1,1,0,90,20.221
1,1,0,90,139.678
1,1,0,90,19.433
1,1,0,90,211.148
1,1,0,90,102.514
1,1,0,90,142.008
1,1,0,90,77.448
1,1,0,90,18.387
1,1,0,90,80.066
1,1,0,90,18.321
1,1,0,90,88.148
1,1,0,90,85.661
1,1,0,90,19.156
1,1,0,90,10.132
1,1,0,90,78.923
1,1,0,90,97.158
1,1,0,90,20.449
1,1,0,90,117.980
1,1,0,90,266.419
1,1,0,90,17.655
1,1,0,90,116.260
1,1,0,90,16.422
1,1,0,90,78.028
1,1,0,90,78.078
1,1,0,90,102.443
1,1,0,90,108.845
1,1,0,90,78.636
1,1,0,90,81.019
1,1,0,90,20.144
1,1,0,90,117.119
1,1,0,90,263.224
1,1,0,90,17.442
1,1,0,90,77.362
1,1,0,90,9.117
1,1,0,90,79.426
1,1,0,90,240.030
1,1,0,90,88.359
1,1,0,90,109.206
1,1,0,90,78.330
1,1,0,90,84.880
1,1,0,90,16.782
1,1,0,90,59.240
1,1,0,90,94.419
1,1,0,90,76.710
1,1,0,90,19.594
1,1,0,90,140.810
1,1,0,90,80.750
1,1,0,90,139.985
1,1,0,90,20.350
1,1,0,90,116.937
1,1,0,90,263.301
1,1,0,90,22.001
1,1,0,90,77.421
1,1,0,90,56.064
1,1,0,90,152.021
1,1,0,90,86.016
1,1,0,90,20.122
1,1,0,90,139.893
1,1,0,90,19.444
1,1,0,90,287.826
1,1,0,90,21.378
1,1,0,90,137.909
1,1,0,90,19.311
1,1,0,90,261.138
1,1,0,90,18.430
1,1,0,90,268.516
1,1,0,90,17.512
1,1,0,90,138.154
1,1,0,90,20.094
1,1,0,90,138.273
1,1,0,90,23.138
1,1,0,90,288.928
1,1,0,90,22.683
1,1,0,90,138.955
1,1,0,90,17.024
1,1,0,90,144.185
1,1,0,90,73.958
1,1,0,90,18.508
1,1,0,90,80.243
1,1,0,90,93.997
1,1,0,90,21.418
1,1,0,90,16.505
1,1,0,90,36.518
1,1,0,90,79.142
1,1,0,90,87.896
1,1,0,90,19.020
1,1,0,90,77.514
1,1,0,90,19.250
1,1,0,90,138.411
1,1,0,90,20.276
1,1,0,90,78.771
1,1,0,90,95.154
1,1,0,90,77.964
1,1,0,90,193.957
1,1,0,90,17.749
1,1,0,90,77.132
1,1,0,90,78.553
1,1,0,90,19.066
1,1,0,90,78.227
1,1,0,90,150.166
1,1,0,90,21.309
1,1,0,90,77.433
1,1,0,90,345.834
1,1,0,90,16.830
1,1,0,90,82.324
1,1,0,90,2.745
1,1,0,90,17.425
1,1,0,90,87.253
1,1,0,90,28.470
1,1,0,90,77.890
1,1,0,90,77.922
1,1,0,90,153.508
1,1,0,90,22.226
1,1,0,90,20.943
1,1,0,90,73.530
1,1,0,90,208.838
1,1,0,90,17.167
1,1,0,90,210.513
1,1,0,90,79.712
1,1,0,90,139.243
1,1,0,90,19.720
1,1,0,90,137.547
1,1,0,90,20.487
1,1,0,90,210.295
1,1,0,90,29.383
1,1,0,90,21.581
1,1,0,90,139.779
1,1,0,90,38.441
1,1,0,90,77.787
1,1,0,90,29.152
1,1,0,90,22.406
1,1,0,90,231.752
1,1,0,90,23.840
1,1,0,90,181.871
1,1,0,90,23.329
1,1,0,90,158.434
1,1,0,90,143.743
1,1,0,90,84.109
1,1,0,90,151.936
1,1,0,90,90.783
1,1,0,90,145.796
1,1,0,90,161.568
1,1,0,90,142.359
1,1,0,90,142.780
1,1,0,90,146.978
1,1,0,90,93.510
1,1,0,90,139.004
1,1,0,90,146.702
1,1,0,90,151.438
1,1,0,90,57.785
1,1,0,90,102.372
1,1,0,90,182.329
1,1,0,90,102.916
1,1,0,90,11.708
1,1,0,90,409.719
1,1,0,90,17.938
1,1,0,90,156.839
1,1,0,90,89.426
1,1,0,90,347.586
1,1,0,90,17.286
1,1,0,90,421.001
1,1,0,90,105.960
1,1,0,90,323.398
1,1,0,90,18.487
1,1,0,90,163.592
1,1,0,90,157.364
1,1,0,90,168.933
1,1,0,90,33.243
1,1,0,90,472.235
1,1,0,90,57.936
1,1,0,90,144.337
1,1,0,90,152.350
1,1,0,90,144.567
1,1,0,90,7.877
1,1,0,90,149.297
1,1,0,90,88.773
1,1,0,90,388.933
1,1,0,90,19.689
1,1,0,90,165.312
1,1,0,90,81.067
1,1,0,90,139.394
1,1,0,90,88.019
1,1,0,90,375.845
1,1,0,90,17.267
1,1,0,90,135.502
1,1,0,90,17.627
1,1,0,90,404.694
1,1,0,90,17.394
1,1,0,90,152.962
1,1,0,90,99.549
1,1,0,90,153.099
1,1,0,90,92.576
1,1,0,90,434.291
1,1,0,90,17.399
1,1,0,90,200.207
1,1,0,90,154.498
1,1,0,90,36.049
1,1,0,90,17.969
1,1,0,90,77.408
1,1,0,90,20.940
1,1,0,90,18.787
1,1,0,90,138.632
1,1,0,90,22.146
1,1,0,90,35.252
1,1,0,90,40.765
1,1,0,90,59.759
1,1,0,90,625.343
1,1,0,90,18.360
1,1,0,90,78.910
1,1,0,90,77.460
1,1,0,90,76.936
1,1,0,90,79.782
1,1,0,90,78.332
1,1,0,90,94.086
1,1,0,90,21.877
1,1,0,90,19.168
1,1,0,90,35.459
1,1,0,90,35.843
1,1,0,90,436.316
1,1,0,90,19.776
1,1,0,90,77.289
1,1,0,90,76.598
1,1,0,90,76.463
1,1,0,90,79.625
1,1,0,90,79.341
1,1,0,90,79.614
1,1,0,90,68.275
1,1,0,90,16.659
1,1,0,90,18.839
1,1,0,90,19.537
1,1,0,90,78.013
1,1,0,90,77.007
1,1,0,90,79.872
1,1,0,90,140.866
1,1,0,90,27.621
1,1,0,90,121.078
1,1,0,90,326.127
1,1,0,90,31.808
1,1,0,90,17.414
1,1,0,90,138.371
1,1,0,90,18.977
1,1,0,90,156.379
1,1,0,90,21.485
1,1,0,90,86.276
1,1,0,90,82.363
1,1,0,90,20.932
1,1,0,90,85.185
1,1,0,90,77.032
1,1,0,90,21.360
1,1,0,90,131.521
1,1,0,90,89.053
1,1,0,90,78.473
1,1,0,90,78.486
1,1,0,90,17.092
1,1,0,90,78.198
1,1,0,90,84.377
1,1,0,90,128.316
1,1,0,90,212.162
1,1,0,90,79.102
1,1,0,90,137.985
1,1,0,90,18.406
1,1,0,90,137.308
1,1,0,90,18.599
1,1,0,90,140.315
1,1,0,90,20.903
1,1,0,90,139.712
1,1,0,90,35.207
1,1,0,90,209.978
1,1,0,90,29.067
1,1,0,90,21.506
1,1,0,90,185.999
1,1,0,90,211.401
1,1,0,90,17.952
1,1,0,90,214.279
1,1,0,90,19.053
1,1,0,90,139.176
1,1,0,90,17.301
1,1,0,90,137.313
1,1,0,90,20.920
1,1,0,90,213.839
1,1,0,90,83.261
1,1,0,90,139.014
1,1,0,90,137.694
1,1,0,90,212.244
1,1,0,90,19.702
1,1,0,90,213.029
1,1,0,90,80.765
1,1,0,90,139.815
1,1,0,90,19.532
1,1,0,90,140.989
1,1,0,90,20.540
1,1,0,90,21.331
1,1,0,90,140.269
1,1,0,90,17.042
1,1,0,90,83.277
1,1,0,90,240.938
1,1,0,90,82.026
1,1,0,90,139.039
1,1,0,90,18.034
1,1,0,90,137.824
1,1,0,90,17.245
1,1,0,90,110.480
1,1,0,90,78.827
1,1,0,90,79.617
1,1,0,90,83.149
1,1,0,90,110.940
1,1,0,90,78.138
1,1,0,90,62.559
1,1,0,90,434.144
1,1,0,90,28.456
1,1,0,90,16.321
1,1,0,90,202.222
1,1,0,90,82.143
1,1,0,90,139.156
1,1,0,90,20.521
1,1,0,90,140.719
1,1,0,90,20.122
1,1,0,90,23.301
1,1,0,90,74.147
1,1,0,90,208.678
1,1,0,90,19.174
1,1,0,90,18.817
1,1,0,90,137.811
1,1,0,90,19.861
1,1,0,90,80.819
1,1,0,90,140.239
1,1,0,90,35.530
1,1,0,90,137.506
1,1,0,90,115.149
1,1,0,90,263.902
1,1,0,90,17.231
1,1,0,90,17.855
1,1,0,90,79.090
1,1,0,90,18.289
1,1,0,90,137.875
1,1,0,90,19.685
1,1,0,90,78.643
1,1,0,90,83.619
1,1,0,90,139.668
1,1,0,90,18.553
1,1,0,90,76.584
1,1,0,90,21.597
1,1,0,90,16.481
1,1,0,90,17.327
1,1,0,90,79.303
1,1,0,90,18.742
1,1,0,90,138.310
1,1,0,90,19.528
1,1,0,90,141.466
1,1,0,90,20.110
1,1,0,90,78.882
1,1,0,90,81.932
1,1,0,90,141.982
1,1,0,90,17.718
1,1,0,90,78.915
1,1,0,90,76.706
1,1,0,90,322.459
2,1,1,90,0.556
2,1,1,90,352.956
2,1,1,90,62.526
2,1,1,90,105.835
2,1,1,90,168.737
2,1,1,90,183.639
2,1,1,90,131.245
2,1,1,90,106.888
2,1,1,90,163.086
2,1,1,90,103.784
2,1,1,90,114.557
2,1,1,90,191.884
2,1,1,90,870.616
2,1,1,90,205.318
2,1,1,90,79.313
2,1,1,90,478.139
2,1,1,90,79.265
2,1,1,90,479.572
2,1,1,90,74.014
2,1,1,90,519.339
2,1,1,90,4.503
2,1,1,90,114.442
2,1,1,90,316.287
2,1,1,90,184.504
2,1,1,90,304.924
2,1,1,90,131.512
2,1,1,90,164.988
2,1,1,90,44.965
2,1,1,90,165.329
2,1,1,90,116.046
2,1,1,90,119.374
2,1,1,90,68.628
2,1,1,90,586.898
2,1,1,90,73.969
2,1,1,90,114.908
2,1,1,90,113.606
2,1,1,90,658.709
2,1,1,90,158.058
2,1,1,90,146.072
2,1,1,90,207.195
2,1,1,90,39.376
2,1,1,90,232.573
2,1,1,90,135.939
2,1,1,90,105.508
2,1,1,90,118.317
2,1,1,90,64.516
2,1,1,90,317.231
2,1,1,90,111.430
2,1,1,90,893.458
2,1,1,90,231.789
2,1,1,90,139.970
2,1,1,90,114.520
2,1,1,90,135.570
2,1,1,90,61.732
2,1,1,90,135.929
2,1,1,90,116.424
2,1,1,90,159.604
2,1,1,90,213.135
2,1,1,90,115.593
2,1,1,90,116.162
2,1,1,90,663.209
2,1,1,90,81.262
2,1,1,90,116.182
2,1,1,90,113.473
2,1,1,90,52.635
2,1,1,90,414.905
2,1,1,90,131.179
2,1,1,90,158.914
2,1,1,90,168.353
2,1,1,90,119.015
2,1,1,90,114.028
2,1,1,90,117.652
2,1,1,90,386.775
2,1,1,90,241.604
2,1,1,90,120.229
2,1,1,90,25.261
2,1,1,90,126.551
2,1,1,90,202.805
2,1,1,90,104.429
2,1,1,90,98.702
2,1,1,90,54.122
2,1,1,90,378.763
2,1,1,90,11.704
2,1,1,90,150.902
2,1,1,90,35.434
2,1,1,90,176.354
2,1,1,90,180.978
2,1,1,90,118.214
2,1,1,90,98.449
2,1,1,90,94.073
2,1,1,90,104.161
2,1,1,90,104.785
2,1,1,90,89.335
2,1,1,90,131.626
2,1,1,90,49.269
2,1,1,90,291.521
2,1,1,90,14.980
2,1,1,90,132.623
2,1,1,90,28.395
2,1,1,90,284.722
2,1,1,90,16.811
2,1,1,90,149.156
2,1,1,90,103.651
2,1,1,90,122.109
2,1,1,90,29.252
2,1,1,90,385.245
2,1,1,90,11.463
2,1,1,90,84.235
2,1,1,90,55.841
2,1,1,90,113.021
2,1,1,90,182.941
2,1,1,90,124.436
2,1,1,90,51.949
2,1,1,90,293.202
2,1,1,90,11.902
2,1,1,90,89.988
2,1,1,90,115.075
2,1,1,90,119.959
2,1,1,90,43.176
2,1,1,90,125.448
2,1,1,90,113.239
2,1,1,90,114.752
2,1,1,90,81.506
2,1,1,90,296.296
2,1,1,90,14.181
2,1,1,90,123.601
2,1,1,90,101.781
2,1,1,90,99.368
2,1,1,90,43.048
2,1,1,90,98.616
2,1,1,90,49.444
2,1,1,90,294.345
2,1,1,90,24.452
2,1,1,90,166.446
2,1,1,90,133.441
2,1,1,90,133.324
2,1,1,90,51.264
2,1,1,90,344.497
2,1,1,90,69.234
2,1,1,90,140.191
2,1,1,90,13.409
2,1,1,90,54.274
2,1,1,90,123.842
2,1,1,90,148.114
2,1,1,90,55.239
2,1,1,90,43.604
2,1,1,90,132.654
2,1,1,90,100.185
2,1,1,90,106.828
2,1,1,90,123.119
2,1,1,90,124.373
2,1,1,90,115.849
2,1,1,90,144.806
2,1,1,90,117.171
2,1,1,90,50.296
2,1,1,90,282.493
2,1,1,90,0.637
2,1,1,90,56.539
2,1,1,90,181.922
2,1,1,90,169.046
2,1,1,90,57.097
2,1,1,90,87.980
2,1,1,90,88.382
2,1,1,90,133.506
2,1,1,90,21.205
2,1,1,90,79.681
2,1,1,90,49.027
2,1,1,90,273.780
2,1,1,90,11.591
2,1,1,90,66.733
2,1,1,90,184.227
2,1,1,90,184.018
2,1,1,90,124.976
2,1,1,90,42.971
2,1,1,90,125.817
2,1,1,90,51.775
2,1,1,90,134.528
2,1,1,90,114.764
2,1,1,90,179.610
2,1,1,90,211.437
2,1,1,90,11.452
2,1,1,90,339.037
2,1,1,90,906.047
2,1,1,90,181.472
2,1,1,90,12.949
2,1,1,90,118.572
2,1,1,90,36.826
2,1,1,90,268.505
2,1,1,90,27.630
2,1,1,90,10.533
2,1,1,90,49.397
2,1,1,90,278.168
2,1,1,90,79.238
2,1,1,90,132.825
2,1,1,90,92.931
2,1,1,90,138.314
2,1,1,90,49.698
2,1,1,90,316.876
2,1,1,90,12.669
2,1,1,90,190.552
2,1,1,90,910.042
2,1,1,90,180.763
2,1,1,90,75.388
2,1,1,90,87.938
2,1,1,90,83.729
2,1,1,90,101.723
2,1,1,90,66.422
2,1,1,90,279.823
2,1,1,90,11.485
2,1,1,90,122.776
2,1,1,90,112.215
2,1,1,90,80.487
2,1,1,90,135.259
2,1,1,90,55.439
2,1,1,90,180.267
2,1,1,90,96.039
2,1,1,90,37.757
2,1,1,90,127.028
2,1,1,90,169.634
2,1,1,90,165.925
2,1,1,90,51.827
2,1,1,90,401.154
2,1,1,90,17.502
2,1,1,90,106.552
2,1,1,90,22.121
2,1,1,90,94.671
2,1,1,90,42.258
2,1,1,90,125.863
2,1,1,90,51.451
2,1,1,90,10.946
2,1,1,90,10.699
2,1,1,90,24.898
2,1,1,90,22.115
2,1,1,90,21.109
2,1,1,90,94.788
2,1,1,90,66.931
2,1,1,90,117.685
2,1,1,90,257.734
2,1,1,90,15.878
2,1,1,90,49.132
2,1,1,90,146.145
2,1,1,90,63.954
2,1,1,90,163.856
2,1,1,90,199.795
2,1,1,90,89.827
2,1,1,90,61.062
2,1,1,90,167.816
2,1,1,90,69.385
2,1,1,90,102.713
2,1,1,90,26.671
2,1,1,90,15.536
2,1,1,90,26.493
2,1,1,90,68.487
2,1,1,90,82.834
2,1,1,90,34.958
2,1,1,90,155.619
2,1,1,90,86.336
2,1,1,90,22.775
2,1,1,90,44.418
2,1,1,90,60.672
2,1,1,90,102.666
2,1,1,90,208.049
2,1,1,90,16.323
2,1,1,90,95.669
2,1,1,90,149.904
2,1,1,90,38.047
2,1,1,90,38.541
2,1,1,90,48.258
2,1,1,90,53.086
2,1,1,90,25.210
2,1,1,90,41.242
2,1,1,90,60.625
2,1,1,90,101.786
2,1,1,90,207.577
2,1,1,90,16.276
2,1,1,90,49.437
2,1,1,90,182.468
2,1,1,90,21.612
2,1,1,90,184.605
2,1,1,90,32.471
2,1,1,90,52.966
2,1,1,90,22.516
2,1,1,90,34.196
2,1,1,90,67.764
2,1,1,90,32.851
2,1,1,90,55.439
2,1,1,90,72.785
2,1,1,90,63.039
2,1,1,90,120.163
2,1,1,90,26.176
2,1,1,90,116.448
2,1,1,90,60.295
2,1,1,90,103.067
2,1,1,90,204.968
2,1,1,90,69.186
2,1,1,90,19.551
2,1,1,90,43.231
2,1,1,90,96.577
2,1,1,90,34.942
2,1,1,90,80.659
2,1,1,90,93.209
2,1,1,90,61.185
2,1,1,90,231.568
2,1,1,90,190.359
2,1,1,90,116.076
2,1,1,90,59.608
2,1,1,90,207.583
2,1,1,90,170.208
2,1,1,90,252.165
2,1,1,90,60.031
2,1,1,90,133.173
2,1,1,90,313.167
2,1,1,90,135.829
2,1,1,90,118.324
2,1,1,90,232.262
2,1,1,90,302.404
2,1,1,90,119.715
2,1,1,90,70.469
2,1,1,90,90.667
2,1,1,90,32.662
2,1,1,90,35.694
2,1,1,90,56.984
2,1,1,90,40.183
2,1,1,90,71.992
2,1,1,90,50.690
2,1,1,90,11.056
2,1,1,90,30.106
2,1,1,90,31.415
2,1,1,90,16.965
2,1,1,90,19.330
2,1,1,90,17.510
2,1,1,90,114.726
2,1,1,90,20.481
2,1,1,90,60.123
2,1,1,90,64.507
2,1,1,90,35.761
2,1,1,90,138.755
2,1,1,90,137.694
2,1,1,90,19.948
2,1,1,90,36.276
2,1,1,90,15.937
2,1,1,90,55.617
2,1,1,90,95.167
2,1,1,90,141.717
2,1,1,90,58.545
2,1,1,90,320.205
2,1,1,90,15.627
2,1,1,90,54.233
2,1,1,90,127.597
2,1,1,90,101.110
2,1,1,90,79.994
2,1,1,90,21.655
2,1,1,90,19.872
2,1,1,90,23.830
2,1,1,90,97.731
2,1,1,90,73.837
2,1,1,90,11.128
2,1,1,90,65.752
2,1,1,90,152.580
2,1,1,90,60.056
2,1,1,90,158.625
2,1,1,90,24.601
2,1,1,90,113.762
2,1,1,90,60.572
2,1,1,90,132.196
2,1,1,90,127.783
2,1,1,90,177.629
2,1,1,90,25.143
2,1,1,90,65.045
2,1,1,90,136.280
2,1,1,90,25.701
2,1,1,90,23.658
2,1,1,90,119.041
2,1,1,90,134.073
2,1,1,90,175.567
2,1,1,90,119.969
2,1,1,90,125.501
2,1,1,90,13.422
2,1,1,90,104.046
2,1,1,90,97.855
2,1,1,90,74.572
2,1,1,90,108.122
2,1,1,90,43.117
2,1,1,90,90.315
2,1,1,90,108.162
2,1,1,90,86.675
2,1,1,90,113.484
2,1,1,90,141.275
2,1,1,90,42.770
2,1,1,90,82.709
2,1,1,90,91.462
2,1,1,90,96.161
2,1,1,90,14.137
2,1,1,90,49.706
2,1,1,90,126.237
2,1,1,90,50.269
2,1,1,90,222.059
2,1,1,90,353.460
2,1,1,90,23.790
2,1,1,90,134.691
2,1,1,90,52.520
2,1,1,90,291.550
2,1,1,90,11.324
2,1,1,90,364.854
2,1,1,90,63.535
2,1,1,90,270.751
2,1,1,90,11.580
2,1,1,90,136.352
2,1,1,90,102.958
2,1,1,90,142.230
2,1,1,90,181.409
2,1,1,90,417.088
2,1,1,90,14.251
2,1,1,90,88.727
2,1,1,90,97.258
2,1,1,90,133.068
2,1,1,90,14.785
2,1,1,90,149.501
2,1,1,90,50.089
2,1,1,90,334.749
2,1,1,90,18.893
2,1,1,90,111.998
2,1,1,90,78.215
2,1,1,90,83.951
2,1,1,90,50.130
2,1,1,90,321.735
2,1,1,90,11.620
2,1,1,90,79.281
2,1,1,90,69.868
2,1,1,90,349.157
2,1,1,90,11.320
2,1,1,90,143.314
2,1,1,90,54.532
2,1,1,90,121.693
2,1,1,90,36.688
2,1,1,90,378.310
2,1,1,90,11.677
2,1,1,90,145.300
2,1,1,90,102.517
2,1,1,90,15.161
2,1,1,90,15.507
2,1,1,90,19.372
2,1,1,90,11.663
2,1,1,90,62.953
2,1,1,90,139.059
2,1,1,90,135.053
2,1,1,90,19.697
2,1,1,90,17.895
2,1,1,90,15.112
2,1,1,90,569.066
2,1,1,90,67.175
2,1,1,90,21.707
2,1,1,90,19.627
2,1,1,90,18.937
2,1,1,90,23.487
2,1,1,90,24.222
2,1,1,90,37.865
2,1,1,90,11.026
2,1,1,90,10.650
2,1,1,90,17.923
2,1,1,90,25.954
2,1,1,90,388.965
2,1,1,90,67.480
2,1,1,90,19.401
2,1,1,90,18.599
2,1,1,90,18.298
2,1,1,90,22.959
2,1,1,90,83.120
2,1,1,90,24.578
2,1,1,90,40.165
2,1,1,90,21.308
2,1,1,90,17.747
2,1,1,90,17.741
2,1,1,90,21.014
2,1,1,90,20.841
2,1,1,90,43.577
2,1,1,90,116.515
2,1,1,90,75.103
2,1,1,90,105.116
2,1,1,90,270.924
2,1,1,90,81.049
2,1,1,90,71.822
2,1,1,90,119.224
2,1,1,90,59.996
2,1,1,90,99.991
2,1,1,90,7.819
2,1,1,90,69.461
2,1,1,90,26.660
2,1,1,90,148.006
2,1,1,90,29.279
2,1,1,90,21.144
2,1,1,90,50.379
2,1,1,90,76.336
2,1,1,90,32.664
2,1,1,90,20.437
2,1,1,90,20.598
2,1,1,90,15.852
2,1,1,90,57.606
2,1,1,90,53.304
2,1,1,90,103.150
2,1,1,90,155.607
2,1,1,90,22.584
2,1,1,90,114.875
2,1,1,90,60.147
2,1,1,90,133.049
2,1,1,90,62.692
2,1,1,90,140.519
2,1,1,90,293.013
2,1,1,90,138.268
2,1,1,90,189.688
2,1,1,90,179.849
2,1,1,90,71.252
2,1,1,90,10.895
2,1,1,90,137.685
2,1,1,90,155.902
2,1,1,90,60.693
2,1,1,90,175.224
2,1,1,90,187.811
2,1,1,90,119.880
2,1,1,90,59.746
2,1,1,90,161.795
2,1,1,90,63.402
2,1,1,90,168.340
2,1,1,90,28.021
2,1,1,90,115.441
2,1,1,90,82.417
2,1,1,90,156.356
2,1,1,90,61.406
2,1,1,90,167.808
2,1,1,90,25.470
2,1,1,90,163.667
2,1,1,90,69.033
2,1,1,90,118.379
2,1,1,90,61.985
2,1,1,90,97.572
2,1,1,90,144.325
2,1,1,90,17.135
2,1,1,90,55.130
2,1,1,90,184.902
2,1,1,90,52.934
2,1,1,90,115.354
2,1,1,90,107.163
2,1,1,90,115.584
2,1,1,90,60.912
2,1,1,90,90.425
2,1,1,90,51.883
2,1,1,90,23.470
2,1,1,90,46.131
2,1,1,90,57.237
2,1,1,90,21.954
2,1,1,90,36.967
2,1,1,90,379.015
2,1,1,90,85.252
2,1,1,90,17.062
2,1,1,90,146.574
2,1,1,90,26.125
2,1,1,90,114.712
2,1,1,90,70.133
2,1,1,90,116.590
2,1,1,90,141.547
2,1,1,90,10.561
2,1,1,90,27.315
2,1,1,90,153.012
2,1,1,90,62.545
2,1,1,90,128.798
2,1,1,90,116.071
2,1,1,90,105.361
2,1,1,90,45.634
2,1,1,90,121.980
2,1,1,90,1.512
2,1,1,90,110.729
2,1,1,90,59.372
2,1,1,90,228.513
2,1,1,90,157.712
2,1,1,90,15.948
2,1,1,90,24.869
2,1,1,90,14.771
2,1,1,90,109.598
2,1,1,90,19.630
2,1,1,90,55.051
2,1,1,90,52.230
2,1,1,90,114.280
2,1,1,90,68.423
2,1,1,90,26.251
2,1,1,90,11.024
2,1,1,90,17.185
2,1,1,90,16.698
2,1,1,90,45.137
2,1,1,90,78.020
2,1,1,90,134.959
2,1,1,90,1138.189
2,1,1,90,393.095
2,1,1,90,16.629
2,1,1,90,54.364
2,1,1,90,53.636
2,1,1,90,115.649
2,1,1,90,20.422
2,1,1,90,55.786
2,1,1,90,20.596
2,1,1,90,267.145
3,1,2,90,0.574
3,1,2,90,347.622
3,1,2,90,92.210
3,1,2,90,94.724
3,1,2,90,198.569
3,1,2,90,178.157
3,1,2,90,132.985
3,1,2,90,96.257
3,1,2,90,152.585
3,1,2,90,91.710
3,1,2,90,109.074
3,1,2,90,185.735
3,1,2,90,873.152
3,1,2,90,245.465
3,1,2,90,90.812
3,1,2,90,464.508
3,1,2,90,121.153
3,1,2,90,461.961
3,1,2,90,71.772
3,1,2,90,509.431
3,1,2,90,323.427
3,1,2,90,104.941
3,1,2,90,302.157
3,1,2,90,219.633
3,1,2,90,301.905
3,1,2,90,171.178
3,1,2,90,217.061
3,1,2,90,46.353
3,1,2,90,246.958
3,1,2,90,193.267
3,1,2,90,108.559
3,1,2,90,94.961
3,1,2,90,575.323
3,1,2,90,152.857
3,1,2,90,186.777
3,1,2,90,186.179
3,1,2,90,658.709
3,1,2,90,148.891
3,1,2,90,188.682
3,1,2,90,195.269
3,1,2,90,73.153
3,1,2,90,242.573
3,1,2,90,138.994
3,1,2,90,93.785
3,1,2,90,107.372
3,1,2,90,66.774
3,1,2,90,303.249
3,1,2,90,101.356
3,1,2,90,895.550
3,1,2,90,275.603
3,1,2,90,141.747
3,1,2,90,185.482
3,1,2,90,124.662
3,1,2,90,144.545
3,1,2,90,136.281
3,1,2,90,193.793
3,1,2,90,156.010
3,1,2,90,306.430
3,1,2,90,187.536
3,1,2,90,194.068
3,1,2,90,664.042
3,1,2,90,83.243
3,1,2,90,106.237
3,1,2,90,103.751
3,1,2,90,49.597
3,1,2,90,425.386
3,1,2,90,133.901
3,1,2,90,209.562
3,1,2,90,188.149
3,1,2,90,186.847
3,1,2,90,186.916
3,1,2,90,106.485
3,1,2,90,389.941
3,1,2,90,244.066
3,1,2,90,198.283
3,1,2,90,21.371
3,1,2,90,115.254
3,1,2,90,202.804
3,1,2,90,76.151
3,1,2,90,71.942
3,1,2,90,54.288
3,1,2,90,350.448
3,1,2,90,0.759
3,1,2,90,124.401
3,1,2,90,13.748
3,1,2,90,153.446
3,1,2,90,154.367
3,1,2,90,95.528
3,1,2,90,108.078
3,1,2,90,66.536
3,1,2,90,75.771
3,1,2,90,76.914
3,1,2,90,81.890
3,1,2,90,107.644
3,1,2,90,26.379
3,1,2,90,267.947
3,1,2,90,1.795
3,1,2,90,118.955
3,1,2,90,24.413
3,1,2,90,261.925
3,1,2,90,20.977
3,1,2,90,169.100
3,1,2,90,75.299
3,1,2,90,99.127
3,1,2,90,25.714
3,1,2,90,356.392
3,1,2,90,24.018
3,1,2,90,56.735
3,1,2,90,37.952
3,1,2,90,89.428
3,1,2,90,158.107
3,1,2,90,157.657
3,1,2,90,25.819
3,1,2,90,266.812
3,1,2,90,1.660
3,1,2,90,62.136
3,1,2,90,90.723
3,1,2,90,131.051
3,1,2,90,45.546
3,1,2,90,102.744
3,1,2,90,85.331
3,1,2,90,101.992
3,1,2,90,84.431
3,1,2,90,277.036
3,1,2,90,21.217
3,1,2,90,100.359
3,1,2,90,73.336
3,1,2,90,105.200
3,1,2,90,19.455
3,1,2,90,72.801
3,1,2,90,27.073
3,1,2,90,270.567
3,1,2,90,2.229
3,1,2,90,141.149
3,1,2,90,125.699
3,1,2,90,110.935
3,1,2,90,27.282
3,1,2,90,346.219
3,1,2,90,40.808
3,1,2,90,116.172
3,1,2,90,189.555
3,1,2,90,32.458
3,1,2,90,97.712
3,1,2,90,130.891
3,1,2,90,28.849
3,1,2,90,18.140
3,1,2,90,109.727
3,1,2,90,76.333
3,1,2,90,119.605
3,1,2,90,101.637
3,1,2,90,96.835
3,1,2,90,92.811
3,1,2,90,130.509
3,1,2,90,89.319
3,1,2,90,30.314
3,1,2,90,259.066
3,1,2,90,132.951
3,1,2,90,39.520
3,1,2,90,155.717
3,1,2,90,147.027
3,1,2,90,31.522
3,1,2,90,61.128
3,1,2,90,60.104
3,1,2,90,110.005
3,1,2,90,0.352
3,1,2,90,71.921
3,1,2,90,27.693
3,1,2,90,248.205
3,1,2,90,131.441
3,1,2,90,43.566
3,1,2,90,161.023
3,1,2,90,162.777
3,1,2,90,95.401
3,1,2,90,16.711
3,1,2,90,96.502
3,1,2,90,24.756
3,1,2,90,153.416
3,1,2,90,95.096
3,1,2,90,157.405
3,1,2,90,216.437
3,1,2,90,51.006
3,1,2,90,311.666
3,1,2,90,933.694
3,1,2,90,155.138
3,1,2,90,162.021
3,1,2,90,94.738
3,1,2,90,8.937
3,1,2,90,235.690
3,1,2,90,64.278
3,1,2,90,72.772
3,1,2,90,50.582
3,1,2,90,259.020
3,1,2,90,50.904
3,1,2,90,109.102
3,1,2,90,91.375
3,1,2,90,116.258
3,1,2,90,27.309
3,1,2,90,289.302
3,1,2,90,12.168
3,1,2,90,162.662
3,1,2,90,936.986
3,1,2,90,153.374
3,1,2,90,102.554
3,1,2,90,60.789
3,1,2,90,66.413
3,1,2,90,77.241
3,1,2,90,55.699
3,1,2,90,257.192
3,1,2,90,23.799
3,1,2,90,96.553
3,1,2,90,84.362
3,1,2,90,104.746
3,1,2,90,109.592
3,1,2,90,32.420
3,1,2,90,157.414
3,1,2,90,87.354
3,1,2,90,15.386
3,1,2,90,109.528
3,1,2,90,152.207
3,1,2,90,146.017
3,1,2,90,26.882
3,1,2,90,374.394
3,1,2,90,3.001
3,1,2,90,78.644
3,1,2,90,0.231
3,1,2,90,66.948
3,1,2,90,15.165
3,1,2,90,99.548
3,1,2,90,28.321
3,1,2,90,907.088
3,1,2,90,846.231
3,1,2,90,14.249
3,1,2,90,16.262
3,1,2,90,166.811
3,1,2,90,66.473
3,1,2,90,65.542
3,1,2,90,111.147
3,1,2,90,236.456
3,1,2,90,21.730
3,1,2,90,20.465
3,1,2,90,117.681
3,1,2,90,61.398
3,1,2,90,217.818
3,1,2,90,187.424
3,1,2,90,63.271
3,1,2,90,34.210
3,1,2,90,139.908
3,1,2,90,48.366
3,1,2,90,76.138
3,1,2,90,4.596
3,1,2,90,6.720
3,1,2,90,101.548
3,1,2,90,39.894
3,1,2,90,59.389
3,1,2,90,12.050
3,1,2,90,137.692
3,1,2,90,60.317
3,1,2,90,130.515
3,1,2,90,21.084
3,1,2,90,42.338
3,1,2,90,94.462
3,1,2,90,193.419
3,1,2,90,23.618
3,1,2,90,73.816
3,1,2,90,121.218
3,1,2,90,14.861
3,1,2,90,29.837
3,1,2,90,28.387
3,1,2,90,27.586
3,1,2,90,128.672
3,1,2,90,18.593
3,1,2,90,44.403
3,1,2,90,92.341
3,1,2,90,183.169
3,1,2,90,24.701
3,1,2,90,21.122
3,1,2,90,155.005
3,1,2,90,67.759
3,1,2,90,158.938
3,1,2,90,46.082
3,1,2,90,31.613
3,1,2,90,141.533
3,1,2,90,10.288
3,1,2,90,44.541
3,1,2,90,15.481
3,1,2,90,34.086
3,1,2,90,92.914
3,1,2,90,41.297
3,1,2,90,92.699
3,1,2,90,25.398
3,1,2,90,130.799
3,1,2,90,43.313
3,1,2,90,94.215
3,1,2,90,189.301
3,1,2,90,40.760
3,1,2,90,173.587
3,1,2,90,20.119
3,1,2,90,68.706
3,1,2,90,11.794
3,1,2,90,53.307
3,1,2,90,70.283
3,1,2,90,60.259
3,1,2,90,218.475
3,1,2,90,168.173
3,1,2,90,132.557
3,1,2,90,42.274
3,1,2,90,179.324
3,1,2,90,146.985
3,1,2,90,228.146
3,1,2,90,38.475
3,1,2,90,141.728
3,1,2,90,289.148
3,1,2,90,146.310
3,1,2,90,95.101
3,1,2,90,219.947
3,1,2,90,279.885
3,1,2,90,137.381
3,1,2,90,44.320
3,1,2,90,62.574
3,1,2,90,11.328
3,1,2,90,15.693
3,1,2,90,29.595
3,1,2,90,11.775
3,1,2,90,44.491
3,1,2,90,22.523
3,1,2,90,19.629
3,1,2,90,1.994
3,1,2,90,8.470
3,1,2,90,8.205
3,1,2,90,14.811
3,1,2,90,9.694
3,1,2,90,92.689
3,1,2,90,22.591
3,1,2,90,32.623
3,1,2,90,41.025
3,1,2,90,12.427
3,1,2,90,151.865
3,1,2,90,112.397
3,1,2,90,140.539
3,1,2,90,13.961
3,1,2,90,22.011
3,1,2,90,30.357
3,1,2,90,66.814
3,1,2,90,118.031
3,1,2,90,40.285
3,1,2,90,292.371
3,1,2,90,22.349
3,1,2,90,27.176
3,1,2,90,98.856
3,1,2,90,105.610
3,1,2,90,95.808
3,1,2,90,20.155
3,1,2,90,16.594
3,1,2,90,170.402
3,1,2,90,69.120
3,1,2,90,45.615
3,1,2,90,837.457
3,1,2,90,84.048
3,1,2,90,164.635
3,1,2,90,45.074
3,1,2,90,132.365
3,1,2,90,1.916
3,1,2,90,124.391
3,1,2,90,38.145
3,1,2,90,141.769
3,1,2,90,107.875
3,1,2,90,206.665
3,1,2,90,2.772
3,1,2,90,42.877
3,1,2,90,112.538
3,1,2,90,4.200
3,1,2,90,160.453
3,1,2,90,102.707
3,1,2,90,119.794
3,1,2,90,148.030
3,1,2,90,102.728
3,1,2,90,97.538
3,1,2,90,1.996
3,1,2,90,75.471
3,1,2,90,70.281
3,1,2,90,76.164
3,1,2,90,81.492
3,1,2,90,42.987
3,1,2,90,63.389
3,1,2,90,79.531
3,1,2,90,60.285
3,1,2,90,115.502
3,1,2,90,118.071
3,1,2,90,14.880
3,1,2,90,69.282
3,1,2,90,63.369
3,1,2,90,70.623
3,1,2,90,103.618
3,1,2,90,23.594
3,1,2,90,103.366
3,1,2,90,24.787
3,1,2,90,194.188
3,1,2,90,325.108
3,1,2,90,13.456
3,1,2,90,107.672
3,1,2,90,29.667
3,1,2,90,268.475
3,1,2,90,13.453
3,1,2,90,336.279
3,1,2,90,49.442
3,1,2,90,246.028
3,1,2,90,24.061
3,1,2,90,107.777
3,1,2,90,74.457
3,1,2,90,116.340
3,1,2,90,158.131
3,1,2,90,396.161
3,1,2,90,24.843
3,1,2,90,62.912
3,1,2,90,68.851
3,1,2,90,109.734
3,1,2,90,100.673
3,1,2,90,158.352
3,1,2,90,26.625
3,1,2,90,310.785
3,1,2,90,128.910
3,1,2,90,86.887
3,1,2,90,60.363
3,1,2,90,55.950
3,1,2,90,28.352
3,1,2,90,294.308
3,1,2,90,2.712
3,1,2,90,52.114
3,1,2,90,81.719
3,1,2,90,322.490
3,1,2,90,23.135
3,1,2,90,128.092
3,1,2,90,30.698
3,1,2,90,98.914
3,1,2,90,4.150
3,1,2,90,350.458
3,1,2,90,22.232
3,1,2,90,120.337
3,1,2,90,81.424
3,1,2,90,15.364
3,1,2,90,5.951
3,1,2,90,16.482
3,1,2,90,19.570
3,1,2,90,61.842
3,1,2,90,148.891
3,1,2,90,109.497
3,1,2,90,10.159
3,1,2,90,2.228
3,1,2,90,17.407
3,1,2,90,544.344
3,1,2,90,38.730
3,1,2,90,26.965
3,1,2,90,13.812
3,1,2,90,164.083
3,1,2,90,6.264
3,1,2,90,165.591
3,1,2,90,13.864
3,1,2,90,907.113
3,1,2,90,913.700
3,1,2,90,51.477
3,1,2,90,26.287
3,1,2,90,367.020
3,1,2,90,39.202
3,1,2,90,23.234
3,1,2,90,14.117
3,1,2,90,132.111
3,1,2,90,4.718
3,1,2,90,61.286
3,1,2,90,2.651
3,1,2,90,22.405
3,1,2,90,23.029
3,1,2,90,8.487
3,1,2,90,8.704
3,1,2,90,17.661
3,1,2,90,16.656
3,1,2,90,40.372
3,1,2,90,133.348
3,1,2,90,78.398
3,1,2,90,96.689
3,1,2,90,248.442
3,1,2,90,53.456
3,1,2,90,70.506
3,1,2,90,136.834
3,1,2,90,37.866
3,1,2,90,94.657
3,1,2,90,35.170
3,1,2,90,41.628
3,1,2,90,17.956
3,1,2,90,156.264
3,1,2,90,2.482
3,1,2,90,16.976
3,1,2,90,49.545
3,1,2,90,48.854
3,1,2,90,10.664
3,1,2,90,14.603
3,1,2,90,96.912
3,1,2,90,21.999
3,1,2,90,29.420
3,1,2,90,30.674
3,1,2,90,101.761
3,1,2,90,130.070
3,1,2,90,0.713
3,1,2,90,133.022
3,1,2,90,42.795
3,1,2,90,142.641
3,1,2,90,64.062
3,1,2,90,159.426
3,1,2,90,269.494
3,1,2,90,147.675
3,1,2,90,175.132
3,1,2,90,208.682
3,1,2,90,43.529
3,1,2,90,836.927
3,1,2,90,115.462
3,1,2,90,166.735
3,1,2,90,39.989
3,1,2,90,147.279
3,1,2,90,161.478
3,1,2,90,130.158
3,1,2,90,30.912
3,1,2,90,231.591
3,1,2,90,40.031
3,1,2,90,141.062
3,1,2,90,19.613
3,1,2,90,132.532
3,1,2,90,54.453
3,1,2,90,168.299
3,1,2,90,39.683
3,1,2,90,141.214
3,1,2,90,17.006
3,1,2,90,220.925
3,1,2,90,46.236
3,1,2,90,133.748
3,1,2,90,33.466
3,1,2,90,75.312
3,1,2,90,123.695
3,1,2,90,21.394
3,1,2,90,39.500
3,1,2,90,184.512
3,1,2,90,30.544
3,1,2,90,128.853
3,1,2,90,86.885
3,1,2,90,126.213
3,1,2,90,40.708
3,1,2,90,82.739
3,1,2,90,25.845
3,1,2,90,6.025
3,1,2,90,41.353
3,1,2,90,37.347
3,1,2,90,25.213
3,1,2,90,19.059
3,1,2,90,355.774
3,1,2,90,58.937
3,1,2,90,64.098
3,1,2,90,119.037
3,1,2,90,0.180
3,1,2,90,130.489
3,1,2,90,50.632
3,1,2,90,130.608
3,1,2,90,116.102
3,1,2,90,839.630
3,1,2,90,15.333
3,1,2,90,163.678
3,1,2,90,34.729
3,1,2,90,106.186
3,1,2,90,95.070
3,1,2,90,79.731
3,1,2,90,41.985
3,1,2,90,115.461
3,1,2,90,89.345
3,1,2,90,90.580
3,1,2,90,32.260
3,1,2,90,222.235
3,1,2,90,132.545
3,1,2,90,6.040
3,1,2,90,15.183
3,1,2,90,4.696
3,1,2,90,88.227
3,1,2,90,55.296
3,1,2,90,26.865
3,1,2,90,29.471
3,1,2,90,92.150
3,1,2,90,39.663
3,1,2,90,23.491
3,1,2,90,842.519
3,1,2,90,168.924
3,1,2,90,2.253
3,1,2,90,18.673
3,1,2,90,55.483
3,1,2,90,112.366
3,1,2,90,1116.355
3,1,2,90,367.372
3,1,2,90,21.072
3,1,2,90,26.141
3,1,2,90,30.821
3,1,2,90,93.241
3,1,2,90,22.291
3,1,2,90,28.175
3,1,2,90,1.077
3,1,2,90,244.681
4,1,2,90,0.908
4,1,2,90,148.439
4,1,2,90,119.508
4,1,2,90,54.502
4,1,2,90,119.330
4,1,2,90,36.918
4,1,2,90,143.264
4,1,2,90,57.425
4,1,2,90,226.474
4,1,2,90,67.729
4,1,2,90,123.557
4,1,2,90,46.570
4,1,2,90,882.764
4,1,2,90,194.096
4,1,2,90,121.850
4,1,2,90,50.123
4,1,2,90,213.561
4,1,2,90,79.445
4,1,2,90,364.105
4,1,2,90,52.046
4,1,2,90,16.503
4,1,2,90,51.942
4,1,2,90,237.473
4,1,2,90,62.468
4,1,2,90,314.424
4,1,2,90,486.696
4,1,2,90,55.119
4,1,2,90,124.354
4,1,2,90,118.145
4,1,2,90,29.380
4,1,2,90,52.208
4,1,2,90,123.647
4,1,2,90,59.086
4,1,2,90,121.210
4,1,2,90,28.964
4,1,2,90,28.144
4,1,2,90,670.932
4,1,2,90,93.874
4,1,2,90,58.294
4,1,2,90,113.511
4,1,2,90,163.005
4,1,2,90,25.612
4,1,2,90,149.087
4,1,2,90,52.230
4,1,2,90,179.206
4,1,2,90,61.571
4,1,2,90,238.584
4,1,2,90,56.135
4,1,2,90,905.699
4,1,2,90,222.753
4,1,2,90,150.173
4,1,2,90,27.965
4,1,2,90,52.534
4,1,2,90,115.454
4,1,2,90,147.893
4,1,2,90,30.888
4,1,2,90,71.030
4,1,2,90,119.284
4,1,2,90,28.872
4,1,2,90,28.607
4,1,2,90,675.450
4,1,2,90,94.892
4,1,2,90,28.665
4,1,2,90,24.585
4,1,2,90,43.709
4,1,2,90,182.722
4,1,2,90,142.902
4,1,2,90,52.971
4,1,2,90,105.724
4,1,2,90,28.868
4,1,2,90,27.492
4,1,2,90,32.116
4,1,2,90,397.646
4,1,2,90,254.882
4,1,2,90,29.155
4,1,2,90,25.465
4,1,2,90,51.589
4,1,2,90,125.546
4,1,2,90,82.652
4,1,2,90,104.720
4,1,2,90,129.233
4,1,2,90,176.246
4,1,2,90,80.445
4,1,2,90,25.792
4,1,2,90,17.360
4,1,2,90,78.170
4,1,2,90,121.831
4,1,2,90,79.233
4,1,2,90,80.838
4,1,2,90,90.092
4,1,2,90,82.161
4,1,2,90,104.230
4,1,2,90,157.224
4,1,2,90,88.811
4,1,2,90,89.473
4,1,2,90,134.652
4,1,2,90,81.277
4,1,2,90,89.512
4,1,2,90,142.117
4,1,2,90,121.334
4,1,2,90,28.681
4,1,2,90,88.768
4,1,2,90,82.985
4,1,2,90,82.276
4,1,2,90,143.511
4,1,2,90,196.190
4,1,2,90,79.815
4,1,2,90,86.421
4,1,2,90,89.045
4,1,2,90,85.762
4,1,2,90,178.404
4,1,2,90,199.658
4,1,2,90,79.338
4,1,2,90,128.888
4,1,2,90,79.568
4,1,2,90,95.377
4,1,2,90,87.668
4,1,2,90,20.997
4,1,2,90,93.732
4,1,2,90,96.985
4,1,2,90,104.406
4,1,2,90,124.419
4,1,2,90,165.154
4,1,2,90,124.408
4,1,2,90,77.347
4,1,2,90,84.583
4,1,2,90,80.448
4,1,2,90,221.145
4,1,2,90,84.270
4,1,2,90,95.635
4,1,2,90,88.111
4,1,2,90,129.031
4,1,2,90,78.897
4,1,2,90,178.687
4,1,2,90,91.960
4,1,2,90,83.343
4,1,2,90,82.190
4,1,2,90,189.702
4,1,2,90,18.476
4,1,2,90,87.025
4,1,2,90,57.076
4,1,2,90,17.682
4,1,2,90,115.768
4,1,2,90,89.393
4,1,2,90,78.239
4,1,2,90,18.752
4,1,2,90,117.802
4,1,2,90,29.816
4,1,2,90,88.902
4,1,2,90,83.027
4,1,2,90,123.854
4,1,2,90,81.646
4,1,2,90,183.010
4,1,2,90,96.653
4,1,2,90,92.351
4,1,2,90,120.624
4,1,2,90,36.582
4,1,2,90,18.928
4,1,2,90,178.977
4,1,2,90,153.991
4,1,2,90,92.115
4,1,2,90,88.388
4,1,2,90,82.382
4,1,2,90,91.525
4,1,2,90,8.520
4,1,2,90,40.051
4,1,2,90,83.120
4,1,2,90,123.466
4,1,2,90,77.239
4,1,2,90,18.530
4,1,2,90,126.079
4,1,2,90,79.593
4,1,2,90,114.180
4,1,2,90,20.027
4,1,2,90,115.632
4,1,2,90,21.646
4,1,2,90,183.824
4,1,2,90,80.171
4,1,2,90,125.610
4,1,2,90,127.420
4,1,2,90,106.340
4,1,2,90,195.427
4,1,2,90,200.347
4,1,2,90,123.898
4,1,2,90,57.004
4,1,2,90,33.906
4,1,2,90,82.641
4,1,2,90,123.932
4,1,2,90,10.760
4,1,2,90,19.255
4,1,2,90,94.990
4,1,2,90,120.966
4,1,2,90,33.998
4,1,2,90,83.751
4,1,2,90,208.468
4,1,2,90,92.463
4,1,2,90,82.328
4,1,2,90,129.489
4,1,2,90,86.354
4,1,2,90,130.311
4,1,2,90,135.750
4,1,2,90,127.726
4,1,2,90,115.017
4,1,2,90,152.364
4,1,2,90,122.932
4,1,2,90,91.335
4,1,2,90,131.792
4,1,2,90,127.935
4,1,2,90,78.985
4,1,2,90,93.591
4,1,2,90,112.900
4,1,2,90,220.246
4,1,2,90,90.334
4,1,2,90,19.181
4,1,2,90,126.545
4,1,2,90,7.096
4,1,2,90,17.609
4,1,2,90,18.529
4,1,2,90,187.023
4,1,2,90,116.240
4,1,2,90,79.753
4,1,2,90,197.951
4,1,2,90,83.150
4,1,2,90,100.256
4,1,2,90,8.584
4,1,2,90,87.875
4,1,2,90,111.906
4,1,2,90,126.234
4,1,2,90,92.914
4,1,2,90,95.297
4,1,2,90,99.310
4,1,2,90,80.342
4,1,2,90,68.503
4,1,2,90,70.461
4,1,2,90,15.937
4,1,2,90,27.784
4,1,2,90,107.500
4,1,2,90,70.032
4,1,2,90,24.582
4,1,2,90,67.762
4,1,2,90,19.664
4,1,2,90,25.122
4,1,2,90,111.875
4,1,2,90,26.889
4,1,2,90,15.957
4,1,2,90,26.378
4,1,2,90,105.927
4,1,2,90,18.460
4,1,2,90,16.454
4,1,2,90,30.060
4,1,2,90,90.128
4,1,2,90,71.289
4,1,2,90,25.469
4,1,2,90,74.427
4,1,2,90,17.496
4,1,2,90,26.935
4,1,2,90,16.837
4,1,2,90,71.757
4,1,2,90,17.196
4,1,2,90,27.154
4,1,2,90,110.444
4,1,2,90,71.902
4,1,2,90,24.045
4,1,2,90,69.299
4,1,2,90,24.219
4,1,2,90,14.714
4,1,2,90,16.931
4,1,2,90,18.110
4,1,2,90,15.531
4,1,2,90,72.488
4,1,2,90,16.205
4,1,2,90,27.015
4,1,2,90,109.472
4,1,2,90,69.448
4,1,2,90,23.461
4,1,2,90,69.234
4,1,2,90,16.784
4,1,2,90,31.427
4,1,2,90,102.643
4,1,2,90,16.434
4,1,2,90,96.799
4,1,2,90,71.331
4,1,2,90,15.714
4,1,2,90,19.598
4,1,2,90,69.629
4,1,2,90,92.327
4,1,2,90,66.248
4,1,2,90,26.317
4,1,2,90,3.034
4,1,2,90,97.361
4,1,2,90,106.745
4,1,2,90,27.073
4,1,2,90,110.104
4,1,2,90,70.525
4,1,2,90,29.224
4,1,2,90,69.310
4,1,2,90,16.398
4,1,2,90,17.874
4,1,2,90,15.424
4,1,2,90,26.289
4,1,2,90,74.709
4,1,2,90,26.186
4,1,2,90,101.569
4,1,2,90,27.767
4,1,2,90,107.187
4,1,2,90,26.053
4,1,2,90,102.547
4,1,2,90,18.524
4,1,2,90,107.721
4,1,2,90,24.087
4,1,2,90,102.137
4,1,2,90,26.446
4,1,2,90,105.626
4,1,2,90,29.528
4,1,2,90,102.337
4,1,2,90,30.295
4,1,2,90,104.030
4,1,2,90,23.581
4,1,2,90,17.742
4,1,2,90,15.459
4,1,2,90,26.120
4,1,2,90,72.633
4,1,2,90,15.739
4,1,2,90,28.548
4,1,2,90,117.987
4,1,2,90,33.574
4,1,2,90,79.569
4,1,2,90,22.897
4,1,2,90,92.650
4,1,2,90,69.163
4,1,2,90,93.436
4,1,2,90,104.208
4,1,2,90,27.240
4,1,2,90,71.679
4,1,2,90,16.933
4,1,2,90,16.946
4,1,2,90,200.236
4,1,2,90,25.750
4,1,2,90,67.226
4,1,2,90,15.387
4,1,2,90,26.215
4,1,2,90,71.821
4,1,2,90,17.556
4,1,2,90,28.921
4,1,2,90,82.990
4,1,2,90,103.780
4,1,2,90,23.275
4,1,2,90,74.140
4,1,2,90,9.209
4,1,2,90,23.870
4,1,2,90,73.716
4,1,2,90,16.526
4,1,2,90,69.872
4,1,2,90,69.719
4,1,2,90,15.010
4,1,2,90,17.542
4,1,2,90,95.776
4,1,2,90,108.326
4,1,2,90,68.932
4,1,2,90,23.964
4,1,2,90,104.070
4,1,2,90,30.676
4,1,2,90,105.892
4,1,2,90,26.498
4,1,2,90,101.844
4,1,2,90,27.043
4,1,2,90,109.037
4,1,2,90,18.273
4,1,2,90,27.804
4,1,2,90,105.743
4,1,2,90,35.571
4,1,2,90,69.010
4,1,2,90,28.838
4,1,2,90,19.463
4,1,2,90,130.642
4,1,2,90,81.137
4,1,2,90,124.298
4,1,2,90,81.570
4,1,2,90,82.843
4,1,2,90,93.022
4,1,2,90,83.776
4,1,2,90,150.622
4,1,2,90,93.339
4,1,2,90,93.352
4,1,2,90,88.032
4,1,2,90,82.490
4,1,2,90,84.892
4,1,2,90,80.053
4,1,2,90,112.844
4,1,2,90,185.782
4,1,2,90,79.648
4,1,2,90,96.587
4,1,2,90,58.915
4,1,2,90,18.873
4,1,2,90,113.867
4,1,2,90,19.288
4,1,2,90,10.764
4,1,2,90,94.999
4,1,2,90,88.790
4,1,2,90,148.821
4,1,2,90,85.298
4,1,2,90,134.810
4,1,2,90,85.879
4,1,2,90,212.299
4,1,2,90,125.313
4,1,2,90,182.122
4,1,2,90,79.024
4,1,2,90,104.278
4,1,2,90,81.532
4,1,2,90,155.730
4,1,2,90,87.021
4,1,2,90,174.182
4,1,2,90,60.548
4,1,2,90,89.097
4,1,2,90,92.259
4,1,2,90,83.050
4,1,2,90,7.471
4,1,2,90,85.224
4,1,2,90,84.700
4,1,2,90,111.861
4,1,2,90,19.690
4,1,2,90,87.869
4,1,2,90,83.567
4,1,2,90,87.562
4,1,2,90,84.279
4,1,2,90,179.717
4,1,2,90,81.694
4,1,2,90,83.966
4,1,2,90,165.164
4,1,2,90,191.899
4,1,2,90,77.783
4,1,2,90,90.667
4,1,2,90,88.161
4,1,2,90,20.749
4,1,2,90,187.428
4,1,2,90,179.941
4,1,2,90,77.769
4,1,2,90,218.967
4,1,2,90,73.184
4,1,2,90,33.198
4,1,2,90,89.877
4,1,2,90,68.724
4,1,2,90,77.866
4,1,2,90,26.028
4,1,2,90,108.874
4,1,2,90,29.073
4,1,2,90,94.234
4,1,2,90,83.876
4,1,2,90,19.279
4,1,2,90,72.514
4,1,2,90,25.749
4,1,2,90,70.892
4,1,2,90,69.127
4,1,2,90,68.585
4,1,2,90,31.783
4,1,2,90,69.444
4,1,2,90,23.013
4,1,2,90,98.044
4,1,2,90,99.317
4,1,2,90,108.015
4,1,2,90,102.176
4,1,2,90,80.134
4,1,2,90,25.740
4,1,2,90,69.123
4,1,2,90,68.359
4,1,2,90,68.168
4,1,2,90,31.644
4,1,2,90,69.046
4,1,2,90,31.967
4,1,2,90,80.961
4,1,2,90,83.900
4,1,2,90,93.413
4,1,2,90,93.426
4,1,2,90,70.328
4,1,2,90,69.545
4,1,2,90,95.910
4,1,2,90,107.627
4,1,2,90,20.511
4,1,2,90,113.338
4,1,2,90,71.000
4,1,2,90,38.531
4,1,2,90,23.656
4,1,2,90,109.835
4,1,2,90,25.774
4,1,2,90,211.379
4,1,2,90,82.745
4,1,2,90,82.313
4,1,2,90,20.771
4,1,2,90,19.284
4,1,2,90,19.983
4,1,2,90,25.625
4,1,2,90,17.694
4,1,2,90,139.151
4,1,2,90,18.961
4,1,2,90,70.066
4,1,2,90,69.802
4,1,2,90,23.519
4,1,2,90,71.106
4,1,2,90,34.952
4,1,2,90,121.817
4,1,2,90,72.256
4,1,2,90,31.010
4,1,2,90,103.838
4,1,2,90,24.666
4,1,2,90,102.827
4,1,2,90,25.822
4,1,2,90,109.779
4,1,2,90,27.107
4,1,2,90,106.694
4,1,2,90,31.671
4,1,2,90,106.794
4,1,2,90,20.660
4,1,2,90,95.895
4,1,2,90,135.204
4,1,2,90,70.236
4,1,2,90,24.194
4,1,2,90,102.688
4,1,2,90,24.331
4,1,2,90,110.159
4,1,2,90,23.228
4,1,2,90,112.370
4,1,2,90,27.458
4,1,2,90,106.600
4,1,2,90,34.613
4,1,2,90,104.996
4,1,2,90,102.695
4,1,2,90,72.134
4,1,2,90,24.981
4,1,2,90,103.697
4,1,2,90,33.340
4,1,2,90,113.705
4,1,2,90,26.107
4,1,2,90,111.453
4,1,2,90,27.800
4,1,2,90,27.054
4,1,2,90,111.752
4,1,2,90,18.284
4,1,2,90,91.815
4,1,2,90,104.643
4,1,2,90,32.971
4,1,2,90,106.502
4,1,2,90,24.312
4,1,2,90,105.399
4,1,2,90,24.876
4,1,2,90,97.851
4,1,2,90,71.179
4,1,2,90,31.600
4,1,2,90,99.224
4,1,2,90,100.552
4,1,2,90,70.991
4,1,2,90,76.541
4,1,2,90,76.480
4,1,2,90,36.901
4,1,2,90,79.543
4,1,2,90,68.408
4,1,2,90,33.625
4,1,2,90,104.471
4,1,2,90,27.448
4,1,2,90,107.331
4,1,2,90,26.493
4,1,2,90,96.394
4,1,2,90,73.926
4,1,2,90,70.347
4,1,2,90,26.156
4,1,2,90,87.243
4,1,2,90,104.756
4,1,2,90,26.362
4,1,2,90,98.449
4,1,2,90,134.036
4,1,2,90,31.013
4,1,2,90,104.414
4,1,2,90,18.261
4,1,2,90,69.515
4,1,2,90,23.398
4,1,2,90,88.096
4,1,2,90,70.332
4,1,2,90,88.067
4,1,2,90,101.376
4,1,2,90,26.297
4,1,2,90,70.254
4,1,2,90,36.286
4,1,2,90,105.484
4,1,2,90,26.035
4,1,2,90,77.140
4,1,2,90,97.412
4,1,2,90,78.278
4,1,2,90,23.606
4,1,2,90,67.896
4,1,2,90,18.262
4,1,2,90,104.182
4,1,2,90,26.510
4,1,2,90,107.782
4,1,2,90,26.499
4,1,2,90,71.327
4,1,2,90,32.840
4,1,2,90,106.612
4,1,2,90,24.033
4,1,2,90,71.509
4,1,2,90,28.448
4,1,2,90,69.924
5,1,1,90,0.278
5,1,1,90,97.235
5,1,1,90,57.063
5,1,1,90,188.631
5,1,1,90,53.941
5,1,1,90,184.528
5,1,1,90,119.541
5,1,1,90,197.258
5,1,1,90,151.475
5,1,1,90,162.303
5,1,1,90,108.279
5,1,1,90,192.181
5,1,1,90,860.023
5,1,1,90,204.447
5,1,1,90,73.350
5,1,1,90,195.103
5,1,1,90,125.654
5,1,1,90,57.964
5,1,1,90,283.753
5,1,1,90,244.044
5,1,1,90,324.520
5,1,1,90,4.813
5,1,1,90,153.121
5,1,1,90,75.487
5,1,1,90,296.036
5,1,1,90,399.289
5,1,1,90,182.044
5,1,1,90,50.335
5,1,1,90,51.163
5,1,1,90,6.732
5,1,1,90,7.245
5,1,1,90,63.129
5,1,1,90,82.160
5,1,1,90,73.544
5,1,1,90,5.168
5,1,1,90,3.348
5,1,1,90,646.913
5,1,1,90,48.929
5,1,1,90,858.809
5,1,1,90,31.752
5,1,1,90,77.450
5,1,1,90,294.925
5,1,1,90,124.902
5,1,1,90,170.137
5,1,1,90,106.928
5,1,1,90,53.164
5,1,1,90,152.065
5,1,1,90,268.467
5,1,1,90,882.625
5,1,1,90,232.734
5,1,1,90,136.636
5,1,1,90,4.539
5,1,1,90,8.367
5,1,1,90,59.046
5,1,1,90,124.578
5,1,1,90,7.554
5,1,1,90,23.623
5,1,1,90,104.469
5,1,1,90,5.168
5,1,1,90,6.588
5,1,1,90,651.339
5,1,1,90,69.207
5,1,1,90,7.442
5,1,1,90,2.048
5,1,1,90,70.746
5,1,1,90,176.073
5,1,1,90,119.291
5,1,1,90,159.211
5,1,1,90,58.095
5,1,1,90,11.016
5,1,1,90,4.788
5,1,1,90,8.283
5,1,1,90,375.275
5,1,1,90,229.660
5,1,1,90,136.562
5,1,1,90,154.149
5,1,1,90,7.922
5,1,1,90,97.953
5,1,1,90,112.615
5,1,1,90,121.942
5,1,1,90,28.549
5,1,1,90,66.876
5,1,1,90,16.519
5,1,1,90,129.736
5,1,1,90,82.990
5,1,1,90,160.095
5,1,1,90,25.757
5,1,1,90,848.710
5,1,1,90,845.871
5,1,1,90,134.203
5,1,1,90,112.920
5,1,1,90,126.544
5,1,1,90,66.835
5,1,1,90,112.644
5,1,1,90,25.899
5,1,1,90,21.449
5,1,1,90,86.925
5,1,1,90,121.364
5,1,1,90,27.673
5,1,1,90,9.224
5,1,1,90,845.547
5,1,1,90,140.471
5,1,1,90,112.855
5,1,1,90,104.813
5,1,1,90,29.030
5,1,1,90,83.209
5,1,1,90,15.575
5,1,1,90,124.846
5,1,1,90,126.341
5,1,1,90,845.109
5,1,1,90,66.571
5,1,1,90,98.825
5,1,1,90,45.023
5,1,1,90,15.629
5,1,1,90,81.031
5,1,1,90,120.951
5,1,1,90,20.613
5,1,1,90,102.218
5,1,1,90,15.917
5,1,1,90,107.985
5,1,1,90,117.313
5,1,1,90,13.456
5,1,1,90,54.340
5,1,1,90,23.446
5,1,1,90,18.070
5,1,1,90,103.212
5,1,1,90,249.039
5,1,1,90,108.664
5,1,1,90,19.252
5,1,1,90,176.523
5,1,1,90,26.111
5,1,1,90,15.699
5,1,1,90,1.045
5,1,1,90,67.762
5,1,1,90,31.090
5,1,1,90,119.658
5,1,1,90,45.986
5,1,1,90,81.499
5,1,1,90,49.123
5,1,1,90,118.414
5,1,1,90,14.761
5,1,1,90,845.270
5,1,1,90,1.528
5,1,1,90,121.540
5,1,1,90,28.239
5,1,1,90,108.715
5,1,1,90,5.099
5,1,1,90,846.478
5,1,1,90,158.106
5,1,1,90,846.356
5,1,1,90,10.503
5,1,1,90,846.604
5,1,1,90,121.344
5,1,1,90,15.209
5,1,1,90,27.296
5,1,1,90,13.513
5,1,1,90,62.378
5,1,1,90,845.183
5,1,1,90,66.330
5,1,1,90,56.047
5,1,1,90,53.282
5,1,1,90,172.498
5,1,1,90,113.715
5,1,1,90,114.469
5,1,1,90,242.148
5,1,1,90,96.310
5,1,1,90,45.861
5,1,1,90,10.893
5,1,1,90,77.924
5,1,1,90,846.803
5,1,1,90,11.821
5,1,1,90,169.574
5,1,1,90,0.162
5,1,1,90,103.323
5,1,1,90,2.281
5,1,1,90,113.386
5,1,1,90,117.084
5,1,1,90,844.260
5,1,1,90,11.352
5,1,1,90,13.957
5,1,1,90,77.544
5,1,1,90,136.890
5,1,1,90,85.959
5,1,1,90,11.232
5,1,1,90,180.855
5,1,1,90,844.828
5,1,1,90,133.400
5,1,1,90,11.525
5,1,1,90,917.589
5,1,1,90,8.625
5,1,1,90,23.898
5,1,1,90,7.522
5,1,1,90,57.775
5,1,1,90,114.288
5,1,1,90,95.098
5,1,1,90,118.796
5,1,1,90,46.143
5,1,1,90,16.378
5,1,1,90,74.761
5,1,1,90,17.312
5,1,1,90,21.695
5,1,1,90,15.079
5,1,1,90,52.610
5,1,1,90,60.623
5,1,1,90,56.970
5,1,1,90,174.501
5,1,1,90,43.403
5,1,1,90,14.676
5,1,1,90,16.763
5,1,1,90,106.017
5,1,1,90,114.252
5,1,1,90,108.765
5,1,1,90,37.575
5,1,1,90,844.658
5,1,1,90,12.490
5,1,1,90,81.077
5,1,1,90,79.923
5,1,1,90,848.265
5,1,1,90,74.135
5,1,1,90,52.018
5,1,1,90,45.494
5,1,1,90,84.563
5,1,1,90,209.872
5,1,1,90,177.144
5,1,1,90,846.005
5,1,1,90,138.504
5,1,1,90,14.388
5,1,1,90,15.197
5,1,1,90,28.321
5,1,1,90,16.409
5,1,1,90,15.848
5,1,1,90,150.527
5,1,1,90,61.318
5,1,1,90,121.072
5,1,1,90,75.937
5,1,1,90,1022.778
5,1,1,90,955.773
5,1,1,90,113.995
5,1,1,90,955.577
5,1,1,90,906.387
5,1,1,90,39.164
5,1,1,90,998.875
5,1,1,90,309.874
5,1,1,90,198.499
5,1,1,90,83.679
5,1,1,90,992.502
5,1,1,90,925.386
5,1,1,90,186.699
5,1,1,90,241.897
5,1,1,90,145.337
5,1,1,90,15.777
5,1,1,90,120.122
5,1,1,90,46.895
5,1,1,90,126.889
5,1,1,90,53.088
5,1,1,90,149.434
5,1,1,90,74.818
5,1,1,90,124.645
5,1,1,90,81.881
5,1,1,90,1004.926
5,1,1,90,957.180
5,1,1,90,114.161
5,1,1,90,952.503
5,1,1,90,911.127
5,1,1,90,42.664
5,1,1,90,90.788
5,1,1,90,36.782
5,1,1,90,307.201
5,1,1,90,41.957
5,1,1,90,125.136
5,1,1,90,86.668
5,1,1,90,1004.843
5,1,1,90,954.930
5,1,1,90,111.392
5,1,1,90,957.641
5,1,1,90,903.433
5,1,1,90,80.580
5,1,1,90,70.871
5,1,1,90,69.162
5,1,1,90,155.026
5,1,1,90,48.632
5,1,1,90,132.775
5,1,1,90,73.807
5,1,1,90,56.672
5,1,1,90,5.778
5,1,1,90,33.198
5,1,1,90,63.952
5,1,1,90,889.775
5,1,1,90,856.270
5,1,1,90,200.138
5,1,1,90,112.208
5,1,1,90,1005.364
5,1,1,90,956.414
5,1,1,90,112.728
5,1,1,90,47.520
5,1,1,90,122.792
5,1,1,90,172.730
5,1,1,90,205.447
5,1,1,90,67.720
5,1,1,90,69.215
5,1,1,90,141.801
5,1,1,90,987.421
5,1,1,90,852.935
5,1,1,90,175.341
5,1,1,90,106.039
5,1,1,90,989.048
5,1,1,90,845.117
5,1,1,90,157.578
5,1,1,90,159.258
5,1,1,90,988.730
5,1,1,90,852.040
5,1,1,90,991.960
5,1,1,90,855.047
5,1,1,90,988.208
5,1,1,90,854.574
5,1,1,90,286.553
5,1,1,90,107.493
5,1,1,90,56.747
5,1,1,90,86.389
5,1,1,90,146.328
5,1,1,90,961.429
5,1,1,90,287.594
5,1,1,90,30.016
5,1,1,90,220.658
5,1,1,90,22.302
5,1,1,90,133.870
5,1,1,90,2.328
5,1,1,90,206.785
5,1,1,90,16.299
5,1,1,90,412.754
5,1,1,90,195.379
5,1,1,90,393.632
5,1,1,90,960.957
5,1,1,90,921.341
5,1,1,90,172.358
5,1,1,90,127.668
5,1,1,90,109.403
5,1,1,90,121.342
5,1,1,90,63.948
5,1,1,90,171.646
5,1,1,90,961.525
5,1,1,90,205.838
5,1,1,90,120.759
5,1,1,90,143.587
5,1,1,90,30.823
5,1,1,90,136.280
5,1,1,90,962.548
5,1,1,90,473.286
5,1,1,90,105.727
5,1,1,90,83.592
5,1,1,90,77.105
5,1,1,90,259.432
5,1,1,90,64.798
5,1,1,90,125.941
5,1,1,90,76.898
5,1,1,90,115.800
5,1,1,90,15.666
5,1,1,90,38.568
5,1,1,90,38.895
5,1,1,90,990.459
5,1,1,90,857.639
5,1,1,90,170.730
5,1,1,90,273.187
5,1,1,90,988.326
5,1,1,90,172.196
5,1,1,90,126.616
5,1,1,90,85.778
5,1,1,90,169.642
5,1,1,90,992.447
5,1,1,90,208.539
5,1,1,90,22.368
5,1,1,90,122.769
5,1,1,90,104.541
5,1,1,90,126.573
5,1,1,90,26.790
5,1,1,90,849.318
5,1,1,90,10.057
5,1,1,90,93.552
5,1,1,90,113.583
5,1,1,90,3.023
5,1,1,90,45.554
5,1,1,90,80.900
5,1,1,90,15.543
5,1,1,90,175.074
5,1,1,90,116.495
5,1,1,90,178.100
5,1,1,90,19.670
5,1,1,90,122.738
5,1,1,90,14.307
5,1,1,90,72.598
5,1,1,90,121.277
5,1,1,90,176.975
5,1,1,90,178.100
5,1,1,90,111.298
5,1,1,90,18.608
5,1,1,90,107.991
5,1,1,90,204.096
5,1,1,90,106.573
5,1,1,90,1.142
5,1,1,90,37.988
5,1,1,90,48.927
5,1,1,90,22.348
5,1,1,90,70.342
5,1,1,90,128.522
5,1,1,90,39.832
5,1,1,90,76.548
5,1,1,90,17.580
5,1,1,90,117.222
5,1,1,90,114.217
5,1,1,90,43.045
5,1,1,90,164.706
5,1,1,90,67.201
5,1,1,90,17.122
5,1,1,90,175.375
5,1,1,90,244.591
5,1,1,90,114.753
5,1,1,90,844.484
5,1,1,90,129.631
5,1,1,90,45.848
5,1,1,90,76.528
5,1,1,90,213.892
5,1,1,90,216.498
5,1,1,90,51.493
5,1,1,90,123.636
5,1,1,90,47.297
5,1,1,90,69.792
5,1,1,90,76.157
5,1,1,90,244.854
5,1,1,90,52.220
5,1,1,90,78.826
5,1,1,90,46.357
5,1,1,90,129.870
5,1,1,90,123.143
5,1,1,90,103.378
5,1,1,90,79.891
5,1,1,90,70.904
5,1,1,90,15.881
5,1,1,90,119.764
5,1,1,90,296.294
5,1,1,90,160.678
5,1,1,90,14.729
5,1,1,90,195.612
5,1,1,90,16.626
5,1,1,90,995.226
5,1,1,90,173.874
5,1,1,90,120.239
5,1,1,90,18.864
5,1,1,90,21.062
5,1,1,90,18.427
5,1,1,90,374.031
5,1,1,90,45.416
5,1,1,90,196.613
5,1,1,90,145.071
5,1,1,90,123.381
5,1,1,90,22.876
5,1,1,90,125.370
5,1,1,90,88.161
5,1,1,90,16.026
5,1,1,90,16.002
5,1,1,90,15.515
5,1,1,90,0.732
5,1,1,90,461.613
5,1,1,90,45.981
5,1,1,90,136.012
5,1,1,90,137.543
5,1,1,90,122.019
5,1,1,90,21.255
5,1,1,90,372.748
5,1,1,90,83.114
5,1,1,90,12.832
5,1,1,90,85.567
5,1,1,90,17.228
5,1,1,90,15.982
5,1,1,90,188.124
5,1,1,90,111.156
5,1,1,90,21.799
5,1,1,90,107.923
5,1,1,90,65.603
5,1,1,90,7.672
5,1,1,90,109.370
5,1,1,90,60.976
5,1,1,90,62.192
5,1,1,90,113.687
5,1,1,90,1098.287
5,1,1,90,1035.504
5,1,1,90,977.221
5,1,1,90,907.901
5,1,1,90,922.155
5,1,1,90,33.858
5,1,1,90,76.723
5,1,1,90,78.162
5,1,1,90,70.120
5,1,1,90,48.633
5,1,1,90,76.461
5,1,1,90,68.955
5,1,1,90,117.339
5,1,1,90,960.569
5,1,1,90,861.676
5,1,1,90,103.970
5,1,1,90,8.854
5,1,1,90,43.293
5,1,1,90,74.325
5,1,1,90,105.838
5,1,1,90,989.050
5,1,1,90,173.882
5,1,1,90,996.613
5,1,1,90,853.923
5,1,1,90,993.306
5,1,1,90,855.746
5,1,1,90,187.022
5,1,1,90,87.035
5,1,1,90,59.734
5,1,1,90,16.321
5,1,1,90,32.556
5,1,1,90,41.718
5,1,1,90,989.151
5,1,1,90,850.184
5,1,1,90,168.960
5,1,1,90,166.029
5,1,1,90,999.167
5,1,1,90,223.314
5,1,1,90,993.045
5,1,1,90,861.855
5,1,1,90,198.131
5,1,1,90,105.145
5,1,1,90,87.528
5,1,1,90,42.282
5,1,1,90,990.105
5,1,1,90,860.026
5,1,1,90,170.173
5,1,1,90,0.576
5,1,1,90,57.811
5,1,1,90,106.583
5,1,1,90,852.333
5,1,1,90,998.456
5,1,1,90,335.473
5,1,1,90,1028.778
5,1,1,90,990.384
5,1,1,90,206.568
5,1,1,90,168.489
5,1,1,90,122.965
5,1,1,90,92.701
5,1,1,90,278.991
5,1,1,90,992.759
5,1,1,90,959.921
5,1,1,90,315.826
5,1,1,90,102.118
5,1,1,90,23.817
5,1,1,90,53.626
5,1,1,90,283.564
5,1,1,90,10.189
5,1,1,90,187.331
5,1,1,90,65.975
5,1,1,90,17.192
5,1,1,90,33.760
5,1,1,90,153.995
5,1,1,90,104.434
5,1,1,90,52.411
5,1,1,90,121.757
5,1,1,90,131.010
5,1,1,90,15.950
5,1,1,90,293.351
5,1,1,90,40.254
5,1,1,90,850.411
5,1,1,90,113.335
5,1,1,90,315.440
5,1,1,90,86.417
5,1,1,90,23.301
5,1,1,90,24.740
5,1,1,90,44.661
5,1,1,90,120.284
5,1,1,90,954.089
5,1,1,90,131.199
5,1,1,90,143.490
5,1,1,90,17.393
5,1,1,90,382.200
5,1,1,90,78.030
5,1,1,90,303.282
5,1,1,90,958.533
5,1,1,90,861.306
5,1,1,90,42.342
5,1,1,90,302.150
5,1,1,90,46.609
5,1,1,90,388.138
5,1,1,90,15.950
5,1,1,90,124.481
5,1,1,90,952.082
5,1,1,90,833.874
5,1,1,90,990.997
5,1,1,90,206.866
5,1,1,90,994.486
5,1,1,90,413.354
5,1,1,90,962.753
5,1,1,90,860.137
5,1,1,90,227.413
5,1,1,90,328.389
5,1,1,90,960.917
5,1,1,90,291.508
5,1,1,90,16.615
5,1,1,90,105.905
6,1,0,90,0.129
6,1,0,90,109.123
6,1,0,90,59.692
6,1,0,90,185.519
6,1,0,90,90.015
6,1,0,90,185.249
6,1,0,90,125.874
6,1,0,90,196.183
6,1,0,90,213.585
6,1,0,90,161.154
6,1,0,90,104.019
6,1,0,90,264.142
6,1,0,90,865.930
6,1,0,90,207.613
6,1,0,90,69.720
6,1,0,90,257.973
6,1,0,90,120.375
6,1,0,90,122.703
6,1,0,90,278.604
6,1,0,90,307.969
6,1,0,90,318.760
6,1,0,90,0.516
6,1,0,90,192.954
6,1,0,90,109.356
6,1,0,90,301.961
6,1,0,90,393.566
6,1,0,90,197.506
6,1,0,90,100.001
6,1,0,90,87.903
6,1,0,90,67.009
6,1,0,90,5.541
6,1,0,90,63.739
6,1,0,90,77.215
6,1,0,90,85.283
6,1,0,90,68.056
6,1,0,90,71.310
6,1,0,90,653.042
6,1,0,90,44.188
6,1,0,90,896.511
6,1,0,90,88.140
6,1,0,90,80.375
6,1,0,90,290.795
6,1,0,90,135.420
6,1,0,90,167.507
6,1,0,90,187.612
6,1,0,90,49.534
6,1,0,90,201.138
6,1,0,90,286.670
6,1,0,90,892.494
6,1,0,90,237.992
6,1,0,90,133.006
6,1,0,90,70.945
6,1,0,90,16.514
6,1,0,90,69.823
6,1,0,90,130.262
6,1,0,90,71.424
6,1,0,90,41.141
6,1,0,90,100.598
6,1,0,90,69.370
6,1,0,90,74.106
6,1,0,90,657.597
6,1,0,90,72.965
6,1,0,90,69.590
6,1,0,90,254.176
6,1,0,90,65.171
6,1,0,90,208.498
6,1,0,90,126.827
6,1,0,90,158.747
6,1,0,90,81.279
6,1,0,90,71.478
6,1,0,90,72.398
6,1,0,90,74.559
6,1,0,90,382.071
6,1,0,90,237.936
6,1,0,90,193.468
6,1,0,90,154.982
6,1,0,90,9.644
6,1,0,90,89.564
6,1,0,90,96.744
6,1,0,90,103.645
6,1,0,90,12.511
6,1,0,90,87.264
6,1,0,90,17.648
6,1,0,90,108.957
6,1,0,90,107.526
6,1,0,90,138.354
6,1,0,90,62.349
6,1,0,90,832.117
6,1,0,90,846.259
6,1,0,90,117.906
6,1,0,90,96.493
6,1,0,90,108.266
6,1,0,90,55.261
6,1,0,90,96.051
6,1,0,90,4.417
6,1,0,90,2.652
6,1,0,90,71.239
6,1,0,90,119.307
6,1,0,90,6.154
6,1,0,90,183.963
6,1,0,90,846.398
6,1,0,90,125.693
6,1,0,90,96.854
6,1,0,90,84.886
6,1,0,90,7.325
6,1,0,90,70.060
6,1,0,90,16.111
6,1,0,90,111.809
6,1,0,90,104.248
6,1,0,90,859.738
6,1,0,90,64.385
6,1,0,90,88.435
6,1,0,90,22.930
6,1,0,90,244.775
6,1,0,90,66.993
6,1,0,90,123.636
6,1,0,90,44.612
6,1,0,90,84.495
6,1,0,90,76.249
6,1,0,90,86.318
6,1,0,90,100.757
6,1,0,90,142.788
6,1,0,90,38.191
6,1,0,90,5.834
6,1,0,90,13.550
6,1,0,90,96.656
6,1,0,90,226.835
6,1,0,90,84.645
6,1,0,90,77.843
6,1,0,90,162.523
6,1,0,90,4.074
6,1,0,90,246.363
6,1,0,90,12.618
6,1,0,90,48.427
6,1,0,90,35.052
6,1,0,90,99.694
6,1,0,90,23.689
6,1,0,90,112.387
6,1,0,90,29.715
6,1,0,90,112.469
6,1,0,90,136.426
6,1,0,90,858.435
6,1,0,90,6.101
6,1,0,90,107.243
6,1,0,90,6.461
6,1,0,90,91.696
6,1,0,90,14.005
6,1,0,90,843.755
6,1,0,90,135.920
6,1,0,90,859.596
6,1,0,90,6.262
6,1,0,90,859.400
6,1,0,90,102.843
6,1,0,90,41.041
6,1,0,90,5.296
6,1,0,90,186.993
6,1,0,90,47.618
6,1,0,90,859.775
6,1,0,90,63.644
6,1,0,90,43.750
6,1,0,90,36.781
6,1,0,90,155.572
6,1,0,90,93.215
6,1,0,90,99.080
6,1,0,90,220.481
6,1,0,90,84.828
6,1,0,90,24.286
6,1,0,90,3.818
6,1,0,90,61.405
6,1,0,90,858.950
6,1,0,90,81.634
6,1,0,90,149.462
6,1,0,90,6.865
6,1,0,90,83.933
6,1,0,90,7.539
6,1,0,90,97.144
6,1,0,90,96.713
6,1,0,90,858.703
6,1,0,90,9.703
6,1,0,90,97.326
6,1,0,90,55.451
6,1,0,90,155.149
6,1,0,90,63.514
6,1,0,90,250.433
6,1,0,90,164.595
6,1,0,90,840.308
6,1,0,90,116.251
6,1,0,90,203.708
6,1,0,90,895.718
6,1,0,90,73.383
6,1,0,90,8.138
6,1,0,90,175.705
6,1,0,90,42.312
6,1,0,90,97.936
6,1,0,90,74.893
6,1,0,90,112.221
6,1,0,90,23.920
6,1,0,90,319.987
6,1,0,90,52.613
6,1,0,90,7.515
6,1,0,90,6.139
6,1,0,90,0.486
6,1,0,90,40.647
6,1,0,90,63.030
6,1,0,90,43.525
6,1,0,90,195.481
6,1,0,90,26.273
6,1,0,90,6.805
6,1,0,90,15.855
6,1,0,90,118.997
6,1,0,90,97.659
6,1,0,90,92.801
6,1,0,90,18.259
6,1,0,90,859.305
6,1,0,90,10.193
6,1,0,90,62.169
6,1,0,90,115.515
6,1,0,90,859.709
6,1,0,90,55.708
6,1,0,90,40.573
6,1,0,90,23.475
6,1,0,90,71.988
6,1,0,90,187.926
6,1,0,90,159.847
6,1,0,90,845.282
6,1,0,90,118.281
6,1,0,90,68.368
6,1,0,90,10.937
6,1,0,90,6.117
6,1,0,90,277.258
6,1,0,90,78.754
6,1,0,90,132.600
6,1,0,90,48.688
6,1,0,90,105.460
6,1,0,90,58.455
6,1,0,90,1021.629
6,1,0,90,968.902
6,1,0,90,139.512
6,1,0,90,983.187
6,1,0,90,883.868
6,1,0,90,23.330
6,1,0,90,1048.634
6,1,0,90,292.632
6,1,0,90,183.350
6,1,0,90,67.049
6,1,0,90,970.927
6,1,0,90,928.533
6,1,0,90,168.717
6,1,0,90,220.137
6,1,0,90,186.947
6,1,0,90,70.794
6,1,0,90,101.770
6,1,0,90,27.135
6,1,0,90,113.518
6,1,0,90,46.532
6,1,0,90,129.767
6,1,0,90,52.799
6,1,0,90,107.645
6,1,0,90,60.028
6,1,0,90,1003.036
6,1,0,90,962.420
6,1,0,90,91.901
6,1,0,90,950.946
6,1,0,90,888.238
6,1,0,90,25.737
6,1,0,90,76.102
6,1,0,90,29.800
6,1,0,90,285.627
6,1,0,90,26.734
6,1,0,90,108.802
6,1,0,90,65.241
6,1,0,90,1001.953
6,1,0,90,960.040
6,1,0,90,89.595
6,1,0,90,983.029
6,1,0,90,905.006
6,1,0,90,58.413
6,1,0,90,51.278
6,1,0,90,65.420
6,1,0,90,137.229
6,1,0,90,28.335
6,1,0,90,115.904
6,1,0,90,53.491
6,1,0,90,44.264
6,1,0,90,76.277
6,1,0,90,8.383
6,1,0,90,49.618
6,1,0,90,965.811
6,1,0,90,835.362
6,1,0,90,183.434
6,1,0,90,107.929
6,1,0,90,1003.234
6,1,0,90,960.599
6,1,0,90,88.913
6,1,0,90,31.963
6,1,0,90,106.365
6,1,0,90,150.952
6,1,0,90,189.539
6,1,0,90,47.590
6,1,0,90,52.158
6,1,0,90,119.856
6,1,0,90,992.087
6,1,0,90,848.064
6,1,0,90,153.933
6,1,0,90,100.761
6,1,0,90,993.028
6,1,0,90,850.394
6,1,0,90,141.466
6,1,0,90,154.109
6,1,0,90,970.396
6,1,0,90,846.706
6,1,0,90,969.588
6,1,0,90,849.417
6,1,0,90,992.800
6,1,0,90,849.425
6,1,0,90,269.885
6,1,0,90,103.214
6,1,0,90,34.228
6,1,0,90,68.278
6,1,0,90,127.142
6,1,0,90,990.373
6,1,0,90,265.927
6,1,0,90,12.367
6,1,0,90,215.546
6,1,0,90,0.412
6,1,0,90,120.073
6,1,0,90,1.846
6,1,0,90,179.895
6,1,0,90,70.038
6,1,0,90,395.698
6,1,0,90,172.934
6,1,0,90,413.928
6,1,0,90,995.493
6,1,0,90,921.988
6,1,0,90,150.487
6,1,0,90,111.204
6,1,0,90,149.365
6,1,0,90,104.378
6,1,0,90,50.670
6,1,0,90,175.386
6,1,0,90,988.968
6,1,0,90,186.264
6,1,0,90,100.574
6,1,0,90,126.901
6,1,0,90,9.563
6,1,0,90,119.557
6,1,0,90,985.880
6,1,0,90,450.841
6,1,0,90,126.837
6,1,0,90,71.814
6,1,0,90,62.604
6,1,0,90,246.654
6,1,0,90,56.316
6,1,0,90,113.699
6,1,0,90,59.546
6,1,0,90,103.540
6,1,0,90,129.109
6,1,0,90,23.678
6,1,0,90,34.284
6,1,0,90,968.292
6,1,0,90,834.768
6,1,0,90,155.693
6,1,0,90,257.779
6,1,0,90,968.603
6,1,0,90,150.454
6,1,0,90,109.097
6,1,0,90,102.851
6,1,0,90,211.586
6,1,0,90,971.076
6,1,0,90,208.760
6,1,0,90,13.237
6,1,0,90,110.361
6,1,0,90,82.467
6,1,0,90,105.998
6,1,0,90,56.808
6,1,0,90,860.243
6,1,0,90,7.427
6,1,0,90,75.199
6,1,0,90,97.249
6,1,0,90,31.003
6,1,0,90,24.831
6,1,0,90,83.325
6,1,0,90,75.227
6,1,0,90,157.573
6,1,0,90,100.050
6,1,0,90,160.933
6,1,0,90,25.854
6,1,0,90,105.941
6,1,0,90,68.584
6,1,0,90,96.060
6,1,0,90,100.906
6,1,0,90,159.475
6,1,0,90,156.895
6,1,0,90,94.927
6,1,0,90,7.681
6,1,0,90,92.250
6,1,0,90,182.114
6,1,0,90,121.368
6,1,0,90,778.785
6,1,0,90,19.895
6,1,0,90,26.927
6,1,0,90,4.088
6,1,0,90,48.434
6,1,0,90,116.688
6,1,0,90,19.109
6,1,0,90,83.121
6,1,0,90,16.135
6,1,0,90,129.851
6,1,0,90,98.068
6,1,0,90,27.211
6,1,0,90,142.242
6,1,0,90,56.034
6,1,0,90,16.343
6,1,0,90,158.096
6,1,0,90,222.165
6,1,0,90,96.104
6,1,0,90,845.928
6,1,0,90,114.427
6,1,0,90,23.570
6,1,0,90,90.601
6,1,0,90,191.669
6,1,0,90,201.553
6,1,0,90,33.141
6,1,0,90,103.042
6,1,0,90,25.278
6,1,0,90,82.606
6,1,0,90,58.249
6,1,0,90,230.205
6,1,0,90,34.516
6,1,0,90,117.991
6,1,0,90,27.653
6,1,0,90,128.536
6,1,0,90,121.382
6,1,0,90,86.581
6,1,0,90,64.520
6,1,0,90,86.459
6,1,0,90,14.510
6,1,0,90,131.355
6,1,0,90,276.608
6,1,0,90,149.104
6,1,0,90,70.654
6,1,0,90,196.185
6,1,0,90,19.273
6,1,0,90,971.744
6,1,0,90,151.984
6,1,0,90,99.183
6,1,0,90,146.807
6,1,0,90,20.839
6,1,0,90,3.019
6,1,0,90,353.585
6,1,0,90,24.360
6,1,0,90,186.427
6,1,0,90,131.033
6,1,0,90,111.417
6,1,0,90,10.245
6,1,0,90,112.832
6,1,0,90,119.512
6,1,0,90,232.802
6,1,0,90,127.149
6,1,0,90,211.773
6,1,0,90,779.394
6,1,0,90,439.094
6,1,0,90,22.813
6,1,0,90,117.918
6,1,0,90,126.024
6,1,0,90,105.148
6,1,0,90,8.625
6,1,0,90,355.618
6,1,0,90,67.984
6,1,0,90,204.811
6,1,0,90,87.195
6,1,0,90,365.448
6,1,0,90,70.185
6,1,0,90,174.031
6,1,0,90,88.877
6,1,0,90,3.113
6,1,0,90,104.978
6,1,0,90,44.824
6,1,0,90,5.949
6,1,0,90,92.128
6,1,0,90,84.975
6,1,0,90,41.414
6,1,0,90,105.204
6,1,0,90,1117.268
6,1,0,90,1015.615
6,1,0,90,954.850
6,1,0,90,907.845
6,1,0,90,953.747
6,1,0,90,20.950
6,1,0,90,64.685
6,1,0,90,68.884
6,1,0,90,49.582
6,1,0,90,116.632
6,1,0,90,57.960
6,1,0,90,56.881
6,1,0,90,99.708
6,1,0,90,997.605
6,1,0,90,839.286
6,1,0,90,81.951
6,1,0,90,13.057
6,1,0,90,37.700
6,1,0,90,51.824
6,1,0,90,100.985
6,1,0,90,968.568
6,1,0,90,152.622
6,1,0,90,973.242
6,1,0,90,847.274
6,1,0,90,970.898
6,1,0,90,870.504
6,1,0,90,173.002
6,1,0,90,105.812
6,1,0,90,88.325
6,1,0,90,0.635
6,1,0,90,22.296
6,1,0,90,36.809
6,1,0,90,968.225
6,1,0,90,845.720
6,1,0,90,146.978
6,1,0,90,155.361
6,1,0,90,1046.906
6,1,0,90,203.183
6,1,0,90,971.229
6,1,0,90,837.280
6,1,0,90,185.797
6,1,0,90,102.422
6,1,0,90,66.935
6,1,0,90,37.689
6,1,0,90,968.327
6,1,0,90,835.766
6,1,0,90,152.987
6,1,0,90,48.315
6,1,0,90,42.236
6,1,0,90,104.100
6,1,0,90,847.721
6,1,0,90,973.696
6,1,0,90,319.861
6,1,0,90,1008.370
6,1,0,90,996.291
6,1,0,90,184.938
6,1,0,90,147.599
6,1,0,90,100.020
6,1,0,90,75.311
6,1,0,90,256.675
6,1,0,90,994.184
6,1,0,90,982.771
6,1,0,90,298.992
6,1,0,90,85.525
6,1,0,90,4.872
6,1,0,90,37.848
6,1,0,90,262.285
6,1,0,90,69.670
6,1,0,90,177.738
6,1,0,90,85.974
6,1,0,90,3.043
6,1,0,90,28.241
6,1,0,90,137.050
6,1,0,90,102.933
6,1,0,90,33.743
6,1,0,90,102.867
6,1,0,90,111.917
6,1,0,90,89.282
6,1,0,90,271.498
6,1,0,90,34.272
6,1,0,90,843.873
6,1,0,90,91.279
6,1,0,90,292.699
6,1,0,90,70.028
6,1,0,90,4.023
6,1,0,90,25.684
6,1,0,90,25.938
6,1,0,90,100.543
6,1,0,90,960.459
6,1,0,90,146.865
6,1,0,90,134.638
6,1,0,90,72.058
6,1,0,90,365.274
6,1,0,90,56.122
6,1,0,90,299.282
6,1,0,90,990.884
6,1,0,90,838.749
6,1,0,90,20.119
6,1,0,90,284.612
6,1,0,90,25.367
6,1,0,90,372.212
6,1,0,90,127.300
6,1,0,90,104.776
6,1,0,90,930.285
6,1,0,90,852.780
6,1,0,90,969.533
6,1,0,90,190.865
6,1,0,90,972.578
6,1,0,90,397.335
6,1,0,90,984.123
6,1,0,90,836.766
6,1,0,90,208.598
6,1,0,90,306.499
6,1,0,90,989.249
6,1,0,90,269.451
6,1,0,90,18.225
6,1,0,90,88.497
7,1,0,90,0.370
7,1,0,90,6.809
7,1,0,90,351.191
7,1,0,90,124.224
7,1,0,90,136.959
7,1,0,90,210.564
7,1,0,90,129.281
7,1,0,90,126.146
7,1,0,90,160.178
7,1,0,90,123.043
7,1,0,90,140.056
7,1,0,90,218.735
7,1,0,90,867.930
7,1,0,90,178.243
7,1,0,90,885.086
7,1,0,90,155.325
7,1,0,90,884.112
7,1,0,90,169.981
7,1,0,90,885.101
7,1,0,90,207.322
7,1,0,90,1.429
7,1,0,90,885.011
7,1,0,90,64.066
7,1,0,90,157.634
7,1,0,90,301.850
7,1,0,90,120.605
7,1,0,90,140.155
7,1,0,90,146.612
7,1,0,90,134.829
7,1,0,90,116.416
7,1,0,90,331.002
7,1,0,90,884.309
7,1,0,90,281.844
7,1,0,90,54.358
7,1,0,90,116.871
7,1,0,90,119.736
7,1,0,90,656.116
7,1,0,90,887.517
7,1,0,90,110.368
7,1,0,90,239.195
7,1,0,90,73.987
7,1,0,90,249.277
7,1,0,90,128.864
7,1,0,90,124.526
7,1,0,90,127.483
7,1,0,90,892.400
7,1,0,90,71.547
7,1,0,90,232.207
7,1,0,90,892.161
7,1,0,90,207.456
7,1,0,90,144.099
7,1,0,90,119.575
7,1,0,90,155.458
7,1,0,90,42.805
7,1,0,90,134.355
7,1,0,90,120.201
7,1,0,90,187.048
7,1,0,90,128.154
7,1,0,90,118.444
7,1,0,90,122.809
7,1,0,90,662.968
7,1,0,90,74.466
7,1,0,90,118.330
7,1,0,90,144.751
7,1,0,90,885.852
7,1,0,90,157.517
7,1,0,90,127.271
7,1,0,90,133.562
7,1,0,90,127.946
7,1,0,90,120.274
7,1,0,90,120.935
7,1,0,90,119.819
7,1,0,90,385.664
7,1,0,90,232.844
7,1,0,90,154.080
7,1,0,90,53.871
7,1,0,90,148.699
7,1,0,90,132.027
7,1,0,90,119.299
7,1,0,90,115.127
7,1,0,90,880.599
7,1,0,90,57.987
7,1,0,90,90.741
7,1,0,90,139.716
7,1,0,90,180.711
7,1,0,90,881.183
7,1,0,90,58.293
7,1,0,90,110.658
7,1,0,90,83.727
7,1,0,90,110.443
7,1,0,90,119.308
7,1,0,90,111.562
7,1,0,90,102.316
7,1,0,90,142.866
7,1,0,90,881.431
7,1,0,90,60.004
7,1,0,90,92.924
7,1,0,90,190.789
7,1,0,90,881.279
7,1,0,90,67.371
7,1,0,90,86.865
7,1,0,90,113.675
7,1,0,90,118.503
7,1,0,90,146.460
7,1,0,90,880.617
7,1,0,90,58.468
7,1,0,90,89.240
7,1,0,90,141.272
7,1,0,90,244.173
7,1,0,90,880.757
7,1,0,90,7.293
7,1,0,90,52.676
7,1,0,90,880.537
7,1,0,90,58.795
7,1,0,90,91.530
7,1,0,90,105.025
7,1,0,90,117.630
7,1,0,90,111.699
7,1,0,90,142.120
7,1,0,90,158.484
7,1,0,90,125.887
7,1,0,90,195.177
7,1,0,90,880.649
7,1,0,90,59.315
7,1,0,90,86.661
7,1,0,90,168.859
7,1,0,90,116.669
7,1,0,90,157.460
7,1,0,90,143.936
7,1,0,90,147.523
7,1,0,90,880.495
7,1,0,90,60.327
7,1,0,90,84.840
7,1,0,90,221.168
7,1,0,90,107.366
7,1,0,90,136.490
7,1,0,90,880.351
7,1,0,90,127.628
7,1,0,90,81.160
7,1,0,90,184.654
7,1,0,90,12.797
7,1,0,90,879.806
7,1,0,90,6.694
7,1,0,90,141.632
7,1,0,90,343.478
7,1,0,90,880.210
7,1,0,90,8.895
7,1,0,90,112.889
7,1,0,90,88.902
7,1,0,90,881.114
7,1,0,90,6.966
7,1,0,90,880.641
7,1,0,90,6.584
7,1,0,90,114.838
7,1,0,90,881.532
7,1,0,90,68.179
7,1,0,90,86.377
7,1,0,90,880.590
7,1,0,90,7.256
7,1,0,90,53.028
7,1,0,90,78.337
7,1,0,90,135.942
7,1,0,90,105.437
7,1,0,90,139.913
7,1,0,90,56.427
7,1,0,90,92.291
7,1,0,90,881.985
7,1,0,90,65.558
7,1,0,90,87.294
7,1,0,90,880.117
7,1,0,90,3.394
7,1,0,90,880.606
7,1,0,90,5.365
7,1,0,90,880.281
7,1,0,90,4.706
7,1,0,90,880.122
7,1,0,90,6.214
7,1,0,90,880.037
7,1,0,90,6.055
7,1,0,90,161.382
7,1,0,90,880.206
7,1,0,90,58.038
7,1,0,90,879.991
7,1,0,90,58.953
7,1,0,90,13.207
7,1,0,90,124.294
7,1,0,90,881.877
7,1,0,90,61.024
7,1,0,90,16.834
7,1,0,90,139.439
7,1,0,90,881.263
7,1,0,90,66.354
7,1,0,90,80.997
7,1,0,90,143.954
7,1,0,90,102.671
7,1,0,90,184.332
7,1,0,90,879.712
7,1,0,90,56.766
7,1,0,90,880.738
7,1,0,90,65.737
7,1,0,90,881.468
7,1,0,90,59.819
7,1,0,90,16.702
7,1,0,90,136.159
7,1,0,90,78.951
7,1,0,90,166.185
7,1,0,90,883.732
7,1,0,90,80.805
7,1,0,90,88.929
7,1,0,90,192.386
7,1,0,90,124.918
7,1,0,90,96.153
7,1,0,90,159.629
7,1,0,90,880.064
7,1,0,90,6.601
7,1,0,90,65.299
7,1,0,90,188.644
7,1,0,90,880.802
7,1,0,90,4.134
7,1,0,90,49.370
7,1,0,90,880.767
7,1,0,90,58.692
7,1,0,90,93.594
7,1,0,90,122.662
7,1,0,90,60.083
7,1,0,90,110.837
7,1,0,90,134.461
7,1,0,90,144.233
7,1,0,90,185.079
7,1,0,90,269.962
7,1,0,90,144.421
7,1,0,90,67.027
7,1,0,90,55.095
7,1,0,90,54.960
7,1,0,90,109.918
7,1,0,90,870.760
7,1,0,90,94.962
7,1,0,90,39.680
7,1,0,90,86.433
7,1,0,90,54.983
7,1,0,90,63.163
7,1,0,90,902.042
7,1,0,90,105.541
7,1,0,90,902.791
7,1,0,90,95.419
7,1,0,90,900.354
7,1,0,90,180.778
7,1,0,90,900.824
7,1,0,90,101.231
7,1,0,90,259.206
7,1,0,90,136.868
7,1,0,90,115.548
7,1,0,90,81.820
7,1,0,90,118.981
7,1,0,90,118.569
7,1,0,90,312.507
7,1,0,90,16.206
7,1,0,90,58.367
7,1,0,90,66.084
7,1,0,90,879.815
7,1,0,90,75.573
7,1,0,90,33.013
7,1,0,90,88.600
7,1,0,90,331.296
7,1,0,90,22.848
7,1,0,90,118.824
7,1,0,90,101.930
7,1,0,90,871.679
7,1,0,90,65.512
7,1,0,90,58.451
7,1,0,90,62.019
7,1,0,90,879.380
7,1,0,90,74.508
7,1,0,90,30.837
7,1,0,90,89.497
7,1,0,90,55.122
7,1,0,90,61.228
7,1,0,90,900.051
7,1,0,90,64.513
7,1,0,90,869.355
7,1,0,90,65.224
7,1,0,90,62.163
7,1,0,90,60.177
7,1,0,90,117.449
7,1,0,90,142.369
7,1,0,90,78.568
7,1,0,90,52.562
7,1,0,90,913.886
7,1,0,90,110.014
7,1,0,90,903.023
7,1,0,90,106.077
7,1,0,90,879.253
7,1,0,90,75.196
7,1,0,90,31.839
7,1,0,90,84.019
7,1,0,90,55.458
7,1,0,90,899.244
7,1,0,90,167.113
7,1,0,90,62.016
7,1,0,90,83.103
7,1,0,90,107.746
7,1,0,90,900.773
7,1,0,90,63.253
7,1,0,90,900.966
7,1,0,90,103.761
7,1,0,90,900.733
7,1,0,90,64.750
7,1,0,90,899.074
7,1,0,90,70.128
7,1,0,90,900.970
7,1,0,90,106.247
7,1,0,90,901.737
7,1,0,90,105.421
7,1,0,90,901.338
7,1,0,90,63.948
7,1,0,90,901.882
7,1,0,90,104.548
7,1,0,90,899.520
7,1,0,90,106.704
7,1,0,90,160.235
7,1,0,90,89.545
7,1,0,90,63.317
7,1,0,90,63.941
7,1,0,90,355.842
7,1,0,90,153.375
7,1,0,90,90.870
7,1,0,90,73.901
7,1,0,90,363.542
7,1,0,90,136.168
7,1,0,90,309.662
7,1,0,90,901.486
7,1,0,90,414.298
7,1,0,90,87.480
7,1,0,90,68.493
7,1,0,90,64.247
7,1,0,90,59.908
7,1,0,90,157.976
7,1,0,90,82.175
7,1,0,90,53.003
7,1,0,90,247.941
7,1,0,90,87.418
7,1,0,90,62.042
7,1,0,90,110.351
7,1,0,90,80.531
7,1,0,90,897.633
7,1,0,90,66.521
7,1,0,90,86.997
7,1,0,90,58.862
7,1,0,90,129.652
7,1,0,90,81.147
7,1,0,90,63.642
7,1,0,90,66.007
7,1,0,90,56.853
7,1,0,90,60.311
7,1,0,90,113.064
7,1,0,90,256.669
7,1,0,90,142.387
7,1,0,90,49.363
7,1,0,90,30.173
7,1,0,90,900.274
7,1,0,90,171.569
7,1,0,90,902.392
7,1,0,90,105.225
7,1,0,90,900.789
7,1,0,90,104.251
7,1,0,90,903.445
7,1,0,90,173.795
7,1,0,90,283.530
7,1,0,90,902.410
7,1,0,90,159.909
7,1,0,90,86.348
7,1,0,90,55.602
7,1,0,90,76.134
7,1,0,90,881.217
7,1,0,90,58.290
7,1,0,90,881.113
7,1,0,90,7.612
7,1,0,90,92.218
7,1,0,90,118.897
7,1,0,90,105.040
7,1,0,90,60.498
7,1,0,90,156.455
7,1,0,90,141.283
7,1,0,90,138.092
7,1,0,90,122.772
7,1,0,90,135.119
7,1,0,90,99.317
7,1,0,90,139.034
7,1,0,90,134.510
7,1,0,90,169.060
7,1,0,90,108.721
7,1,0,90,144.679
7,1,0,90,12.322
7,1,0,90,880.849
7,1,0,90,5.811
7,1,0,90,974.227
7,1,0,90,881.055
7,1,0,90,92.295
7,1,0,90,122.567
7,1,0,90,164.043
7,1,0,90,881.107
7,1,0,90,59.421
7,1,0,90,881.615
7,1,0,90,60.281
7,1,0,90,881.049
7,1,0,90,57.900
7,1,0,90,89.227
7,1,0,90,202.203
7,1,0,90,117.994
7,1,0,90,176.877
7,1,0,90,880.757
7,1,0,90,129.015
7,1,0,90,11.195
7,1,0,90,141.837
7,1,0,90,112.147
7,1,0,90,134.289
7,1,0,90,59.099
7,1,0,90,113.908
7,1,0,90,880.954
7,1,0,90,60.083
7,1,0,90,90.837
7,1,0,90,166.627
7,1,0,90,95.604
7,1,0,90,101.191
7,1,0,90,880.218
7,1,0,90,56.514
7,1,0,90,93.101
7,1,0,90,96.725
7,1,0,90,880.771
7,1,0,90,127.991
7,1,0,90,86.468
7,1,0,90,199.888
7,1,0,90,194.438
7,1,0,90,113.507
7,1,0,90,881.238
7,1,0,90,59.552
7,1,0,90,87.676
7,1,0,90,203.244
7,1,0,90,162.128
7,1,0,90,287.159
7,1,0,90,136.821
7,1,0,90,171.667
7,1,0,90,86.347
7,1,0,90,901.467
7,1,0,90,105.836
7,1,0,90,234.275
7,1,0,90,208.418
7,1,0,90,93.024
7,1,0,90,76.148
7,1,0,90,33.087
7,1,0,90,88.637
7,1,0,90,55.725
7,1,0,90,58.867
7,1,0,90,55.566
7,1,0,90,84.079
7,1,0,90,58.333
7,1,0,90,192.789
7,1,0,90,262.710
7,1,0,90,193.186
7,1,0,90,274.217
7,1,0,90,126.527
7,1,0,90,44.856
7,1,0,90,86.276
7,1,0,90,58.382
7,1,0,90,54.636
7,1,0,90,54.593
7,1,0,90,82.403
7,1,0,90,309.303
7,1,0,90,91.595
7,1,0,90,235.108
7,1,0,90,42.289
7,1,0,90,427.651
7,1,0,90,136.333
7,1,0,90,54.531
7,1,0,90,56.452
7,1,0,90,903.831
7,1,0,90,106.830
7,1,0,90,883.561
7,1,0,90,78.560
7,1,0,90,32.221
7,1,0,90,2.086
7,1,0,90,901.465
7,1,0,90,104.797
7,1,0,90,940.213
7,1,0,90,121.286
7,1,0,90,16.374
7,1,0,90,902.919
7,1,0,90,48.789
7,1,0,90,20.321
7,1,0,90,69.278
7,1,0,90,62.273
7,1,0,90,14.860
7,1,0,90,136.706
7,1,0,90,119.719
7,1,0,90,56.455
7,1,0,90,113.634
7,1,0,90,88.036
7,1,0,90,66.735
7,1,0,90,889.614
7,1,0,90,86.853
7,1,0,90,33.682
7,1,0,90,900.986
7,1,0,90,104.059
7,1,0,90,900.772
7,1,0,90,105.308
7,1,0,90,903.576
7,1,0,90,107.353
7,1,0,90,902.972
7,1,0,90,106.749
7,1,0,90,902.850
7,1,0,90,171.016
7,1,0,90,161.881
7,1,0,90,897.871
7,1,0,90,7.519
7,1,0,90,32.069
7,1,0,90,901.188
7,1,0,90,190.391
7,1,0,90,902.474
7,1,0,90,105.195
7,1,0,90,901.130
7,1,0,90,108.443
7,1,0,90,902.082
7,1,0,90,180.303
7,1,0,90,901.812
7,1,0,90,104.663
7,1,0,90,98.027
7,1,0,90,33.634
7,1,0,90,901.420
7,1,0,90,181.677
7,1,0,90,903.613
7,1,0,90,107.000
7,1,0,90,904.194
7,1,0,90,106.749
7,1,0,90,403.427
7,1,0,90,903.604
7,1,0,90,221.991
7,1,0,90,86.616
7,1,0,90,899.217
7,1,0,90,67.031
7,1,0,90,902.170
7,1,0,90,104.372
7,1,0,90,901.177
7,1,0,90,103.750
7,1,0,90,870.704
7,1,0,90,66.517
7,1,0,90,55.753
7,1,0,90,85.414
7,1,0,90,872.534
7,1,0,90,67.051
7,1,0,90,63.842
7,1,0,90,135.522
7,1,0,90,37.887
7,1,0,90,2.123
7,1,0,90,16.636
7,1,0,90,26.723
7,1,0,90,901.824
7,1,0,90,105.193
7,1,0,90,903.109
7,1,0,90,106.034
7,1,0,90,185.621
7,1,0,90,141.245
7,1,0,90,69.814
7,1,0,90,31.309
7,1,0,90,413.005
7,1,0,90,901.256
7,1,0,90,213.829
7,1,0,90,99.343
7,1,0,90,900.870
7,1,0,90,99.721
7,1,0,90,900.674
7,1,0,90,103.432
7,1,0,90,83.223
7,1,0,90,31.403
7,1,0,90,207.878
7,1,0,90,138.040
7,1,0,90,225.830
7,1,0,90,901.451
7,1,0,90,262.504
7,1,0,90,86.352
7,1,0,90,62.661
7,1,0,90,902.633
7,1,0,90,216.539
7,1,0,90,82.367
7,1,0,90,291.694
7,1,0,90,194.078
7,1,0,90,37.092
7,1,0,90,92.271
7,1,0,90,179.043
7,1,0,90,901.738
7,1,0,90,160.477
7,1,0,90,904.097
7,1,0,90,220.392
7,1,0,90,86.572
7,1,0,90,56.919
7,1,0,90,903.872
7,1,0,90,257.888
7,1,0,90,87.495
7,1,0,90,62.230
7,1,0,90,91.799
7,1,0,90,31.294
8,1,2,90,0.389
8,1,2,90,51.291
8,1,2,90,357.413
8,1,2,90,127.705
8,1,2,90,142.922
8,1,2,90,215.009
8,1,2,90,130.004
8,1,2,90,130.036
8,1,2,90,227.048
8,1,2,90,139.358
8,1,2,90,201.945
8,1,2,90,222.458
8,1,2,90,869.856
8,1,2,90,178.058
8,1,2,90,967.993
8,1,2,90,159.159
8,1,2,90,1004.686
8,1,2,90,175.000
8,1,2,90,970.120
8,1,2,90,212.433
8,1,2,90,76.891
8,1,2,90,932.178
8,1,2,90,140.899
8,1,2,90,161.449
8,1,2,90,305.369
8,1,2,90,168.290
8,1,2,90,154.914
8,1,2,90,152.316
8,1,2,90,191.218
8,1,2,90,189.916
8,1,2,90,341.743
8,1,2,90,1017.919
8,1,2,90,287.159
8,1,2,90,89.358
8,1,2,90,183.482
8,1,2,90,182.884
8,1,2,90,657.098
8,1,2,90,977.665
8,1,2,90,135.794
8,1,2,90,242.825
8,1,2,90,80.876
8,1,2,90,252.369
8,1,2,90,135.661
8,1,2,90,128.581
8,1,2,90,205.020
8,1,2,90,937.122
8,1,2,90,144.232
8,1,2,90,237.541
8,1,2,90,892.513
8,1,2,90,207.641
8,1,2,90,215.599
8,1,2,90,182.168
8,1,2,90,158.144
8,1,2,90,86.583
8,1,2,90,134.744
8,1,2,90,190.461
8,1,2,90,190.900
8,1,2,90,241.894
8,1,2,90,184.222
8,1,2,90,190.791
8,1,2,90,667.301
8,1,2,90,80.132
8,1,2,90,121.090
8,1,2,90,188.177
8,1,2,90,933.538
8,1,2,90,255.443
8,1,2,90,130.661
8,1,2,90,149.229
8,1,2,90,133.113
8,1,2,90,183.496
8,1,2,90,183.657
8,1,2,90,126.430
8,1,2,90,386.868
8,1,2,90,240.937
8,1,2,90,195.098
8,1,2,90,58.335
8,1,2,90,152.921
8,1,2,90,146.305
8,1,2,90,97.226
8,1,2,90,92.313
8,1,2,90,885.451
8,1,2,90,54.895
8,1,2,90,68.760
8,1,2,90,120.550
8,1,2,90,158.878
8,1,2,90,885.906
8,1,2,90,62.349
8,1,2,90,91.621
8,1,2,90,71.023
8,1,2,90,88.981
8,1,2,90,97.272
8,1,2,90,94.637
8,1,2,90,78.094
8,1,2,90,120.885
8,1,2,90,887.894
8,1,2,90,38.226
8,1,2,90,74.980
8,1,2,90,169.252
8,1,2,90,888.206
8,1,2,90,45.816
8,1,2,90,65.107
8,1,2,90,125.990
8,1,2,90,96.466
8,1,2,90,124.349
8,1,2,90,887.062
8,1,2,90,74.913
8,1,2,90,67.185
8,1,2,90,150.327
8,1,2,90,221.914
8,1,2,90,884.776
8,1,2,90,824.548
8,1,2,90,77.103
8,1,2,90,886.352
8,1,2,90,36.777
8,1,2,90,72.716
8,1,2,90,131.155
8,1,2,90,95.075
8,1,2,90,92.070
8,1,2,90,120.287
8,1,2,90,136.096
8,1,2,90,103.850
8,1,2,90,177.381
8,1,2,90,887.057
8,1,2,90,37.556
8,1,2,90,64.921
8,1,2,90,146.563
8,1,2,90,95.892
8,1,2,90,136.108
8,1,2,90,122.269
8,1,2,90,126.190
8,1,2,90,888.403
8,1,2,90,38.476
8,1,2,90,63.804
8,1,2,90,237.057
8,1,2,90,84.922
8,1,2,90,114.287
8,1,2,90,875.963
8,1,2,90,115.295
8,1,2,90,66.456
8,1,2,90,162.506
8,1,2,90,44.742
8,1,2,90,876.491
8,1,2,90,18.842
8,1,2,90,126.929
8,1,2,90,326.348
8,1,2,90,887.155
8,1,2,90,66.654
8,1,2,90,91.167
8,1,2,90,82.698
8,1,2,90,890.300
8,1,2,90,3.262
8,1,2,90,889.030
8,1,2,90,83.955
8,1,2,90,91.949
8,1,2,90,888.958
8,1,2,90,45.827
8,1,2,90,66.229
8,1,2,90,885.738
8,1,2,90,825.177
8,1,2,90,38.787
8,1,2,90,55.634
8,1,2,90,114.387
8,1,2,90,84.104
8,1,2,90,117.617
8,1,2,90,39.797
8,1,2,90,68.125
8,1,2,90,890.689
8,1,2,90,43.151
8,1,2,90,66.887
8,1,2,90,888.506
8,1,2,90,4.487
8,1,2,90,886.033
8,1,2,90,57.421
8,1,2,90,883.059
8,1,2,90,58.262
8,1,2,90,887.974
8,1,2,90,111.195
8,1,2,90,885.315
8,1,2,90,4.259
8,1,2,90,175.141
8,1,2,90,885.206
8,1,2,90,78.075
8,1,2,90,888.954
8,1,2,90,36.583
8,1,2,90,165.485
8,1,2,90,102.368
8,1,2,90,891.414
8,1,2,90,39.117
8,1,2,90,26.260
8,1,2,90,136.606
8,1,2,90,888.800
8,1,2,90,44.818
8,1,2,90,59.720
8,1,2,90,121.788
8,1,2,90,87.505
8,1,2,90,162.166
8,1,2,90,882.805
8,1,2,90,34.970
8,1,2,90,888.479
8,1,2,90,43.663
8,1,2,90,891.542
8,1,2,90,39.060
8,1,2,90,58.666
8,1,2,90,113.993
8,1,2,90,62.581
8,1,2,90,146.056
8,1,2,90,887.232
8,1,2,90,58.546
8,1,2,90,66.929
8,1,2,90,169.886
8,1,2,90,102.696
8,1,2,90,100.839
8,1,2,90,179.092
8,1,2,90,885.157
8,1,2,90,5.027
8,1,2,90,44.021
8,1,2,90,166.608
8,1,2,90,890.246
8,1,2,90,109.116
8,1,2,90,28.222
8,1,2,90,883.267
8,1,2,90,75.100
8,1,2,90,75.816
8,1,2,90,100.922
8,1,2,90,55.472
8,1,2,90,89.745
8,1,2,90,112.683
8,1,2,90,123.437
8,1,2,90,165.709
8,1,2,90,255.574
8,1,2,90,122.106
8,1,2,90,65.546
8,1,2,90,35.540
8,1,2,90,35.276
8,1,2,90,87.733
8,1,2,90,858.094
8,1,2,90,72.611
8,1,2,90,18.680
8,1,2,90,66.193
8,1,2,90,34.151
8,1,2,90,40.497
8,1,2,90,890.487
8,1,2,90,180.911
8,1,2,90,893.346
8,1,2,90,72.864
8,1,2,90,890.039
8,1,2,90,217.371
8,1,2,90,893.695
8,1,2,90,79.842
8,1,2,90,237.966
8,1,2,90,116.461
8,1,2,90,97.678
8,1,2,90,68.821
8,1,2,90,98.926
8,1,2,90,145.458
8,1,2,90,290.970
8,1,2,90,0.262
8,1,2,90,39.923
8,1,2,90,43.677
8,1,2,90,866.297
8,1,2,90,52.981
8,1,2,90,12.476
8,1,2,90,66.859
8,1,2,90,308.408
8,1,2,90,25.904
8,1,2,90,144.120
8,1,2,90,80.893
8,1,2,90,894.309
8,1,2,90,42.605
8,1,2,90,37.766
8,1,2,90,39.816
8,1,2,90,864.954
8,1,2,90,52.435
8,1,2,90,10.004
8,1,2,90,67.461
8,1,2,90,34.011
8,1,2,90,39.895
8,1,2,90,887.366
8,1,2,90,46.976
8,1,2,90,852.596
8,1,2,90,42.391
8,1,2,90,48.034
8,1,2,90,38.084
8,1,2,90,95.208
8,1,2,90,120.666
8,1,2,90,58.420
8,1,2,90,44.563
8,1,2,90,969.793
8,1,2,90,88.885
8,1,2,90,891.320
8,1,2,90,89.985
8,1,2,90,865.198
8,1,2,90,53.030
8,1,2,90,10.469
8,1,2,90,71.482
8,1,2,90,38.458
8,1,2,90,895.837
8,1,2,90,158.651
8,1,2,90,39.813
8,1,2,90,60.770
8,1,2,90,86.746
8,1,2,90,886.310
8,1,2,90,42.606
8,1,2,90,888.392
8,1,2,90,89.058
8,1,2,90,887.011
8,1,2,90,43.232
8,1,2,90,890.037
8,1,2,90,56.795
8,1,2,90,886.582
8,1,2,90,104.932
8,1,2,90,890.256
8,1,2,90,108.810
8,1,2,90,887.430
8,1,2,90,43.337
8,1,2,90,889.142
8,1,2,90,98.956
8,1,2,90,896.001
8,1,2,90,84.630
8,1,2,90,152.217
8,1,2,90,67.045
8,1,2,90,41.614
8,1,2,90,41.479
8,1,2,90,334.694
8,1,2,90,144.931
8,1,2,90,70.314
8,1,2,90,53.402
8,1,2,90,343.191
8,1,2,90,115.002
8,1,2,90,287.051
8,1,2,90,888.709
8,1,2,90,392.836
8,1,2,90,65.684
8,1,2,90,46.790
8,1,2,90,43.377
8,1,2,90,39.501
8,1,2,90,148.032
8,1,2,90,61.138
8,1,2,90,32.541
8,1,2,90,226.460
8,1,2,90,65.733
8,1,2,90,40.024
8,1,2,90,88.167
8,1,2,90,59.180
8,1,2,90,888.596
8,1,2,90,49.725
8,1,2,90,64.941
8,1,2,90,37.270
8,1,2,90,110.208
8,1,2,90,59.388
8,1,2,90,52.624
8,1,2,90,53.951
8,1,2,90,40.854
8,1,2,90,42.219
8,1,2,90,90.657
8,1,2,90,235.633
8,1,2,90,120.517
8,1,2,90,42.289
8,1,2,90,16.358
8,1,2,90,886.756
8,1,2,90,149.180
8,1,2,90,890.763
8,1,2,90,87.429
8,1,2,90,886.641
8,1,2,90,104.955
8,1,2,90,893.408
8,1,2,90,202.832
8,1,2,90,263.623
8,1,2,90,889.966
8,1,2,90,181.372
8,1,2,90,64.645
8,1,2,90,35.084
8,1,2,90,53.634
8,1,2,90,887.291
8,1,2,90,58.179
8,1,2,90,890.224
8,1,2,90,2.539
8,1,2,90,70.959
8,1,2,90,96.805
8,1,2,90,82.355
8,1,2,90,38.480
8,1,2,90,134.511
8,1,2,90,119.894
8,1,2,90,116.852
8,1,2,90,102.106
8,1,2,90,113.100
8,1,2,90,76.984
8,1,2,90,114.256
8,1,2,90,112.843
8,1,2,90,147.319
8,1,2,90,86.907
8,1,2,90,123.401
8,1,2,90,100.970
8,1,2,90,886.275
8,1,2,90,60.922
8,1,2,90,980.856
8,1,2,90,867.555
8,1,2,90,71.406
8,1,2,90,101.086
8,1,2,90,142.247
8,1,2,90,887.348
8,1,2,90,37.644
8,1,2,90,887.041
8,1,2,90,89.633
8,1,2,90,884.679
8,1,2,90,67.511
8,1,2,90,67.635
8,1,2,90,181.129
8,1,2,90,96.087
8,1,2,90,154.933
8,1,2,90,877.924
8,1,2,90,107.015
8,1,2,90,28.362
8,1,2,90,120.449
8,1,2,90,90.018
8,1,2,90,111.901
8,1,2,90,48.859
8,1,2,90,115.335
8,1,2,90,877.603
8,1,2,90,39.083
8,1,2,90,73.078
8,1,2,90,146.072
8,1,2,90,73.678
8,1,2,90,78.913
8,1,2,90,883.422
8,1,2,90,60.884
8,1,2,90,74.453
8,1,2,90,74.707
8,1,2,90,877.697
8,1,2,90,105.399
8,1,2,90,64.802
8,1,2,90,178.481
8,1,2,90,174.179
8,1,2,90,95.081
8,1,2,90,883.535
8,1,2,90,61.904
8,1,2,90,65.991
8,1,2,90,182.356
8,1,2,90,168.850
8,1,2,90,282.437
8,1,2,90,115.506
8,1,2,90,158.353
8,1,2,90,64.662
8,1,2,90,889.745
8,1,2,90,111.725
8,1,2,90,213.775
8,1,2,90,186.733
8,1,2,90,71.932
8,1,2,90,54.334
8,1,2,90,17.921
8,1,2,90,75.230
8,1,2,90,36.688
8,1,2,90,45.220
8,1,2,90,39.214
8,1,2,90,61.598
8,1,2,90,39.796
8,1,2,90,171.012
8,1,2,90,242.080
8,1,2,90,171.316
8,1,2,90,256.014
8,1,2,90,104.843
8,1,2,90,36.967
8,1,2,90,73.647
8,1,2,90,43.919
8,1,2,90,37.507
8,1,2,90,37.279
8,1,2,90,59.903
8,1,2,90,286.526
8,1,2,90,69.244
8,1,2,90,213.478
8,1,2,90,19.382
8,1,2,90,408.855
8,1,2,90,115.981
8,1,2,90,34.939
8,1,2,90,38.897
8,1,2,90,891.424
8,1,2,90,90.478
8,1,2,90,869.358
8,1,2,90,56.338
8,1,2,90,17.592
8,1,2,90,118.438
8,1,2,90,888.614
8,1,2,90,93.464
8,1,2,90,918.658
8,1,2,90,99.528
8,1,2,90,69.078
8,1,2,90,897.994
8,1,2,90,26.327
8,1,2,90,5.173
8,1,2,90,54.445
8,1,2,90,55.792
8,1,2,90,8.638
8,1,2,90,117.280
8,1,2,90,99.183
8,1,2,90,40.381
8,1,2,90,93.116
8,1,2,90,66.278
8,1,2,90,48.661
8,1,2,90,876.985
8,1,2,90,64.002
8,1,2,90,18.830
8,1,2,90,888.320
8,1,2,90,89.504
8,1,2,90,887.180
8,1,2,90,105.549
8,1,2,90,891.928
8,1,2,90,122.334
8,1,2,90,891.380
8,1,2,90,110.786
8,1,2,90,891.351
8,1,2,90,204.794
8,1,2,90,139.789
8,1,2,90,892.001
8,1,2,90,24.889
8,1,2,90,18.699
8,1,2,90,887.430
8,1,2,90,205.928
8,1,2,90,890.845
8,1,2,90,93.140
8,1,2,90,888.630
8,1,2,90,190.258
8,1,2,90,890.971
8,1,2,90,213.192
8,1,2,90,890.090
8,1,2,90,88.033
8,1,2,90,76.139
8,1,2,90,19.541
8,1,2,90,889.253
8,1,2,90,159.048
8,1,2,90,892.631
8,1,2,90,178.278
8,1,2,90,891.935
8,1,2,90,91.860
8,1,2,90,382.020
8,1,2,90,892.197
8,1,2,90,201.177
8,1,2,90,64.728
8,1,2,90,889.422
8,1,2,90,46.587
8,1,2,90,889.855
8,1,2,90,89.576
8,1,2,90,888.548
8,1,2,90,89.343
8,1,2,90,853.852
8,1,2,90,44.333
8,1,2,90,33.661
8,1,2,90,82.507
8,1,2,90,856.034
8,1,2,90,45.552
8,1,2,90,84.787
8,1,2,90,115.689
8,1,2,90,24.684
8,1,2,90,65.271
8,1,2,90,2.747
8,1,2,90,8.408
8,1,2,90,889.250
8,1,2,90,87.601
8,1,2,90,892.035
8,1,2,90,90.960
8,1,2,90,163.214
8,1,2,90,129.986
8,1,2,90,91.926
8,1,2,90,15.828
8,1,2,90,390.672
8,1,2,90,888.590
8,1,2,90,205.237
8,1,2,90,75.899
8,1,2,90,893.537
8,1,2,90,77.240
8,1,2,90,889.341
8,1,2,90,86.673
8,1,2,90,61.797
8,1,2,90,10.903
8,1,2,90,187.156
8,1,2,90,117.151
8,1,2,90,206.719
8,1,2,90,886.470
8,1,2,90,240.838
8,1,2,90,63.982
8,1,2,90,41.902
8,1,2,90,890.133
8,1,2,90,197.224
8,1,2,90,67.701
8,1,2,90,274.602
8,1,2,90,171.560
8,1,2,90,16.740
8,1,2,90,70.846
8,1,2,90,157.710
8,1,2,90,889.145
8,1,2,90,179.811
8,1,2,90,891.968
8,1,2,90,199.300
8,1,2,90,64.647
8,1,2,90,35.012
8,1,2,90,891.576
8,1,2,90,235.444
8,1,2,90,65.570
8,1,2,90,40.601
8,1,2,90,69.707
8,1,2,90,16.572
9,1,1,90,0.666
9,1,1,90,97.346
9,1,1,90,357.950
9,1,1,90,174.094
9,1,1,90,137.848
9,1,1,90,212.545
9,1,1,90,133.429
9,1,1,90,184.016
9,1,1,90,274.010
9,1,1,90,149.783
9,1,1,90,201.463
9,1,1,90,217.439
9,1,1,90,873.467
9,1,1,90,196.224
9,1,1,90,988.067
9,1,1,90,181.195
9,1,1,90,1040.352
9,1,1,90,170.166
9,1,1,90,977.045
9,1,1,90,238.358
9,1,1,90,74.169
9,1,1,90,1006.158
9,1,1,90,188.842
9,1,1,90,158.967
9,1,1,90,306.683
9,1,1,90,161.197
9,1,1,90,172.062
9,1,1,90,153.871
9,1,1,90,215.180
9,1,1,90,234.675
9,1,1,90,333.021
9,1,1,90,1065.474
9,1,1,90,281.843
9,1,1,90,93.969
9,1,1,90,214.018
9,1,1,90,175.531
9,1,1,90,657.653
9,1,1,90,1069.312
9,1,1,90,127.941
9,1,1,90,235.195
9,1,1,90,80.801
9,1,1,90,281.739
9,1,1,90,139.401
9,1,1,90,155.673
9,1,1,90,252.223
9,1,1,90,1010.139
9,1,1,90,188.231
9,1,1,90,274.947
9,1,1,90,898.494
9,1,1,90,226.566
9,1,1,90,214.728
9,1,1,90,176.056
9,1,1,90,150.625
9,1,1,90,86.379
9,1,1,90,137.558
9,1,1,90,236.441
9,1,1,90,186.066
9,1,1,90,246.079
9,1,1,90,215.184
9,1,1,90,254.383
9,1,1,90,667.523
9,1,1,90,83.280
9,1,1,90,113.849
9,1,1,90,227.824
9,1,1,90,971.759
9,1,1,90,287.535
9,1,1,90,133.345
9,1,1,90,147.284
9,1,1,90,129.075
9,1,1,90,175.995
9,1,1,90,214.194
9,1,1,90,118.318
9,1,1,90,387.182
9,1,1,90,245.696
9,1,1,90,234.542
9,1,1,90,52.445
9,1,1,90,145.328
9,1,1,90,141.563
9,1,1,90,85.503
9,1,1,90,92.294
9,1,1,90,891.580
9,1,1,90,44.468
9,1,1,90,45.222
9,1,1,90,97.753
9,1,1,90,135.137
9,1,1,90,892.609
9,1,1,90,38.330
9,1,1,90,68.695
9,1,1,90,47.023
9,1,1,90,107.184
9,1,1,90,85.290
9,1,1,90,97.210
9,1,1,90,59.483
9,1,1,90,101.329
9,1,1,90,901.578
9,1,1,90,16.078
9,1,1,90,60.202
9,1,1,90,146.437
9,1,1,90,895.779
9,1,1,90,56.426
9,1,1,90,41.402
9,1,1,90,114.508
9,1,1,90,85.725
9,1,1,90,101.090
9,1,1,90,893.543
9,1,1,90,59.394
9,1,1,90,43.277
9,1,1,90,127.734
9,1,1,90,197.266
9,1,1,90,894.182
9,1,1,90,808.937
9,1,1,90,77.565
9,1,1,90,897.537
9,1,1,90,16.832
9,1,1,90,56.197
9,1,1,90,113.043
9,1,1,90,71.353
9,1,1,90,73.810
9,1,1,90,96.305
9,1,1,90,111.855
9,1,1,90,89.757
9,1,1,90,154.121
9,1,1,90,893.816
9,1,1,90,16.445
9,1,1,90,41.032
9,1,1,90,121.878
9,1,1,90,71.206
9,1,1,90,113.330
9,1,1,90,98.399
9,1,1,90,103.393
9,1,1,90,894.198
9,1,1,90,19.050
9,1,1,90,39.451
9,1,1,90,212.260
9,1,1,90,64.218
9,1,1,90,95.379
9,1,1,90,888.740
9,1,1,90,90.924
9,1,1,90,44.012
9,1,1,90,139.487
9,1,1,90,56.278
9,1,1,90,888.657
9,1,1,90,105.397
9,1,1,90,107.114
9,1,1,90,309.570
9,1,1,90,923.265
9,1,1,90,48.265
9,1,1,90,67.703
9,1,1,90,58.235
9,1,1,90,896.596
9,1,1,90,112.335
9,1,1,90,897.418
9,1,1,90,92.047
9,1,1,90,67.152
9,1,1,90,896.457
9,1,1,90,65.586
9,1,1,90,47.859
9,1,1,90,894.386
9,1,1,90,808.918
9,1,1,90,32.991
9,1,1,90,36.004
9,1,1,90,98.109
9,1,1,90,82.326
9,1,1,90,98.413
9,1,1,90,19.926
9,1,1,90,74.087
9,1,1,90,896.837
9,1,1,90,67.447
9,1,1,90,50.442
9,1,1,90,909.302
9,1,1,90,783.112
9,1,1,90,921.384
9,1,1,90,31.883
9,1,1,90,918.984
9,1,1,90,33.057
9,1,1,90,896.158
9,1,1,90,89.657
9,1,1,90,894.796
9,1,1,90,111.961
9,1,1,90,187.474
9,1,1,90,893.113
9,1,1,90,105.501
9,1,1,90,905.565
9,1,1,90,12.898
9,1,1,90,153.817
9,1,1,90,77.738
9,1,1,90,898.173
9,1,1,90,58.005
9,1,1,90,3.797
9,1,1,90,112.124
9,1,1,90,894.874
9,1,1,90,53.780
9,1,1,90,42.701
9,1,1,90,102.158
9,1,1,90,64.319
9,1,1,90,139.647
9,1,1,90,895.619
9,1,1,90,38.729
9,1,1,90,895.478
9,1,1,90,19.033
9,1,1,90,907.708
9,1,1,90,15.430
9,1,1,90,41.276
9,1,1,90,134.381
9,1,1,90,44.969
9,1,1,90,153.482
9,1,1,90,902.342
9,1,1,90,33.860
9,1,1,90,43.077
9,1,1,90,146.719
9,1,1,90,86.881
9,1,1,90,81.968
9,1,1,90,181.777
9,1,1,90,894.749
9,1,1,90,112.526
9,1,1,90,51.335
9,1,1,90,142.496
9,1,1,90,905.431
9,1,1,90,90.486
9,1,1,90,29.943
9,1,1,90,890.619
9,1,1,90,61.303
9,1,1,90,51.668
9,1,1,90,102.699
9,1,1,90,32.453
9,1,1,90,108.540
9,1,1,90,88.868
9,1,1,90,108.992
9,1,1,90,142.098
9,1,1,90,231.259
9,1,1,90,98.532
9,1,1,90,40.990
9,1,1,90,37.910
9,1,1,90,10.331
9,1,1,90,66.547
9,1,1,90,840.427
9,1,1,90,49.592
9,1,1,90,91.309
9,1,1,90,41.970
9,1,1,90,7.798
9,1,1,90,52.533
9,1,1,90,873.486
9,1,1,90,156.226
9,1,1,90,869.161
9,1,1,90,56.252
9,1,1,90,871.187
9,1,1,90,198.778
9,1,1,90,889.917
9,1,1,90,55.638
9,1,1,90,213.891
9,1,1,90,92.886
9,1,1,90,90.511
9,1,1,90,46.728
9,1,1,90,102.889
9,1,1,90,121.050
9,1,1,90,266.840
9,1,1,90,57.336
9,1,1,90,15.590
9,1,1,90,48.603
9,1,1,90,846.778
9,1,1,90,32.888
9,1,1,90,132.179
9,1,1,90,42.951
9,1,1,90,287.556
9,1,1,90,14.700
9,1,1,90,119.601
9,1,1,90,57.004
9,1,1,90,901.864
9,1,1,90,24.956
9,1,1,90,13.765
9,1,1,90,53.834
9,1,1,90,845.843
9,1,1,90,30.823
9,1,1,90,115.095
9,1,1,90,43.572
9,1,1,90,7.066
9,1,1,90,47.450
9,1,1,90,867.643
9,1,1,90,47.457
9,1,1,90,833.207
9,1,1,90,17.317
9,1,1,90,23.534
9,1,1,90,42.158
9,1,1,90,72.708
9,1,1,90,95.962
9,1,1,90,35.401
9,1,1,90,38.747
9,1,1,90,993.422
9,1,1,90,64.107
9,1,1,90,872.004
9,1,1,90,82.225
9,1,1,90,845.790
9,1,1,90,32.770
9,1,1,90,127.079
9,1,1,90,47.408
9,1,1,90,14.125
9,1,1,90,907.281
9,1,1,90,177.928
9,1,1,90,36.627
9,1,1,90,41.418
9,1,1,90,63.190
9,1,1,90,866.551
9,1,1,90,18.698
9,1,1,90,870.299
9,1,1,90,78.927
9,1,1,90,866.862
9,1,1,90,19.010
9,1,1,90,871.222
9,1,1,90,33.536
9,1,1,90,867.433
9,1,1,90,80.358
9,1,1,90,870.645
9,1,1,90,85.125
9,1,1,90,867.430
9,1,1,90,18.818
9,1,1,90,869.586
9,1,1,90,78.455
9,1,1,90,872.038
9,1,1,90,65.963
9,1,1,90,129.476
9,1,1,90,42.730
9,1,1,90,15.132
9,1,1,90,20.016
9,1,1,90,309.897
9,1,1,90,120.634
9,1,1,90,46.129
9,1,1,90,31.438
9,1,1,90,321.172
9,1,1,90,91.001
9,1,1,90,262.865
9,1,1,90,869.560
9,1,1,90,375.095
9,1,1,90,41.554
9,1,1,90,24.252
9,1,1,90,18.932
9,1,1,90,16.927
9,1,1,90,140.217
9,1,1,90,46.490
9,1,1,90,39.595
9,1,1,90,202.219
9,1,1,90,41.474
9,1,1,90,17.394
9,1,1,90,89.574
9,1,1,90,50.902
9,1,1,90,868.170
9,1,1,90,24.780
9,1,1,90,40.274
9,1,1,90,12.251
9,1,1,90,91.523
9,1,1,90,61.128
9,1,1,90,51.475
9,1,1,90,30.396
9,1,1,90,45.149
9,1,1,90,17.700
9,1,1,90,67.898
9,1,1,90,212.280
9,1,1,90,96.350
9,1,1,90,22.456
9,1,1,90,15.710
9,1,1,90,867.385
9,1,1,90,124.717
9,1,1,90,871.300
9,1,1,90,62.817
9,1,1,90,867.011
9,1,1,90,80.158
9,1,1,90,873.945
9,1,1,90,177.980
9,1,1,90,239.530
9,1,1,90,870.743
9,1,1,90,235.038
9,1,1,90,40.441
9,1,1,90,10.565
9,1,1,90,71.578
9,1,1,90,898.568
9,1,1,90,34.308
9,1,1,90,896.928
9,1,1,90,106.760
9,1,1,90,64.718
9,1,1,90,86.008
9,1,1,90,57.707
9,1,1,90,13.720
9,1,1,90,135.288
9,1,1,90,95.783
9,1,1,90,100.703
9,1,1,90,88.772
9,1,1,90,103.693
9,1,1,90,54.280
9,1,1,90,94.867
9,1,1,90,88.584
9,1,1,90,146.152
9,1,1,90,89.666
9,1,1,90,102.623
9,1,1,90,83.414
9,1,1,90,921.552
9,1,1,90,41.903
9,1,1,90,962.282
9,1,1,90,843.740
9,1,1,90,81.461
9,1,1,90,77.604
9,1,1,90,142.561
9,1,1,90,900.922
9,1,1,90,15.625
9,1,1,90,893.393
9,1,1,90,106.169
9,1,1,90,891.641
9,1,1,90,53.566
9,1,1,90,43.950
9,1,1,90,159.369
9,1,1,90,86.864
9,1,1,90,139.081
9,1,1,90,890.627
9,1,1,90,82.033
9,1,1,90,6.565
9,1,1,90,100.874
9,1,1,90,65.721
9,1,1,90,92.975
9,1,1,90,26.099
9,1,1,90,103.760
9,1,1,90,889.769
9,1,1,90,51.972
9,1,1,90,48.837
9,1,1,90,142.220
9,1,1,90,50.807
9,1,1,90,92.154
9,1,1,90,890.181
9,1,1,90,45.199
9,1,1,90,56.138
9,1,1,90,50.410
9,1,1,90,890.511
9,1,1,90,82.584
9,1,1,90,43.283
9,1,1,90,155.628
9,1,1,90,150.734
9,1,1,90,75.970
9,1,1,90,890.590
9,1,1,90,46.811
9,1,1,90,42.232
9,1,1,90,198.003
9,1,1,90,144.128
9,1,1,90,258.344
9,1,1,90,94.358
9,1,1,90,185.500
9,1,1,90,41.940
9,1,1,90,871.671
9,1,1,90,87.744
9,1,1,90,189.127
9,1,1,90,164.269
9,1,1,90,47.487
9,1,1,90,30.352
9,1,1,90,388.493
9,1,1,90,51.063
9,1,1,90,11.762
9,1,1,90,20.830
9,1,1,90,14.510
9,1,1,90,37.430
9,1,1,90,15.333
9,1,1,90,146.864
9,1,1,90,223.672
9,1,1,90,148.408
9,1,1,90,232.773
9,1,1,90,80.842
9,1,1,90,12.374
9,1,1,90,49.702
9,1,1,90,19.178
9,1,1,90,13.025
9,1,1,90,12.964
9,1,1,90,35.921
9,1,1,90,268.674
9,1,1,90,56.873
9,1,1,90,190.219
9,1,1,90,127.140
9,1,1,90,384.503
9,1,1,90,92.240
9,1,1,90,10.698
9,1,1,90,14.082
9,1,1,90,872.442
9,1,1,90,79.644
9,1,1,90,849.357
9,1,1,90,35.282
9,1,1,90,88.665
9,1,1,90,95.012
9,1,1,90,871.706
9,1,1,90,85.205
9,1,1,90,894.547
9,1,1,90,120.897
9,1,1,90,44.337
9,1,1,90,879.586
9,1,1,90,26.900
9,1,1,90,9.635
9,1,1,90,53.852
9,1,1,90,57.513
9,1,1,90,390.673
9,1,1,90,93.428
9,1,1,90,79.904
9,1,1,90,45.677
9,1,1,90,88.393
9,1,1,90,42.222
9,1,1,90,25.494
9,1,1,90,857.614
9,1,1,90,39.983
9,1,1,90,21.811
9,1,1,90,869.542
9,1,1,90,78.115
9,1,1,90,867.920
9,1,1,90,81.548
9,1,1,90,873.502
9,1,1,90,97.926
9,1,1,90,871.880
9,1,1,90,86.286
9,1,1,90,871.869
9,1,1,90,186.127
9,1,1,90,115.899
9,1,1,90,871.927
9,1,1,90,10.963
9,1,1,90,19.013
9,1,1,90,868.059
9,1,1,90,189.150
9,1,1,90,872.918
9,1,1,90,68.491
9,1,1,90,872.444
9,1,1,90,192.183
9,1,1,90,871.323
9,1,1,90,194.617
9,1,1,90,870.182
9,1,1,90,80.885
9,1,1,90,55.713
9,1,1,90,19.374
9,1,1,90,869.420
9,1,1,90,134.826
9,1,1,90,875.409
9,1,1,90,171.963
9,1,1,90,874.416
9,1,1,90,78.304
9,1,1,90,359.871
9,1,1,90,874.548
9,1,1,90,178.695
9,1,1,90,40.746
9,1,1,90,869.254
9,1,1,90,24.420
9,1,1,90,871.244
9,1,1,90,90.520
9,1,1,90,869.751
9,1,1,90,64.713
9,1,1,90,834.500
9,1,1,90,21.369
9,1,1,90,12.419
9,1,1,90,74.303
9,1,1,90,836.423
9,1,1,90,26.625
9,1,1,90,60.435
9,1,1,90,92.373
9,1,1,90,177.405
9,1,1,90,47.585
9,1,1,90,15.876
9,1,1,90,10.408
9,1,1,90,870.138
9,1,1,90,76.193
9,1,1,90,872.479
9,1,1,90,89.663
9,1,1,90,140.158
9,1,1,90,105.430
9,1,1,90,67.888
9,1,1,90,16.920
9,1,1,90,367.098
9,1,1,90,870.090
9,1,1,90,190.792
9,1,1,90,59.157
9,1,1,90,887.888
9,1,1,90,53.998
9,1,1,90,869.322
9,1,1,90,87.321
9,1,1,90,37.908
9,1,1,90,171.624
9,1,1,90,163.489
9,1,1,90,93.114
9,1,1,90,183.312
9,1,1,90,866.803
9,1,1,90,225.245
9,1,1,90,39.778
9,1,1,90,17.346
9,1,1,90,870.688
9,1,1,90,175.168
9,1,1,90,45.163
9,1,1,90,251.675
9,1,1,90,148.856
9,1,1,90,142.387
9,1,1,90,46.808
9,1,1,90,133.969
9,1,1,90,869.515
9,1,1,90,217.199
9,1,1,90,872.671
9,1,1,90,177.373
9,1,1,90,40.554
9,1,1,90,12.604
9,1,1,90,872.001
9,1,1,90,214.703
9,1,1,90,41.643
9,1,1,90,13.675
9,1,1,90,45.336
9,1,1,90,85.108
10,1,1,90,0.759
10,1,1,90,170.142
10,1,1,90,23.896
10,1,1,90,56.724
10,1,1,90,22.404
10,1,1,90,183.046
10,1,1,90,139.115
10,1,1,90,38.054
10,1,1,90,56.790
10,1,1,90,35.914
10,1,1,90,25.779
10,1,1,90,180.661
10,1,1,90,878.800
10,1,1,90,113.336
10,1,1,90,43.016
10,1,1,90,33.289
10,1,1,90,29.913
10,1,1,90,31.982
10,1,1,90,25.106
10,1,1,90,306.192
10,1,1,90,12.040
10,1,1,90,34.682
10,1,1,90,27.473
10,1,1,90,122.097
10,1,1,90,310.257
10,1,1,90,39.790
10,1,1,90,175.062
10,1,1,90,277.760
10,1,1,90,26.070
10,1,1,90,26.565
10,1,1,90,24.763
10,1,1,90,22.387
10,1,1,90,39.234
10,1,1,90,23.210
10,1,1,90,25.853
10,1,1,90,25.458
10,1,1,90,666.320
10,1,1,90,17.522
10,1,1,90,156.219
10,1,1,90,980.117
10,1,1,90,980.593
10,1,1,90,243.499
10,1,1,90,144.735
10,1,1,90,39.971
10,1,1,90,21.336
10,1,1,90,35.700
10,1,1,90,22.528
10,1,1,90,330.799
10,1,1,90,901.439
10,1,1,90,139.623
10,1,1,90,44.488
10,1,1,90,26.538
10,1,1,90,25.385
10,1,1,90,26.824
10,1,1,90,144.170
10,1,1,90,28.424
10,1,1,90,40.511
10,1,1,90,176.172
10,1,1,90,26.186
10,1,1,90,27.421
10,1,1,90,670.819
10,1,1,90,88.669
10,1,1,90,26.386
10,1,1,90,24.066
10,1,1,90,26.894
10,1,1,90,234.721
10,1,1,90,138.957
10,1,1,90,168.821
10,1,1,90,25.465
10,1,1,90,26.200
10,1,1,90,25.880
10,1,1,90,29.597
10,1,1,90,396.071
10,1,1,90,250.566
10,1,1,90,28.562
10,1,1,90,25.297
10,1,1,90,24.773
10,1,1,90,170.341
10,1,1,90,16.522
10,1,1,90,15.813
10,1,1,90,16.178
10,1,1,90,163.838
10,1,1,90,16.630
10,1,1,90,14.124
10,1,1,90,17.545
10,1,1,90,205.983
10,1,1,90,122.052
10,1,1,90,150.324
10,1,1,90,134.134
10,1,1,90,221.887
10,1,1,90,16.642
10,1,1,90,16.340
10,1,1,90,116.353
10,1,1,90,168.440
10,1,1,90,16.657
10,1,1,90,278.743
10,1,1,90,17.573
10,1,1,90,169.177
10,1,1,90,241.894
10,1,1,90,217.740
10,1,1,90,16.829
10,1,1,90,185.008
10,1,1,90,16.596
10,1,1,90,158.904
10,1,1,90,243.084
10,1,1,90,288.689
10,1,1,90,16.518
10,1,1,90,213.734
10,1,1,90,16.989
10,1,1,90,138.150
10,1,1,90,971.251
10,1,1,90,153.620
10,1,1,90,16.134
10,1,1,90,270.794
10,1,1,90,16.901
10,1,1,90,16.488
10,1,1,90,116.519
10,1,1,90,155.810
10,1,1,90,15.768
10,1,1,90,162.299
10,1,1,90,16.683
10,1,1,90,279.195
10,1,1,90,107.450
10,1,1,90,283.851
10,1,1,90,18.236
10,1,1,90,160.193
10,1,1,90,16.318
10,1,1,90,54.997
10,1,1,90,16.529
10,1,1,90,262.689
10,1,1,90,17.426
10,1,1,90,269.011
10,1,1,90,18.933
10,1,1,90,299.278
10,1,1,90,119.959
10,1,1,90,170.157
10,1,1,90,16.300
10,1,1,90,174.091
10,1,1,90,16.919
10,1,1,90,176.950
10,1,1,90,47.723
10,1,1,90,90.995
10,1,1,90,260.563
10,1,1,90,184.114
10,1,1,90,20.405
10,1,1,90,193.306
10,1,1,90,14.783
10,1,1,90,114.389
10,1,1,90,142.216
10,1,1,90,150.433
10,1,1,90,263.186
10,1,1,90,140.996
10,1,1,90,970.968
10,1,1,90,111.097
10,1,1,90,15.425
10,1,1,90,226.659
10,1,1,90,17.951
10,1,1,90,93.168
10,1,1,90,971.454
10,1,1,90,153.749
10,1,1,90,15.893
10,1,1,90,260.071
10,1,1,90,16.104
10,1,1,90,170.191
10,1,1,90,13.038
10,1,1,90,16.384
10,1,1,90,15.434
10,1,1,90,228.428
10,1,1,90,16.109
10,1,1,90,94.010
10,1,1,90,211.838
10,1,1,90,209.221
10,1,1,90,16.346
10,1,1,90,192.951
10,1,1,90,15.836
10,1,1,90,196.940
10,1,1,90,122.509
10,1,1,90,139.615
10,1,1,90,214.868
10,1,1,90,236.863
10,1,1,90,16.192
10,1,1,90,234.093
10,1,1,90,85.977
10,1,1,90,1047.522
10,1,1,90,152.132
10,1,1,90,155.164
10,1,1,90,219.973
10,1,1,90,219.134
10,1,1,90,1.186
10,1,1,90,205.179
10,1,1,90,15.934
10,1,1,90,214.965
10,1,1,90,17.423
10,1,1,90,169.565
10,1,1,90,78.801
10,1,1,90,174.332
10,1,1,90,15.698
10,1,1,90,200.136
10,1,1,90,16.020
10,1,1,90,417.142
10,1,1,90,92.361
10,1,1,90,971.351
10,1,1,90,94.609
10,1,1,90,296.621
10,1,1,90,117.710
10,1,1,90,265.259
10,1,1,90,94.995
10,1,1,90,16.305
10,1,1,90,16.226
10,1,1,90,158.793
10,1,1,90,16.363
10,1,1,90,14.876
10,1,1,90,44.204
10,1,1,90,91.846
10,1,1,90,215.340
10,1,1,90,3.243
10,1,1,90,15.904
10,1,1,90,153.546
10,1,1,90,971.629
10,1,1,90,149.369
10,1,1,90,16.086
10,1,1,90,165.877
10,1,1,90,19.298
10,1,1,90,264.921
10,1,1,90,14.157
10,1,1,90,223.873
10,1,1,90,16.480
10,1,1,90,269.769
10,1,1,90,16.784
10,1,1,90,16.167
10,1,1,90,16.292
10,1,1,90,145.508
10,1,1,90,141.373
10,1,1,90,141.812
10,1,1,90,71.047
10,1,1,90,15.876
10,1,1,90,92.629
10,1,1,90,135.383
10,1,1,90,15.711
10,1,1,90,168.168
10,1,1,90,86.070
10,1,1,90,16.436
10,1,1,90,184.615
10,1,1,90,15.906
10,1,1,90,88.641
10,1,1,90,15.692
10,1,1,90,173.593
10,1,1,90,105.014
10,1,1,90,104.064
10,1,1,90,16.318
10,1,1,90,16.220
10,1,1,90,146.140
10,1,1,90,16.561
10,1,1,90,115.889
10,1,1,90,70.921
10,1,1,90,16.045
10,1,1,90,57.317
10,1,1,90,142.071
10,1,1,90,71.825
10,1,1,90,16.653
10,1,1,90,66.944
10,1,1,90,136.679
10,1,1,90,16.174
10,1,1,90,131.557
10,1,1,90,90.626
10,1,1,90,74.194
10,1,1,90,74.467
10,1,1,90,75.776
10,1,1,90,16.271
10,1,1,90,145.580
10,1,1,90,78.001
10,1,1,90,16.477
10,1,1,90,65.934
10,1,1,90,134.354
10,1,1,90,15.831
10,1,1,90,168.621
10,1,1,90,82.653
10,1,1,90,16.537
10,1,1,90,146.568
10,1,1,90,16.323
10,1,1,90,53.798
10,1,1,90,142.107
10,1,1,90,69.584
10,1,1,90,16.523
10,1,1,90,69.332
10,1,1,90,16.327
10,1,1,90,106.099
10,1,1,90,17.890
10,1,1,90,69.366
10,1,1,90,286.915
10,1,1,90,152.133
10,1,1,90,16.332
10,1,1,90,66.845
10,1,1,90,135.672
10,1,1,90,16.741
10,1,1,90,139.495
10,1,1,90,78.360
10,1,1,90,70.336
10,1,1,90,68.516
10,1,1,90,16.881
10,1,1,90,129.690
10,1,1,90,16.444
10,1,1,90,167.549
10,1,1,90,220.451
10,1,1,90,151.631
10,1,1,90,16.163
10,1,1,90,168.398
10,1,1,90,196.837
10,1,1,90,152.109
10,1,1,90,16.068
10,1,1,90,168.358
10,1,1,90,139.797
10,1,1,90,171.384
10,1,1,90,148.638
10,1,1,90,167.503
10,1,1,90,327.070
10,1,1,90,155.399
10,1,1,90,18.358
10,1,1,90,16.574
10,1,1,90,68.495
10,1,1,90,15.749
10,1,1,90,176.705
10,1,1,90,70.015
10,1,1,90,16.918
10,1,1,90,235.337
10,1,1,90,17.203
10,1,1,90,181.567
10,1,1,90,18.766
10,1,1,90,16.280
10,1,1,90,139.866
10,1,1,90,16.213
10,1,1,90,150.540
10,1,1,90,16.647
10,1,1,90,179.789
10,1,1,90,100.432
10,1,1,90,70.760
10,1,1,90,288.605
10,1,1,90,23.397
10,1,1,90,139.725
10,1,1,90,72.460
10,1,1,90,15.733
10,1,1,90,178.042
10,1,1,90,72.666
10,1,1,90,15.976
10,1,1,90,94.748
10,1,1,90,147.928
10,1,1,90,15.497
10,1,1,90,173.676
10,1,1,90,49.653
10,1,1,90,15.740
10,1,1,90,114.308
10,1,1,90,57.414
10,1,1,90,139.575
10,1,1,90,144.255
10,1,1,90,72.787
10,1,1,90,15.652
10,1,1,90,15.535
10,1,1,90,101.381
10,1,1,90,111.876
10,1,1,90,16.001
10,1,1,90,170.587
10,1,1,90,257.692
10,1,1,90,149.669
10,1,1,90,16.460
10,1,1,90,167.806
10,1,1,90,15.913
10,1,1,90,152.610
10,1,1,90,60.105
10,1,1,90,94.544
10,1,1,90,172.057
10,1,1,90,55.459
10,1,1,90,143.694
10,1,1,90,21.171
10,1,1,90,159.072
10,1,1,90,122.623
10,1,1,90,144.913
10,1,1,90,253.093
10,1,1,90,18.699
10,1,1,90,16.676
10,1,1,90,30.633
10,1,1,90,37.831
10,1,1,90,297.491
10,1,1,90,16.246
10,1,1,90,263.055
10,1,1,90,16.736
10,1,1,90,266.025
10,1,1,90,114.928
10,1,1,90,177.441
10,1,1,90,16.288
10,1,1,90,308.651
10,1,1,90,17.314
10,1,1,90,264.993
10,1,1,90,48.488
10,1,1,90,191.927
10,1,1,90,15.959
10,1,1,90,194.157
10,1,1,90,2.467
10,1,1,90,197.053
10,1,1,90,28.530
10,1,1,90,304.616
10,1,1,90,17.538
10,1,1,90,277.920
10,1,1,90,16.897
10,1,1,90,226.539
10,1,1,90,85.090
10,1,1,90,164.547
10,1,1,90,16.302
10,1,1,90,172.907
10,1,1,90,16.569
10,1,1,90,301.469
10,1,1,90,207.872
10,1,1,90,163.811
10,1,1,90,48.602
10,1,1,90,263.225
10,1,1,90,16.462
10,1,1,90,169.604
10,1,1,90,13.599
10,1,1,90,184.630
10,1,1,90,15.996
10,1,1,90,167.453
10,1,1,90,14.337
10,1,1,90,304.682
10,1,1,90,114.826
10,1,1,90,15.117
10,1,1,90,16.445
10,1,1,90,164.013
10,1,1,90,16.842
10,1,1,90,335.649
10,1,1,90,93.997
10,1,1,90,163.288
10,1,1,90,16.098
10,1,1,90,179.851
10,1,1,90,15.735
10,1,1,90,157.414
10,1,1,90,170.816
10,1,1,90,163.681
10,1,1,90,16.213
10,1,1,90,360.336
10,1,1,90,228.720
10,1,1,90,17.160
10,1,1,90,15.951
10,1,1,90,139.352
10,1,1,90,16.366
10,1,1,90,16.824
10,1,1,90,174.725
10,1,1,90,16.591
10,1,1,90,16.752
10,1,1,90,16.969
10,1,1,90,44.667
10,1,1,90,115.235
10,1,1,90,16.693
10,1,1,90,141.354
10,1,1,90,139.237
10,1,1,90,138.769
10,1,1,90,16.912
10,1,1,90,144.091
10,1,1,90,16.753
10,1,1,90,16.303
10,1,1,90,16.205
10,1,1,90,16.867
10,1,1,90,16.695
10,1,1,90,123.726
10,1,1,90,16.647
10,1,1,90,138.993
10,1,1,90,138.450
10,1,1,90,137.889
10,1,1,90,17.773
10,1,1,90,117.045
10,1,1,90,17.059
10,1,1,90,76.590
10,1,1,90,146.473
10,1,1,90,16.487
10,1,1,90,16.204
10,1,1,90,140.975
10,1,1,90,140.322
10,1,1,90,16.243
10,1,1,90,151.441
10,1,1,90,16.343
10,1,1,90,69.819
10,1,1,90,114.091
10,1,1,90,83.530
10,1,1,90,18.173
10,1,1,90,154.297
10,1,1,90,16.200
10,1,1,90,283.397
10,1,1,90,127.688
10,1,1,90,265.590
10,1,1,90,188.047
10,1,1,90,102.598
10,1,1,90,151.129
10,1,1,90,141.198
10,1,1,90,65.212
10,1,1,90,227.798
10,1,1,90,16.368
10,1,1,90,139.991
10,1,1,90,141.245
10,1,1,90,16.129
10,1,1,90,177.067
10,1,1,90,90.007
10,1,1,90,71.872
10,1,1,90,115.589
10,1,1,90,18.639
10,1,1,90,150.744
10,1,1,90,16.758
10,1,1,90,168.863
10,1,1,90,16.414
10,1,1,90,176.204
10,1,1,90,140.791
10,1,1,90,173.656
10,1,1,90,156.354
10,1,1,90,151.757
10,1,1,90,19.289
10,1,1,90,16.080
10,1,1,90,117.389
10,1,1,90,113.865
10,1,1,90,16.471
10,1,1,90,169.835
10,1,1,90,214.274
10,1,1,90,155.602
10,1,1,90,16.412
10,1,1,90,186.184
10,1,1,90,18.624
10,1,1,90,173.525
10,1,1,90,238.519
10,1,1,90,151.088
10,1,1,90,56.398
10,1,1,90,115.411
10,1,1,90,17.628
10,1,1,90,170.603
10,1,1,90,231.672
10,1,1,90,185.944
10,1,1,90,21.792
10,1,1,90,154.286
10,1,1,90,17.540
10,1,1,90,125.201
10,1,1,90,178.140
10,1,1,90,16.283
10,1,1,90,90.888
10,1,1,90,169.827
10,1,1,90,88.415
10,1,1,90,151.261
10,1,1,90,16.423
10,1,1,90,151.268
10,1,1,90,16.282
10,1,1,90,54.962
10,1,1,90,173.511
10,1,1,90,17.062
10,1,1,90,17.872
10,1,1,90,57.292
10,1,1,90,141.490
10,1,1,90,72.281
10,1,1,90,119.683
10,1,1,90,83.881
10,1,1,90,31.617
10,1,1,90,111.907
10,1,1,90,17.032
10,1,1,90,150.470
10,1,1,90,16.447
10,1,1,90,152.589
10,1,1,90,16.640
10,1,1,90,16.079
10,1,1,90,147.777
10,1,1,90,113.716
10,1,1,90,16.656
10,1,1,90,156.501
10,1,1,90,150.848
10,1,1,90,16.454
10,1,1,90,17.763
10,1,1,90,16.203
10,1,1,90,16.975
10,1,1,90,146.765
10,1,1,90,68.001
10,1,1,90,133.495
10,1,1,90,16.398
10,1,1,90,16.152
10,1,1,90,144.849
10,1,1,90,16.381
10,1,1,90,144.079
10,1,1,90,16.482
10,1,1,90,174.531
10,1,1,90,88.933
10,1,1,90,150.187
10,1,1,90,16.738
10,1,1,90,147.880
10,1,1,90,16.246
10,1,1,90,143.351
10,1,1,90,16.827
10,1,1,90,165.303
10,1,1,90,105.020
10,1,1,90,170.773
10,1,1,90,85.342
10,1,1,90,174.262
10,1,1,90,16.239
10,1,1,90,173.585
10,1,1,90,90.210
10,1,1,90,151.259
10,1,1,90,16.032
10,1,1,90,175.248
10,1,1,90,17.614
10,1,1,90,113.219
11,1,2,90,0.240
11,1,2,90,181.845
11,1,2,90,83.785
11,1,2,90,45.224
11,1,2,90,84.755
11,1,2,90,182.027
11,1,2,90,129.152
11,1,2,90,50.591
11,1,2,90,44.215
11,1,2,90,34.210
11,1,2,90,104.612
11,1,2,90,190.087
11,1,2,90,868.634
11,1,2,90,169.484
11,1,2,90,85.794
11,1,2,90,86.992
11,1,2,90,27.672
11,1,2,90,113.963
11,1,2,90,18.495
11,1,2,90,330.710
11,1,2,90,2.299
11,1,2,90,63.423
11,1,2,90,51.714
11,1,2,90,134.115
11,1,2,90,301.683
11,1,2,90,27.457
11,1,2,90,162.877
11,1,2,90,272.056
11,1,2,90,93.125
11,1,2,90,15.750
11,1,2,90,18.152
11,1,2,90,87.850
11,1,2,90,138.344
11,1,2,90,87.006
11,1,2,90,14.390
11,1,2,90,13.755
11,1,2,90,656.523
11,1,2,90,58.540
11,1,2,90,143.849
11,1,2,90,978.228
11,1,2,90,990.130
11,1,2,90,238.073
11,1,2,90,133.772
11,1,2,90,30.859
11,1,2,90,8.224
11,1,2,90,62.996
11,1,2,90,52.399
11,1,2,90,356.743
11,1,2,90,891.828
11,1,2,90,198.493
11,1,2,90,114.802
11,1,2,90,14.205
11,1,2,90,18.607
11,1,2,90,80.990
11,1,2,90,133.873
11,1,2,90,17.165
11,1,2,90,35.307
11,1,2,90,234.523
11,1,2,90,16.056
11,1,2,90,16.199
11,1,2,90,661.153
11,1,2,90,79.799
11,1,2,90,15.034
11,1,2,90,11.233
11,1,2,90,30.227
11,1,2,90,253.146
11,1,2,90,129.142
11,1,2,90,157.155
11,1,2,90,71.835
11,1,2,90,14.441
11,1,2,90,13.565
11,1,2,90,17.171
11,1,2,90,386.571
11,1,2,90,240.196
11,1,2,90,22.692
11,1,2,90,14.464
11,1,2,90,17.996
11,1,2,90,156.582
11,1,2,90,26.300
11,1,2,90,889.252
11,1,2,90,69.511
11,1,2,90,153.820
11,1,2,90,19.630
11,1,2,90,71.161
11,1,2,90,26.471
11,1,2,90,167.168
11,1,2,90,83.460
11,1,2,90,115.398
11,1,2,90,96.115
11,1,2,90,189.239
11,1,2,90,26.475
11,1,2,90,889.002
11,1,2,90,97.260
11,1,2,90,129.199
11,1,2,90,32.250
11,1,2,90,239.466
11,1,2,90,21.535
11,1,2,90,130.511
11,1,2,90,202.320
11,1,2,90,180.166
11,1,2,90,16.810
11,1,2,90,147.137
11,1,2,90,25.484
11,1,2,90,119.478
11,1,2,90,203.510
11,1,2,90,251.134
11,1,2,90,18.963
11,1,2,90,175.475
11,1,2,90,32.970
11,1,2,90,99.891
11,1,2,90,978.603
11,1,2,90,180.472
11,1,2,90,25.319
11,1,2,90,230.702
11,1,2,90,20.160
11,1,2,90,150.413
11,1,2,90,78.519
11,1,2,90,117.329
11,1,2,90,65.583
11,1,2,90,122.910
11,1,2,90,888.623
11,1,2,90,273.288
11,1,2,90,104.376
11,1,2,90,245.888
11,1,2,90,16.439
11,1,2,90,121.045
11,1,2,90,23.669
11,1,2,90,18.571
11,1,2,90,34.825
11,1,2,90,222.819
11,1,2,90,29.981
11,1,2,90,229.678
11,1,2,90,18.285
11,1,2,90,268.075
11,1,2,90,89.366
11,1,2,90,131.194
11,1,2,90,29.652
11,1,2,90,139.239
11,1,2,90,15.956
11,1,2,90,137.432
11,1,2,90,10.908
11,1,2,90,51.921
11,1,2,90,221.508
11,1,2,90,145.762
11,1,2,90,21.942
11,1,2,90,159.751
11,1,2,90,77.487
11,1,2,90,75.611
11,1,2,90,104.550
11,1,2,90,113.618
11,1,2,90,228.057
11,1,2,90,103.034
11,1,2,90,933.394
11,1,2,90,72.912
11,1,2,90,35.203
11,1,2,90,190.011
11,1,2,90,19.137
11,1,2,90,53.835
11,1,2,90,979.713
11,1,2,90,139.194
11,1,2,90,32.356
11,1,2,90,221.405
11,1,2,90,21.752
11,1,2,90,131.117
11,1,2,90,59.408
11,1,2,90,96.532
11,1,2,90,30.212
11,1,2,90,191.798
11,1,2,90,17.535
11,1,2,90,57.159
11,1,2,90,177.023
11,1,2,90,171.166
11,1,2,90,80.420
11,1,2,90,154.118
11,1,2,90,81.594
11,1,2,90,163.959
11,1,2,90,129.361
11,1,2,90,101.263
11,1,2,90,177.165
11,1,2,90,201.622
11,1,2,90,69.580
11,1,2,90,194.667
11,1,2,90,46.625
11,1,2,90,1010.355
11,1,2,90,125.281
11,1,2,90,116.146
11,1,2,90,184.214
11,1,2,90,180.597
11,1,2,90,54.259
11,1,2,90,167.050
11,1,2,90,63.471
11,1,2,90,176.724
11,1,2,90,16.479
11,1,2,90,129.954
11,1,2,90,38.968
11,1,2,90,135.443
11,1,2,90,31.142
11,1,2,90,161.692
11,1,2,90,35.539
11,1,2,90,378.143
11,1,2,90,75.657
11,1,2,90,943.166
11,1,2,90,80.091
11,1,2,90,257.122
11,1,2,90,81.987
11,1,2,90,248.444
11,1,2,90,71.162
11,1,2,90,84.379
11,1,2,90,17.966
11,1,2,90,120.738
11,1,2,90,891.117
11,1,2,90,206.727
11,1,2,90,29.648
11,1,2,90,52.846
11,1,2,90,177.785
11,1,2,90,64.039
11,1,2,90,20.738
11,1,2,90,113.435
11,1,2,90,941.351
11,1,2,90,127.980
11,1,2,90,25.272
11,1,2,90,167.117
11,1,2,90,23.409
11,1,2,90,225.791
11,1,2,90,75.564
11,1,2,90,193.355
11,1,2,90,891.808
11,1,2,90,231.844
11,1,2,90,32.543
11,1,2,90,64.019
11,1,2,90,55.495
11,1,2,90,160.174
11,1,2,90,132.317
11,1,2,90,129.664
11,1,2,90,32.270
11,1,2,90,88.857
11,1,2,90,81.240
11,1,2,90,113.846
11,1,2,90,16.878
11,1,2,90,128.520
11,1,2,90,46.978
11,1,2,90,84.935
11,1,2,90,212.429
11,1,2,90,175.091
11,1,2,90,50.845
11,1,2,90,101.302
11,1,2,90,136.315
11,1,2,90,67.625
11,1,2,90,66.379
11,1,2,90,16.022
11,1,2,90,29.220
11,1,2,90,108.325
11,1,2,90,16.635
11,1,2,90,80.481
11,1,2,90,32.699
11,1,2,90,14.471
11,1,2,90,28.428
11,1,2,90,134.848
11,1,2,90,36.918
11,1,2,90,62.856
11,1,2,90,53.018
11,1,2,90,107.253
11,1,2,90,17.822
11,1,2,90,93.020
11,1,2,90,53.070
11,1,2,90,35.750
11,1,2,90,41.430
11,1,2,90,39.517
11,1,2,90,23.715
11,1,2,90,133.006
11,1,2,90,38.667
11,1,2,90,62.792
11,1,2,90,51.971
11,1,2,90,104.762
11,1,2,90,17.535
11,1,2,90,128.158
11,1,2,90,43.339
11,1,2,90,80.574
11,1,2,90,147.161
11,1,2,90,71.507
11,1,2,90,36.965
11,1,2,90,142.737
11,1,2,90,31.603
11,1,2,90,14.171
11,1,2,90,30.462
11,1,2,90,49.475
11,1,2,90,70.321
11,1,2,90,55.612
11,1,2,90,65.922
11,1,2,90,246.934
11,1,2,90,114.281
11,1,2,90,62.831
11,1,2,90,53.067
11,1,2,90,105.487
11,1,2,90,18.649
11,1,2,90,133.532
11,1,2,90,41.008
11,1,2,90,29.447
11,1,2,90,32.497
11,1,2,90,15.511
11,1,2,90,90.894
11,1,2,90,79.333
11,1,2,90,137.771
11,1,2,90,180.432
11,1,2,90,113.594
11,1,2,90,62.182
11,1,2,90,138.528
11,1,2,90,157.078
11,1,2,90,152.702
11,1,2,90,57.234
11,1,2,90,130.561
11,1,2,90,121.464
11,1,2,90,133.643
11,1,2,90,109.064
11,1,2,90,137.947
11,1,2,90,287.867
11,1,2,90,117.918
11,1,2,90,209.338
11,1,2,90,18.000
11,1,2,90,29.884
11,1,2,90,18.230
11,1,2,90,135.909
11,1,2,90,36.016
11,1,2,90,22.788
11,1,2,90,239.689
11,1,2,90,2.000
11,1,2,90,150.456
11,1,2,90,82.914
11,1,2,90,31.668
11,1,2,90,103.311
11,1,2,90,32.343
11,1,2,90,112.059
11,1,2,90,17.017
11,1,2,90,143.641
11,1,2,90,62.247
11,1,2,90,33.538
11,1,2,90,262.327
11,1,2,90,14.768
11,1,2,90,129.280
11,1,2,90,33.664
11,1,2,90,17.066
11,1,2,90,139.912
11,1,2,90,34.241
11,1,2,90,14.254
11,1,2,90,56.378
11,1,2,90,144.057
11,1,2,90,17.182
11,1,2,90,135.398
11,1,2,90,30.486
11,1,2,90,16.258
11,1,2,90,77.753
11,1,2,90,19.081
11,1,2,90,139.667
11,1,2,90,137.014
11,1,2,90,34.861
11,1,2,90,20.689
11,1,2,90,63.239
11,1,2,90,62.641
11,1,2,90,116.098
11,1,2,90,64.760
11,1,2,90,133.420
11,1,2,90,217.822
11,1,2,90,111.428
11,1,2,90,58.756
11,1,2,90,130.140
11,1,2,90,73.338
11,1,2,90,115.221
11,1,2,90,23.994
11,1,2,90,55.840
11,1,2,90,133.742
11,1,2,90,16.774
11,1,2,90,129.787
11,1,2,90,16.838
11,1,2,90,120.054
11,1,2,90,84.400
11,1,2,90,106.395
11,1,2,90,213.778
11,1,2,90,21.755
11,1,2,90,25.916
11,1,2,90,31.837
11,1,2,90,30.572
11,1,2,90,258.936
11,1,2,90,60.524
11,1,2,90,223.666
11,1,2,90,30.291
11,1,2,90,227.914
11,1,2,90,77.928
11,1,2,90,138.867
11,1,2,90,891.839
11,1,2,90,269.281
11,1,2,90,20.388
11,1,2,90,225.160
11,1,2,90,12.137
11,1,2,90,162.334
11,1,2,90,80.311
11,1,2,90,158.712
11,1,2,90,891.758
11,1,2,90,174.887
11,1,2,90,27.919
11,1,2,90,265.616
11,1,2,90,33.834
11,1,2,90,238.587
11,1,2,90,38.953
11,1,2,90,198.872
11,1,2,90,64.868
11,1,2,90,164.603
11,1,2,90,18.246
11,1,2,90,133.925
11,1,2,90,24.754
11,1,2,90,261.636
11,1,2,90,168.316
11,1,2,90,125.052
11,1,2,90,13.584
11,1,2,90,224.152
11,1,2,90,31.795
11,1,2,90,130.438
11,1,2,90,70.155
11,1,2,90,146.427
11,1,2,90,31.440
11,1,2,90,144.953
11,1,2,90,17.059
11,1,2,90,265.108
11,1,2,90,75.881
11,1,2,90,26.691
11,1,2,90,32.834
11,1,2,90,157.013
11,1,2,90,25.841
11,1,2,90,295.631
11,1,2,90,105.201
11,1,2,90,132.732
11,1,2,90,16.875
11,1,2,90,140.777
11,1,2,90,28.290
11,1,2,90,119.192
11,1,2,90,137.446
11,1,2,90,159.199
11,1,2,90,17.010
11,1,2,90,320.688
11,1,2,90,199.831
11,1,2,90,7.438
11,1,2,90,28.877
11,1,2,90,103.001
11,1,2,90,16.922
11,1,2,90,85.601
11,1,2,90,136.780
11,1,2,90,19.331
11,1,2,90,33.141
11,1,2,90,23.209
11,1,2,90,6.574
11,1,2,90,112.828
11,1,2,90,23.471
11,1,2,90,131.113
11,1,2,90,140.033
11,1,2,90,133.750
11,1,2,90,15.042
11,1,2,90,134.684
11,1,2,90,16.494
11,1,2,90,56.359
11,1,2,90,55.150
11,1,2,90,64.292
11,1,2,90,41.435
11,1,2,90,131.559
11,1,2,90,20.813
11,1,2,90,138.418
11,1,2,90,132.431
11,1,2,90,132.333
11,1,2,90,14.940
11,1,2,90,80.619
11,1,2,90,21.281
11,1,2,90,39.072
11,1,2,90,114.751
11,1,2,90,32.394
11,1,2,90,32.537
11,1,2,90,129.994
11,1,2,90,133.433
11,1,2,90,52.558
11,1,2,90,113.941
11,1,2,90,99.509
11,1,2,90,55.782
11,1,2,90,112.073
11,1,2,90,53.568
11,1,2,90,89.969
11,1,2,90,117.242
11,1,2,90,58.773
11,1,2,90,288.045
11,1,2,90,94.318
11,1,2,90,227.497
11,1,2,90,149.696
11,1,2,90,102.191
11,1,2,90,155.037
11,1,2,90,155.661
11,1,2,90,31.323
11,1,2,90,212.354
11,1,2,90,20.516
11,1,2,90,137.176
11,1,2,90,103.764
11,1,2,90,17.092
11,1,2,90,144.901
11,1,2,90,51.155
11,1,2,90,65.168
11,1,2,90,116.681
11,1,2,90,87.268
11,1,2,90,113.207
11,1,2,90,53.776
11,1,2,90,130.937
11,1,2,90,87.228
11,1,2,90,138.704
11,1,2,90,113.014
11,1,2,90,136.119
11,1,2,90,118.632
11,1,2,90,113.664
11,1,2,90,20.344
11,1,2,90,63.505
11,1,2,90,121.092
11,1,2,90,117.846
11,1,2,90,60.156
11,1,2,90,132.113
11,1,2,90,174.459
11,1,2,90,117.676
11,1,2,90,55.060
11,1,2,90,213.220
11,1,2,90,60.494
11,1,2,90,136.451
11,1,2,90,198.982
11,1,2,90,112.736
11,1,2,90,44.009
11,1,2,90,118.911
11,1,2,90,55.461
11,1,2,90,134.307
11,1,2,90,191.950
11,1,2,90,210.148
11,1,2,90,59.032
11,1,2,90,116.286
11,1,2,90,173.354
11,1,2,90,87.719
11,1,2,90,143.695
11,1,2,90,17.431
11,1,2,90,52.592
11,1,2,90,143.568
11,1,2,90,50.322
11,1,2,90,113.668
11,1,2,90,93.070
11,1,2,90,113.343
11,1,2,90,58.004
11,1,2,90,38.184
11,1,2,90,135.808
11,1,2,90,14.210
11,1,2,90,55.871
11,1,2,90,40.774
11,1,2,90,115.694
11,1,2,90,34.929
11,1,2,90,119.016
11,1,2,90,54.530
11,1,2,90,19.876
11,1,2,90,106.148
11,1,2,90,88.384
11,1,2,90,112.508
11,1,2,90,70.873
11,1,2,90,114.663
11,1,2,90,15.010
11,1,2,90,54.690
11,1,2,90,122.943
11,1,2,90,113.771
11,1,2,90,18.137
11,1,2,90,118.983
11,1,2,90,114.348
11,1,2,90,16.935
11,1,2,90,55.152
11,1,2,90,88.609
11,1,2,90,102.474
11,1,2,90,108.691
11,1,2,90,29.908
11,1,2,90,105.680
11,1,2,90,15.805
11,1,2,90,26.966
11,1,2,90,109.423
11,1,2,90,27.029
11,1,2,90,107.449
11,1,2,90,16.815
11,1,2,90,140.976
11,1,2,90,50.156
11,1,2,90,111.594
11,1,2,90,16.830
11,1,2,90,111.565
11,1,2,90,55.208
11,1,2,90,111.628
11,1,2,90,22.198
11,1,2,90,127.655
11,1,2,90,68.149
11,1,2,90,132.829
11,1,2,90,63.490
11,1,2,90,136.022
11,1,2,90,16.461
11,1,2,90,136.881
11,1,2,90,51.024
11,1,2,90,112.796
11,1,2,90,18.199
11,1,2,90,134.508
11,1,2,90,21.151
11,1,2,90,111.108
12,1,0,90,0.333
12,1,0,90,179.660
12,1,0,90,89.044
12,1,0,90,35.150
12,1,0,90,137.051
12,1,0,90,212.323
12,1,0,90,128.559
12,1,0,90,36.665
12,1,0,90,71.030
12,1,0,90,33.562
12,1,0,90,140.871
12,1,0,90,219.383
12,1,0,90,867.430
12,1,0,90,179.743
12,1,0,90,87.609
12,1,0,90,155.714
12,1,0,90,29.357
12,1,0,90,173.296
12,1,0,90,7.661
12,1,0,90,358.599
12,1,0,90,0.836
12,1,0,90,63.089
12,1,0,90,65.732
12,1,0,90,160.337
12,1,0,90,302.368
12,1,0,90,28.290
12,1,0,90,156.525
12,1,0,90,259.371
12,1,0,90,135.014
12,1,0,90,14.491
12,1,0,90,22.041
12,1,0,90,91.609
12,1,0,90,124.178
12,1,0,90,91.598
12,1,0,90,14.908
12,1,0,90,17.403
12,1,0,90,656.542
12,1,0,90,67.855
12,1,0,90,138.145
12,1,0,90,965.598
12,1,0,90,986.093
12,1,0,90,249.702
12,1,0,90,135.642
12,1,0,90,35.267
12,1,0,90,33.132
12,1,0,90,63.663
12,1,0,90,72.454
12,1,0,90,356.651
12,1,0,90,891.698
12,1,0,90,208.937
12,1,0,90,143.969
12,1,0,90,17.186
12,1,0,90,63.496
12,1,0,90,89.157
12,1,0,90,133.818
12,1,0,90,18.239
12,1,0,90,88.085
12,1,0,90,244.727
12,1,0,90,16.556
12,1,0,90,18.495
12,1,0,90,664.560
12,1,0,90,77.336
12,1,0,90,16.331
12,1,0,90,27.047
12,1,0,90,27.486
12,1,0,90,259.091
12,1,0,90,128.512
12,1,0,90,152.118
12,1,0,90,128.353
12,1,0,90,14.274
12,1,0,90,18.454
12,1,0,90,17.689
12,1,0,90,385.089
12,1,0,90,241.103
12,1,0,90,50.191
12,1,0,90,55.667
12,1,0,90,56.588
12,1,0,90,147.897
12,1,0,90,34.873
12,1,0,90,887.271
12,1,0,90,50.677
12,1,0,90,137.246
12,1,0,90,75.963
12,1,0,90,48.106
12,1,0,90,1.434
12,1,0,90,142.224
12,1,0,90,112.404
12,1,0,90,91.565
12,1,0,90,72.689
12,1,0,90,161.628
12,1,0,90,34.642
12,1,0,90,885.798
12,1,0,90,77.205
12,1,0,90,118.551
12,1,0,90,11.583
12,1,0,90,222.243
12,1,0,90,80.035
12,1,0,90,166.825
12,1,0,90,173.709
12,1,0,90,152.204
12,1,0,90,69.606
12,1,0,90,127.304
12,1,0,90,34.040
12,1,0,90,121.941
12,1,0,90,175.695
12,1,0,90,225.967
12,1,0,90,74.425
12,1,0,90,151.623
12,1,0,90,24.322
12,1,0,90,75.983
12,1,0,90,951.047
12,1,0,90,153.990
12,1,0,90,1.634
12,1,0,90,223.183
12,1,0,90,77.789
12,1,0,90,132.450
12,1,0,90,94.593
12,1,0,90,93.292
12,1,0,90,42.287
12,1,0,90,133.947
12,1,0,90,887.104
12,1,0,90,252.343
12,1,0,90,80.820
12,1,0,90,226.092
12,1,0,90,71.772
12,1,0,90,144.211
12,1,0,90,32.225
12,1,0,90,30.090
12,1,0,90,8.584
12,1,0,90,205.522
12,1,0,90,10.092
12,1,0,90,224.956
12,1,0,90,70.729
12,1,0,90,238.649
12,1,0,90,82.607
12,1,0,90,111.972
12,1,0,90,6.634
12,1,0,90,159.979
12,1,0,90,828.248
12,1,0,90,160.098
12,1,0,90,176.704
12,1,0,90,28.569
12,1,0,90,193.026
12,1,0,90,127.169
12,1,0,90,1.905
12,1,0,90,134.510
12,1,0,90,63.968
12,1,0,90,88.851
12,1,0,90,130.716
12,1,0,90,88.544
12,1,0,90,240.557
12,1,0,90,78.830
12,1,0,90,904.005
12,1,0,90,91.041
12,1,0,90,13.962
12,1,0,90,161.604
12,1,0,90,71.155
12,1,0,90,35.612
12,1,0,90,951.787
12,1,0,90,113.953
12,1,0,90,53.318
12,1,0,90,203.016
12,1,0,90,20.011
12,1,0,90,115.228
12,1,0,90,41.297
12,1,0,90,66.847
12,1,0,90,9.101
12,1,0,90,204.502
12,1,0,90,72.071
12,1,0,90,39.622
12,1,0,90,189.504
12,1,0,90,148.351
12,1,0,90,56.846
12,1,0,90,131.359
12,1,0,90,57.520
12,1,0,90,138.811
12,1,0,90,130.250
12,1,0,90,78.374
12,1,0,90,154.054
12,1,0,90,204.326
12,1,0,90,39.969
12,1,0,90,205.148
12,1,0,90,17.422
12,1,0,90,987.948
12,1,0,90,134.762
12,1,0,90,99.905
12,1,0,90,159.084
12,1,0,90,198.375
12,1,0,90,27.648
12,1,0,90,137.957
12,1,0,90,46.952
12,1,0,90,148.446
12,1,0,90,827.548
12,1,0,90,119.436
12,1,0,90,26.301
12,1,0,90,159.832
12,1,0,90,9.031
12,1,0,90,132.395
12,1,0,90,8.409
12,1,0,90,348.883
12,1,0,90,53.657
12,1,0,90,917.129
12,1,0,90,59.961
12,1,0,90,227.992
12,1,0,90,63.525
12,1,0,90,245.444
12,1,0,90,51.847
12,1,0,90,58.268
12,1,0,90,74.169
12,1,0,90,92.608
12,1,0,90,885.525
12,1,0,90,179.560
12,1,0,90,14.704
12,1,0,90,28.606
12,1,0,90,153.674
12,1,0,90,42.780
12,1,0,90,165.515
12,1,0,90,90.324
12,1,0,90,917.537
12,1,0,90,104.795
12,1,0,90,2.438
12,1,0,90,139.080
12,1,0,90,80.816
12,1,0,90,207.254
12,1,0,90,55.990
12,1,0,90,168.336
12,1,0,90,889.345
12,1,0,90,202.140
12,1,0,90,12.673
12,1,0,90,40.204
12,1,0,90,29.625
12,1,0,90,131.304
12,1,0,90,108.021
12,1,0,90,100.738
12,1,0,90,25.399
12,1,0,90,61.616
12,1,0,90,71.629
12,1,0,90,85.827
12,1,0,90,69.174
12,1,0,90,100.816
12,1,0,90,38.645
12,1,0,90,57.584
12,1,0,90,220.059
12,1,0,90,159.128
12,1,0,90,70.604
12,1,0,90,71.525
12,1,0,90,163.834
12,1,0,90,44.496
12,1,0,90,76.175
12,1,0,90,236.928
12,1,0,90,2.794
12,1,0,90,97.270
12,1,0,90,827.131
12,1,0,90,96.444
12,1,0,90,8.087
12,1,0,90,296.062
12,1,0,90,1.966
12,1,0,90,106.126
12,1,0,90,41.325
12,1,0,90,38.431
12,1,0,90,50.573
12,1,0,90,78.975
12,1,0,90,71.155
12,1,0,90,69.964
12,1,0,90,26.478
12,1,0,90,10.991
12,1,0,90,77.355
12,1,0,90,15.776
12,1,0,90,40.512
12,1,0,90,104.265
12,1,0,90,37.649
12,1,0,90,40.921
12,1,0,90,49.453
12,1,0,90,75.799
12,1,0,90,72.257
12,1,0,90,100.158
12,1,0,90,37.265
12,1,0,90,57.111
12,1,0,90,122.512
12,1,0,90,42.804
12,1,0,90,40.187
12,1,0,90,114.089
12,1,0,90,36.028
12,1,0,90,102.578
12,1,0,90,11.888
12,1,0,90,54.697
12,1,0,90,46.358
12,1,0,90,28.686
12,1,0,90,86.014
12,1,0,90,224.823
12,1,0,90,91.633
12,1,0,90,39.498
12,1,0,90,50.289
12,1,0,90,77.802
12,1,0,90,79.519
12,1,0,90,104.254
12,1,0,90,16.842
12,1,0,90,27.058
12,1,0,90,37.497
12,1,0,90,827.062
12,1,0,90,84.042
12,1,0,90,56.277
12,1,0,90,110.290
12,1,0,90,156.710
12,1,0,90,90.002
12,1,0,90,38.348
12,1,0,90,135.824
12,1,0,90,136.985
12,1,0,90,151.183
12,1,0,90,34.586
12,1,0,90,147.247
12,1,0,90,91.760
12,1,0,90,146.736
12,1,0,90,83.175
12,1,0,90,111.429
12,1,0,90,267.219
12,1,0,90,150.788
12,1,0,90,179.542
12,1,0,90,21.352
12,1,0,90,2.328
12,1,0,90,71.637
12,1,0,90,108.002
12,1,0,90,38.941
12,1,0,90,346.712
12,1,0,90,217.596
12,1,0,90,199.091
12,1,0,90,121.771
12,1,0,90,53.451
12,1,0,90,4.576
12,1,0,90,74.792
12,1,0,90,5.991
12,1,0,90,88.800
12,1,0,90,70.202
12,1,0,90,115.585
12,1,0,90,40.858
12,1,0,90,35.760
12,1,0,90,235.309
12,1,0,90,100.749
12,1,0,90,105.966
12,1,0,90,10.072
12,1,0,90,70.196
12,1,0,90,111.023
12,1,0,90,25.852
12,1,0,90,801.749
12,1,0,90,36.674
12,1,0,90,115.187
12,1,0,90,69.682
12,1,0,90,107.139
12,1,0,90,5.893
12,1,0,90,826.495
12,1,0,90,53.845
12,1,0,90,51.766
12,1,0,90,116.945
12,1,0,90,107.866
12,1,0,90,28.490
12,1,0,90,240.688
12,1,0,90,40.424
12,1,0,90,43.493
12,1,0,90,94.561
12,1,0,90,41.167
12,1,0,90,147.087
12,1,0,90,198.063
12,1,0,90,88.688
12,1,0,90,34.275
12,1,0,90,144.750
12,1,0,90,47.709
12,1,0,90,89.277
12,1,0,90,261.567
12,1,0,90,31.841
12,1,0,90,136.112
12,1,0,90,71.459
12,1,0,90,101.694
12,1,0,90,191.800
12,1,0,90,110.776
12,1,0,90,106.845
12,1,0,90,83.747
12,1,0,90,184.926
12,1,0,90,118.569
12,1,0,90,34.435
12,1,0,90,18.392
12,1,0,90,36.035
12,1,0,90,229.491
12,1,0,90,39.450
12,1,0,90,204.981
12,1,0,90,38.198
12,1,0,90,208.340
12,1,0,90,75.817
12,1,0,90,113.645
12,1,0,90,885.135
12,1,0,90,239.485
12,1,0,90,23.221
12,1,0,90,206.845
12,1,0,90,156.173
12,1,0,90,137.297
12,1,0,90,57.607
12,1,0,90,134.564
12,1,0,90,908.592
12,1,0,90,171.386
12,1,0,90,9.734
12,1,0,90,235.875
12,1,0,90,11.945
12,1,0,90,222.142
12,1,0,90,10.212
12,1,0,90,232.594
12,1,0,90,46.016
12,1,0,90,134.362
12,1,0,90,74.598
12,1,0,90,103.925
12,1,0,90,33.365
12,1,0,90,255.728
12,1,0,90,144.446
12,1,0,90,106.015
12,1,0,90,17.139
12,1,0,90,205.466
12,1,0,90,27.592
12,1,0,90,109.845
12,1,0,90,49.044
12,1,0,90,116.538
12,1,0,90,8.237
12,1,0,90,140.619
12,1,0,90,79.003
12,1,0,90,240.960
12,1,0,90,71.252
12,1,0,90,15.635
12,1,0,90,11.482
12,1,0,90,132.568
12,1,0,90,79.174
12,1,0,90,271.094
12,1,0,90,78.053
12,1,0,90,106.658
12,1,0,90,69.282
12,1,0,90,176.128
12,1,0,90,9.790
12,1,0,90,94.970
12,1,0,90,114.501
12,1,0,90,136.459
12,1,0,90,72.657
12,1,0,90,297.151
12,1,0,90,206.090
12,1,0,90,287.510
12,1,0,90,2.173
12,1,0,90,73.334
12,1,0,90,79.236
12,1,0,90,57.934
12,1,0,90,146.503
12,1,0,90,217.923
12,1,0,90,6.530
12,1,0,90,387.707
12,1,0,90,824.070
12,1,0,90,85.346
12,1,0,90,82.637
12,1,0,90,101.983
12,1,0,90,111.867
12,1,0,90,104.676
12,1,0,90,68.541
12,1,0,90,105.388
12,1,0,90,177.826
12,1,0,90,32.525
12,1,0,90,29.853
12,1,0,90,40.737
12,1,0,90,22.472
12,1,0,90,103.355
12,1,0,90,81.146
12,1,0,90,109.604
12,1,0,90,104.098
12,1,0,90,103.667
12,1,0,90,66.939
12,1,0,90,57.304
12,1,0,90,75.058
12,1,0,90,18.498
12,1,0,90,134.788
12,1,0,90,4.802
12,1,0,90,5.092
12,1,0,90,101.401
12,1,0,90,104.840
12,1,0,90,36.761
12,1,0,90,92.256
12,1,0,90,74.547
12,1,0,90,53.523
12,1,0,90,83.036
12,1,0,90,28.771
12,1,0,90,66.710
12,1,0,90,94.779
12,1,0,90,34.088
12,1,0,90,262.526
12,1,0,90,70.540
12,1,0,90,204.164
12,1,0,90,175.159
12,1,0,90,78.154
12,1,0,90,129.166
12,1,0,90,131.346
12,1,0,90,9.934
12,1,0,90,187.428
12,1,0,90,142.552
12,1,0,90,114.288
12,1,0,90,92.542
12,1,0,90,70.888
12,1,0,90,116.123
12,1,0,90,27.415
12,1,0,90,63.057
12,1,0,90,94.718
12,1,0,90,58.435
12,1,0,90,90.541
12,1,0,90,26.054
12,1,0,90,146.252
12,1,0,90,60.228
12,1,0,90,174.796
12,1,0,90,83.162
12,1,0,90,147.841
12,1,0,90,90.373
12,1,0,90,86.386
12,1,0,90,146.844
12,1,0,90,41.431
12,1,0,90,101.037
12,1,0,90,97.050
12,1,0,90,36.230
12,1,0,90,105.817
12,1,0,90,147.330
12,1,0,90,94.436
12,1,0,90,27.005
12,1,0,90,191.980
12,1,0,90,36.142
12,1,0,90,161.080
12,1,0,90,175.815
12,1,0,90,89.644
12,1,0,90,13.268
12,1,0,90,97.985
12,1,0,90,28.221
12,1,0,90,156.918
12,1,0,90,166.376
12,1,0,90,190.648
12,1,0,90,33.958
12,1,0,90,93.101
12,1,0,90,148.928
12,1,0,90,63.053
12,1,0,90,119.825
12,1,0,90,69.283
12,1,0,90,35.852
12,1,0,90,115.327
12,1,0,90,27.581
12,1,0,90,90.668
12,1,0,90,73.978
12,1,0,90,90.454
12,1,0,90,36.875
12,1,0,90,41.684
12,1,0,90,107.715
12,1,0,90,87.765
12,1,0,90,37.834
12,1,0,90,41.940
12,1,0,90,86.027
12,1,0,90,17.281
12,1,0,90,90.294
12,1,0,90,30.067
12,1,0,90,17.580
12,1,0,90,83.278
12,1,0,90,59.087
12,1,0,90,88.674
12,1,0,90,46.799
12,1,0,90,91.978
12,1,0,90,174.306
12,1,0,90,29.616
12,1,0,90,93.277
12,1,0,90,93.216
12,1,0,90,395.524
12,1,0,90,94.409
12,1,0,90,91.329
12,1,0,90,84.768
12,1,0,90,38.708
12,1,0,90,75.646
12,1,0,90,76.104
12,1,0,90,86.506
12,1,0,90,59.427
12,1,0,90,76.754
12,1,0,90,193.230
12,1,0,90,2.929
12,1,0,90,81.053
12,1,0,90,1.159
12,1,0,90,84.375
12,1,0,90,68.555
12,1,0,90,111.327
12,1,0,90,26.137
12,1,0,90,88.243
12,1,0,90,72.867
12,1,0,90,81.787
12,1,0,90,30.764
12,1,0,90,81.980
12,1,0,90,74.901
12,1,0,90,155.469
12,1,0,90,44.279
12,1,0,90,136.644
12,1,0,90,34.435
12,1,0,90,112.540
12,1,0,90,69.480
12,1,0,90,108.381
12,1,0,90,27.413
12,1,0,90,89.278
12,1,0,90,70.236
12,1,0,90,106.156
12,1,0,90,76.595
12,1,0,90,81.553
13,1,0,90,0.185
13,1,0,90,222.308
13,1,0,90,449.394
13,1,0,90,780.535
13,1,0,90,773.178
13,1,0,90,220.027
13,1,0,90,116.448
13,1,0,90,770.069
13,1,0,90,120.826
13,1,0,90,773.706
13,1,0,90,773.405
13,1,0,90,166.643
13,1,0,90,856.819
13,1,0,90,203.558
13,1,0,90,820.809
13,1,0,90,163.381
13,1,0,90,837.761
13,1,0,90,121.555
13,1,0,90,820.268
13,1,0,90,211.155
13,1,0,90,30.688
13,1,0,90,822.308
13,1,0,90,14.307
13,1,0,90,1451.923
13,1,0,90,774.533
13,1,0,90,768.286
13,1,0,90,103.414
13,1,0,90,773.887
13,1,0,90,773.270
13,1,0,90,768.931
13,1,0,90,282.503
13,1,0,90,818.994
13,1,0,90,227.788
13,1,0,90,773.243
13,1,0,90,774.738
13,1,0,90,1644.968
13,1,0,90,773.319
13,1,0,90,111.595
13,1,0,90,803.345
13,1,0,90,233.214
13,1,0,90,769.724
13,1,0,90,196.444
13,1,0,90,129.087
13,1,0,90,774.467
13,1,0,90,93.428
13,1,0,90,830.641
13,1,0,90,22.177
13,1,0,90,1883.587
13,1,0,90,1233.585
13,1,0,90,775.601
13,1,0,90,775.466
13,1,0,90,770.479
13,1,0,90,201.143
13,1,0,90,1122.318
13,1,0,90,776.740
13,1,0,90,768.976
13,1,0,90,167.511
13,1,0,90,774.984
13,1,0,90,776.015
13,1,0,90,1649.672
13,1,0,90,1070.151
13,1,0,90,774.888
13,1,0,90,779.549
13,1,0,90,262.398
13,1,0,90,822.871
13,1,0,90,115.573
13,1,0,90,117.438
13,1,0,90,787.059
13,1,0,90,773.294
13,1,0,90,775.937
13,1,0,90,776.376
13,1,0,90,1722.403
13,1,0,90,1229.900
13,1,0,90,790.304
13,1,0,90,97.988
13,1,0,90,769.868
13,1,0,90,106.181
13,1,0,90,763.301
13,1,0,90,761.092
13,1,0,90,761.161
13,1,0,90,791.452
13,1,0,90,18.747
13,1,0,90,857.848
13,1,0,90,774.195
13,1,0,90,98.897
13,1,0,90,791.665
13,1,0,90,61.534
13,1,0,90,758.340
13,1,0,90,760.890
13,1,0,90,761.218
13,1,0,90,761.249
13,1,0,90,761.281
13,1,0,90,761.220
13,1,0,90,763.492
13,1,0,90,792.468
13,1,0,90,13.041
13,1,0,90,761.291
13,1,0,90,761.174
13,1,0,90,792.058
13,1,0,90,33.742
13,1,0,90,760.955
13,1,0,90,761.412
13,1,0,90,762.314
13,1,0,90,762.160
13,1,0,90,791.433
13,1,0,90,83.801
13,1,0,90,767.515
13,1,0,90,767.102
13,1,0,90,159.859
13,1,0,90,791.980
13,1,0,90,64.663
13,1,0,90,760.765
13,1,0,90,790.945
13,1,0,90,13.536
13,1,0,90,761.805
13,1,0,90,758.299
13,1,0,90,50.650
13,1,0,90,760.807
13,1,0,90,761.709
13,1,0,90,761.166
13,1,0,90,762.105
13,1,0,90,133.159
13,1,0,90,791.206
13,1,0,90,12.871
13,1,0,90,761.028
13,1,0,90,761.782
13,1,0,90,761.925
13,1,0,90,762.364
13,1,0,90,760.284
13,1,0,90,760.094
13,1,0,90,791.829
13,1,0,90,15.198
13,1,0,90,760.522
13,1,0,90,764.257
13,1,0,90,762.493
13,1,0,90,760.969
13,1,0,90,790.463
13,1,0,90,42.666
13,1,0,90,762.878
13,1,0,90,925.483
13,1,0,90,29.390
13,1,0,90,790.418
13,1,0,90,761.801
13,1,0,90,771.796
13,1,0,90,1.294
13,1,0,90,790.933
13,1,0,90,32.506
13,1,0,90,757.589
13,1,0,90,13.884
13,1,0,90,791.578
13,1,0,90,123.224
13,1,0,90,791.456
13,1,0,90,24.029
13,1,0,90,764.908
13,1,0,90,792.218
13,1,0,90,38.661
13,1,0,90,202.099
13,1,0,90,791.812
13,1,0,90,63.867
13,1,0,90,755.783
13,1,0,90,758.963
13,1,0,90,758.976
13,1,0,90,760.730
13,1,0,90,839.743
13,1,0,90,760.478
13,1,0,90,759.973
13,1,0,90,792.875
13,1,0,90,26.059
13,1,0,90,199.515
13,1,0,90,791.210
13,1,0,90,71.876
13,1,0,90,791.070
13,1,0,90,8.773
13,1,0,90,790.281
13,1,0,90,9.484
13,1,0,90,790.530
13,1,0,90,13.417
13,1,0,90,790.889
13,1,0,90,6.573
13,1,0,90,87.493
13,1,0,90,790.206
13,1,0,90,86.649
13,1,0,90,791.214
13,1,0,90,241.008
13,1,0,90,15.800
13,1,0,90,759.643
13,1,0,90,791.692
13,1,0,90,22.080
13,1,0,90,192.426
13,1,0,90,760.325
13,1,0,90,791.837
13,1,0,90,30.058
13,1,0,90,762.068
13,1,0,90,760.470
13,1,0,90,765.575
13,1,0,90,760.459
13,1,0,90,789.916
13,1,0,90,11.082
13,1,0,90,790.961
13,1,0,90,73.996
13,1,0,90,792.431
13,1,0,90,131.930
13,1,0,90,760.476
13,1,0,90,1032.062
13,1,0,90,769.466
13,1,0,90,126.315
13,1,0,90,794.843
13,1,0,90,1.120
13,1,0,90,760.999
13,1,0,90,760.457
13,1,0,90,760.526
13,1,0,90,756.483
13,1,0,90,86.333
13,1,0,90,791.306
13,1,0,90,7.045
13,1,0,90,779.721
13,1,0,90,117.089
13,1,0,90,791.839
13,1,0,90,55.282
13,1,0,90,761.236
13,1,0,90,790.953
13,1,0,90,106.081
13,1,0,90,762.979
13,1,0,90,843.140
13,1,0,90,761.154
13,1,0,90,765.704
13,1,0,90,763.106
13,1,0,90,759.045
13,1,0,90,100.895
13,1,0,90,302.018
13,1,0,90,759.954
13,1,0,90,758.949
13,1,0,90,760.018
13,1,0,90,760.031
13,1,0,90,198.251
13,1,0,90,787.112
13,1,0,90,763.848
13,1,0,90,182.975
13,1,0,90,758.670
13,1,0,90,198.112
13,1,0,90,199.033
13,1,0,90,825.969
13,1,0,90,101.467
13,1,0,90,826.736
13,1,0,90,198.919
13,1,0,90,824.558
13,1,0,90,764.997
13,1,0,90,824.769
13,1,0,90,756.690
13,1,0,90,186.855
13,1,0,90,761.624
13,1,0,90,195.270
13,1,0,90,776.298
13,1,0,90,762.126
13,1,0,90,200.161
13,1,0,90,237.377
13,1,0,90,760.925
13,1,0,90,763.123
13,1,0,90,198.547
13,1,0,90,796.057
13,1,0,90,756.792
13,1,0,90,125.549
13,1,0,90,760.540
13,1,0,90,313.537
13,1,0,90,759.011
13,1,0,90,761.265
13,1,0,90,764.167
13,1,0,90,786.735
13,1,0,90,760.545
13,1,0,90,761.058
13,1,0,90,198.111
13,1,0,90,795.788
13,1,0,90,756.042
13,1,0,90,122.077
13,1,0,90,759.438
13,1,0,90,834.359
13,1,0,90,758.557
13,1,0,90,816.237
13,1,0,90,762.621
13,1,0,90,787.393
13,1,0,90,760.406
13,1,0,90,760.975
13,1,0,90,194.028
13,1,0,90,728.871
13,1,0,90,762.070
13,1,0,90,758.879
13,1,0,90,199.914
13,1,0,90,831.627
13,1,0,90,758.640
13,1,0,90,826.746
13,1,0,90,38.893
13,1,0,90,795.568
13,1,0,90,758.137
13,1,0,90,121.950
13,1,0,90,759.830
13,1,0,90,734.399
13,1,0,90,815.226
13,1,0,90,759.870
13,1,0,90,199.571
13,1,0,90,776.562
13,1,0,90,35.302
13,1,0,90,816.866
13,1,0,90,108.698
13,1,0,90,824.726
13,1,0,90,32.687
13,1,0,90,816.807
13,1,0,90,78.473
13,1,0,90,815.741
13,1,0,90,85.628
13,1,0,90,824.749
13,1,0,90,30.136
13,1,0,90,825.238
13,1,0,90,29.144
13,1,0,90,817.616
13,1,0,90,109.744
13,1,0,90,825.512
13,1,0,90,33.974
13,1,0,90,815.742
13,1,0,90,760.108
13,1,0,90,118.606
13,1,0,90,762.467
13,1,0,90,760.425
13,1,0,90,198.459
13,1,0,90,288.102
13,1,0,90,68.912
13,1,0,90,769.533
13,1,0,90,760.694
13,1,0,90,316.635
13,1,0,90,759.498
13,1,0,90,228.810
13,1,0,90,825.116
13,1,0,90,339.503
13,1,0,90,760.680
13,1,0,90,762.026
13,1,0,90,761.206
13,1,0,90,219.111
13,1,0,90,67.070
13,1,0,90,759.486
13,1,0,90,760.036
13,1,0,90,166.886
13,1,0,90,760.600
13,1,0,90,761.002
13,1,0,90,199.129
13,1,0,90,743.658
13,1,0,90,814.485
13,1,0,90,166.280
13,1,0,90,763.901
13,1,0,90,827.265
13,1,0,90,58.449
13,1,0,90,775.643
13,1,0,90,183.845
13,1,0,90,759.892
13,1,0,90,760.109
13,1,0,90,763.789
13,1,0,90,198.749
13,1,0,90,181.985
13,1,0,90,753.939
13,1,0,90,757.063
13,1,0,90,198.876
13,1,0,90,824.404
13,1,0,90,758.325
13,1,0,90,826.115
13,1,0,90,89.188
13,1,0,90,824.216
13,1,0,90,27.881
13,1,0,90,828.816
13,1,0,90,189.203
13,1,0,90,211.531
13,1,0,90,826.337
13,1,0,90,92.039
13,1,0,90,759.659
13,1,0,90,864.876
13,1,0,90,133.171
13,1,0,90,792.143
13,1,0,90,58.901
13,1,0,90,792.169
13,1,0,90,7.613
13,1,0,90,761.788
13,1,0,90,761.005
13,1,0,90,768.203
13,1,0,90,760.679
13,1,0,90,761.396
13,1,0,90,761.687
13,1,0,90,761.348
13,1,0,90,761.491
13,1,0,90,762.134
13,1,0,90,764.610
13,1,0,90,761.086
13,1,0,90,761.340
13,1,0,90,763.131
13,1,0,90,761.310
13,1,0,90,921.323
13,1,0,90,28.600
13,1,0,90,791.368
13,1,0,90,9.608
13,1,0,90,1243.651
13,1,0,90,790.537
13,1,0,90,52.869
13,1,0,90,762.082
13,1,0,90,766.132
13,1,0,90,791.497
13,1,0,90,12.348
13,1,0,90,792.375
13,1,0,90,114.132
13,1,0,90,791.605
13,1,0,90,14.381
13,1,0,90,763.835
13,1,0,90,762.848
13,1,0,90,758.028
13,1,0,90,136.989
13,1,0,90,791.443
13,1,0,90,103.348
13,1,0,90,759.895
13,1,0,90,760.890
13,1,0,90,761.532
13,1,0,90,842.267
13,1,0,90,759.485
13,1,0,90,759.905
13,1,0,90,791.603
13,1,0,90,22.102
13,1,0,90,759.185
13,1,0,90,757.291
13,1,0,90,760.322
13,1,0,90,761.521
13,1,0,90,790.274
13,1,0,90,13.958
13,1,0,90,757.079
13,1,0,90,21.244
13,1,0,90,791.253
13,1,0,90,49.270
13,1,0,90,762.446
13,1,0,90,779.774
13,1,0,90,112.772
13,1,0,90,760.874
13,1,0,90,791.924
13,1,0,90,17.701
13,1,0,90,761.080
13,1,0,90,761.278
13,1,0,90,87.425
13,1,0,90,228.900
13,1,0,90,759.188
13,1,0,90,202.871
13,1,0,90,29.163
13,1,0,90,825.542
13,1,0,90,30.059
13,1,0,90,159.257
13,1,0,90,136.881
13,1,0,90,738.095
13,1,0,90,766.015
13,1,0,90,439.548
13,1,0,90,761.060
13,1,0,90,759.554
13,1,0,90,758.845
13,1,0,90,758.766
13,1,0,90,760.075
13,1,0,90,769.144
13,1,0,90,119.234
13,1,0,90,223.062
13,1,0,90,117.242
13,1,0,90,202.107
13,1,0,90,770.154
13,1,0,90,253.373
13,1,0,90,759.643
13,1,0,90,758.767
13,1,0,90,758.817
13,1,0,90,758.867
13,1,0,90,760.955
13,1,0,90,758.579
13,1,0,90,737.703
13,1,0,90,195.127
13,1,0,90,16.548
13,1,0,90,355.615
13,1,0,90,760.496
13,1,0,90,759.343
13,1,0,90,758.615
13,1,0,90,827.831
13,1,0,90,36.849
13,1,0,90,800.080
13,1,0,90,757.019
13,1,0,90,194.832
13,1,0,90,16.438
13,1,0,90,825.095
13,1,0,90,37.150
13,1,0,90,856.195
13,1,0,90,47.954
13,1,0,90,777.092
13,1,0,90,51.758
13,1,0,90,57.048
13,1,0,90,777.002
13,1,0,90,775.200
13,1,0,90,199.791
13,1,0,90,1048.114
13,1,0,90,764.036
13,1,0,90,760.401
13,1,0,90,760.192
13,1,0,90,194.356
13,1,0,90,760.255
13,1,0,90,762.398
13,1,0,90,813.003
13,1,0,90,756.776
13,1,0,90,758.659
13,1,0,90,824.506
13,1,0,90,32.856
13,1,0,90,824.069
13,1,0,90,29.086
13,1,0,90,827.206
13,1,0,90,57.205
13,1,0,90,826.769
13,1,0,90,30.639
13,1,0,90,828.147
13,1,0,90,196.905
13,1,0,90,88.215
13,1,0,90,814.483
13,1,0,90,757.867
13,1,0,90,199.587
13,1,0,90,825.430
13,1,0,90,201.205
13,1,0,90,826.178
13,1,0,90,87.103
13,1,0,90,824.723
13,1,0,90,41.666
13,1,0,90,827.138
13,1,0,90,761.059
13,1,0,90,825.831
13,1,0,90,34.089
13,1,0,90,757.154
13,1,0,90,199.318
13,1,0,90,826.087
13,1,0,90,759.230
13,1,0,90,827.446
13,1,0,90,66.630
13,1,0,90,827.862
13,1,0,90,35.712
13,1,0,90,467.945
13,1,0,90,827.160
13,1,0,90,226.880
13,1,0,90,751.576
13,1,0,90,815.774
13,1,0,90,759.676
13,1,0,90,825.892
13,1,0,90,32.465
13,1,0,90,824.548
13,1,0,90,35.288
13,1,0,90,788.686
13,1,0,90,761.458
13,1,0,90,758.657
13,1,0,90,761.873
13,1,0,90,789.701
13,1,0,90,760.251
13,1,0,90,731.765
13,1,0,90,760.981
13,1,0,90,309.034
13,1,0,90,16.678
13,1,0,90,763.132
13,1,0,90,760.774
13,1,0,90,825.621
13,1,0,90,34.045
13,1,0,90,827.628
13,1,0,90,34.331
13,1,0,90,115.973
13,1,0,90,755.631
13,1,0,90,756.311
13,1,0,90,199.160
13,1,0,90,336.876
13,1,0,90,824.646
13,1,0,90,222.885
13,1,0,90,759.580
13,1,0,90,817.185
13,1,0,90,200.257
13,1,0,90,824.360
13,1,0,90,31.433
13,1,0,90,757.016
13,1,0,90,77.847
13,1,0,90,135.323
13,1,0,90,760.981
13,1,0,90,179.608
13,1,0,90,824.822
13,1,0,90,230.375
13,1,0,90,760.311
13,1,0,90,761.806
13,1,0,90,826.559
13,1,0,90,214.891
13,1,0,90,767.234
13,1,0,90,280.342
13,1,0,90,117.393
13,1,0,90,23.981
13,1,0,90,760.842
13,1,0,90,89.840
13,1,0,90,825.183
13,1,0,90,87.792
13,1,0,90,828.116
13,1,0,90,221.929
13,1,0,90,761.328
13,1,0,90,759.730
13,1,0,90,827.372
13,1,0,90,222.111
13,1,0,90,760.621
13,1,0,90,755.671
13,1,0,90,758.166
13,1,0,90,297.811
14,1,1,90,0.370
14,1,1,90,220.401
14,1,1,90,444.875
14,1,1,90,845.034
14,1,1,90,772.233
14,1,1,90,274.767
14,1,1,90,121.189
14,1,1,90,833.865
14,1,1,90,135.159
14,1,1,90,848.835
14,1,1,90,773.090
14,1,1,90,166.439
14,1,1,90,887.263
14,1,1,90,210.447
14,1,1,90,835.494
14,1,1,90,160.066
14,1,1,90,855.779
14,1,1,90,117.537
14,1,1,90,830.842
14,1,1,90,210.636
14,1,1,90,26.391
14,1,1,90,861.307
14,1,1,90,50.677
14,1,1,90,1462.349
14,1,1,90,812.958
14,1,1,90,767.101
14,1,1,90,101.377
14,1,1,90,843.516
14,1,1,90,799.677
14,1,1,90,799.357
14,1,1,90,281.428
14,1,1,90,869.975
14,1,1,90,224.825
14,1,1,90,798.335
14,1,1,90,798.830
14,1,1,90,1665.949
14,1,1,90,846.874
14,1,1,90,118.243
14,1,1,90,822.438
14,1,1,90,238.750
14,1,1,90,769.983
14,1,1,90,192.462
14,1,1,90,127.401
14,1,1,90,793.448
14,1,1,90,113.465
14,1,1,90,856.400
14,1,1,90,50.825
14,1,1,90,1912.698
14,1,1,90,1237.548
14,1,1,90,871.193
14,1,1,90,798.891
14,1,1,90,800.164
14,1,1,90,196.884
14,1,1,90,1136.559
14,1,1,90,800.851
14,1,1,90,812.864
14,1,1,90,166.066
14,1,1,90,799.224
14,1,1,90,799.737
14,1,1,90,1652.542
14,1,1,90,1130.187
14,1,1,90,799.721
14,1,1,90,796.419
14,1,1,90,272.916
14,1,1,90,831.501
14,1,1,90,142.814
14,1,1,90,124.290
14,1,1,90,844.966
14,1,1,90,799.294
14,1,1,90,798.400
14,1,1,90,802.394
14,1,1,90,1733.125
14,1,1,90,1248.881
14,1,1,90,816.396
14,1,1,90,95.932
14,1,1,90,800.163
14,1,1,90,101.958
14,1,1,90,794.745
14,1,1,90,762.666
14,1,1,90,767.938
14,1,1,90,767.359
14,1,1,90,74.709
14,1,1,90,831.866
14,1,1,90,764.380
14,1,1,90,68.767
14,1,1,90,768.313
14,1,1,90,32.015
14,1,1,90,734.043
14,1,1,90,743.149
14,1,1,90,794.847
14,1,1,90,763.323
14,1,1,90,732.874
14,1,1,90,741.887
14,1,1,90,766.548
14,1,1,90,770.709
14,1,1,90,25.356
14,1,1,90,768.457
14,1,1,90,768.008
14,1,1,90,772.465
14,1,1,90,4.927
14,1,1,90,742.028
14,1,1,90,795.023
14,1,1,90,768.777
14,1,1,90,769.919
14,1,1,90,769.710
14,1,1,90,55.320
14,1,1,90,773.274
14,1,1,90,769.176
14,1,1,90,130.303
14,1,1,90,768.146
14,1,1,90,35.052
14,1,1,90,793.598
14,1,1,90,769.149
14,1,1,90,17.314
14,1,1,90,765.230
14,1,1,90,734.614
14,1,1,90,21.594
14,1,1,90,794.362
14,1,1,90,784.634
14,1,1,90,763.592
14,1,1,90,733.642
14,1,1,90,105.400
14,1,1,90,769.483
14,1,1,90,31.204
14,1,1,90,737.787
14,1,1,90,796.115
14,1,1,90,804.535
14,1,1,90,793.604
14,1,1,90,778.414
14,1,1,90,766.131
14,1,1,90,769.681
14,1,1,90,15.642
14,1,1,90,741.503
14,1,1,90,768.239
14,1,1,90,770.048
14,1,1,90,793.135
14,1,1,90,765.889
14,1,1,90,12.721
14,1,1,90,773.434
14,1,1,90,933.946
14,1,1,90,22.316
14,1,1,90,766.325
14,1,1,90,742.171
14,1,1,90,768.907
14,1,1,90,34.720
14,1,1,90,801.173
14,1,1,90,3.080
14,1,1,90,782.089
14,1,1,90,689.936
14,1,1,90,772.744
14,1,1,90,93.317
14,1,1,90,771.678
14,1,1,90,2.158
14,1,1,90,798.797
14,1,1,90,772.384
14,1,1,90,9.790
14,1,1,90,176.969
14,1,1,90,768.738
14,1,1,90,33.848
14,1,1,90,768.061
14,1,1,90,738.241
14,1,1,90,762.957
14,1,1,90,743.396
14,1,1,90,843.391
14,1,1,90,766.997
14,1,1,90,792.232
14,1,1,90,773.412
14,1,1,90,122.725
14,1,1,90,182.015
14,1,1,90,780.914
14,1,1,90,42.320
14,1,1,90,798.884
14,1,1,90,15.976
14,1,1,90,796.411
14,1,1,90,15.484
14,1,1,90,771.363
14,1,1,90,82.658
14,1,1,90,767.667
14,1,1,90,28.999
14,1,1,90,57.530
14,1,1,90,768.095
14,1,1,90,56.816
14,1,1,90,776.140
14,1,1,90,211.786
14,1,1,90,72.133
14,1,1,90,735.828
14,1,1,90,774.489
14,1,1,90,88.950
14,1,1,90,164.370
14,1,1,90,794.250
14,1,1,90,771.263
14,1,1,90,1.299
14,1,1,90,769.697
14,1,1,90,825.080
14,1,1,90,779.149
14,1,1,90,792.625
14,1,1,90,765.972
14,1,1,90,167.858
14,1,1,90,770.813
14,1,1,90,45.181
14,1,1,90,778.728
14,1,1,90,106.522
14,1,1,90,767.976
14,1,1,90,1017.821
14,1,1,90,787.113
14,1,1,90,97.056
14,1,1,90,812.547
14,1,1,90,17.120
14,1,1,90,746.851
14,1,1,90,794.771
14,1,1,90,784.136
14,1,1,90,797.094
14,1,1,90,57.111
14,1,1,90,769.083
14,1,1,90,29.730
14,1,1,90,770.091
14,1,1,90,89.719
14,1,1,90,781.339
14,1,1,90,25.912
14,1,1,90,793.199
14,1,1,90,766.008
14,1,1,90,78.858
14,1,1,90,786.775
14,1,1,90,843.603
14,1,1,90,741.135
14,1,1,90,794.129
14,1,1,90,735.883
14,1,1,90,768.137
14,1,1,90,70.802
14,1,1,90,272.592
14,1,1,90,731.565
14,1,1,90,730.523
14,1,1,90,731.758
14,1,1,90,731.623
14,1,1,90,168.676
14,1,1,90,757.186
14,1,1,90,735.385
14,1,1,90,153.642
14,1,1,90,730.615
14,1,1,90,170.131
14,1,1,90,174.162
14,1,1,90,796.617
14,1,1,90,72.726
14,1,1,90,836.606
14,1,1,90,169.400
14,1,1,90,795.465
14,1,1,90,737.405
14,1,1,90,851.825
14,1,1,90,765.431
14,1,1,90,157.540
14,1,1,90,733.753
14,1,1,90,168.381
14,1,1,90,778.113
14,1,1,90,734.385
14,1,1,90,171.050
14,1,1,90,207.655
14,1,1,90,732.888
14,1,1,90,735.475
14,1,1,90,169.139
14,1,1,90,814.852
14,1,1,90,728.718
14,1,1,90,96.753
14,1,1,90,732.151
14,1,1,90,285.500
14,1,1,90,730.955
14,1,1,90,735.783
14,1,1,90,738.389
14,1,1,90,769.032
14,1,1,90,732.397
14,1,1,90,733.428
14,1,1,90,168.593
14,1,1,90,813.936
14,1,1,90,728.394
14,1,1,90,102.632
14,1,1,90,731.105
14,1,1,90,829.229
14,1,1,90,767.001
14,1,1,90,786.848
14,1,1,90,764.972
14,1,1,90,801.522
14,1,1,90,732.350
14,1,1,90,733.104
14,1,1,90,164.657
14,1,1,90,702.075
14,1,1,90,768.051
14,1,1,90,732.601
14,1,1,90,170.580
14,1,1,90,822.886
14,1,1,90,731.640
14,1,1,90,798.005
14,1,1,90,9.596
14,1,1,90,814.920
14,1,1,90,730.100
14,1,1,90,103.469
14,1,1,90,731.182
14,1,1,90,709.306
14,1,1,90,817.467
14,1,1,90,732.073
14,1,1,90,170.367
14,1,1,90,781.581
14,1,1,90,17.542
14,1,1,90,787.977
14,1,1,90,97.772
14,1,1,90,795.911
14,1,1,90,2.632
14,1,1,90,786.974
14,1,1,90,48.861
14,1,1,90,788.241
14,1,1,90,67.443
14,1,1,90,796.063
14,1,1,90,0.192
14,1,1,90,795.886
14,1,1,90,0.329
14,1,1,90,788.671
14,1,1,90,99.410
14,1,1,90,796.846
14,1,1,90,3.919
14,1,1,90,786.761
14,1,1,90,731.515
14,1,1,90,89.957
14,1,1,90,733.986
14,1,1,90,732.239
14,1,1,90,168.867
14,1,1,90,258.805
14,1,1,90,39.468
14,1,1,90,741.366
14,1,1,90,766.509
14,1,1,90,287.209
14,1,1,90,731.109
14,1,1,90,201.773
14,1,1,90,796.690
14,1,1,90,315.891
14,1,1,90,732.791
14,1,1,90,733.971
14,1,1,90,733.169
14,1,1,90,199.204
14,1,1,90,51.958
14,1,1,90,737.301
14,1,1,90,734.647
14,1,1,90,137.034
14,1,1,90,731.840
14,1,1,90,731.742
14,1,1,90,169.721
14,1,1,90,722.991
14,1,1,90,784.541
14,1,1,90,135.909
14,1,1,90,735.789
14,1,1,90,815.969
14,1,1,90,28.412
14,1,1,90,776.884
14,1,1,90,154.215
14,1,1,90,731.818
14,1,1,90,731.886
14,1,1,90,735.863
14,1,1,90,169.119
14,1,1,90,152.077
14,1,1,90,725.754
14,1,1,90,728.878
14,1,1,90,169.320
14,1,1,90,796.052
14,1,1,90,732.788
14,1,1,90,797.152
14,1,1,90,59.910
14,1,1,90,795.252
14,1,1,90,54.899
14,1,1,90,799.686
14,1,1,90,159.480
14,1,1,90,182.012
14,1,1,90,797.559
14,1,1,90,107.002
14,1,1,90,731.456
14,1,1,90,838.098
14,1,1,90,106.578
14,1,1,90,770.384
14,1,1,90,29.086
14,1,1,90,772.799
14,1,1,90,32.594
14,1,1,90,795.029
14,1,1,90,778.486
14,1,1,90,819.462
14,1,1,90,743.013
14,1,1,90,762.822
14,1,1,90,769.242
14,1,1,90,797.996
14,1,1,90,767.195
14,1,1,90,767.948
14,1,1,90,741.184
14,1,1,90,762.808
14,1,1,90,731.951
14,1,1,90,765.038
14,1,1,90,746.070
14,1,1,90,903.508
14,1,1,90,62.785
14,1,1,90,799.368
14,1,1,90,15.626
14,1,1,90,1219.151
14,1,1,90,761.315
14,1,1,90,23.387
14,1,1,90,773.619
14,1,1,90,794.872
14,1,1,90,771.108
14,1,1,90,24.569
14,1,1,90,769.134
14,1,1,90,85.577
14,1,1,90,766.642
14,1,1,90,114.955
14,1,1,90,756.927
14,1,1,90,795.107
14,1,1,90,733.028
14,1,1,90,108.526
14,1,1,90,767.646
14,1,1,90,96.219
14,1,1,90,738.413
14,1,1,90,800.408
14,1,1,90,769.254
14,1,1,90,834.249
14,1,1,90,771.688
14,1,1,90,793.053
14,1,1,90,767.418
14,1,1,90,184.656
14,1,1,90,730.870
14,1,1,90,731.383
14,1,1,90,765.674
14,1,1,90,793.613
14,1,1,90,766.219
14,1,1,90,170.383
14,1,1,90,733.578
14,1,1,90,138.391
14,1,1,90,767.271
14,1,1,90,19.640
14,1,1,90,777.131
14,1,1,90,799.329
14,1,1,90,103.309
14,1,1,90,745.726
14,1,1,90,765.998
14,1,1,90,84.811
14,1,1,90,748.672
14,1,1,90,732.889
14,1,1,90,58.758
14,1,1,90,199.418
14,1,1,90,731.206
14,1,1,90,172.945
14,1,1,90,0.144
14,1,1,90,796.190
14,1,1,90,56.540
14,1,1,90,129.071
14,1,1,90,108.288
14,1,1,90,709.465
14,1,1,90,737.404
14,1,1,90,410.215
14,1,1,90,732.689
14,1,1,90,731.462
14,1,1,90,730.975
14,1,1,90,767.395
14,1,1,90,731.945
14,1,1,90,774.292
14,1,1,90,89.957
14,1,1,90,194.580
14,1,1,90,88.853
14,1,1,90,172.403
14,1,1,90,752.931
14,1,1,90,223.151
14,1,1,90,731.198
14,1,1,90,730.619
14,1,1,90,730.688
14,1,1,90,767.349
14,1,1,90,732.862
14,1,1,90,767.745
14,1,1,90,709.055
14,1,1,90,166.886
14,1,1,90,123.806
14,1,1,90,326.541
14,1,1,90,731.996
14,1,1,90,730.417
14,1,1,90,762.818
14,1,1,90,798.961
14,1,1,90,6.867
14,1,1,90,817.839
14,1,1,90,728.723
14,1,1,90,168.369
14,1,1,90,20.012
14,1,1,90,796.373
14,1,1,90,7.631
14,1,1,90,826.103
14,1,1,90,30.990
14,1,1,90,784.796
14,1,1,90,22.276
14,1,1,90,28.271
14,1,1,90,755.057
14,1,1,90,746.885
14,1,1,90,170.476
14,1,1,90,1018.540
14,1,1,90,767.758
14,1,1,90,732.382
14,1,1,90,732.525
14,1,1,90,176.319
14,1,1,90,731.977
14,1,1,90,736.676
14,1,1,90,819.818
14,1,1,90,728.665
14,1,1,90,767.492
14,1,1,90,795.820
14,1,1,90,2.893
14,1,1,90,794.958
14,1,1,90,56.956
14,1,1,90,798.595
14,1,1,90,27.186
14,1,1,90,798.121
14,1,1,90,1.379
14,1,1,90,799.240
14,1,1,90,167.571
14,1,1,90,58.066
14,1,1,90,782.205
14,1,1,90,729.978
14,1,1,90,170.420
14,1,1,90,796.374
14,1,1,90,177.631
14,1,1,90,797.567
14,1,1,90,56.936
14,1,1,90,795.278
14,1,1,90,12.425
14,1,1,90,798.008
14,1,1,90,737.744
14,1,1,90,797.109
14,1,1,90,4.422
14,1,1,90,729.283
14,1,1,90,170.114
14,1,1,90,796.957
14,1,1,90,735.767
14,1,1,90,797.965
14,1,1,90,43.390
14,1,1,90,799.047
14,1,1,90,8.546
14,1,1,90,460.093
14,1,1,90,798.382
14,1,1,90,217.028
14,1,1,90,723.427
14,1,1,90,786.144
14,1,1,90,735.065
14,1,1,90,796.522
14,1,1,90,0.632
14,1,1,90,795.918
14,1,1,90,6.269
14,1,1,90,802.648
14,1,1,90,732.866
14,1,1,90,767.397
14,1,1,90,764.540
14,1,1,90,804.904
14,1,1,90,732.362
14,1,1,90,704.468
14,1,1,90,732.852
14,1,1,90,280.441
14,1,1,90,16.567
14,1,1,90,735.687
14,1,1,90,771.330
14,1,1,90,797.250
14,1,1,90,5.045
14,1,1,90,798.573
14,1,1,90,4.331
14,1,1,90,86.769
14,1,1,90,727.723
14,1,1,90,730.403
14,1,1,90,169.975
14,1,1,90,307.784
14,1,1,90,796.072
14,1,1,90,194.014
14,1,1,90,765.413
14,1,1,90,797.944
14,1,1,90,170.979
14,1,1,90,795.322
14,1,1,90,2.007
14,1,1,90,730.923
14,1,1,90,48.218
14,1,1,90,114.397
14,1,1,90,732.851
14,1,1,90,150.905
14,1,1,90,796.322
14,1,1,90,217.430
14,1,1,90,732.404
14,1,1,90,736.417
14,1,1,90,797.781
14,1,1,90,216.798
14,1,1,90,738.826
14,1,1,90,269.027
14,1,1,90,88.245
14,1,1,90,2.999
14,1,1,90,732.786
14,1,1,90,61.081
14,1,1,90,796.534
14,1,1,90,89.051
14,1,1,90,799.412
14,1,1,90,211.058
14,1,1,90,735.217
14,1,1,90,735.711
14,1,1,90,798.632
14,1,1,90,204.203
14,1,1,90,732.732
14,1,1,90,765.634
14,1,1,90,730.110
14,1,1,90,267.570
15,1,2,90,0.388
15,1,2,90,220.974
15,1,2,90,443.394
15,1,2,90,883.256
15,1,2,90,770.437
15,1,2,90,310.526
15,1,2,90,120.948
15,1,2,90,927.457
15,1,2,90,132.826
15,1,2,90,891.057
15,1,2,90,771.163
15,1,2,90,171.198
15,1,2,90,966.911
15,1,2,90,208.187
15,1,2,90,878.512
15,1,2,90,157.751
15,1,2,90,897.001
15,1,2,90,115.037
15,1,2,90,836.212
15,1,2,90,207.784
15,1,2,90,43.335
15,1,2,90,989.140
15,1,2,90,93.028
15,1,2,90,1470.015
15,1,2,90,824.624
15,1,2,90,767.416
15,1,2,90,103.303
15,1,2,90,885.256
15,1,2,90,812.918
15,1,2,90,816.042
15,1,2,90,290.984
15,1,2,90,921.049
15,1,2,90,229.584
15,1,2,90,810.668
15,1,2,90,808.422
15,1,2,90,1663.412
15,1,2,90,840.578
15,1,2,90,115.799
15,1,2,90,824.900
15,1,2,90,229.139
15,1,2,90,792.019
15,1,2,90,198.258
15,1,2,90,128.364
15,1,2,90,880.651
15,1,2,90,111.168
15,1,2,90,940.492
15,1,2,90,92.491
15,1,2,90,2000.771
15,1,2,90,1236.900
15,1,2,90,912.248
15,1,2,90,808.780
15,1,2,90,814.534
15,1,2,90,194.902
15,1,2,90,1133.540
15,1,2,90,813.518
15,1,2,90,832.327
15,1,2,90,170.251
15,1,2,90,812.575
15,1,2,90,812.959
15,1,2,90,1650.153
15,1,2,90,1130.928
15,1,2,90,811.406
15,1,2,90,809.604
15,1,2,90,262.083
15,1,2,90,881.889
15,1,2,90,146.239
15,1,2,90,126.197
15,1,2,90,870.132
15,1,2,90,805.960
15,1,2,90,809.492
15,1,2,90,812.857
15,1,2,90,1744.161
15,1,2,90,1247.103
15,1,2,90,821.544
15,1,2,90,93.395
15,1,2,90,813.811
15,1,2,90,99.551
15,1,2,90,795.393
15,1,2,90,779.129
15,1,2,90,803.530
15,1,2,90,749.581
15,1,2,90,67.653
15,1,2,90,845.088
15,1,2,90,748.139
15,1,2,90,51.748
15,1,2,90,798.276
15,1,2,90,13.682
15,1,2,90,756.691
15,1,2,90,766.186
15,1,2,90,795.273
15,1,2,90,778.434
15,1,2,90,714.207
15,1,2,90,763.701
15,1,2,90,807.918
15,1,2,90,810.986
15,1,2,90,12.115
15,1,2,90,764.716
15,1,2,90,755.396
15,1,2,90,798.613
15,1,2,90,627.071
15,1,2,90,764.806
15,1,2,90,795.115
15,1,2,90,757.536
15,1,2,90,756.827
15,1,2,90,751.562
15,1,2,90,39.283
15,1,2,90,761.736
15,1,2,90,821.175
15,1,2,90,111.396
15,1,2,90,752.220
15,1,2,90,16.848
15,1,2,90,798.265
15,1,2,90,804.944
15,1,2,90,3.684
15,1,2,90,770.582
15,1,2,90,761.891
15,1,2,90,3.112
15,1,2,90,775.732
15,1,2,90,772.282
15,1,2,90,779.499
15,1,2,90,722.105
15,1,2,90,84.659
15,1,2,90,812.779
15,1,2,90,19.463
15,1,2,90,759.620
15,1,2,90,795.541
15,1,2,90,795.295
15,1,2,90,805.197
15,1,2,90,770.765
15,1,2,90,806.815
15,1,2,90,752.107
15,1,2,90,2.364
15,1,2,90,722.596
15,1,2,90,766.498
15,1,2,90,758.640
15,1,2,90,803.227
15,1,2,90,746.741
15,1,2,90,152.053
15,1,2,90,762.285
15,1,2,90,969.297
15,1,2,90,3.464
15,1,2,90,791.158
15,1,2,90,764.782
15,1,2,90,798.703
15,1,2,90,16.350
15,1,2,90,793.192
15,1,2,90,628.261
15,1,2,90,764.700
15,1,2,90,687.361
15,1,2,90,800.003
15,1,2,90,74.872
15,1,2,90,755.474
15,1,2,90,622.433
15,1,2,90,810.593
15,1,2,90,803.013
15,1,2,90,124.641
15,1,2,90,163.876
15,1,2,90,752.386
15,1,2,90,15.700
15,1,2,90,803.838
15,1,2,90,763.351
15,1,2,90,793.605
15,1,2,90,766.692
15,1,2,90,836.650
15,1,2,90,748.515
15,1,2,90,805.361
15,1,2,90,799.671
15,1,2,90,105.780
15,1,2,90,166.756
15,1,2,90,801.228
15,1,2,90,23.190
15,1,2,90,789.551
15,1,2,90,73.142
15,1,2,90,790.948
15,1,2,90,77.483
15,1,2,90,754.215
15,1,2,90,63.620
15,1,2,90,801.018
15,1,2,90,10.740
15,1,2,90,45.419
15,1,2,90,751.206
15,1,2,90,44.686
15,1,2,90,800.677
15,1,2,90,204.748
15,1,2,90,53.985
15,1,2,90,764.049
15,1,2,90,800.192
15,1,2,90,70.061
15,1,2,90,145.925
15,1,2,90,781.342
15,1,2,90,796.893
15,1,2,90,632.370
15,1,2,90,758.771
15,1,2,90,814.098
15,1,2,90,767.741
15,1,2,90,805.699
15,1,2,90,806.027
15,1,2,90,157.784
15,1,2,90,753.368
15,1,2,90,25.644
15,1,2,90,804.709
15,1,2,90,87.559
15,1,2,90,751.180
15,1,2,90,999.358
15,1,2,90,769.447
15,1,2,90,79.574
15,1,2,90,803.269
15,1,2,90,12.453
15,1,2,90,768.629
15,1,2,90,788.142
15,1,2,90,765.266
15,1,2,90,811.649
15,1,2,90,39.889
15,1,2,90,801.712
15,1,2,90,11.415
15,1,2,90,795.442
15,1,2,90,73.015
15,1,2,90,763.654
15,1,2,90,7.134
15,1,2,90,798.643
15,1,2,90,748.675
15,1,2,90,60.025
15,1,2,90,775.571
15,1,2,90,852.306
15,1,2,90,764.005
15,1,2,90,786.685
15,1,2,90,716.680
15,1,2,90,809.451
15,1,2,90,54.246
15,1,2,90,255.721
15,1,2,90,756.621
15,1,2,90,745.430
15,1,2,90,748.832
15,1,2,90,717.790
15,1,2,90,157.232
15,1,2,90,800.186
15,1,2,90,743.848
15,1,2,90,136.456
15,1,2,90,744.411
15,1,2,90,152.112
15,1,2,90,157.366
15,1,2,90,788.154
15,1,2,90,63.171
15,1,2,90,829.180
15,1,2,90,150.770
15,1,2,90,782.206
15,1,2,90,717.219
15,1,2,90,843.343
15,1,2,90,787.579
15,1,2,90,138.577
15,1,2,90,748.587
15,1,2,90,152.103
15,1,2,90,760.002
15,1,2,90,716.237
15,1,2,90,152.698
15,1,2,90,189.137
15,1,2,90,750.498
15,1,2,90,717.808
15,1,2,90,151.065
15,1,2,90,827.093
15,1,2,90,746.477
15,1,2,90,79.938
15,1,2,90,743.633
15,1,2,90,266.722
15,1,2,90,716.011
15,1,2,90,718.283
15,1,2,90,717.222
15,1,2,90,793.050
15,1,2,90,752.082
15,1,2,90,722.854
15,1,2,90,150.056
15,1,2,90,825.343
15,1,2,90,744.116
15,1,2,90,84.299
15,1,2,90,746.994
15,1,2,90,816.506
15,1,2,90,747.964
15,1,2,90,777.885
15,1,2,90,745.768
15,1,2,90,812.855
15,1,2,90,750.183
15,1,2,90,716.215
15,1,2,90,146.083
15,1,2,90,683.353
15,1,2,90,819.198
15,1,2,90,741.138
15,1,2,90,153.265
15,1,2,90,840.904
15,1,2,90,713.214
15,1,2,90,782.783
15,1,2,90,16.744
15,1,2,90,826.549
15,1,2,90,745.081
15,1,2,90,84.635
15,1,2,90,746.996
15,1,2,90,692.510
15,1,2,90,797.337
15,1,2,90,714.425
15,1,2,90,153.682
15,1,2,90,765.562
15,1,2,90,69.819
15,1,2,90,776.681
15,1,2,90,78.957
15,1,2,90,783.318
15,1,2,90,18.817
15,1,2,90,778.733
15,1,2,90,51.732
15,1,2,90,782.981
15,1,2,90,48.536
15,1,2,90,778.156
15,1,2,90,3.747
15,1,2,90,781.663
15,1,2,90,90.403
15,1,2,90,777.542
15,1,2,90,80.670
15,1,2,90,780.031
15,1,2,90,22.381
15,1,2,90,786.872
15,1,2,90,713.219
15,1,2,90,76.124
15,1,2,90,751.041
15,1,2,90,717.054
15,1,2,90,150.867
15,1,2,90,241.861
15,1,2,90,27.505
15,1,2,90,760.236
15,1,2,90,749.971
15,1,2,90,270.043
15,1,2,90,746.868
15,1,2,90,189.810
15,1,2,90,780.412
15,1,2,90,292.613
15,1,2,90,750.272
15,1,2,90,716.230
15,1,2,90,715.039
15,1,2,90,181.241
15,1,2,90,38.699
15,1,2,90,742.523
15,1,2,90,714.758
15,1,2,90,117.849
15,1,2,90,751.155
15,1,2,90,719.316
15,1,2,90,158.055
15,1,2,90,758.324
15,1,2,90,779.652
15,1,2,90,117.150
15,1,2,90,752.030
15,1,2,90,802.617
15,1,2,90,32.393
15,1,2,90,758.495
15,1,2,90,142.030
15,1,2,90,747.651
15,1,2,90,747.534
15,1,2,90,717.066
15,1,2,90,157.656
15,1,2,90,133.188
15,1,2,90,716.105
15,1,2,90,743.729
15,1,2,90,151.005
15,1,2,90,780.163
15,1,2,90,714.473
15,1,2,90,781.930
15,1,2,90,53.151
15,1,2,90,777.882
15,1,2,90,36.584
15,1,2,90,785.112
15,1,2,90,143.369
15,1,2,90,163.123
15,1,2,90,781.818
15,1,2,90,93.761
15,1,2,90,746.178
15,1,2,90,819.264
15,1,2,90,89.467
15,1,2,90,806.939
15,1,2,90,11.067
15,1,2,90,799.354
15,1,2,90,13.964
15,1,2,90,795.306
15,1,2,90,808.134
15,1,2,90,806.703
15,1,2,90,725.698
15,1,2,90,770.766
15,1,2,90,768.538
15,1,2,90,799.163
15,1,2,90,757.917
15,1,2,90,759.393
15,1,2,90,755.443
15,1,2,90,787.196
15,1,2,90,710.840
15,1,2,90,792.426
15,1,2,90,771.643
15,1,2,90,897.785
15,1,2,90,44.396
15,1,2,90,789.145
15,1,2,90,76.551
15,1,2,90,1212.947
15,1,2,90,771.018
15,1,2,90,7.684
15,1,2,90,759.933
15,1,2,90,808.298
15,1,2,90,811.367
15,1,2,90,11.773
15,1,2,90,751.541
15,1,2,90,67.206
15,1,2,90,749.660
15,1,2,90,98.455
15,1,2,90,780.483
15,1,2,90,794.921
15,1,2,90,713.713
15,1,2,90,93.396
15,1,2,90,748.924
15,1,2,90,89.922
15,1,2,90,764.265
15,1,2,90,800.648
15,1,2,90,758.384
15,1,2,90,845.674
15,1,2,90,761.336
15,1,2,90,804.941
15,1,2,90,786.992
15,1,2,90,170.434
15,1,2,90,763.018
15,1,2,90,759.901
15,1,2,90,796.025
15,1,2,90,808.076
15,1,2,90,748.107
15,1,2,90,154.290
15,1,2,90,758.948
15,1,2,90,119.650
15,1,2,90,748.586
15,1,2,90,0.918
15,1,2,90,765.927
15,1,2,90,806.384
15,1,2,90,85.160
15,1,2,90,726.651
15,1,2,90,748.479
15,1,2,90,68.755
15,1,2,90,730.172
15,1,2,90,758.204
15,1,2,90,46.943
15,1,2,90,184.548
15,1,2,90,746.225
15,1,2,90,159.556
15,1,2,90,21.144
15,1,2,90,785.023
15,1,2,90,81.151
15,1,2,90,110.108
15,1,2,90,89.214
15,1,2,90,695.724
15,1,2,90,746.292
15,1,2,90,391.863
15,1,2,90,748.856
15,1,2,90,746.684
15,1,2,90,746.604
15,1,2,90,749.025
15,1,2,90,746.630
15,1,2,90,789.976
15,1,2,90,71.327
15,1,2,90,175.450
15,1,2,90,70.538
15,1,2,90,153.143
15,1,2,90,754.042
15,1,2,90,205.651
15,1,2,90,746.902
15,1,2,90,746.063
15,1,2,90,746.058
15,1,2,90,748.960
15,1,2,90,744.195
15,1,2,90,794.189
15,1,2,90,690.684
15,1,2,90,148.867
15,1,2,90,105.177
15,1,2,90,310.022
15,1,2,90,748.607
15,1,2,90,748.342
15,1,2,90,770.559
15,1,2,90,783.646
15,1,2,90,25.108
15,1,2,90,829.153
15,1,2,90,745.500
15,1,2,90,151.757
15,1,2,90,6.216
15,1,2,90,785.854
15,1,2,90,129.704
15,1,2,90,807.547
15,1,2,90,58.583
15,1,2,90,766.814
15,1,2,90,52.664
15,1,2,90,9.382
15,1,2,90,736.687
15,1,2,90,729.071
15,1,2,90,152.179
15,1,2,90,1002.299
15,1,2,90,793.572
15,1,2,90,747.604
15,1,2,90,747.469
15,1,2,90,158.763
15,1,2,90,749.718
15,1,2,90,718.083
15,1,2,90,834.447
15,1,2,90,746.850
15,1,2,90,749.140
15,1,2,90,779.839
15,1,2,90,20.060
15,1,2,90,778.717
15,1,2,90,74.530
15,1,2,90,785.910
15,1,2,90,19.945
15,1,2,90,782.714
15,1,2,90,9.805
15,1,2,90,782.851
15,1,2,90,155.441
15,1,2,90,46.566
15,1,2,90,821.723
15,1,2,90,744.811
15,1,2,90,152.290
15,1,2,90,778.892
15,1,2,90,164.853
15,1,2,90,786.363
15,1,2,90,74.676
15,1,2,90,788.519
15,1,2,90,25.851
15,1,2,90,782.730
15,1,2,90,720.170
15,1,2,90,781.201
15,1,2,90,16.181
15,1,2,90,746.616
15,1,2,90,151.892
15,1,2,90,779.846
15,1,2,90,717.748
15,1,2,90,789.909
15,1,2,90,30.556
15,1,2,90,787.713
15,1,2,90,20.990
15,1,2,90,443.408
15,1,2,90,787.901
15,1,2,90,199.139
15,1,2,90,704.464
15,1,2,90,779.773
15,1,2,90,717.731
15,1,2,90,782.448
15,1,2,90,73.668
15,1,2,90,781.326
15,1,2,90,55.898
15,1,2,90,813.481
15,1,2,90,749.217
15,1,2,90,748.119
15,1,2,90,773.836
15,1,2,90,816.738
15,1,2,90,749.455
15,1,2,90,686.339
15,1,2,90,751.036
15,1,2,90,266.534
15,1,2,90,76.492
15,1,2,90,742.557
15,1,2,90,752.737
15,1,2,90,780.565
15,1,2,90,17.101
15,1,2,90,783.480
15,1,2,90,73.571
15,1,2,90,76.251
15,1,2,90,757.390
15,1,2,90,744.514
15,1,2,90,151.493
15,1,2,90,293.357
15,1,2,90,780.738
15,1,2,90,177.773
15,1,2,90,773.116
15,1,2,90,813.814
15,1,2,90,153.239
15,1,2,90,780.396
15,1,2,90,66.376
15,1,2,90,744.775
15,1,2,90,30.125
15,1,2,90,102.860
15,1,2,90,747.499
15,1,2,90,134.404
15,1,2,90,777.433
15,1,2,90,204.967
15,1,2,90,747.959
15,1,2,90,717.639
15,1,2,90,781.633
15,1,2,90,198.094
15,1,2,90,756.326
15,1,2,90,250.398
15,1,2,90,69.893
15,1,2,90,21.740
15,1,2,90,742.971
15,1,2,90,76.599
15,1,2,90,780.294
15,1,2,90,75.403
15,1,2,90,783.986
15,1,2,90,197.521
15,1,2,90,750.754
15,1,2,90,718.100
15,1,2,90,783.020
15,1,2,90,184.814
15,1,2,90,750.213
15,1,2,90,746.949
15,1,2,90,744.573
15,1,2,90,256.663
16,1,2,90,0.426
16,1,2,90,769.139
16,1,2,90,44.212
16,1,2,90,768.406
16,1,2,90,118.608
16,1,2,90,191.380
16,1,2,90,110.653
16,1,2,90,763.625
16,1,2,90,72.568
16,1,2,90,760.485
16,1,2,90,49.224
16,1,2,90,1849.005
16,1,2,90,1196.855
16,1,2,90,766.056
16,1,2,90,37.295
16,1,2,90,765.823
16,1,2,90,77.673
16,1,2,90,763.164
16,1,2,90,4.070
16,1,2,90,923.226
16,1,2,90,92.632
16,1,2,90,767.846
16,1,2,90,142.899
16,1,2,90,1444.998
16,1,2,90,792.977
16,1,2,90,11.198
16,1,2,90,770.726
16,1,2,90,760.443
16,1,2,90,38.701
16,1,2,90,32.954
16,1,2,90,769.575
16,1,2,90,45.332
16,1,2,90,770.045
16,1,2,90,102.599
16,1,2,90,29.076
16,1,2,90,24.255
16,1,2,90,636.339
16,1,2,90,105.263
16,1,2,90,761.698
16,1,2,90,761.433
16,1,2,90,78.691
16,1,2,90,23.223
16,1,2,90,136.735
16,1,2,90,769.838
16,1,2,90,50.169
16,1,2,90,771.216
16,1,2,90,142.825
16,1,2,90,1875.514
16,1,2,90,1229.901
16,1,2,90,764.953
16,1,2,90,61.674
16,1,2,90,24.058
16,1,2,90,770.067
16,1,2,90,64.602
16,1,2,90,114.152
16,1,2,90,32.758
16,1,2,90,767.156
16,1,2,90,20.525
16,1,2,90,29.816
16,1,2,90,32.792
16,1,2,90,645.468
16,1,2,90,59.355
16,1,2,90,92.757
16,1,2,90,32.937
16,1,2,90,768.391
16,1,2,90,38.463
16,1,2,90,111.143
16,1,2,90,765.337
16,1,2,90,108.243
16,1,2,90,25.386
16,1,2,90,29.029
16,1,2,90,121.467
16,1,2,90,715.607
16,1,2,90,221.734
16,1,2,90,39.063
16,1,2,90,52.890
16,1,2,90,767.918
16,1,2,90,751.154
16,1,2,90,751.907
16,1,2,90,781.587
16,1,2,90,749.693
16,1,2,90,753.613
16,1,2,90,854.311
16,1,2,90,101.680
16,1,2,90,751.690
16,1,2,90,751.147
16,1,2,90,752.864
16,1,2,90,751.822
16,1,2,90,752.539
16,1,2,90,749.570
16,1,2,90,751.768
16,1,2,90,780.633
16,1,2,90,752.869
16,1,2,90,756.030
16,1,2,90,752.117
16,1,2,90,754.519
16,1,2,90,749.643
16,1,2,90,749.268
16,1,2,90,752.207
16,1,2,90,129.038
16,1,2,90,752.622
16,1,2,90,749.820
16,1,2,90,750.352
16,1,2,90,750.050
16,1,2,90,751.507
16,1,2,90,753.409
16,1,2,90,755.163
16,1,2,90,762.750
16,1,2,90,750.578
16,1,2,90,750.092
16,1,2,90,786.530
16,1,2,90,748.451
16,1,2,90,750.557
16,1,2,90,752.885
16,1,2,90,752.898
16,1,2,90,751.263
16,1,2,90,63.557
16,1,2,90,750.659
16,1,2,90,752.154
16,1,2,90,751.871
16,1,2,90,780.495
16,1,2,90,750.897
16,1,2,90,751.966
16,1,2,90,751.664
16,1,2,90,754.010
16,1,2,90,749.320
16,1,2,90,753.351
16,1,2,90,749.735
16,1,2,90,750.563
16,1,2,90,752.446
16,1,2,90,751.478
16,1,2,90,751.991
16,1,2,90,752.263
16,1,2,90,751.517
16,1,2,90,750.789
16,1,2,90,749.414
16,1,2,90,747.649
16,1,2,90,213.684
16,1,2,90,751.768
16,1,2,90,912.947
16,1,2,90,20.279
16,1,2,90,747.807
16,1,2,90,753.839
16,1,2,90,765.944
16,1,2,90,53.110
16,1,2,90,751.415
16,1,2,90,132.117
16,1,2,90,747.460
16,1,2,90,753.658
16,1,2,90,754.430
16,1,2,90,754.184
16,1,2,90,753.568
16,1,2,90,128.455
16,1,2,90,753.335
16,1,2,90,752.348
16,1,2,90,186.642
16,1,2,90,59.230
16,1,2,90,750.683
16,1,2,90,787.511
16,1,2,90,748.080
16,1,2,90,751.001
16,1,2,90,752.625
16,1,2,90,752.156
16,1,2,90,849.502
16,1,2,90,27.372
16,1,2,90,748.714
16,1,2,90,754.320
16,1,2,90,750.944
16,1,2,90,57.794
16,1,2,90,752.415
16,1,2,90,753.076
16,1,2,90,750.441
16,1,2,90,140.624
16,1,2,90,747.504
16,1,2,90,145.687
16,1,2,90,752.882
16,1,2,90,752.821
16,1,2,90,749.964
16,1,2,90,750.848
16,1,2,90,750.398
16,1,2,90,749.781
16,1,2,90,752.220
16,1,2,90,753.400
16,1,2,90,934.838
16,1,2,90,19.745
16,1,2,90,753.162
16,1,2,90,755.323
16,1,2,90,835.039
16,1,2,90,77.260
16,1,2,90,748.918
16,1,2,90,752.468
16,1,2,90,126.336
16,1,2,90,750.346
16,1,2,90,749.748
16,1,2,90,754.983
16,1,2,90,749.089
16,1,2,90,747.121
16,1,2,90,751.911
16,1,2,90,751.536
16,1,2,90,757.938
16,1,2,90,755.154
16,1,2,90,751.334
16,1,2,90,748.699
16,1,2,90,1023.692
16,1,2,90,759.318
16,1,2,90,752.775
16,1,2,90,751.844
16,1,2,90,753.061
16,1,2,90,751.926
16,1,2,90,750.458
16,1,2,90,783.322
16,1,2,90,748.799
16,1,2,90,50.686
16,1,2,90,749.677
16,1,2,90,836.226
16,1,2,90,17.003
16,1,2,90,121.812
16,1,2,90,754.025
16,1,2,90,748.372
16,1,2,90,748.903
16,1,2,90,747.565
16,1,2,90,756.541
16,1,2,90,752.906
16,1,2,90,850.974
16,1,2,90,752.802
16,1,2,90,754.241
16,1,2,90,784.088
16,1,2,90,758.045
16,1,2,90,760.818
16,1,2,90,759.127
16,1,2,90,773.010
16,1,2,90,760.616
16,1,2,90,762.444
16,1,2,90,92.998
16,1,2,90,55.826
16,1,2,90,730.465
16,1,2,90,762.256
16,1,2,90,29.199
16,1,2,90,760.115
16,1,2,90,78.391
16,1,2,90,83.330
16,1,2,90,762.692
16,1,2,90,18.135
16,1,2,90,153.036
16,1,2,90,47.439
16,1,2,90,761.411
16,1,2,90,89.557
16,1,2,90,17.867
16,1,2,90,50.380
16,1,2,90,758.408
16,1,2,90,763.402
16,1,2,90,72.901
16,1,2,90,762.225
16,1,2,90,100.297
16,1,2,90,17.996
16,1,2,90,836.782
16,1,2,90,763.610
16,1,2,90,56.942
16,1,2,90,84.955
16,1,2,90,738.298
16,1,2,90,763.422
16,1,2,90,55.217
16,1,2,90,761.559
16,1,2,90,113.724
16,1,2,90,91.737
16,1,2,90,16.936
16,1,2,90,51.412
16,1,2,90,17.203
16,1,2,90,762.527
16,1,2,90,55.081
16,1,2,90,84.724
16,1,2,90,737.289
16,1,2,90,761.116
16,1,2,90,49.782
16,1,2,90,761.032
16,1,2,90,94.456
16,1,2,90,100.024
16,1,2,90,759.404
16,1,2,90,97.643
16,1,2,90,724.042
16,1,2,90,763.110
16,1,2,90,67.979
16,1,2,90,80.418
16,1,2,90,725.705
16,1,2,90,756.644
16,1,2,90,758.009
16,1,2,90,29.396
16,1,2,90,822.424
16,1,2,90,763.678
16,1,2,90,763.432
16,1,2,90,67.245
16,1,2,90,737.458
16,1,2,90,762.286
16,1,2,90,51.062
16,1,2,90,761.331
16,1,2,90,99.903
16,1,2,90,20.453
16,1,2,90,21.485
16,1,2,90,16.795
16,1,2,90,762.507
16,1,2,90,56.969
16,1,2,90,758.608
16,1,2,90,83.976
16,1,2,90,760.634
16,1,2,90,68.836
16,1,2,90,758.382
16,1,2,90,125.973
16,1,2,90,761.705
16,1,2,90,96.203
16,1,2,90,759.083
16,1,2,90,78.229
16,1,2,90,761.739
16,1,2,90,157.329
16,1,2,90,759.672
16,1,2,90,85.356
16,1,2,90,761.458
16,1,2,90,72.697
16,1,2,90,108.636
16,1,2,90,116.371
16,1,2,90,25.329
16,1,2,90,764.375
16,1,2,90,49.522
16,1,2,90,17.350
16,1,2,90,804.303
16,1,2,90,15.969
16,1,2,90,771.422
16,1,2,90,159.457
16,1,2,90,759.522
16,1,2,90,761.202
16,1,2,90,758.123
16,1,2,90,761.099
16,1,2,90,125.837
16,1,2,90,763.588
16,1,2,90,168.030
16,1,2,90,17.544
16,1,2,90,73.205
16,1,2,90,17.830
16,1,2,90,759.672
16,1,2,90,67.522
16,1,2,90,66.591
16,1,2,90,763.582
16,1,2,90,50.321
16,1,2,90,57.556
16,1,2,90,735.547
16,1,2,90,760.171
16,1,2,90,58.318
16,1,2,90,765.697
16,1,2,90,46.862
16,1,2,90,106.486
16,1,2,90,761.551
16,1,2,90,68.976
16,1,2,90,762.263
16,1,2,90,761.794
16,1,2,90,96.422
16,1,2,90,55.528
16,1,2,90,760.945
16,1,2,90,764.125
16,1,2,90,760.767
16,1,2,90,31.914
16,1,2,90,758.423
16,1,2,90,112.532
16,1,2,90,763.079
16,1,2,90,60.966
16,1,2,90,759.013
16,1,2,90,78.381
16,1,2,90,764.798
16,1,2,90,74.093
16,1,2,90,16.939
16,1,2,90,762.263
16,1,2,90,52.725
16,1,2,90,761.160
16,1,2,90,87.306
16,1,2,90,91.264
16,1,2,90,751.885
16,1,2,90,753.675
16,1,2,90,754.744
16,1,2,90,754.239
16,1,2,90,750.104
16,1,2,90,752.635
16,1,2,90,756.630
16,1,2,90,752.273
16,1,2,90,752.786
16,1,2,90,750.169
16,1,2,90,750.386
16,1,2,90,748.862
16,1,2,90,750.171
16,1,2,90,757.796
16,1,2,90,752.531
16,1,2,90,783.877
16,1,2,90,761.742
16,1,2,90,752.533
16,1,2,90,912.416
16,1,2,90,114.952
16,1,2,90,750.647
16,1,2,90,143.774
16,1,2,90,852.524
16,1,2,90,239.281
16,1,2,90,753.051
16,1,2,90,750.916
16,1,2,90,753.818
16,1,2,90,751.442
16,1,2,90,752.159
16,1,2,90,751.061
16,1,2,90,750.926
16,1,2,90,748.920
16,1,2,90,752.063
16,1,2,90,754.298
16,1,2,90,750.367
16,1,2,90,752.658
16,1,2,90,763.264
16,1,2,90,748.610
16,1,2,90,79.979
16,1,2,90,752.488
16,1,2,90,749.261
16,1,2,90,750.051
16,1,2,90,854.916
16,1,2,90,748.930
16,1,2,90,749.017
16,1,2,90,748.585
16,1,2,90,63.195
16,1,2,90,55.634
16,1,2,90,752.458
16,1,2,90,752.971
16,1,2,90,749.984
16,1,2,90,747.516
16,1,2,90,754.510
16,1,2,90,750.709
16,1,2,90,750.555
16,1,2,90,748.531
16,1,2,90,751.063
16,1,2,90,752.280
16,1,2,90,768.737
16,1,2,90,25.384
16,1,2,90,752.115
16,1,2,90,747.814
16,1,2,90,751.308
16,1,2,90,751.988
16,1,2,90,764.131
16,1,2,90,185.591
16,1,2,90,758.138
16,1,2,90,760.855
16,1,2,90,764.683
16,1,2,90,36.256
16,1,2,90,761.117
16,1,2,90,155.355
16,1,2,90,764.939
16,1,2,90,773.785
16,1,2,90,128.543
16,1,2,90,764.238
16,1,2,90,263.939
16,1,2,90,762.745
16,1,2,90,761.110
16,1,2,90,760.568
16,1,2,90,90.659
16,1,2,90,761.520
16,1,2,90,92.277
16,1,2,90,763.509
16,1,2,90,758.911
16,1,2,90,765.035
16,1,2,90,765.456
16,1,2,90,761.432
16,1,2,90,154.763
16,1,2,90,761.143
16,1,2,90,760.342
16,1,2,90,760.318
16,1,2,90,58.501
16,1,2,90,760.937
16,1,2,90,14.472
16,1,2,90,737.833
16,1,2,90,765.235
16,1,2,90,758.211
16,1,2,90,759.743
16,1,2,90,762.367
16,1,2,90,761.232
16,1,2,90,763.930
16,1,2,90,763.684
16,1,2,90,100.127
16,1,2,90,741.618
16,1,2,90,763.001
16,1,2,90,29.666
16,1,2,90,80.790
16,1,2,90,761.096
16,1,2,90,73.650
16,1,2,90,1097.935
16,1,2,90,766.913
16,1,2,90,765.667
16,1,2,90,125.609
16,1,2,90,58.790
16,1,2,90,23.099
16,1,2,90,50.797
16,1,2,90,52.922
16,1,2,90,65.064
16,1,2,90,150.595
16,1,2,90,762.013
16,1,2,90,761.859
16,1,2,90,70.802
16,1,2,90,762.885
16,1,2,90,86.846
16,1,2,90,749.245
16,1,2,90,763.406
16,1,2,90,69.145
16,1,2,90,760.747
16,1,2,90,70.338
16,1,2,90,758.810
16,1,2,90,148.956
16,1,2,90,764.170
16,1,2,90,94.538
16,1,2,90,763.603
16,1,2,90,84.305
16,1,2,90,762.833
16,1,2,90,76.128
16,1,2,90,762.378
16,1,2,90,763.762
16,1,2,90,761.978
16,1,2,90,34.051
16,1,2,90,759.060
16,1,2,90,78.188
16,1,2,90,763.105
16,1,2,90,148.751
16,1,2,90,760.853
16,1,2,90,21.759
16,1,2,90,762.620
16,1,2,90,85.841
16,1,2,90,762.332
16,1,2,90,89.552
16,1,2,90,764.006
16,1,2,90,35.653
16,1,2,90,760.921
16,1,2,90,114.067
16,1,2,90,764.818
16,1,2,90,17.983
16,1,2,90,764.196
16,1,2,90,70.527
16,1,2,90,77.355
16,1,2,90,764.365
16,1,2,90,63.400
16,1,2,90,750.576
16,1,2,90,761.145
16,1,2,90,51.810
16,1,2,90,761.301
16,1,2,90,140.743
16,1,2,90,760.882
16,1,2,90,62.714
16,1,2,90,725.409
16,1,2,90,763.440
16,1,2,90,46.216
16,1,2,90,766.133
16,1,2,90,727.943
16,1,2,90,762.807
16,1,2,90,733.728
16,1,2,90,768.741
16,1,2,90,126.702
16,1,2,90,143.511
16,1,2,90,760.354
16,1,2,90,55.834
16,1,2,90,761.492
16,1,2,90,66.935
16,1,2,90,763.296
16,1,2,90,141.683
16,1,2,90,763.396
16,1,2,90,766.391
16,1,2,90,762.311
16,1,2,90,31.050
16,1,2,90,757.226
16,1,2,90,760.999
16,1,2,90,34.590
16,1,2,90,764.173
16,1,2,90,764.964
16,1,2,90,43.722
16,1,2,90,760.805
16,1,2,90,134.784
16,1,2,90,761.405
16,1,2,90,90.366
16,1,2,90,757.228
16,1,2,90,762.444
16,1,2,90,757.161
16,1,2,90,758.785
16,1,2,90,27.321
16,1,2,90,762.219
16,1,2,90,147.310
16,1,2,90,762.393
16,1,2,90,30.133
16,1,2,90,769.197
16,1,2,90,763.451
16,1,2,90,769.927
16,1,2,90,95.222
16,1,2,90,759.879
16,1,2,90,149.988
16,1,2,90,761.369
16,1,2,90,51.200
16,1,2,90,764.228
16,1,2,90,55.356
16,1,2,90,763.254
16,1,2,90,104.290
16,1,2,90,763.929
16,1,2,90,33.242
16,1,2,90,763.159
16,1,2,90,47.898
16,1,2,90,761.574
16,1,2,90,26.609
17,1,1,90,0.315
17,1,1,90,747.861
17,1,1,90,1.452
17,1,1,90,748.591
17,1,1,90,75.293
17,1,1,90,166.639
17,1,1,90,121.633
17,1,1,90,850.143
17,1,1,90,31.642
17,1,1,90,752.929
17,1,1,90,5.853
17,1,1,90,1884.171
17,1,1,90,1208.873
17,1,1,90,765.925
17,1,1,90,89.757
17,1,1,90,757.507
17,1,1,90,33.432
17,1,1,90,754.533
17,1,1,90,23.902
17,1,1,90,880.781
17,1,1,90,49.317
17,1,1,90,750.215
17,1,1,90,97.251
17,1,1,90,1470.738
17,1,1,90,811.958
17,1,1,90,61.198
17,1,1,90,730.281
17,1,1,90,747.553
17,1,1,90,24.700
17,1,1,90,40.491
17,1,1,90,754.796
17,1,1,90,6.795
17,1,1,90,761.248
17,1,1,90,59.895
17,1,1,90,23.001
17,1,1,90,64.699
17,1,1,90,740.597
17,1,1,90,116.392
17,1,1,90,719.531
17,1,1,90,719.637
17,1,1,90,35.061
17,1,1,90,20.796
17,1,1,90,129.031
17,1,1,90,792.670
17,1,1,90,8.965
17,1,1,90,746.178
17,1,1,90,99.639
17,1,1,90,1910.031
17,1,1,90,1236.678
17,1,1,90,775.342
17,1,1,90,18.988
17,1,1,90,61.409
17,1,1,90,748.751
17,1,1,90,24.787
17,1,1,90,134.281
17,1,1,90,42.869
17,1,1,90,726.267
17,1,1,90,22.876
17,1,1,90,24.352
17,1,1,90,54.884
17,1,1,90,650.857
17,1,1,90,33.632
17,1,1,90,52.738
17,1,1,90,38.233
17,1,1,90,727.687
17,1,1,90,28.074
17,1,1,90,126.827
17,1,1,90,748.318
17,1,1,90,70.502
17,1,1,90,64.589
17,1,1,90,24.213
17,1,1,90,78.911
17,1,1,90,744.902
17,1,1,90,247.659
17,1,1,90,282.098
17,1,1,90,8.946
17,1,1,90,727.418
17,1,1,90,713.561
17,1,1,90,744.388
17,1,1,90,755.735
17,1,1,90,681.933
17,1,1,90,713.502
17,1,1,90,815.774
17,1,1,90,42.124
17,1,1,90,683.856
17,1,1,90,682.388
17,1,1,90,685.308
17,1,1,90,720.395
17,1,1,90,725.038
17,1,1,90,713.736
17,1,1,90,745.268
17,1,1,90,715.726
17,1,1,90,723.442
17,1,1,90,748.066
17,1,1,90,684.450
17,1,1,90,717.019
17,1,1,90,687.402
17,1,1,90,686.527
17,1,1,90,684.762
17,1,1,90,59.408
17,1,1,90,723.806
17,1,1,90,713.857
17,1,1,90,687.574
17,1,1,90,687.402
17,1,1,90,685.378
17,1,1,90,713.668
17,1,1,90,691.996
17,1,1,90,750.583
17,1,1,90,682.856
17,1,1,90,682.443
17,1,1,90,718.715
17,1,1,90,713.006
17,1,1,90,682.871
17,1,1,90,714.236
17,1,1,90,747.360
17,1,1,90,716.633
17,1,1,90,4.446
17,1,1,90,713.863
17,1,1,90,703.487
17,1,1,90,745.426
17,1,1,90,722.328
17,1,1,90,683.193
17,1,1,90,683.576
17,1,1,90,716.238
17,1,1,90,719.510
17,1,1,90,714.893
17,1,1,90,789.980
17,1,1,90,713.031
17,1,1,90,697.396
17,1,1,90,747.612
17,1,1,90,683.663
17,1,1,90,725.972
17,1,1,90,723.855
17,1,1,90,686.869
17,1,1,90,688.974
17,1,1,90,712.802
17,1,1,90,678.964
17,1,1,90,143.869
17,1,1,90,692.453
17,1,1,90,848.317
17,1,1,90,4.779
17,1,1,90,679.381
17,1,1,90,723.894
17,1,1,90,750.499
17,1,1,90,17.517
17,1,1,90,720.841
17,1,1,90,63.302
17,1,1,90,694.867
17,1,1,90,686.788
17,1,1,90,686.523
17,1,1,90,686.703
17,1,1,90,685.327
17,1,1,90,64.973
17,1,1,90,718.427
17,1,1,90,686.144
17,1,1,90,118.956
17,1,1,90,15.322
17,1,1,90,682.776
17,1,1,90,719.826
17,1,1,90,749.913
17,1,1,90,719.963
17,1,1,90,744.495
17,1,1,90,725.526
17,1,1,90,828.539
17,1,1,90,75.575
17,1,1,90,711.973
17,1,1,90,686.968
17,1,1,90,713.555
17,1,1,90,15.331
17,1,1,90,685.692
17,1,1,90,684.965
17,1,1,90,716.830
17,1,1,90,71.142
17,1,1,90,715.800
17,1,1,90,75.576
17,1,1,90,684.864
17,1,1,90,685.173
17,1,1,90,681.408
17,1,1,90,681.810
17,1,1,90,713.508
17,1,1,90,681.725
17,1,1,90,684.776
17,1,1,90,685.344
17,1,1,90,865.616
17,1,1,90,754.963
17,1,1,90,717.920
17,1,1,90,687.823
17,1,1,90,793.705
17,1,1,90,8.649
17,1,1,90,713.806
17,1,1,90,685.245
17,1,1,90,57.447
17,1,1,90,688.309
17,1,1,90,691.229
17,1,1,90,697.835
17,1,1,90,712.200
17,1,1,90,679.176
17,1,1,90,715.004
17,1,1,90,684.887
17,1,1,90,690.419
17,1,1,90,688.747
17,1,1,90,683.649
17,1,1,90,686.606
17,1,1,90,1000.895
17,1,1,90,705.836
17,1,1,90,684.386
17,1,1,90,729.807
17,1,1,90,713.524
17,1,1,90,728.592
17,1,1,90,713.976
17,1,1,90,766.803
17,1,1,90,791.316
17,1,1,90,55.907
17,1,1,90,681.991
17,1,1,90,772.967
17,1,1,90,32.928
17,1,1,90,73.089
17,1,1,90,687.451
17,1,1,90,681.001
17,1,1,90,712.959
17,1,1,90,679.768
17,1,1,90,719.966
17,1,1,90,705.368
17,1,1,90,828.659
17,1,1,90,722.839
17,1,1,90,713.685
17,1,1,90,721.439
17,1,1,90,749.841
17,1,1,90,712.688
17,1,1,90,712.849
17,1,1,90,713.343
17,1,1,90,712.412
17,1,1,90,713.703
17,1,1,90,23.831
17,1,1,90,15.214
17,1,1,90,661.446
17,1,1,90,717.607
17,1,1,90,199.994
17,1,1,90,712.208
17,1,1,90,9.817
17,1,1,90,13.386
17,1,1,90,693.988
17,1,1,90,148.893
17,1,1,90,84.647
17,1,1,90,15.512
17,1,1,90,693.133
17,1,1,90,20.390
17,1,1,90,716.066
17,1,1,90,75.787
17,1,1,90,717.555
17,1,1,90,715.680
17,1,1,90,4.585
17,1,1,90,696.947
17,1,1,90,31.871
17,1,1,90,16.421
17,1,1,90,768.300
17,1,1,90,715.295
17,1,1,90,128.645
17,1,1,90,14.918
17,1,1,90,669.650
17,1,1,90,711.533
17,1,1,90,161.753
17,1,1,90,714.226
17,1,1,90,44.428
17,1,1,90,21.959
17,1,1,90,73.602
17,1,1,90,40.800
17,1,1,90,140.609
17,1,1,90,715.064
17,1,1,90,126.747
17,1,1,90,14.686
17,1,1,90,668.307
17,1,1,90,711.061
17,1,1,90,15.800
17,1,1,90,713.013
17,1,1,90,25.363
17,1,1,90,30.209
17,1,1,90,690.793
17,1,1,90,28.569
17,1,1,90,656.097
17,1,1,90,714.980
17,1,1,90,17.608
17,1,1,90,10.547
17,1,1,90,684.853
17,1,1,90,750.014
17,1,1,90,714.916
17,1,1,90,15.785
17,1,1,90,816.368
17,1,1,90,714.585
17,1,1,90,694.802
17,1,1,90,70.781
17,1,1,90,668.662
17,1,1,90,712.360
17,1,1,90,16.173
17,1,1,90,713.441
17,1,1,90,30.977
17,1,1,90,648.616
17,1,1,90,820.425
17,1,1,90,15.998
17,1,1,90,697.507
17,1,1,90,0.617
17,1,1,90,689.663
17,1,1,90,16.180
17,1,1,90,691.800
17,1,1,90,17.854
17,1,1,90,689.919
17,1,1,90,56.510
17,1,1,90,693.353
17,1,1,90,49.980
17,1,1,90,690.009
17,1,1,90,8.803
17,1,1,90,693.275
17,1,1,90,88.033
17,1,1,90,690.894
17,1,1,90,17.670
17,1,1,90,692.439
17,1,1,90,5.326
17,1,1,90,39.858
17,1,1,90,46.297
17,1,1,90,125.420
17,1,1,90,715.819
17,1,1,90,124.354
17,1,1,90,14.960
17,1,1,90,735.803
17,1,1,90,42.746
17,1,1,90,723.311
17,1,1,90,90.364
17,1,1,90,719.152
17,1,1,90,713.609
17,1,1,90,719.622
17,1,1,90,692.043
17,1,1,90,58.485
17,1,1,90,715.069
17,1,1,90,99.141
17,1,1,90,821.817
17,1,1,90,4.927
17,1,1,90,59.069
17,1,1,90,720.116
17,1,1,90,22.503
17,1,1,90,127.127
17,1,1,90,713.859
17,1,1,90,868.686
17,1,1,90,15.352
17,1,1,90,710.287
17,1,1,90,691.578
17,1,1,90,15.965
17,1,1,90,718.049
17,1,1,90,309.879
17,1,1,90,37.838
17,1,1,90,695.885
17,1,1,90,0.568
17,1,1,90,713.688
17,1,1,90,713.979
17,1,1,90,28.274
17,1,1,90,15.250
17,1,1,90,713.296
17,1,1,90,716.606
17,1,1,90,710.804
17,1,1,90,15.321
17,1,1,90,689.886
17,1,1,90,42.736
17,1,1,90,693.838
17,1,1,90,113.206
17,1,1,90,689.679
17,1,1,90,37.751
17,1,1,90,696.353
17,1,1,90,4.574
17,1,1,90,649.491
17,1,1,90,693.411
17,1,1,90,663.258
17,1,1,90,713.049
17,1,1,90,18.584
17,1,1,90,22.875
17,1,1,90,684.088
17,1,1,90,685.990
17,1,1,90,686.873
17,1,1,90,715.738
17,1,1,90,713.714
17,1,1,90,759.931
17,1,1,90,737.000
17,1,1,90,726.957
17,1,1,90,744.470
17,1,1,90,688.206
17,1,1,90,716.997
17,1,1,90,686.121
17,1,1,90,686.782
17,1,1,90,722.591
17,1,1,90,744.734
17,1,1,90,714.377
17,1,1,90,746.779
17,1,1,90,727.755
17,1,1,90,898.286
17,1,1,90,46.118
17,1,1,90,717.294
17,1,1,90,74.644
17,1,1,90,783.894
17,1,1,90,214.114
17,1,1,90,725.939
17,1,1,90,690.841
17,1,1,90,714.373
17,1,1,90,683.757
17,1,1,90,713.510
17,1,1,90,683.246
17,1,1,90,682.148
17,1,1,90,680.994
17,1,1,90,713.600
17,1,1,90,738.576
17,1,1,90,713.959
17,1,1,90,715.028
17,1,1,90,696.745
17,1,1,90,680.869
17,1,1,90,11.571
17,1,1,90,720.229
17,1,1,90,719.612
17,1,1,90,688.144
17,1,1,90,819.212
17,1,1,90,690.577
17,1,1,90,712.572
17,1,1,90,680.641
17,1,1,90,179.157
17,1,1,90,47.318
17,1,1,90,713.032
17,1,1,90,747.119
17,1,1,90,712.854
17,1,1,90,679.830
17,1,1,90,713.473
17,1,1,90,715.449
17,1,1,90,682.370
17,1,1,90,680.624
17,1,1,90,713.525
17,1,1,90,696.039
17,1,1,90,718.274
17,1,1,90,21.476
17,1,1,90,727.930
17,1,1,90,679.961
17,1,1,90,713.697
17,1,1,90,731.302
17,1,1,90,714.723
17,1,1,90,124.998
17,1,1,90,717.416
17,1,1,90,713.558
17,1,1,90,713.923
17,1,1,90,16.551
17,1,1,90,692.727
17,1,1,90,86.077
17,1,1,90,721.809
17,1,1,90,719.619
17,1,1,90,59.635
17,1,1,90,719.497
17,1,1,90,202.198
17,1,1,90,714.819
17,1,1,90,713.277
17,1,1,90,713.568
17,1,1,90,21.899
17,1,1,90,713.557
17,1,1,90,23.685
17,1,1,90,712.861
17,1,1,90,712.763
17,1,1,90,719.868
17,1,1,90,728.122
17,1,1,90,734.987
17,1,1,90,86.781
17,1,1,90,713.476
17,1,1,90,712.545
17,1,1,90,712.706
17,1,1,90,16.205
17,1,1,90,715.251
17,1,1,90,211.730
17,1,1,90,691.981
17,1,1,90,705.864
17,1,1,90,719.840
17,1,1,90,719.854
17,1,1,90,714.237
17,1,1,90,712.139
17,1,1,90,744.856
17,1,1,90,694.832
17,1,1,90,30.219
17,1,1,90,672.710
17,1,1,90,710.371
17,1,1,90,371.182
17,1,1,90,11.401
17,1,1,90,692.096
17,1,1,90,3.928
17,1,1,90,1028.454
17,1,1,90,705.080
17,1,1,90,704.370
17,1,1,90,57.739
17,1,1,90,10.808
17,1,1,90,39.247
17,1,1,90,117.037
17,1,1,90,15.754
17,1,1,90,258.359
17,1,1,90,82.003
17,1,1,90,713.957
17,1,1,90,714.951
17,1,1,90,2.394
17,1,1,90,713.996
17,1,1,90,18.346
17,1,1,90,680.300
17,1,1,90,711.258
17,1,1,90,85.607
17,1,1,90,691.728
17,1,1,90,1.097
17,1,1,90,690.180
17,1,1,90,79.456
17,1,1,90,695.373
17,1,1,90,24.964
17,1,1,90,694.881
17,1,1,90,14.879
17,1,1,90,694.296
17,1,1,90,7.128
17,1,1,90,712.693
17,1,1,90,695.428
17,1,1,90,711.904
17,1,1,90,16.143
17,1,1,90,690.412
17,1,1,90,9.780
17,1,1,90,694.290
17,1,1,90,79.621
17,1,1,90,692.038
17,1,1,90,61.129
17,1,1,90,694.009
17,1,1,90,16.470
17,1,1,90,693.480
17,1,1,90,21.107
17,1,1,90,711.450
17,1,1,90,15.893
17,1,1,90,692.236
17,1,1,90,44.808
17,1,1,90,696.077
17,1,1,90,134.519
17,1,1,90,695.436
17,1,1,90,3.157
17,1,1,90,10.374
17,1,1,90,695.550
17,1,1,90,211.899
17,1,1,90,706.242
17,1,1,90,692.756
17,1,1,90,654.510
17,1,1,90,692.856
17,1,1,90,71.317
17,1,1,90,692.086
17,1,1,90,112.047
17,1,1,90,657.372
17,1,1,90,715.125
17,1,1,90,154.530
17,1,1,90,746.855
17,1,1,90,659.591
17,1,1,90,714.733
17,1,1,90,687.783
17,1,1,90,714.704
17,1,1,90,59.609
17,1,1,90,74.196
17,1,1,90,717.576
17,1,1,90,86.185
17,1,1,90,692.695
17,1,1,90,16.156
17,1,1,90,695.333
17,1,1,90,71.775
17,1,1,90,712.877
17,1,1,90,709.613
17,1,1,90,713.107
17,1,1,90,15.717
17,1,1,90,689.782
17,1,1,90,692.054
17,1,1,90,176.477
17,1,1,90,747.209
17,1,1,90,713.852
17,1,1,90,16.184
17,1,1,90,692.249
17,1,1,90,64.858
17,1,1,90,713.405
17,1,1,90,32.310
17,1,1,90,718.061
17,1,1,90,714.629
17,1,1,90,716.920
17,1,1,90,689.878
17,1,1,90,135.987
17,1,1,90,714.367
17,1,1,90,78.809
17,1,1,90,693.412
17,1,1,90,134.743
17,1,1,90,721.308
17,1,1,90,712.988
17,1,1,90,698.464
17,1,1,90,27.444
17,1,1,90,714.657
17,1,1,90,81.470
17,1,1,90,692.591
17,1,1,90,645.993
17,1,1,90,695.154
17,1,1,90,255.651
17,1,1,90,717.347
17,1,1,90,36.049
17,1,1,90,694.854
17,1,1,90,194.574
17,1,1,90,714.658
17,1,1,90,124.619
17,1,1,90,712.036
17,1,1,90,341.533
18,1,0,90,0.148
18,1,0,90,747.639
18,1,0,90,351.358
18,1,0,90,784.035
18,1,0,90,74.052
18,1,0,90,176.343
18,1,0,90,121.800
18,1,0,90,910.994
18,1,0,90,37.549
18,1,0,90,788.206
18,1,0,90,11.983
18,1,0,90,1928.023
18,1,0,90,1211.632
18,1,0,90,764.611
18,1,0,90,97.016
18,1,0,90,765.063
18,1,0,90,32.265
18,1,0,90,759.626
18,1,0,90,23.014
18,1,0,90,922.985
18,1,0,90,51.318
18,1,0,90,813.882
18,1,0,90,96.603
18,1,0,90,1472.627
18,1,0,90,871.106
18,1,0,90,72.939
18,1,0,90,730.022
18,1,0,90,783.146
18,1,0,90,25.682
18,1,0,90,44.880
18,1,0,90,753.834
18,1,0,90,10.592
18,1,0,90,804.452
18,1,0,90,52.803
18,1,0,90,24.409
18,1,0,90,68.014
18,1,0,90,816.042
18,1,0,90,119.559
18,1,0,90,723.791
18,1,0,90,721.952
18,1,0,90,34.098
18,1,0,90,87.796
18,1,0,90,135.309
18,1,0,90,877.374
18,1,0,90,15.132
18,1,0,90,820.678
18,1,0,90,98.677
18,1,0,90,1957.106
18,1,0,90,1241.141
18,1,0,90,792.138
18,1,0,90,25.026
18,1,0,90,64.131
18,1,0,90,792.955
18,1,0,90,27.843
18,1,0,90,146.763
18,1,0,90,46.869
18,1,0,90,784.434
18,1,0,90,34.673
18,1,0,90,26.205
18,1,0,90,65.236
18,1,0,90,656.413
18,1,0,90,31.540
18,1,0,90,57.961
18,1,0,90,38.029
18,1,0,90,732.890
18,1,0,90,97.518
18,1,0,90,140.550
18,1,0,90,776.374
18,1,0,90,69.132
18,1,0,90,68.163
18,1,0,90,24.732
18,1,0,90,71.949
18,1,0,90,758.125
18,1,0,90,252.400
18,1,0,90,283.339
18,1,0,90,10.705
18,1,0,90,787.825
18,1,0,90,695.561
18,1,0,90,779.166
18,1,0,90,738.606
18,1,0,90,668.082
18,1,0,90,696.391
18,1,0,90,803.756
18,1,0,90,30.810
18,1,0,90,665.616
18,1,0,90,669.018
18,1,0,90,667.364
18,1,0,90,740.284
18,1,0,90,709.409
18,1,0,90,695.681
18,1,0,90,785.249
18,1,0,90,698.800
18,1,0,90,706.924
18,1,0,90,733.808
18,1,0,90,671.451
18,1,0,90,699.130
18,1,0,90,669.255
18,1,0,90,709.101
18,1,0,90,673.170
18,1,0,90,49.131
18,1,0,90,706.270
18,1,0,90,695.894
18,1,0,90,669.555
18,1,0,90,709.994
18,1,0,90,670.397
18,1,0,90,696.021
18,1,0,90,674.126
18,1,0,90,738.880
18,1,0,90,665.449
18,1,0,90,668.795
18,1,0,90,705.827
18,1,0,90,714.173
18,1,0,90,669.909
18,1,0,90,696.033
18,1,0,90,770.471
18,1,0,90,704.152
18,1,0,90,15.909
18,1,0,90,724.937
18,1,0,90,685.321
18,1,0,90,728.556
18,1,0,90,705.754
18,1,0,90,665.990
18,1,0,90,670.095
18,1,0,90,698.627
18,1,0,90,702.992
18,1,0,90,697.116
18,1,0,90,781.351
18,1,0,90,719.327
18,1,0,90,679.229
18,1,0,90,733.576
18,1,0,90,670.311
18,1,0,90,708.639
18,1,0,90,706.337
18,1,0,90,668.980
18,1,0,90,670.882
18,1,0,90,718.673
18,1,0,90,666.538
18,1,0,90,126.536
18,1,0,90,674.212
18,1,0,90,834.725
18,1,0,90,15.631
18,1,0,90,667.493
18,1,0,90,707.265
18,1,0,90,739.352
18,1,0,90,81.387
18,1,0,90,734.822
18,1,0,90,46.006
18,1,0,90,682.738
18,1,0,90,668.677
18,1,0,90,673.338
18,1,0,90,668.740
18,1,0,90,672.142
18,1,0,90,47.140
18,1,0,90,719.983
18,1,0,90,672.978
18,1,0,90,100.549
18,1,0,90,81.877
18,1,0,90,670.221
18,1,0,90,707.030
18,1,0,90,735.135
18,1,0,90,702.834
18,1,0,90,768.847
18,1,0,90,708.749
18,1,0,90,818.502
18,1,0,90,61.834
18,1,0,90,719.196
18,1,0,90,674.098
18,1,0,90,695.759
18,1,0,90,86.461
18,1,0,90,728.526
18,1,0,90,667.280
18,1,0,90,731.237
18,1,0,90,54.272
18,1,0,90,730.837
18,1,0,90,58.354
18,1,0,90,671.883
18,1,0,90,667.062
18,1,0,90,669.057
18,1,0,90,665.977
18,1,0,90,695.713
18,1,0,90,668.744
18,1,0,90,669.276
18,1,0,90,676.863
18,1,0,90,886.079
18,1,0,90,789.629
18,1,0,90,717.550
18,1,0,90,675.156
18,1,0,90,784.372
18,1,0,90,68.223
18,1,0,90,710.751
18,1,0,90,671.912
18,1,0,90,46.299
18,1,0,90,670.513
18,1,0,90,675.581
18,1,0,90,679.891
18,1,0,90,719.867
18,1,0,90,666.547
18,1,0,90,696.819
18,1,0,90,669.388
18,1,0,90,675.141
18,1,0,90,679.377
18,1,0,90,669.168
18,1,0,90,668.607
18,1,0,90,983.118
18,1,0,90,687.874
18,1,0,90,668.072
18,1,0,90,711.826
18,1,0,90,695.746
18,1,0,90,712.093
18,1,0,90,695.680
18,1,0,90,760.859
18,1,0,90,815.798
18,1,0,90,38.167
18,1,0,90,669.473
18,1,0,90,791.560
18,1,0,90,20.447
18,1,0,90,55.645
18,1,0,90,733.007
18,1,0,90,666.261
18,1,0,90,714.348
18,1,0,90,666.620
18,1,0,90,701.689
18,1,0,90,687.535
18,1,0,90,820.233
18,1,0,90,705.173
18,1,0,90,715.371
18,1,0,90,704.106
18,1,0,90,735.508
18,1,0,90,695.188
18,1,0,90,695.034
18,1,0,90,705.566
18,1,0,90,702.709
18,1,0,90,703.185
18,1,0,90,13.054
18,1,0,90,73.214
18,1,0,90,654.484
18,1,0,90,700.497
18,1,0,90,187.587
18,1,0,90,701.412
18,1,0,90,329.334
18,1,0,90,76.812
18,1,0,90,693.599
18,1,0,90,130.800
18,1,0,90,67.740
18,1,0,90,73.512
18,1,0,90,692.874
18,1,0,90,8.354
18,1,0,90,700.659
18,1,0,90,62.528
18,1,0,90,699.815
18,1,0,90,706.402
18,1,0,90,315.603
18,1,0,90,711.928
18,1,0,90,16.890
18,1,0,90,78.291
18,1,0,90,759.782
18,1,0,90,704.592
18,1,0,90,115.145
18,1,0,90,73.159
18,1,0,90,663.039
18,1,0,90,694.274
18,1,0,90,146.938
18,1,0,90,741.096
18,1,0,90,56.298
18,1,0,90,6.015
18,1,0,90,56.047
18,1,0,90,23.171
18,1,0,90,122.591
18,1,0,90,705.416
18,1,0,90,112.210
18,1,0,90,72.612
18,1,0,90,662.492
18,1,0,90,694.098
18,1,0,90,3.281
18,1,0,90,702.087
18,1,0,90,14.622
18,1,0,90,14.062
18,1,0,90,683.812
18,1,0,90,11.051
18,1,0,90,654.505
18,1,0,90,704.258
18,1,0,90,1.701
18,1,0,90,68.621
18,1,0,90,684.779
18,1,0,90,735.181
18,1,0,90,700.657
18,1,0,90,74.433
18,1,0,90,837.294
18,1,0,90,706.326
18,1,0,90,695.006
18,1,0,90,59.504
18,1,0,90,662.180
18,1,0,90,694.934
18,1,0,90,3.803
18,1,0,90,702.294
18,1,0,90,13.792
18,1,0,90,683.468
18,1,0,90,805.740
18,1,0,90,74.201
18,1,0,90,682.507
18,1,0,90,16.857
18,1,0,90,684.960
18,1,0,90,16.754
18,1,0,90,692.949
18,1,0,90,0.577
18,1,0,90,684.419
18,1,0,90,39.103
18,1,0,90,684.872
18,1,0,90,32.721
18,1,0,90,693.120
18,1,0,90,15.951
18,1,0,90,693.313
18,1,0,90,70.551
18,1,0,90,685.654
18,1,0,90,0.597
18,1,0,90,693.884
18,1,0,90,16.252
18,1,0,90,23.988
18,1,0,90,29.112
18,1,0,90,113.032
18,1,0,90,705.560
18,1,0,90,107.891
18,1,0,90,73.053
18,1,0,90,718.100
18,1,0,90,25.320
18,1,0,90,708.848
18,1,0,90,74.068
18,1,0,90,701.578
18,1,0,90,702.313
18,1,0,90,702.123
18,1,0,90,693.673
18,1,0,90,41.893
18,1,0,90,705.051
18,1,0,90,87.327
18,1,0,90,807.688
18,1,0,90,107.019
18,1,0,90,41.366
18,1,0,90,701.061
18,1,0,90,5.170
18,1,0,90,109.868
18,1,0,90,704.804
18,1,0,90,855.390
18,1,0,90,74.278
18,1,0,90,702.973
18,1,0,90,681.782
18,1,0,90,32.355
18,1,0,90,707.086
18,1,0,90,297.361
18,1,0,90,20.505
18,1,0,90,710.996
18,1,0,90,577.565
18,1,0,90,702.744
18,1,0,90,704.535
18,1,0,90,10.385
18,1,0,90,73.880
18,1,0,90,695.741
18,1,0,90,703.939
18,1,0,90,693.360
18,1,0,90,73.432
18,1,0,90,693.016
18,1,0,90,25.107
18,1,0,90,694.412
18,1,0,90,95.373
18,1,0,90,692.624
18,1,0,90,20.196
18,1,0,90,697.057
18,1,0,90,578.553
18,1,0,90,647.084
18,1,0,90,694.671
18,1,0,90,677.777
18,1,0,90,703.604
18,1,0,90,7.677
18,1,0,90,8.208
18,1,0,90,670.940
18,1,0,90,668.139
18,1,0,90,673.189
18,1,0,90,697.683
18,1,0,90,695.807
18,1,0,90,767.227
18,1,0,90,721.389
18,1,0,90,711.161
18,1,0,90,728.156
18,1,0,90,670.077
18,1,0,90,698.812
18,1,0,90,668.047
18,1,0,90,668.764
18,1,0,90,706.240
18,1,0,90,728.179
18,1,0,90,696.748
18,1,0,90,772.020
18,1,0,90,710.848
18,1,0,90,896.360
18,1,0,90,28.267
18,1,0,90,731.609
18,1,0,90,57.848
18,1,0,90,771.858
18,1,0,90,203.170
18,1,0,90,708.810
18,1,0,90,674.397
18,1,0,90,722.688
18,1,0,90,671.201
18,1,0,90,695.492
18,1,0,90,669.672
18,1,0,90,670.130
18,1,0,90,667.328
18,1,0,90,696.304
18,1,0,90,720.798
18,1,0,90,695.978
18,1,0,90,698.751
18,1,0,90,679.338
18,1,0,90,668.388
18,1,0,90,174.719
18,1,0,90,703.803
18,1,0,90,701.279
18,1,0,90,670.070
18,1,0,90,811.212
18,1,0,90,672.430
18,1,0,90,720.405
18,1,0,90,668.067
18,1,0,90,166.472
18,1,0,90,29.263
18,1,0,90,710.902
18,1,0,90,764.452
18,1,0,90,721.614
18,1,0,90,666.905
18,1,0,90,695.733
18,1,0,90,698.542
18,1,0,90,667.074
18,1,0,90,667.939
18,1,0,90,695.637
18,1,0,90,677.872
18,1,0,90,723.385
18,1,0,90,4.495
18,1,0,90,717.004
18,1,0,90,667.054
18,1,0,90,696.364
18,1,0,90,714.543
18,1,0,90,697.223
18,1,0,90,113.221
18,1,0,90,699.972
18,1,0,90,701.837
18,1,0,90,696.405
18,1,0,90,17.107
18,1,0,90,693.691
18,1,0,90,68.485
18,1,0,90,704.365
18,1,0,90,702.526
18,1,0,90,43.339
18,1,0,90,702.016
18,1,0,90,189.476
18,1,0,90,703.931
18,1,0,90,702.240
18,1,0,90,701.642
18,1,0,90,12.066
18,1,0,90,704.131
18,1,0,90,12.481
18,1,0,90,695.639
18,1,0,90,695.245
18,1,0,90,702.498
18,1,0,90,710.456
18,1,0,90,718.376
18,1,0,90,120.411
18,1,0,90,702.088
18,1,0,90,701.397
18,1,0,90,701.133
18,1,0,90,4.390
18,1,0,90,709.992
18,1,0,90,193.527
18,1,0,90,694.130
18,1,0,90,689.902
18,1,0,90,702.341
18,1,0,90,702.447
18,1,0,90,703.200
18,1,0,90,703.306
18,1,0,90,728.041
18,1,0,90,696.073
18,1,0,90,12.534
18,1,0,90,666.729
18,1,0,90,692.557
18,1,0,90,357.683
18,1,0,90,16.383
18,1,0,90,693.263
18,1,0,90,16.113
18,1,0,90,1013.898
18,1,0,90,743.006
18,1,0,90,719.741
18,1,0,90,40.610
18,1,0,90,32.252
18,1,0,90,21.506
18,1,0,90,111.649
18,1,0,90,74.421
18,1,0,90,249.174
18,1,0,90,64.373
18,1,0,90,703.290
18,1,0,90,703.007
18,1,0,90,137.227
18,1,0,90,703.904
18,1,0,90,5.365
18,1,0,90,680.615
18,1,0,90,693.536
18,1,0,90,72.589
18,1,0,90,692.895
18,1,0,90,15.949
18,1,0,90,692.347
18,1,0,90,62.364
18,1,0,90,695.522
18,1,0,90,9.927
18,1,0,90,695.159
18,1,0,90,17.009
18,1,0,90,696.556
18,1,0,90,71.868
18,1,0,90,695.563
18,1,0,90,681.114
18,1,0,90,694.478
18,1,0,90,74.347
18,1,0,90,693.782
18,1,0,90,82.188
18,1,0,90,694.420
18,1,0,90,62.103
18,1,0,90,692.298
18,1,0,90,43.148
18,1,0,90,695.343
18,1,0,90,4.730
18,1,0,90,694.221
18,1,0,90,6.756
18,1,0,90,694.191
18,1,0,90,73.930
18,1,0,90,694.310
18,1,0,90,27.845
18,1,0,90,694.966
18,1,0,90,122.445
18,1,0,90,696.122
18,1,0,90,15.916
18,1,0,90,422.205
18,1,0,90,695.328
18,1,0,90,198.825
18,1,0,90,709.150
18,1,0,90,683.145
18,1,0,90,635.621
18,1,0,90,694.004
18,1,0,90,53.799
18,1,0,90,692.864
18,1,0,90,94.158
18,1,0,90,655.964
18,1,0,90,703.922
18,1,0,90,138.530
18,1,0,90,730.651
18,1,0,90,656.443
18,1,0,90,704.289
18,1,0,90,688.580
18,1,0,90,697.223
18,1,0,90,59.406
18,1,0,90,57.123
18,1,0,90,700.373
18,1,0,90,68.704
18,1,0,90,694.177
18,1,0,90,16.749
18,1,0,90,695.907
18,1,0,90,54.424
18,1,0,90,695.100
18,1,0,90,707.335
18,1,0,90,696.015
18,1,0,90,73.846
18,1,0,90,672.023
18,1,0,90,692.906
18,1,0,90,162.515
18,1,0,90,730.080
18,1,0,90,695.260
18,1,0,90,74.906
18,1,0,90,692.657
18,1,0,90,47.914
18,1,0,90,696.183
18,1,0,90,15.070
18,1,0,90,700.598
18,1,0,90,704.833
18,1,0,90,699.421
18,1,0,90,693.230
18,1,0,90,118.580
18,1,0,90,703.312
18,1,0,90,80.217
18,1,0,90,694.912
18,1,0,90,118.336
18,1,0,90,706.679
18,1,0,90,695.507
18,1,0,90,681.020
18,1,0,90,16.203
18,1,0,90,703.398
18,1,0,90,69.433
18,1,0,90,693.350
18,1,0,90,644.975
18,1,0,90,696.413
18,1,0,90,237.522
18,1,0,90,704.051
18,1,0,90,19.327
18,1,0,90,695.707
18,1,0,90,176.093
18,1,0,90,704.325
18,1,0,90,106.601
18,1,0,90,694.352
18,1,0,90,317.959
19,2,0,80,0.482
19,2,0,80,0.897
19,2,0,80,78.608
19,2,0,80,1.671
19,2,0,80,1.272
19,2,0,80,79.501
19,2,0,80,505.118
19,2,0,80,128.868
19,2,0,80,34.562
19,2,0,80,129.272
19,2,0,80,161.076
19,2,0,80,0.196
19,2,0,80,281.609
19,2,0,80,86.044
19,2,0,80,268.069
19,2,0,80,274.984
19,2,0,80,292.733
19,2,0,80,272.352
19,2,0,80,413.081
19,2,0,80,111.146
19,2,0,80,75.135
19,2,0,80,0.347
19,2,0,80,141.280
19,2,0,80,3.936
19,2,0,80,532.349
19,2,0,80,272.061
19,2,0,80,278.606
19,2,0,80,272.392
19,2,0,80,6.438
19,2,0,80,275.000
19,2,0,80,380.247
19,2,0,80,296.830
19,2,0,80,115.727
19,2,0,80,2.569
19,2,0,80,272.390
19,2,0,80,275.638
19,2,0,80,543.515
19,2,0,80,208.987
19,2,0,80,2.181
19,2,0,80,53.337
19,2,0,80,58.882
19,2,0,80,134.556
19,2,0,80,121.582
19,2,0,80,411.292
19,2,0,80,46.616
19,2,0,80,55.439
19,2,0,80,44.280
19,2,0,80,59.935
19,2,0,80,41.258
19,2,0,80,71.340
19,2,0,80,46.681
19,2,0,80,41.318
19,2,0,80,57.659
19,2,0,80,45.704
19,2,0,80,155.137
19,2,0,80,46.330
19,2,0,80,58.505
19,2,0,80,46.049
19,2,0,80,254.686
19,2,0,80,57.046
19,2,0,80,38.887
19,2,0,80,58.599
19,2,0,80,40.310
19,2,0,80,38.929
19,2,0,80,51.011
19,2,0,80,59.648
19,2,0,80,43.971
19,2,0,80,42.830
19,2,0,80,56.597
19,2,0,80,39.031
19,2,0,80,203.630
19,2,0,80,44.583
19,2,0,80,186.183
19,2,0,80,368.763
19,2,0,80,38.939
19,2,0,80,156.187
19,2,0,80,44.973
19,2,0,80,71.333
19,2,0,80,226.469
19,2,0,80,46.293
19,2,0,80,40.541
19,2,0,80,46.067
19,2,0,80,34.260
19,2,0,80,64.212
19,2,0,80,110.886
19,2,0,80,41.431
19,2,0,80,218.809
19,2,0,80,189.353
19,2,0,80,155.250
19,2,0,80,157.813
19,2,0,80,57.377
19,2,0,80,57.903
19,2,0,80,374.706
19,2,0,80,60.808
19,2,0,80,79.130
19,2,0,80,70.193
19,2,0,80,34.961
19,2,0,80,51.505
19,2,0,80,57.068
19,2,0,80,70.002
19,2,0,80,58.806
19,2,0,80,40.925
19,2,0,80,58.951
19,2,0,80,78.625
19,2,0,80,49.448
19,2,0,80,37.048
19,2,0,80,196.240
19,2,0,80,60.286
19,2,0,80,69.775
19,2,0,80,44.598
19,2,0,80,58.309
19,2,0,80,59.002
19,2,0,80,45.972
19,2,0,80,41.165
19,2,0,80,197.635
19,2,0,80,210.754
19,2,0,80,180.614
19,2,0,80,66.363
19,2,0,80,169.796
19,2,0,80,181.933
19,2,0,80,56.478
19,2,0,80,58.486
19,2,0,80,58.012
19,2,0,80,127.390
19,2,0,80,98.546
19,2,0,80,124.850
19,2,0,80,129.672
19,2,0,80,58.736
19,2,0,80,185.484
19,2,0,80,59.325
19,2,0,80,163.518
19,2,0,80,153.266
19,2,0,80,108.941
19,2,0,80,126.596
19,2,0,80,183.104
19,2,0,80,57.242
19,2,0,80,161.064
19,2,0,80,181.683
19,2,0,80,101.635
19,2,0,80,110.772
19,2,0,80,193.409
19,2,0,80,50.936
19,2,0,80,207.091
19,2,0,80,58.229
19,2,0,80,135.403
19,2,0,80,57.208
19,2,0,80,161.604
19,2,0,80,183.667
19,2,0,80,177.193
19,2,0,80,56.572
19,2,0,80,58.394
19,2,0,80,57.309
19,2,0,80,58.280
19,2,0,80,53.306
19,2,0,80,53.870
19,2,0,80,56.118
19,2,0,80,62.644
19,2,0,80,62.448
19,2,0,80,55.548
19,2,0,80,104.963
19,2,0,80,189.082
19,2,0,80,75.534
19,2,0,80,81.838
19,2,0,80,109.661
19,2,0,80,124.187
19,2,0,80,169.250
19,2,0,80,193.183
19,2,0,80,186.710
19,2,0,80,55.848
19,2,0,80,109.077
19,2,0,80,187.584
19,2,0,80,67.148
19,2,0,80,198.174
19,2,0,80,184.682
19,2,0,80,53.579
19,2,0,80,69.531
19,2,0,80,187.316
19,2,0,80,76.472
19,2,0,80,171.905
19,2,0,80,56.617
19,2,0,80,102.995
19,2,0,80,56.892
19,2,0,80,59.122
19,2,0,80,73.055
19,2,0,80,172.229
19,2,0,80,180.552
19,2,0,80,81.912
19,2,0,80,157.604
19,2,0,80,61.705
19,2,0,80,45.046
19,2,0,80,45.332
19,2,0,80,41.376
19,2,0,80,39.477
19,2,0,80,43.614
19,2,0,80,36.585
19,2,0,80,48.166
19,2,0,80,183.377
19,2,0,80,188.662
19,2,0,80,60.523
19,2,0,80,37.327
19,2,0,80,59.297
19,2,0,80,59.990
19,2,0,80,58.776
19,2,0,80,59.969
19,2,0,80,27.551
19,2,0,80,58.799
19,2,0,80,41.177
19,2,0,80,41.629
19,2,0,80,46.229
19,2,0,80,58.922
19,2,0,80,33.504
19,2,0,80,40.919
19,2,0,80,57.649
19,2,0,80,28.268
19,2,0,80,58.646
19,2,0,80,49.802
19,2,0,80,256.142
19,2,0,80,64.724
19,2,0,80,51.565
19,2,0,80,89.832
19,2,0,80,123.192
19,2,0,80,58.051
19,2,0,80,67.800
19,2,0,80,219.622
19,2,0,80,166.278
19,2,0,80,181.841
19,2,0,80,184.423
19,2,0,80,185.245
19,2,0,80,185.123
19,2,0,80,201.353
19,2,0,80,186.583
19,2,0,80,189.183
19,2,0,80,182.839
19,2,0,80,134.458
19,2,0,80,113.022
19,2,0,80,172.621
19,2,0,80,180.351
19,2,0,80,192.100
19,2,0,80,76.867
19,2,0,80,166.541
19,2,0,80,55.957
19,2,0,80,57.502
19,2,0,80,157.527
19,2,0,80,202.757
19,2,0,80,212.635
19,2,0,80,151.032
19,2,0,80,110.929
19,2,0,80,124.344
19,2,0,80,134.611
19,2,0,80,213.877
19,2,0,80,100.422
19,2,0,80,56.671
19,2,0,80,57.882
19,2,0,80,56.742
19,2,0,80,72.916
19,2,0,80,74.961
19,2,0,80,261.190
19,2,0,80,54.514
19,2,0,80,57.429
19,2,0,80,53.066
19,2,0,80,59.963
19,2,0,80,106.266
19,2,0,80,272.606
19,2,0,80,57.837
19,2,0,80,103.789
19,2,0,80,56.186
19,2,0,80,59.472
19,2,0,80,173.331
19,2,0,80,123.839
19,2,0,80,104.494
19,2,0,80,56.484
19,2,0,80,55.084
19,2,0,80,181.499
19,2,0,80,192.654
19,2,0,80,199.144
19,2,0,80,172.725
19,2,0,80,215.103
19,2,0,80,103.352
19,2,0,80,74.934
19,2,0,80,58.609
19,2,0,80,206.504
19,2,0,80,55.865
19,2,0,80,168.779
19,2,0,80,193.435
19,2,0,80,72.647
19,2,0,80,220.209
19,2,0,80,53.496
19,2,0,80,123.836
19,2,0,80,168.788
19,2,0,80,189.444
19,2,0,80,171.248
19,2,0,80,133.386
19,2,0,80,164.115
19,2,0,80,118.290
19,2,0,80,170.594
19,2,0,80,173.676
19,2,0,80,182.813
19,2,0,80,173.191
19,2,0,80,187.976
19,2,0,80,165.799
20,2,2,80,0.370
20,2,2,80,59.340
20,2,2,80,1855.950
20,2,2,80,59.411
20,2,2,80,56.567
20,2,2,80,24.408
20,2,2,80,254.396
20,2,2,80,63.442
20,2,2,80,64.913
20,2,2,80,23.161
20,2,2,80,23.299
20,2,2,80,65.380
20,2,2,80,38.925
20,2,2,80,234.858
20,2,2,80,64.033
20,2,2,80,29.337
20,2,2,80,74.863
20,2,2,80,54.260
20,2,2,80,162.508
20,2,2,80,29.405
20,2,2,80,147.560
20,2,2,80,33.772
20,2,2,80,52.835
20,2,2,80,2282.275
20,2,2,80,2053.599
20,2,2,80,2045.199
20,2,2,80,2065.281
20,2,2,80,1840.827
20,2,2,80,221.010
20,2,2,80,62.074
20,2,2,80,136.082
20,2,2,80,62.682
20,2,2,80,173.578
20,2,2,80,53.087
20,2,2,80,54.798
20,2,2,80,94.287
20,2,2,80,292.405
20,2,2,80,24.155
20,2,2,80,39.625
20,2,2,80,16.670
20,2,2,80,15.696
20,2,2,80,70.537
20,2,2,80,18.193
20,2,2,80,132.422
20,2,2,80,51.616
20,2,2,80,17.642
20,2,2,80,16.316
20,2,2,80,47.250
20,2,2,80,33.276
20,2,2,80,89.913
20,2,2,80,17.810
20,2,2,80,16.355
20,2,2,80,59.492
20,2,2,80,17.018
20,2,2,80,18.693
20,2,2,80,26.052
20,2,2,80,42.486
20,2,2,80,18.327
20,2,2,80,16.149
20,2,2,80,15.676
20,2,2,80,73.016
20,2,2,80,56.543
20,2,2,80,16.514
20,2,2,80,18.021
20,2,2,80,39.566
20,2,2,80,40.925
20,2,2,80,16.581
20,2,2,80,17.274
20,2,2,80,24.708
20,2,2,80,26.215
20,2,2,80,16.408
20,2,2,80,16.657
20,2,2,80,21.535
20,2,2,80,139.042
20,2,2,80,16.754
20,2,2,80,20.447
20,2,2,80,16.806
20,2,2,80,22.277
20,2,2,80,16.137
20,2,2,80,16.126
20,2,2,80,32.670
20,2,2,80,16.567
20,2,2,80,17.686
20,2,2,80,1858.610
20,2,2,80,25.423
20,2,2,80,18.505
20,2,2,80,33.809
20,2,2,80,16.743
20,2,2,80,30.936
20,2,2,80,46.036
20,2,2,80,16.655
20,2,2,80,17.033
20,2,2,80,132.707
20,2,2,80,16.345
20,2,2,80,15.741
20,2,2,80,86.878
20,2,2,80,20.775
20,2,2,80,26.486
20,2,2,80,112.845
20,2,2,80,16.446
20,2,2,80,16.398
20,2,2,80,51.961
20,2,2,80,62.895
20,2,2,80,15.829
20,2,2,80,33.281
20,2,2,80,16.344
20,2,2,80,15.833
20,2,2,80,22.582
20,2,2,80,16.423
20,2,2,80,19.245
20,2,2,80,151.197
20,2,2,80,36.464
20,2,2,80,19.491
20,2,2,80,1929.470
20,2,2,80,28.673
20,2,2,80,15.495
20,2,2,80,51.077
20,2,2,80,17.751
20,2,2,80,17.315
20,2,2,80,39.693
20,2,2,80,17.886
20,2,2,80,1799.587
20,2,2,80,26.049
20,2,2,80,40.760
20,2,2,80,17.898
20,2,2,80,31.868
20,2,2,80,71.246
20,2,2,80,17.865
20,2,2,80,134.817
20,2,2,80,18.103
20,2,2,80,32.944
20,2,2,80,119.562
20,2,2,80,15.904
20,2,2,80,20.319
20,2,2,80,126.807
20,2,2,80,21.371
20,2,2,80,15.472
20,2,2,80,52.498
20,2,2,80,20.820
20,2,2,80,16.809
20,2,2,80,32.113
20,2,2,80,17.158
20,2,2,80,32.055
20,2,2,80,173.673
20,2,2,80,54.885
20,2,2,80,31.967
20,2,2,80,21.141
20,2,2,80,81.000
20,2,2,80,50.175
20,2,2,80,27.257
20,2,2,80,17.616
20,2,2,80,16.791
20,2,2,80,14.169
20,2,2,80,20.399
20,2,2,80,18.573
20,2,2,80,155.691
20,2,2,80,18.292
20,2,2,80,1801.068
20,2,2,80,1845.242
20,2,2,80,136.777
20,2,2,80,60.211
20,2,2,80,225.718
20,2,2,80,22.301
20,2,2,80,62.142
20,2,2,80,162.038
20,2,2,80,128.861
20,2,2,80,130.128
20,2,2,80,141.506
20,2,2,80,18.273
20,2,2,80,35.114
20,2,2,80,15.066
20,2,2,80,16.833
20,2,2,80,21.508
20,2,2,80,56.774
20,2,2,80,18.005
20,2,2,80,17.179
20,2,2,80,323.518
20,2,2,80,17.379
20,2,2,80,15.906
20,2,2,80,122.654
20,2,2,80,30.736
20,2,2,80,17.688
20,2,2,80,58.936
20,2,2,80,34.740
20,2,2,80,51.304
20,2,2,80,45.941
20,2,2,80,17.634
20,2,2,80,19.030
20,2,2,80,61.575
20,2,2,80,17.824
20,2,2,80,51.961
20,2,2,80,34.709
20,2,2,80,38.865
20,2,2,80,16.928
20,2,2,80,55.214
20,2,2,80,36.481
20,2,2,80,25.007
20,2,2,80,145.144
20,2,2,80,16.504
20,2,2,80,51.623
20,2,2,80,46.927
20,2,2,80,18.527
20,2,2,80,20.183
20,2,2,80,45.987
20,2,2,80,56.642
20,2,2,80,79.372
20,2,2,80,35.677
20,2,2,80,17.018
20,2,2,80,27.581
20,2,2,80,1785.190
20,2,2,80,56.466
20,2,2,80,17.456
20,2,2,80,115.296
20,2,2,80,17.082
20,2,2,80,25.886
20,2,2,80,42.598
20,2,2,80,17.476
20,2,2,80,17.409
20,2,2,80,133.879
20,2,2,80,17.499
20,2,2,80,44.155
20,2,2,80,60.551
20,2,2,80,17.800
20,2,2,80,123.807
20,2,2,80,299.628
20,2,2,80,23.860
20,2,2,80,49.145
20,2,2,80,50.671
20,2,2,80,17.327
20,2,2,80,18.391
20,2,2,80,152.083
20,2,2,80,19.554
20,2,2,80,21.080
20,2,2,80,95.773
20,2,2,80,17.966
20,2,2,80,57.325
20,2,2,80,146.740
20,2,2,80,39.674
20,2,2,80,19.275
20,2,2,80,14.282
20,2,2,80,18.660
20,2,2,80,17.409
20,2,2,80,107.601
20,2,2,80,23.591
20,2,2,80,146.635
20,2,2,80,452.030
20,2,2,80,19.892
20,2,2,80,29.659
20,2,2,80,48.277
20,2,2,80,17.859
20,2,2,80,20.071
20,2,2,80,20.338
20,2,2,80,21.123
20,2,2,80,19.168
20,2,2,80,95.064
20,2,2,80,17.942
20,2,2,80,21.913
20,2,2,80,122.957
20,2,2,80,17.354
20,2,2,80,17.769
20,2,2,80,17.629
20,2,2,80,17.433
20,2,2,80,17.941
20,2,2,80,161.114
20,2,2,80,19.382
20,2,2,80,32.093
20,2,2,80,151.063
20,2,2,80,110.571
20,2,2,80,18.190
20,2,2,80,15.457
20,2,2,80,18.410
20,2,2,80,21.362
20,2,2,80,30.240
20,2,2,80,58.821
20,2,2,80,60.681
20,2,2,80,112.207
20,2,2,80,49.363
20,2,2,80,17.982
20,2,2,80,232.137
20,2,2,80,27.460
20,2,2,80,60.690
20,2,2,80,153.142
20,2,2,80,81.150
20,2,2,80,44.065
20,2,2,80,162.072
20,2,2,80,16.803
20,2,2,80,50.977
20,2,2,80,118.799
20,2,2,80,30.789
20,2,2,80,163.648
20,2,2,80,66.285
20,2,2,80,29.497
20,2,2,80,59.745
20,2,2,80,158.586
20,2,2,80,60.853
20,2,2,80,74.416
20,2,2,80,165.442
20,2,2,80,32.506
20,2,2,80,57.514
20,2,2,80,225.391
21,2,1,80,0.370
21,2,1,80,73.970
21,2,1,80,1878.024
21,2,1,80,80.449
21,2,1,80,48.364
21,2,1,80,163.926
21,2,1,80,321.285
21,2,1,80,132.757
21,2,1,80,131.987
21,2,1,80,249.364
21,2,1,80,88.854
21,2,1,80,140.639
21,2,1,80,61.573
21,2,1,80,221.340
21,2,1,80,48.293
21,2,1,80,16.338
21,2,1,80,41.697
21,2,1,80,56.797
21,2,1,80,233.230
21,2,1,80,71.794
21,2,1,80,140.857
21,2,1,80,55.217
21,2,1,80,96.446
21,2,1,80,2369.720
21,2,1,80,2052.581
21,2,1,80,2026.200
21,2,1,80,2046.652
21,2,1,80,2026.863
21,2,1,80,201.103
21,2,1,80,56.612
21,2,1,80,183.008
21,2,1,80,38.683
21,2,1,80,164.542
21,2,1,80,48.402
21,2,1,80,56.520
21,2,1,80,119.472
21,2,1,80,366.016
21,2,1,80,23.136
21,2,1,80,6.181
21,2,1,80,33.244
21,2,1,80,7.585
21,2,1,80,32.963
21,2,1,80,6.027
21,2,1,80,89.812
21,2,1,80,49.116
21,2,1,80,37.290
21,2,1,80,38.113
21,2,1,80,12.510
21,2,1,80,35.258
21,2,1,80,49.969
21,2,1,80,87.829
21,2,1,80,1612.365
21,2,1,80,45.196
21,2,1,80,73.444
21,2,1,80,14.841
21,2,1,80,43.756
21,2,1,80,63.653
21,2,1,80,20.809
21,2,1,80,15.168
21,2,1,80,1598.927
21,2,1,80,78.091
21,2,1,80,22.895
21,2,1,80,348.642
21,2,1,80,15.077
21,2,1,80,30.640
21,2,1,80,3.611
21,2,1,80,28.804
21,2,1,80,1603.025
21,2,1,80,1598.625
21,2,1,80,33.234
21,2,1,80,1599.382
21,2,1,80,78.083
21,2,1,80,16.165
21,2,1,80,94.598
21,2,1,80,5.032
21,2,1,80,26.780
21,2,1,80,21.566
21,2,1,80,5.555
21,2,1,80,1911.608
21,2,1,80,78.015
21,2,1,80,24.800
21,2,1,80,359.177
21,2,1,80,17.186
21,2,1,80,1862.406
21,2,1,80,1612.878
21,2,1,80,3.746
21,2,1,80,22.550
21,2,1,80,18.928
21,2,1,80,16.566
21,2,1,80,49.536
21,2,1,80,64.784
21,2,1,80,17.792
21,2,1,80,88.855
21,2,1,80,9.789
21,2,1,80,16.853
21,2,1,80,54.767
21,2,1,80,64.831
21,2,1,80,34.005
21,2,1,80,97.698
21,2,1,80,122.113
21,2,1,80,29.899
21,2,1,80,15.388
21,2,1,80,58.247
21,2,1,80,64.403
21,2,1,80,58.096
21,2,1,80,15.048
21,2,1,80,1890.564
21,2,1,80,8.527
21,2,1,80,15.368
21,2,1,80,64.579
21,2,1,80,118.086
21,2,1,80,15.206
21,2,1,80,43.491
21,2,1,80,1895.488
21,2,1,80,60.136
21,2,1,80,80.217
21,2,1,80,12.022
21,2,1,80,16.789
21,2,1,80,2.871
21,2,1,80,390.191
21,2,1,80,15.127
21,2,1,80,1768.310
21,2,1,80,102.827
21,2,1,80,37.150
21,2,1,80,18.750
21,2,1,80,436.385
21,2,1,80,56.802
21,2,1,80,16.254
21,2,1,80,103.688
21,2,1,80,16.140
21,2,1,80,77.296
21,2,1,80,104.377
21,2,1,80,57.237
21,2,1,80,22.356
21,2,1,80,100.567
21,2,1,80,16.723
21,2,1,80,24.898
21,2,1,80,14.165
21,2,1,80,16.895
21,2,1,80,20.513
21,2,1,80,133.743
21,2,1,80,15.381
21,2,1,80,35.925
21,2,1,80,129.340
21,2,1,80,34.459
21,2,1,80,16.837
21,2,1,80,25.475
21,2,1,80,116.260
21,2,1,80,41.620
21,2,1,80,80.201
21,2,1,80,15.987
21,2,1,80,4.828
21,2,1,80,61.798
21,2,1,80,22.973
21,2,1,80,16.573
21,2,1,80,111.617
21,2,1,80,16.755
21,2,1,80,1778.272
21,2,1,80,1804.354
21,2,1,80,100.963
21,2,1,80,52.212
21,2,1,80,191.034
21,2,1,80,14.746
21,2,1,80,21.661
21,2,1,80,134.057
21,2,1,80,112.713
21,2,1,80,89.017
21,2,1,80,123.895
21,2,1,80,21.440
21,2,1,80,11.096
21,2,1,80,107.085
21,2,1,80,2.278
21,2,1,80,58.915
21,2,1,80,68.571
21,2,1,80,16.820
21,2,1,80,124.512
21,2,1,80,287.111
21,2,1,80,20.009
21,2,1,80,32.202
21,2,1,80,78.395
21,2,1,80,6.773
21,2,1,80,26.151
21,2,1,80,36.159
21,2,1,80,8.944
21,2,1,80,35.896
21,2,1,80,7.682
21,2,1,80,17.430
21,2,1,80,69.142
21,2,1,80,54.186
21,2,1,80,14.565
21,2,1,80,16.258
21,2,1,80,27.839
21,2,1,80,30.532
21,2,1,80,1613.365
21,2,1,80,26.918
21,2,1,80,29.555
21,2,1,80,15.693
21,2,1,80,100.774
21,2,1,80,12.949
21,2,1,80,23.179
21,2,1,80,13.223
21,2,1,80,28.787
21,2,1,80,111.238
21,2,1,80,55.283
21,2,1,80,59.032
21,2,1,80,46.465
21,2,1,80,28.843
21,2,1,80,62.370
21,2,1,80,18.248
21,2,1,80,1777.098
21,2,1,80,51.763
21,2,1,80,34.900
21,2,1,80,94.167
21,2,1,80,16.768
21,2,1,80,1600.489
21,2,1,80,45.283
21,2,1,80,15.587
21,2,1,80,8.595
21,2,1,80,95.861
21,2,1,80,19.425
21,2,1,80,51.136
21,2,1,80,24.348
21,2,1,80,55.615
21,2,1,80,90.844
21,2,1,80,277.129
21,2,1,80,67.119
21,2,1,80,10.738
21,2,1,80,11.672
21,2,1,80,55.901
21,2,1,80,18.057
21,2,1,80,177.120
21,2,1,80,15.054
21,2,1,80,132.061
21,2,1,80,89.884
21,2,1,80,19.837
21,2,1,80,47.715
21,2,1,80,102.852
21,2,1,80,49.174
21,2,1,80,16.108
21,2,1,80,296.022
21,2,1,80,16.105
21,2,1,80,18.428
21,2,1,80,75.509
21,2,1,80,85.331
21,2,1,80,108.135
21,2,1,80,410.512
21,2,1,80,16.447
21,2,1,80,236.658
21,2,1,80,7.852
21,2,1,80,18.582
21,2,1,80,17.052
21,2,1,80,70.708
21,2,1,80,16.605
21,2,1,80,2.427
21,2,1,80,53.472
21,2,1,80,33.757
21,2,1,80,30.061
21,2,1,80,78.476
21,2,1,80,10.781
21,2,1,80,18.659
21,2,1,80,24.592
21,2,1,80,1562.203
21,2,1,80,15.700
21,2,1,80,115.948
21,2,1,80,3.364
21,2,1,80,21.242
21,2,1,80,106.619
21,2,1,80,139.608
21,2,1,80,15.932
21,2,1,80,106.661
21,2,1,80,18.688
21,2,1,80,16.899
21,2,1,80,30.314
21,2,1,80,21.637
21,2,1,80,48.829
21,2,1,80,88.559
21,2,1,80,5.604
21,2,1,80,14.890
21,2,1,80,194.026
21,2,1,80,37.590
21,2,1,80,57.820
21,2,1,80,108.790
21,2,1,80,37.465
21,2,1,80,0.621
21,2,1,80,121.017
21,2,1,80,1734.590
21,2,1,80,46.811
21,2,1,80,95.781
21,2,1,80,24.289
21,2,1,80,125.500
21,2,1,80,21.323
21,2,1,80,108.460
21,2,1,80,20.283
21,2,1,80,114.475
21,2,1,80,26.576
21,2,1,80,51.658
21,2,1,80,121.350
21,2,1,80,43.654
21,2,1,80,13.162
21,2,1,80,196.502
22,2,1,80,0.500
22,2,1,80,144.784
22,2,1,80,9.682
22,2,1,80,147.892
22,2,1,80,122.122
22,2,1,80,4.631
22,2,1,80,428.747
22,2,1,80,204.349
22,2,1,80,265.912
22,2,1,80,191.809
22,2,1,80,284.260
22,2,1,80,0.362
22,2,1,80,287.165
22,2,1,80,9.248
22,2,1,80,273.087
22,2,1,80,281.040
22,2,1,80,305.992
22,2,1,80,264.222
22,2,1,80,335.933
22,2,1,80,233.274
22,2,1,80,129.005
22,2,1,80,127.624
22,2,1,80,289.001
22,2,1,80,138.898
22,2,1,80,458.682
22,2,1,80,263.228
22,2,1,80,293.217
22,2,1,80,271.873
22,2,1,80,11.215
22,2,1,80,271.092
22,2,1,80,305.636
22,2,1,80,263.015
22,2,1,80,5.042
22,2,1,80,1.124
22,2,1,80,266.278
22,2,1,80,267.601
22,2,1,80,466.459
22,2,1,80,181.061
22,2,1,80,4.848
22,2,1,80,135.706
22,2,1,80,280.380
22,2,1,80,80.963
22,2,1,80,356.062
22,2,1,80,242.459
22,2,1,80,24.690
22,2,1,80,138.660
22,2,1,80,300.019
22,2,1,80,191.823
22,2,1,80,298.441
22,2,1,80,269.338
22,2,1,80,24.310
22,2,1,80,308.668
22,2,1,80,155.177
22,2,1,80,311.906
22,2,1,80,235.303
22,2,1,80,24.608
22,2,1,80,184.133
22,2,1,80,135.141
22,2,1,80,71.334
22,2,1,80,302.063
22,2,1,80,330.959
22,2,1,80,196.986
22,2,1,80,297.160
22,2,1,80,212.742
22,2,1,80,142.732
22,2,1,80,182.221
22,2,1,80,138.470
22,2,1,80,304.199
22,2,1,80,291.595
22,2,1,80,295.251
22,2,1,80,202.630
22,2,1,80,317.989
22,2,1,80,70.424
22,2,1,80,167.505
22,2,1,80,64.235
22,2,1,80,238.335
22,2,1,80,22.899
22,2,1,80,278.850
22,2,1,80,215.839
22,2,1,80,24.959
22,2,1,80,140.744
22,2,1,80,303.103
22,2,1,80,105.019
22,2,1,80,280.951
22,2,1,80,212.126
22,2,1,80,121.264
22,2,1,80,70.735
22,2,1,80,73.020
22,2,1,80,241.009
22,2,1,80,115.017
22,2,1,80,145.895
22,2,1,80,112.866
22,2,1,80,259.910
22,2,1,80,270.973
22,2,1,80,280.110
22,2,1,80,266.859
22,2,1,80,302.681
22,2,1,80,295.633
22,2,1,80,280.530
22,2,1,80,304.167
22,2,1,80,116.472
22,2,1,80,145.054
22,2,1,80,144.191
22,2,1,80,214.883
22,2,1,80,304.983
22,2,1,80,209.417
22,2,1,80,195.444
22,2,1,80,63.730
22,2,1,80,71.608
22,2,1,80,65.523
22,2,1,80,275.215
22,2,1,80,365.518
22,2,1,80,25.083
22,2,1,80,436.348
22,2,1,80,188.339
22,2,1,80,206.791
22,2,1,80,181.984
22,2,1,80,62.381
22,2,1,80,173.943
22,2,1,80,208.988
22,2,1,80,62.126
22,2,1,80,64.041
22,2,1,80,61.641
22,2,1,80,181.037
22,2,1,80,87.397
22,2,1,80,184.849
22,2,1,80,192.634
22,2,1,80,61.921
22,2,1,80,183.446
22,2,1,80,62.769
22,2,1,80,173.795
22,2,1,80,205.914
22,2,1,80,151.625
22,2,1,80,161.096
22,2,1,80,184.640
22,2,1,80,62.575
22,2,1,80,171.452
22,2,1,80,209.145
22,2,1,80,128.690
22,2,1,80,94.531
22,2,1,80,190.150
22,2,1,80,63.769
22,2,1,80,242.165
22,2,1,80,64.229
22,2,1,80,135.125
22,2,1,80,62.004
22,2,1,80,172.770
22,2,1,80,182.166
22,2,1,80,147.989
22,2,1,80,62.405
22,2,1,80,62.264
22,2,1,80,57.420
22,2,1,80,62.002
22,2,1,80,49.343
22,2,1,80,62.480
22,2,1,80,56.080
22,2,1,80,58.644
22,2,1,80,59.614
22,2,1,80,65.104
22,2,1,80,147.166
22,2,1,80,216.025
22,2,1,80,74.015
22,2,1,80,123.245
22,2,1,80,98.920
22,2,1,80,180.205
22,2,1,80,222.360
22,2,1,80,217.757
22,2,1,80,196.579
22,2,1,80,71.977
22,2,1,80,151.651
22,2,1,80,219.010
22,2,1,80,62.907
22,2,1,80,189.081
22,2,1,80,214.533
22,2,1,80,64.097
22,2,1,80,129.104
22,2,1,80,185.167
22,2,1,80,70.324
22,2,1,80,214.868
22,2,1,80,61.821
22,2,1,80,63.625
22,2,1,80,62.503
22,2,1,80,61.529
22,2,1,80,133.832
22,2,1,80,244.210
22,2,1,80,183.385
22,2,1,80,72.523
22,2,1,80,248.751
22,2,1,80,141.963
22,2,1,80,218.878
22,2,1,80,145.831
22,2,1,80,144.024
22,2,1,80,146.031
22,2,1,80,307.853
22,2,1,80,149.139
22,2,1,80,144.684
22,2,1,80,69.322
22,2,1,80,69.515
22,2,1,80,110.096
22,2,1,80,148.752
22,2,1,80,190.796
22,2,1,80,144.082
22,2,1,80,289.885
22,2,1,80,298.856
22,2,1,80,142.364
22,2,1,80,271.038
22,2,1,80,143.102
22,2,1,80,300.387
22,2,1,80,23.729
22,2,1,80,287.791
22,2,1,80,224.447
22,2,1,80,137.826
22,2,1,80,281.684
22,2,1,80,237.100
22,2,1,80,293.237
22,2,1,80,306.670
22,2,1,80,73.031
22,2,1,80,281.612
22,2,1,80,208.286
22,2,1,80,126.980
22,2,1,80,181.061
22,2,1,80,62.533
22,2,1,80,63.077
22,2,1,80,186.121
22,2,1,80,158.259
22,2,1,80,181.711
22,2,1,80,181.867
22,2,1,80,185.467
22,2,1,80,185.160
22,2,1,80,196.797
22,2,1,80,179.953
22,2,1,80,185.183
22,2,1,80,180.024
22,2,1,80,190.846
22,2,1,80,183.299
22,2,1,80,183.695
22,2,1,80,180.444
22,2,1,80,194.544
22,2,1,80,72.663
22,2,1,80,158.633
22,2,1,80,64.864
22,2,1,80,61.983
22,2,1,80,217.008
22,2,1,80,384.774
22,2,1,80,273.671
22,2,1,80,237.309
22,2,1,80,90.021
22,2,1,80,180.899
22,2,1,80,125.295
22,2,1,80,211.543
22,2,1,80,137.588
22,2,1,80,62.504
22,2,1,80,62.049
22,2,1,80,56.927
22,2,1,80,67.916
22,2,1,80,69.924
22,2,1,80,256.171
22,2,1,80,63.143
22,2,1,80,51.002
22,2,1,80,62.158
22,2,1,80,65.055
22,2,1,80,69.322
22,2,1,80,111.292
22,2,1,80,63.800
22,2,1,80,66.734
22,2,1,80,70.093
22,2,1,80,63.582
22,2,1,80,254.089
22,2,1,80,199.578
22,2,1,80,160.272
22,2,1,80,63.446
22,2,1,80,62.917
22,2,1,80,214.591
22,2,1,80,196.080
22,2,1,80,192.328
22,2,1,80,164.225
22,2,1,80,215.547
22,2,1,80,136.426
22,2,1,80,73.397
22,2,1,80,62.812
22,2,1,80,199.578
22,2,1,80,64.235
22,2,1,80,224.316
22,2,1,80,195.305
22,2,1,80,108.072
22,2,1,80,165.376
22,2,1,80,63.644
22,2,1,80,184.688
22,2,1,80,216.880
22,2,1,80,219.703
22,2,1,80,222.155
22,2,1,80,188.737
22,2,1,80,183.819
22,2,1,80,205.678
22,2,1,80,243.760
22,2,1,80,247.341
22,2,1,80,214.960
22,2,1,80,223.653
22,2,1,80,215.568
22,2,1,80,157.502
23,2,0,80,0.334
23,2,0,80,69.248
23,2,0,80,315.607
23,2,0,80,72.041
23,2,0,80,68.975
23,2,0,80,267.315
23,2,0,80,405.729
23,2,0,80,91.665
23,2,0,80,196.190
23,2,0,80,141.902
23,2,0,80,154.225
23,2,0,80,270.935
23,2,0,80,171.425
23,2,0,80,84.489
23,2,0,80,150.626
23,2,0,80,210.226
23,2,0,80,177.326
23,2,0,80,174.908
23,2,0,80,313.044
23,2,0,80,172.553
23,2,0,80,32.728
23,2,0,80,57.995
23,2,0,80,183.835
23,2,0,80,166.843
23,2,0,80,437.923
23,2,0,80,171.118
23,2,0,80,219.884
23,2,0,80,153.152
23,2,0,80,91.956
23,2,0,80,158.630
23,2,0,80,280.248
23,2,0,80,155.793
23,2,0,80,307.226
23,2,0,80,97.513
23,2,0,80,174.872
23,2,0,80,167.343
23,2,0,80,444.645
23,2,0,80,69.303
23,2,0,80,86.718
23,2,0,80,23.189
23,2,0,80,138.103
23,2,0,80,49.556
23,2,0,80,199.470
23,2,0,80,90.849
23,2,0,80,97.949
23,2,0,80,24.939
23,2,0,80,143.909
23,2,0,80,61.602
23,2,0,80,147.035
23,2,0,80,183.524
23,2,0,80,35.755
23,2,0,80,152.466
23,2,0,80,32.659
23,2,0,80,160.351
23,2,0,80,79.397
23,2,0,80,205.163
23,2,0,80,62.468
23,2,0,80,63.864
23,2,0,80,108.631
23,2,0,80,151.527
23,2,0,80,185.961
23,2,0,80,61.377
23,2,0,80,145.662
23,2,0,80,92.669
23,2,0,80,55.085
23,2,0,80,64.148
23,2,0,80,30.748
23,2,0,80,147.644
23,2,0,80,206.281
23,2,0,80,143.326
23,2,0,80,46.520
23,2,0,80,161.360
23,2,0,80,94.942
23,2,0,80,50.691
23,2,0,80,172.568
23,2,0,80,81.854
23,2,0,80,154.528
23,2,0,80,199.203
23,2,0,80,64.785
23,2,0,80,259.366
23,2,0,80,43.263
23,2,0,80,147.159
23,2,0,80,41.094
23,2,0,80,138.249
23,2,0,80,55.702
23,2,0,80,84.079
23,2,0,80,90.106
23,2,0,80,100.298
23,2,0,80,84.436
23,2,0,80,155.647
23,2,0,80,35.507
23,2,0,80,43.422
23,2,0,80,108.078
23,2,0,80,132.067
23,2,0,80,128.315
23,2,0,80,180.915
23,2,0,80,146.256
23,2,0,80,143.875
23,2,0,80,178.660
23,2,0,80,181.816
23,2,0,80,41.936
23,2,0,80,58.018
23,2,0,80,74.303
23,2,0,80,107.792
23,2,0,80,153.299
23,2,0,80,97.252
23,2,0,80,39.315
23,2,0,80,227.100
23,2,0,80,15.979
23,2,0,80,210.708
23,2,0,80,156.271
23,2,0,80,208.668
23,2,0,80,71.232
23,2,0,80,279.497
23,2,0,80,40.544
23,2,0,80,63.033
23,2,0,80,33.281
23,2,0,80,106.992
23,2,0,80,19.852
23,2,0,80,77.397
23,2,0,80,15.590
23,2,0,80,184.782
23,2,0,80,41.420
23,2,0,80,24.335
23,2,0,80,27.991
23,2,0,80,30.610
23,2,0,80,70.802
23,2,0,80,119.032
23,2,0,80,38.022
23,2,0,80,16.289
23,2,0,80,74.333
23,2,0,80,49.415
23,2,0,80,24.941
23,2,0,80,18.745
23,2,0,80,36.938
23,2,0,80,83.427
23,2,0,80,72.009
23,2,0,80,56.331
23,2,0,80,16.710
23,2,0,80,166.717
23,2,0,80,50.892
23,2,0,80,51.307
23,2,0,80,86.388
23,2,0,80,17.341
23,2,0,80,24.645
23,2,0,80,84.911
23,2,0,80,71.382
23,2,0,80,36.020
23,2,0,80,78.509
23,2,0,80,147.071
23,2,0,80,100.968
23,2,0,80,30.310
23,2,0,80,16.151
23,2,0,80,77.751
23,2,0,80,16.018
23,2,0,80,230.062
23,2,0,80,21.181
23,2,0,80,203.521
23,2,0,80,235.492
23,2,0,80,184.759
23,2,0,80,80.619
23,2,0,80,101.757
23,2,0,80,49.709
23,2,0,80,1.624
23,2,0,80,23.243
23,2,0,80,66.806
23,2,0,80,84.851
23,2,0,80,44.747
23,2,0,80,49.922
23,2,0,80,11.726
23,2,0,80,62.882
23,2,0,80,51.556
23,2,0,80,47.841
23,2,0,80,58.923
23,2,0,80,16.301
23,2,0,80,40.513
23,2,0,80,39.409
23,2,0,80,22.880
23,2,0,80,63.313
23,2,0,80,15.821
23,2,0,80,63.681
23,2,0,80,17.448
23,2,0,80,100.122
23,2,0,80,86.185
23,2,0,80,140.267
23,2,0,80,34.312
23,2,0,80,16.097
23,2,0,80,92.512
23,2,0,80,0.298
23,2,0,80,67.472
23,2,0,80,65.795
23,2,0,80,45.765
23,2,0,80,42.014
23,2,0,80,151.484
23,2,0,80,78.399
23,2,0,80,52.259
23,2,0,80,96.878
23,2,0,80,94.830
23,2,0,80,0.449
23,2,0,80,71.049
23,2,0,80,60.909
23,2,0,80,38.972
23,2,0,80,174.646
23,2,0,80,142.653
23,2,0,80,84.013
23,2,0,80,151.521
23,2,0,80,49.344
23,2,0,80,143.832
23,2,0,80,85.581
23,2,0,80,196.459
23,2,0,80,75.189
23,2,0,80,16.919
23,2,0,80,183.371
23,2,0,80,103.027
23,2,0,80,210.849
23,2,0,80,155.135
23,2,0,80,110.068
23,2,0,80,131.483
23,2,0,80,168.250
23,2,0,80,87.703
23,2,0,80,85.747
23,2,0,80,267.050
23,2,0,80,41.745
23,2,0,80,54.234
23,2,0,80,87.778
23,2,0,80,73.212
23,2,0,80,36.572
23,2,0,80,37.968
23,2,0,80,42.568
23,2,0,80,43.446
23,2,0,80,39.250
23,2,0,80,41.295
23,2,0,80,36.414
23,2,0,80,35.570
23,2,0,80,37.929
23,2,0,80,28.085
23,2,0,80,71.963
23,2,0,80,89.711
23,2,0,80,65.071
23,2,0,80,18.912
23,2,0,80,55.124
23,2,0,80,76.631
23,2,0,80,70.046
23,2,0,80,229.146
23,2,0,80,122.413
23,2,0,80,81.866
23,2,0,80,26.466
23,2,0,80,27.344
23,2,0,80,86.981
23,2,0,80,61.137
23,2,0,80,78.700
23,2,0,80,16.005
23,2,0,80,48.420
23,2,0,80,207.741
23,2,0,80,129.601
23,2,0,80,150.294
23,2,0,80,106.191
23,2,0,80,17.440
23,2,0,80,42.651
23,2,0,80,15.918
23,2,0,80,16.074
23,2,0,80,129.063
23,2,0,80,4.978
23,2,0,80,16.097
23,2,0,80,62.549
23,2,0,80,79.038
23,2,0,80,181.434
23,2,0,80,130.516
23,2,0,80,43.209
23,2,0,80,27.347
23,2,0,80,50.336
23,2,0,80,82.454
23,2,0,80,58.185
23,2,0,80,89.674
23,2,0,80,112.014
23,2,0,80,78.745
23,2,0,80,101.585
23,2,0,80,32.445
23,2,0,80,23.286
23,2,0,80,231.626
23,2,0,80,122.246
23,2,0,80,403.233
23,2,0,80,132.705
23,2,0,80,92.269
23,2,0,80,63.388
23,2,0,80,54.673
23,2,0,80,206.606
23,2,0,80,28.837
23,2,0,80,70.252
23,2,0,80,94.926
23,2,0,80,126.489
23,2,0,80,36.460
23,2,0,80,72.042
23,2,0,80,140.864
23,2,0,80,136.001
23,2,0,80,128.639
23,2,0,80,59.610
23,2,0,80,68.469
23,2,0,80,79.644
23,2,0,80,14.596
24,2,2,80,0.278
24,2,2,80,1806.368
24,2,2,80,292.440
24,2,2,80,67.763
24,2,2,80,103.882
24,2,2,80,163.926
24,2,2,80,354.100
24,2,2,80,71.868
24,2,2,80,79.561
24,2,2,80,90.828
24,2,2,80,50.873
24,2,2,80,220.417
24,2,2,80,159.165
24,2,2,80,28.007
24,2,2,80,71.848
24,2,2,80,98.226
24,2,2,80,143.326
24,2,2,80,66.593
24,2,2,80,267.785
24,2,2,80,154.108
24,2,2,80,11.339
24,2,2,80,1878.022
24,2,2,80,82.650
24,2,2,80,120.676
24,2,2,80,394.979
24,2,2,80,62.118
24,2,2,80,147.940
24,2,2,80,72.670
24,2,2,80,76.641
24,2,2,80,78.593
24,2,2,80,226.415
24,2,2,80,75.831
24,2,2,80,205.726
24,2,2,80,50.365
24,2,2,80,66.020
24,2,2,80,161.120
24,2,2,80,398.182
24,2,2,80,23.470
24,2,2,80,55.459
24,2,2,80,47.466
24,2,2,80,57.196
24,2,2,80,100.407
24,2,2,80,71.026
24,2,2,80,16.127
24,2,2,80,448.077
24,2,2,80,52.938
24,2,2,80,21.446
24,2,2,80,1754.463
24,2,2,80,23.980
24,2,2,80,77.025
24,2,2,80,34.699
24,2,2,80,24.762
24,2,2,80,97.455
24,2,2,80,31.722
24,2,2,80,39.119
24,2,2,80,75.904
24,2,2,80,1768.477
24,2,2,80,47.086
24,2,2,80,0.353
24,2,2,80,24.528
24,2,2,80,55.924
24,2,2,80,1748.478
24,2,2,80,21.421
24,2,2,80,26.781
24,2,2,80,89.381
24,2,2,80,1747.453
24,2,2,80,77.692
24,2,2,80,22.200
24,2,2,80,111.837
24,2,2,80,20.142
24,2,2,80,89.316
24,2,2,80,32.435
24,2,2,80,3.609
24,2,2,80,21.135
24,2,2,80,44.236
24,2,2,80,42.428
24,2,2,80,27.677
24,2,2,80,84.314
24,2,2,80,93.470
24,2,2,80,143.199
24,2,2,80,180.559
24,2,2,80,21.975
24,2,2,80,39.704
24,2,2,80,13.786
24,2,2,80,1743.174
24,2,2,80,23.728
24,2,2,80,108.513
24,2,2,80,2.984
24,2,2,80,39.658
24,2,2,80,36.981
24,2,2,80,1789.497
24,2,2,80,103.051
24,2,2,80,16.411
24,2,2,80,4.512
24,2,2,80,23.019
24,2,2,80,80.804
24,2,2,80,23.331
24,2,2,80,20.561
24,2,2,80,53.827
24,2,2,80,53.557
24,2,2,80,78.806
24,2,2,80,63.943
24,2,2,80,62.062
24,2,2,80,10.274
24,2,2,80,30.855
24,2,2,80,30.233
24,2,2,80,89.037
24,2,2,80,98.619
24,2,2,80,38.738
24,2,2,80,82.171
24,2,2,80,143.327
24,2,2,80,80.038
24,2,2,80,22.972
24,2,2,80,152.090
24,2,2,80,74.839
24,2,2,80,1900.782
24,2,2,80,1768.494
24,2,2,80,1.770
24,2,2,80,1897.082
24,2,2,80,1764.924
24,2,2,80,40.312
24,2,2,80,59.504
24,2,2,80,1722.892
24,2,2,80,86.390
24,2,2,80,61.398
24,2,2,80,1919.488
24,2,2,80,61.376
24,2,2,80,4.866
24,2,2,80,131.058
24,2,2,80,39.399
24,2,2,80,110.499
24,2,2,80,171.858
24,2,2,80,40.422
24,2,2,80,69.356
24,2,2,80,125.567
24,2,2,80,38.853
24,2,2,80,1909.628
24,2,2,80,1844.655
24,2,2,80,38.431
24,2,2,80,38.921
24,2,2,80,419.111
24,2,2,80,39.769
24,2,2,80,84.573
24,2,2,80,163.525
24,2,2,80,83.977
24,2,2,80,46.615
24,2,2,80,1906.890
24,2,2,80,75.556
24,2,2,80,93.416
24,2,2,80,23.053
24,2,2,80,25.691
24,2,2,80,53.791
24,2,2,80,171.964
24,2,2,80,73.047
24,2,2,80,39.962
24,2,2,80,138.525
24,2,2,80,39.681
24,2,2,80,78.577
24,2,2,80,138.937
24,2,2,80,59.334
24,2,2,80,58.749
24,2,2,80,224.774
24,2,2,80,40.042
24,2,2,80,56.216
24,2,2,80,161.631
24,2,2,80,123.639
24,2,2,80,157.257
24,2,2,80,133.895
24,2,2,80,45.903
24,2,2,80,60.096
24,2,2,80,91.585
24,2,2,80,51.111
24,2,2,80,330.784
24,2,2,80,53.497
24,2,2,80,44.431
24,2,2,80,1905.113
24,2,2,80,321.185
24,2,2,80,59.639
24,2,2,80,80.998
24,2,2,80,112.024
24,2,2,80,55.347
24,2,2,80,49.873
24,2,2,80,47.677
24,2,2,80,82.037
24,2,2,80,46.211
24,2,2,80,1780.469
24,2,2,80,40.264
24,2,2,80,25.697
24,2,2,80,62.427
24,2,2,80,41.027
24,2,2,80,91.313
24,2,2,80,183.412
24,2,2,80,90.476
24,2,2,80,24.484
24,2,2,80,211.509
24,2,2,80,91.110
24,2,2,80,6.581
24,2,2,80,135.866
24,2,2,80,59.597
24,2,2,80,96.660
24,2,2,80,1779.751
24,2,2,80,77.379
24,2,2,80,50.164
24,2,2,80,32.339
24,2,2,80,50.865
24,2,2,80,73.502
24,2,2,80,180.046
24,2,2,80,20.036
24,2,2,80,48.988
24,2,2,80,75.811
24,2,2,80,1785.939
24,2,2,80,42.308
24,2,2,80,102.297
24,2,2,80,41.138
24,2,2,80,86.905
24,2,2,80,34.042
24,2,2,80,0.106
24,2,2,80,44.502
24,2,2,80,64.343
24,2,2,80,23.425
24,2,2,80,1765.331
24,2,2,80,152.828
24,2,2,80,45.818
24,2,2,80,200.029
24,2,2,80,294.166
24,2,2,80,1898.572
24,2,2,80,1900.672
24,2,2,80,1895.828
24,2,2,80,89.272
24,2,2,80,74.909
24,2,2,80,153.453
24,2,2,80,40.332
24,2,2,80,130.987
24,2,2,80,117.439
24,2,2,80,44.577
24,2,2,80,101.918
24,2,2,80,170.018
24,2,2,80,1779.276
24,2,2,80,40.497
24,2,2,80,1768.847
24,2,2,80,42.179
24,2,2,80,44.687
24,2,2,80,152.249
24,2,2,80,100.554
24,2,2,80,6.710
24,2,2,80,488.271
24,2,2,80,42.132
24,2,2,80,1906.482
24,2,2,80,371.609
24,2,2,80,40.285
24,2,2,80,41.867
24,2,2,80,1765.180
24,2,2,80,40.086
24,2,2,80,78.982
24,2,2,80,9.324
24,2,2,80,25.461
24,2,2,80,4.247
24,2,2,80,112.272
24,2,2,80,62.577
24,2,2,80,44.714
24,2,2,80,94.647
24,2,2,80,5.952
24,2,2,80,40.737
24,2,2,80,185.614
24,2,2,80,53.067
24,2,2,80,75.612
24,2,2,80,53.731
24,2,2,80,34.627
24,2,2,80,40.802
24,2,2,80,1772.374
24,2,2,80,49.410
24,2,2,80,41.769
24,2,2,80,132.721
24,2,2,80,63.377
24,2,2,80,62.255
24,2,2,80,107.929
24,2,2,80,56.863
24,2,2,80,44.408
24,2,2,80,230.266
24,2,2,80,138.201
24,2,2,80,0.746
24,2,2,80,277.178
24,2,2,80,15.391
24,2,2,80,1781.574
24,2,2,80,190.998
24,2,2,80,91.284
24,2,2,80,84.940
24,2,2,80,123.336
24,2,2,80,88.326
24,2,2,80,196.036
24,2,2,80,67.600
24,2,2,80,1906.450
24,2,2,80,54.116
24,2,2,80,49.383
24,2,2,80,53.835
24,2,2,80,3.491
24,2,2,80,187.776
24,2,2,80,95.302
24,2,2,80,55.755
24,2,2,80,233.909
25,2,2,80,0.277
25,2,2,80,1816.497
25,2,2,80,130.218
25,2,2,80,1814.105
25,2,2,80,114.715
25,2,2,80,41.723
25,2,2,80,264.748
25,2,2,80,82.164
25,2,2,80,97.968
25,2,2,80,90.587
25,2,2,80,1760.363
25,2,2,80,75.658
25,2,2,80,158.924
25,2,2,80,27.951
25,2,2,80,72.755
25,2,2,80,144.262
25,2,2,80,64.622
25,2,2,80,98.667
25,2,2,80,171.081
25,2,2,80,67.645
25,2,2,80,182.763
25,2,2,80,1877.892
25,2,2,80,1888.677
25,2,2,80,120.398
25,2,2,80,301.275
25,2,2,80,94.599
25,2,2,80,68.347
25,2,2,80,83.373
25,2,2,80,76.307
25,2,2,80,95.241
25,2,2,80,148.026
25,2,2,80,75.534
25,2,2,80,205.930
25,2,2,80,104.271
25,2,2,80,99.520
25,2,2,80,82.990
25,2,2,80,301.830
25,2,2,80,66.395
25,2,2,80,116.717
25,2,2,80,53.984
25,2,2,80,1835.353
25,2,2,80,106.777
25,2,2,80,1756.202
25,2,2,80,22.775
25,2,2,80,454.261
25,2,2,80,59.586
25,2,2,80,117.519
25,2,2,80,1753.722
25,2,2,80,82.109
25,2,2,80,85.117
25,2,2,80,41.143
25,2,2,80,1696.457
25,2,2,80,103.621
25,2,2,80,84.333
25,2,2,80,45.748
25,2,2,80,93.515
25,2,2,80,1774.643
25,2,2,80,53.549
25,2,2,80,36.538
25,2,2,80,1771.018
25,2,2,80,63.127
25,2,2,80,1757.274
25,2,2,80,1659.838
25,2,2,80,41.465
25,2,2,80,95.547
25,2,2,80,1665.509
25,2,2,80,83.970
25,2,2,80,1677.376
25,2,2,80,1749.680
25,2,2,80,143.326
25,2,2,80,95.537
25,2,2,80,89.860
25,2,2,80,38.368
25,2,2,80,36.505
25,2,2,80,146.235
25,2,2,80,49.076
25,2,2,80,44.547
25,2,2,80,1672.712
25,2,2,80,100.062
25,2,2,80,90.218
25,2,2,80,187.225
25,2,2,80,1726.872
25,2,2,80,46.315
25,2,2,80,1677.277
25,2,2,80,1749.895
25,2,2,80,29.857
25,2,2,80,114.771
25,2,2,80,65.816
25,2,2,80,46.306
25,2,2,80,1696.138
25,2,2,80,1795.701
25,2,2,80,109.254
25,2,2,80,22.670
25,2,2,80,315.028
25,2,2,80,29.093
25,2,2,80,79.952
25,2,2,80,1754.617
25,2,2,80,119.486
25,2,2,80,186.400
25,2,2,80,1791.122
25,2,2,80,85.009
25,2,2,80,70.109
25,2,2,80,68.098
25,2,2,80,1758.653
25,2,2,80,1742.012
25,2,2,80,30.548
25,2,2,80,95.277
25,2,2,80,1671.813
25,2,2,80,45.237
25,2,2,80,1691.606
25,2,2,80,1797.465
25,2,2,80,1750.955
25,2,2,80,29.120
25,2,2,80,1823.303
25,2,2,80,81.246
25,2,2,80,1764.319
25,2,2,80,1695.827
25,2,2,80,37.603
25,2,2,80,1753.194
25,2,2,80,1692.332
25,2,2,80,46.756
25,2,2,80,1694.736
25,2,2,80,60.141
25,2,2,80,92.704
25,2,2,80,67.638
25,2,2,80,1760.322
25,2,2,80,67.487
25,2,2,80,39.235
25,2,2,80,137.520
25,2,2,80,46.103
25,2,2,80,117.017
25,2,2,80,177.876
25,2,2,80,46.737
25,2,2,80,75.652
25,2,2,80,132.122
25,2,2,80,45.741
25,2,2,80,1761.740
25,2,2,80,1702.951
25,2,2,80,45.413
25,2,2,80,38.068
25,2,2,80,425.648
25,2,2,80,46.380
25,2,2,80,91.036
25,2,2,80,170.154
25,2,2,80,90.329
25,2,2,80,52.985
25,2,2,80,1768.520
25,2,2,80,87.056
25,2,2,80,99.971
25,2,2,80,1696.840
25,2,2,80,40.394
25,2,2,80,60.068
25,2,2,80,178.223
25,2,2,80,79.343
25,2,2,80,46.776
25,2,2,80,178.431
25,2,2,80,46.403
25,2,2,80,1689.179
25,2,2,80,1699.261
25,2,2,80,127.481
25,2,2,80,64.896
25,2,2,80,230.811
25,2,2,80,48.542
25,2,2,80,62.549
25,2,2,80,207.019
25,2,2,80,129.657
25,2,2,80,163.868
25,2,2,80,140.487
25,2,2,80,52.551
25,2,2,80,66.540
25,2,2,80,97.732
25,2,2,80,57.333
25,2,2,80,336.987
25,2,2,80,362.717
25,2,2,80,51.282
25,2,2,80,1766.632
25,2,2,80,327.000
25,2,2,80,65.935
25,2,2,80,87.090
25,2,2,80,118.190
25,2,2,80,61.532
25,2,2,80,56.539
25,2,2,80,188.287
25,2,2,80,88.240
25,2,2,80,1766.146
25,2,2,80,1677.543
25,2,2,80,46.985
25,2,2,80,74.974
25,2,2,80,71.964
25,2,2,80,47.712
25,2,2,80,97.571
25,2,2,80,189.523
25,2,2,80,96.957
25,2,2,80,1681.549
25,2,2,80,217.731
25,2,2,80,153.017
25,2,2,80,38.914
25,2,2,80,213.439
25,2,2,80,65.781
25,2,2,80,103.067
25,2,2,80,1696.529
25,2,2,80,83.638
25,2,2,80,1758.933
25,2,2,80,1657.144
25,2,2,80,1679.115
25,2,2,80,84.668
25,2,2,80,186.194
25,2,2,80,1748.212
25,2,2,80,55.636
25,2,2,80,1616.691
25,2,2,80,44.726
25,2,2,80,53.048
25,2,2,80,101.389
25,2,2,80,1678.610
25,2,2,80,1753.062
25,2,2,80,291.077
25,2,2,80,37.790
25,2,2,80,1673.400
25,2,2,80,161.138
25,2,2,80,29.610
25,2,2,80,1694.294
25,2,2,80,165.569
25,2,2,80,52.447
25,2,2,80,206.343
25,2,2,80,300.165
25,2,2,80,1760.721
25,2,2,80,1761.950
25,2,2,80,1816.495
25,2,2,80,95.530
25,2,2,80,81.168
25,2,2,80,159.397
25,2,2,80,47.017
25,2,2,80,137.820
25,2,2,80,163.272
25,2,2,80,51.225
25,2,2,80,121.806
25,2,2,80,176.462
25,2,2,80,1707.961
25,2,2,80,47.108
25,2,2,80,1689.495
25,2,2,80,48.975
25,2,2,80,51.316
25,2,2,80,158.601
25,2,2,80,1948.821
25,2,2,80,37.783
25,2,2,80,494.400
25,2,2,80,48.965
25,2,2,80,1760.760
25,2,2,80,378.016
25,2,2,80,47.081
25,2,2,80,48.533
25,2,2,80,1694.162
25,2,2,80,46.900
25,2,2,80,1705.084
25,2,2,80,129.804
25,2,2,80,81.331
25,2,2,80,33.524
25,2,2,80,118.531
25,2,2,80,69.169
25,2,2,80,51.325
25,2,2,80,101.036
25,2,2,80,1581.072
25,2,2,80,47.274
25,2,2,80,192.188
25,2,2,80,59.511
25,2,2,80,81.982
25,2,2,80,138.767
25,2,2,80,134.015
25,2,2,80,47.542
25,2,2,80,1689.744
25,2,2,80,55.909
25,2,2,80,48.324
25,2,2,80,139.461
25,2,2,80,69.617
25,2,2,80,68.551
25,2,2,80,118.818
25,2,2,80,63.381
25,2,2,80,51.278
25,2,2,80,236.655
25,2,2,80,85.163
25,2,2,80,64.264
25,2,2,80,197.752
25,2,2,80,79.575
25,2,2,80,1707.704
25,2,2,80,196.664
25,2,2,80,99.858
25,2,2,80,99.180
25,2,2,80,171.039
25,2,2,80,95.547
25,2,2,80,202.129
25,2,2,80,73.452
25,2,2,80,1768.487
25,2,2,80,59.782
25,2,2,80,180.937
25,2,2,80,61.631
25,2,2,80,65.305
25,2,2,80,194.275
25,2,2,80,101.672
25,2,2,80,70.495
25,2,2,80,240.335
26,2,0,80,0.222
26,2,0,80,1851.035
26,2,0,80,104.570
26,2,0,80,1835.106
26,2,0,80,60.697
26,2,0,80,24.075
26,2,0,80,222.323
26,2,0,80,50.257
26,2,0,80,49.228
26,2,0,80,84.847
26,2,0,80,1800.327
26,2,0,80,85.584
26,2,0,80,104.684
26,2,0,80,32.100
26,2,0,80,20.608
26,2,0,80,91.337
26,2,0,80,11.401
26,2,0,80,46.408
26,2,0,80,153.045
26,2,0,80,22.368
26,2,0,80,130.746
26,2,0,80,1825.392
26,2,0,80,1926.103
26,2,0,80,74.103
26,2,0,80,266.794
26,2,0,80,42.248
26,2,0,80,15.848
26,2,0,80,31.763
26,2,0,80,24.197
26,2,0,80,43.816
26,2,0,80,92.230
26,2,0,80,54.442
26,2,0,80,154.468
26,2,0,80,50.309
26,2,0,80,48.243
26,2,0,80,29.936
26,2,0,80,266.609
26,2,0,80,16.673
26,2,0,80,38.033
26,2,0,80,16.115
26,2,0,80,1793.391
26,2,0,80,71.797
26,2,0,80,1719.795
26,2,0,80,16.738
26,2,0,80,374.966
26,2,0,80,16.346
26,2,0,80,38.020
26,2,0,80,1683.964
26,2,0,80,2.684
26,2,0,80,6.229
26,2,0,80,16.070
26,2,0,80,1669.457
26,2,0,80,28.955
26,2,0,80,5.871
26,2,0,80,16.063
26,2,0,80,13.719
26,2,0,80,1714.310
26,2,0,80,16.087
26,2,0,80,15.965
26,2,0,80,1709.222
26,2,0,80,16.869
26,2,0,80,1686.868
26,2,0,80,1669.005
26,2,0,80,19.448
26,2,0,80,15.696
26,2,0,80,1596.491
26,2,0,80,4.267
26,2,0,80,1606.192
26,2,0,80,1701.644
26,2,0,80,64.697
26,2,0,80,16.612
26,2,0,80,11.176
26,2,0,80,15.332
26,2,0,80,15.876
26,2,0,80,66.902
26,2,0,80,15.595
26,2,0,80,15.177
26,2,0,80,1652.120
26,2,0,80,21.063
26,2,0,80,10.663
26,2,0,80,108.281
26,2,0,80,1703.466
26,2,0,80,16.242
26,2,0,80,1648.000
26,2,0,80,1675.433
26,2,0,80,16.543
26,2,0,80,34.847
26,2,0,80,15.299
26,2,0,80,15.492
26,2,0,80,1669.176
26,2,0,80,1779.849
26,2,0,80,29.441
26,2,0,80,32.745
26,2,0,80,238.862
26,2,0,80,15.630
26,2,0,80,0.916
26,2,0,80,1696.655
26,2,0,80,40.376
26,2,0,80,106.327
26,2,0,80,1779.289
26,2,0,80,5.436
26,2,0,80,16.110
26,2,0,80,10.488
26,2,0,80,1698.802
26,2,0,80,1706.531
26,2,0,80,15.696
26,2,0,80,15.723
26,2,0,80,1640.685
26,2,0,80,15.849
26,2,0,80,1669.755
26,2,0,80,1765.170
26,2,0,80,1721.733
26,2,0,80,15.306
26,2,0,80,1776.748
26,2,0,80,53.636
26,2,0,80,1777.153
26,2,0,80,1617.513
26,2,0,80,15.492
26,2,0,80,1748.620
26,2,0,80,1614.703
26,2,0,80,15.516
26,2,0,80,1617.107
26,2,0,80,15.624
26,2,0,80,13.057
26,2,0,80,15.361
26,2,0,80,1733.174
26,2,0,80,16.302
26,2,0,80,19.532
26,2,0,80,65.540
26,2,0,80,15.751
26,2,0,80,37.407
26,2,0,80,99.063
26,2,0,80,16.367
26,2,0,80,34.134
26,2,0,80,71.771
26,2,0,80,15.816
26,2,0,80,1791.110
26,2,0,80,1640.193
26,2,0,80,15.673
26,2,0,80,15.680
26,2,0,80,346.334
26,2,0,80,15.770
26,2,0,80,11.796
26,2,0,80,93.581
26,2,0,80,11.033
26,2,0,80,16.041
26,2,0,80,1782.317
26,2,0,80,55.075
26,2,0,80,20.675
26,2,0,80,1619.026
26,2,0,80,32.783
26,2,0,80,16.124
26,2,0,80,98.706
26,2,0,80,0.269
26,2,0,80,15.981
26,2,0,80,100.081
26,2,0,80,15.848
26,2,0,80,1619.310
26,2,0,80,1663.095
26,2,0,80,48.501
26,2,0,80,22.101
26,2,0,80,151.571
26,2,0,80,15.839
26,2,0,80,68.550
26,2,0,80,127.483
26,2,0,80,99.528
26,2,0,80,92.702
26,2,0,80,67.210
26,2,0,80,16.107
26,2,0,80,29.522
26,2,0,80,17.974
26,2,0,80,15.834
26,2,0,80,257.599
26,2,0,80,279.829
26,2,0,80,16.060
26,2,0,80,1780.151
26,2,0,80,247.501
26,2,0,80,15.935
26,2,0,80,7.814
26,2,0,80,38.710
26,2,0,80,16.070
26,2,0,80,16.170
26,2,0,80,110.436
26,2,0,80,13.667
26,2,0,80,1775.424
26,2,0,80,1656.395
26,2,0,80,16.134
26,2,0,80,16.457
26,2,0,80,16.261
26,2,0,80,15.972
26,2,0,80,18.295
26,2,0,80,111.487
26,2,0,80,17.551
26,2,0,80,1647.716
26,2,0,80,137.714
26,2,0,80,73.685
26,2,0,80,15.952
26,2,0,80,133.089
26,2,0,80,23.727
26,2,0,80,22.993
26,2,0,80,1673.177
26,2,0,80,8.009
26,2,0,80,1708.952
26,2,0,80,1586.405
26,2,0,80,1607.579
26,2,0,80,4.669
26,2,0,80,106.084
26,2,0,80,1723.287
26,2,0,80,15.433
26,2,0,80,1571.858
26,2,0,80,7.671
26,2,0,80,15.586
26,2,0,80,26.816
26,2,0,80,1607.352
26,2,0,80,1693.915
26,2,0,80,212.967
26,2,0,80,15.958
26,2,0,80,1604.660
26,2,0,80,81.713
26,2,0,80,15.925
26,2,0,80,1614.369
26,2,0,80,86.107
26,2,0,80,15.967
26,2,0,80,126.715
26,2,0,80,225.666
26,2,0,80,1777.128
26,2,0,80,1778.988
26,2,0,80,1777.385
26,2,0,80,20.902
26,2,0,80,6.317
26,2,0,80,84.750
26,2,0,80,16.443
26,2,0,80,58.247
26,2,0,80,84.051
26,2,0,80,16.707
26,2,0,80,107.529
26,2,0,80,97.407
26,2,0,80,1627.925
26,2,0,80,16.071
26,2,0,80,1620.015
26,2,0,80,16.216
26,2,0,80,16.557
26,2,0,80,79.028
26,2,0,80,1874.192
26,2,0,80,17.136
26,2,0,80,415.438
26,2,0,80,16.336
26,2,0,80,1758.131
26,2,0,80,298.628
26,2,0,80,16.156
26,2,0,80,15.978
26,2,0,80,1613.866
26,2,0,80,16.142
26,2,0,80,1623.530
26,2,0,80,51.139
26,2,0,80,2.035
26,2,0,80,15.839
26,2,0,80,39.125
26,2,0,80,16.151
26,2,0,80,15.862
26,2,0,80,20.481
26,2,0,80,1507.573
26,2,0,80,16.071
26,2,0,80,113.485
26,2,0,80,16.123
26,2,0,80,2.075
26,2,0,80,99.119
26,2,0,80,59.998
26,2,0,80,16.228
26,2,0,80,1624.190
26,2,0,80,16.058
26,2,0,80,16.140
26,2,0,80,59.425
26,2,0,80,22.526
26,2,0,80,21.774
26,2,0,80,62.041
26,2,0,80,24.975
26,2,0,80,16.075
26,2,0,80,157.119
26,2,0,80,5.887
26,2,0,80,25.691
26,2,0,80,141.012
26,2,0,80,32.669
26,2,0,80,1633.594
26,2,0,80,117.332
26,2,0,80,20.396
26,2,0,80,19.940
26,2,0,80,92.448
26,2,0,80,16.234
26,2,0,80,122.352
26,2,0,80,30.341
26,2,0,80,1816.154
26,2,0,80,325.837
26,2,0,80,103.827
26,2,0,80,16.520
26,2,0,80,36.065
26,2,0,80,114.887
26,2,0,80,26.488
26,2,0,80,24.310
26,2,0,80,172.799
27,2,1,80,0.333
27,2,1,80,1936.349
27,2,1,80,201.292
27,2,1,80,1887.457
27,2,1,80,71.382
27,2,1,80,41.853
27,2,1,80,264.637
27,2,1,80,62.035
27,2,1,80,48.987
27,2,1,80,92.050
27,2,1,80,1860.011
27,2,1,80,82.639
27,2,1,80,158.128
27,2,1,80,38.674
27,2,1,80,88.366
27,2,1,80,146.374
27,2,1,80,16.623
27,2,1,80,52.908
27,2,1,80,174.767
27,2,1,80,10.405
27,2,1,80,184.819
27,2,1,80,1837.188
27,2,1,80,2023.769
27,2,1,80,77.787
27,2,1,80,309.090
27,2,1,80,47.636
27,2,1,80,22.107
27,2,1,80,41.541
27,2,1,80,30.919
27,2,1,80,48.574
27,2,1,80,167.100
27,2,1,80,43.331
27,2,1,80,207.560
27,2,1,80,55.642
27,2,1,80,52.039
27,2,1,80,37.861
27,2,1,80,307.516
27,2,1,80,19.784
27,2,1,80,19.792
27,2,1,80,64.836
27,2,1,80,1860.427
27,2,1,80,52.037
27,2,1,80,1738.202
27,2,1,80,0.627
27,2,1,80,355.262
27,2,1,80,64.586
27,2,1,80,24.816
27,2,1,80,1683.871
27,2,1,80,16.387
27,2,1,80,66.450
27,2,1,80,17.477
27,2,1,80,1648.957
27,2,1,80,13.622
27,2,1,80,70.240
27,2,1,80,17.137
27,2,1,80,0.775
27,2,1,80,1754.125
27,2,1,80,64.253
27,2,1,80,15.983
27,2,1,80,1692.130
27,2,1,80,17.776
27,2,1,80,1665.719
27,2,1,80,1740.245
27,2,1,80,65.206
27,2,1,80,1.362
27,2,1,80,1633.713
27,2,1,80,15.618
27,2,1,80,1586.951
27,2,1,80,1681.143
27,2,1,80,49.826
27,2,1,80,2.390
27,2,1,80,15.212
27,2,1,80,15.831
27,2,1,80,1.543
27,2,1,80,48.828
27,2,1,80,65.039
27,2,1,80,15.269
27,2,1,80,1639.083
27,2,1,80,5.655
27,2,1,80,2.015
27,2,1,80,90.689
27,2,1,80,1715.262
27,2,1,80,15.241
27,2,1,80,1643.129
27,2,1,80,1686.655
27,2,1,80,64.338
27,2,1,80,16.476
27,2,1,80,64.057
27,2,1,80,15.121
27,2,1,80,1654.786
27,2,1,80,1764.645
27,2,1,80,16.348
27,2,1,80,17.911
27,2,1,80,219.584
27,2,1,80,16.334
27,2,1,80,26.841
27,2,1,80,1681.507
27,2,1,80,27.635
27,2,1,80,89.660
27,2,1,80,1760.141
27,2,1,80,15.972
27,2,1,80,1.814
27,2,1,80,1.821
27,2,1,80,1712.172
27,2,1,80,1745.086
27,2,1,80,64.400
27,2,1,80,0.537
27,2,1,80,1629.592
27,2,1,80,16.238
27,2,1,80,1650.700
27,2,1,80,1789.466
27,2,1,80,1707.733
27,2,1,80,17.583
27,2,1,80,1758.378
27,2,1,80,35.728
27,2,1,80,1763.467
27,2,1,80,1619.439
27,2,1,80,18.214
27,2,1,80,1729.083
27,2,1,80,1617.777
27,2,1,80,15.830
27,2,1,80,1607.996
27,2,1,80,0.753
27,2,1,80,64.371
27,2,1,80,18.657
27,2,1,80,1744.155
27,2,1,80,18.117
27,2,1,80,64.958
27,2,1,80,45.688
27,2,1,80,63.843
27,2,1,80,23.851
27,2,1,80,135.525
27,2,1,80,16.126
27,2,1,80,14.245
27,2,1,80,54.530
27,2,1,80,63.760
27,2,1,80,1771.444
27,2,1,80,1626.304
27,2,1,80,16.024
27,2,1,80,65.050
27,2,1,80,326.686
27,2,1,80,63.862
27,2,1,80,15.925
27,2,1,80,78.099
27,2,1,80,16.015
27,2,1,80,63.874
27,2,1,80,1768.872
27,2,1,80,35.649
27,2,1,80,5.471
27,2,1,80,1620.452
27,2,1,80,13.431
27,2,1,80,63.994
27,2,1,80,83.224
27,2,1,80,15.788
27,2,1,80,16.295
27,2,1,80,138.247
27,2,1,80,15.792
27,2,1,80,1617.865
27,2,1,80,1646.576
27,2,1,80,33.000
27,2,1,80,3.064
27,2,1,80,131.867
27,2,1,80,16.301
27,2,1,80,50.253
27,2,1,80,108.038
27,2,1,80,80.916
27,2,1,80,74.054
27,2,1,80,53.673
27,2,1,80,19.107
27,2,1,80,9.707
27,2,1,80,4.974
27,2,1,80,15.370
27,2,1,80,242.803
27,2,1,80,267.792
27,2,1,80,15.227
27,2,1,80,1766.132
27,2,1,80,227.834
27,2,1,80,62.935
27,2,1,80,16.850
27,2,1,80,19.117
27,2,1,80,15.440
27,2,1,80,64.632
27,2,1,80,92.806
27,2,1,80,16.333
27,2,1,80,1762.461
27,2,1,80,1636.969
27,2,1,80,16.652
27,2,1,80,17.142
27,2,1,80,86.149
27,2,1,80,64.860
27,2,1,80,2.943
27,2,1,80,95.561
27,2,1,80,2.328
27,2,1,80,1715.475
27,2,1,80,119.936
27,2,1,80,58.684
27,2,1,80,16.063
27,2,1,80,116.662
27,2,1,80,4.282
27,2,1,80,8.215
27,2,1,80,1748.140
27,2,1,80,66.527
27,2,1,80,1723.322
27,2,1,80,1573.423
27,2,1,80,1676.819
27,2,1,80,130.039
27,2,1,80,89.065
27,2,1,80,1744.786
27,2,1,80,15.673
27,2,1,80,1552.858
27,2,1,80,0.411
27,2,1,80,66.011
27,2,1,80,10.667
27,2,1,80,1640.814
27,2,1,80,1692.655
27,2,1,80,193.597
27,2,1,80,16.531
27,2,1,80,1639.641
27,2,1,80,61.695
27,2,1,80,16.721
27,2,1,80,1617.627
27,2,1,80,66.995
27,2,1,80,16.485
27,2,1,80,106.362
27,2,1,80,205.610
27,2,1,80,1763.943
27,2,1,80,1765.506
27,2,1,80,1789.699
27,2,1,80,5.568
27,2,1,80,65.224
27,2,1,80,67.194
27,2,1,80,63.832
27,2,1,80,43.173
27,2,1,80,64.088
27,2,1,80,15.818
27,2,1,80,90.066
27,2,1,80,86.129
27,2,1,80,1628.721
27,2,1,80,16.015
27,2,1,80,1625.366
27,2,1,80,16.827
27,2,1,80,63.871
27,2,1,80,61.601
27,2,1,80,1875.488
27,2,1,80,29.524
27,2,1,80,402.030
27,2,1,80,16.947
27,2,1,80,1738.538
27,2,1,80,283.850
27,2,1,80,16.748
27,2,1,80,16.811
27,2,1,80,1619.588
27,2,1,80,16.512
27,2,1,80,1685.566
27,2,1,80,37.953
27,2,1,80,71.442
27,2,1,80,28.802
27,2,1,80,19.624
27,2,1,80,15.669
27,2,1,80,63.288
27,2,1,80,6.166
27,2,1,80,1532.591
27,2,1,80,16.385
27,2,1,80,93.763
27,2,1,80,16.697
27,2,1,80,16.297
27,2,1,80,88.119
27,2,1,80,48.368
27,2,1,80,16.561
27,2,1,80,1606.986
27,2,1,80,17.002
27,2,1,80,65.676
27,2,1,80,44.351
27,2,1,80,5.766
27,2,1,80,5.514
27,2,1,80,47.466
27,2,1,80,5.752
27,2,1,80,64.537
27,2,1,80,139.156
27,2,1,80,16.683
27,2,1,80,7.653
27,2,1,80,121.531
27,2,1,80,21.539
27,2,1,80,1653.760
27,2,1,80,98.498
27,2,1,80,5.118
27,2,1,80,4.977
27,2,1,80,73.207
27,2,1,80,4.159
27,2,1,80,103.222
27,2,1,80,11.434
27,2,1,80,1798.154
27,2,1,80,311.762
27,2,1,80,89.068
27,2,1,80,16.965
27,2,1,80,24.194
27,2,1,80,95.665
27,2,1,80,5.395
27,2,1,80,5.014
27,2,1,80,213.020
28,2,1,80,0.315
28,2,1,80,75.748
28,2,1,80,74.775
28,2,1,80,82.449
28,2,1,80,48.309
28,2,1,80,84.650
28,2,1,80,312.841
28,2,1,80,82.665
28,2,1,80,130.950
28,2,1,80,136.569
28,2,1,80,91.262
28,2,1,80,13.141
28,2,1,80,167.573
28,2,1,80,49.063
28,2,1,80,150.163
28,2,1,80,209.874
28,2,1,80,139.789
28,2,1,80,164.038
28,2,1,80,220.193
28,2,1,80,64.368
28,2,1,80,246.597
28,2,1,80,56.773
28,2,1,80,98.632
28,2,1,80,180.565
28,2,1,80,354.109
28,2,1,80,160.081
28,2,1,80,134.144
28,2,1,80,147.615
28,2,1,80,141.659
28,2,1,80,160.500
28,2,1,80,184.304
28,2,1,80,141.757
28,2,1,80,271.449
28,2,1,80,49.902
28,2,1,80,161.280
28,2,1,80,73.806
28,2,1,80,350.998
28,2,1,80,127.303
28,2,1,80,32.255
28,2,1,80,21.097
28,2,1,80,1995.149
28,2,1,80,1676.214
28,2,1,80,92.971
28,2,1,80,44.312
28,2,1,80,76.320
28,2,1,80,24.420
28,2,1,80,62.298
28,2,1,80,101.732
28,2,1,80,62.610
28,2,1,80,162.450
28,2,1,80,9.570
28,2,1,80,76.985
28,2,1,80,71.622
28,2,1,80,65.334
28,2,1,80,17.230
28,2,1,80,70.738
28,2,1,80,90.486
28,2,1,80,25.179
28,2,1,80,17.095
28,2,1,80,69.398
28,2,1,80,104.628
28,2,1,80,113.339
28,2,1,80,77.329
28,2,1,80,17.077
28,2,1,80,58.011
28,2,1,80,91.629
28,2,1,80,50.897
28,2,1,80,77.071
28,2,1,80,79.134
28,2,1,80,59.049
28,2,1,80,68.261
28,2,1,80,69.916
28,2,1,80,17.610
28,2,1,80,16.377
28,2,1,80,32.366
28,2,1,80,15.540
28,2,1,80,22.233
28,2,1,80,116.962
28,2,1,80,67.952
28,2,1,80,70.108
28,2,1,80,52.023
28,2,1,80,77.567
28,2,1,80,17.131
28,2,1,80,134.916
28,2,1,80,77.350
28,2,1,80,31.265
28,2,1,80,49.143
28,2,1,80,45.762
28,2,1,80,16.788
28,2,1,80,76.203
28,2,1,80,15.711
28,2,1,80,38.052
28,2,1,80,23.504
28,2,1,80,117.956
28,2,1,80,44.057
28,2,1,80,210.860
28,2,1,80,76.349
28,2,1,80,59.728
28,2,1,80,1672.060
28,2,1,80,142.539
28,2,1,80,17.825
28,2,1,80,42.425
28,2,1,80,48.081
28,2,1,80,84.144
28,2,1,80,75.948
28,2,1,80,19.400
28,2,1,80,67.982
28,2,1,80,117.878
28,2,1,80,17.349
28,2,1,80,84.801
28,2,1,80,1678.560
28,2,1,80,102.002
28,2,1,80,3.899
28,2,1,80,174.720
28,2,1,80,12.710
28,2,1,80,89.551
28,2,1,80,96.762
28,2,1,80,16.697
28,2,1,80,153.574
28,2,1,80,90.508
28,2,1,80,17.516
28,2,1,80,64.579
28,2,1,80,122.031
28,2,1,80,64.113
28,2,1,80,18.065
28,2,1,80,83.832
28,2,1,80,82.210
28,2,1,80,17.736
28,2,1,80,10.281
28,2,1,80,16.955
28,2,1,80,16.334
28,2,1,80,123.248
28,2,1,80,17.423
28,2,1,80,49.301
28,2,1,80,8.716
28,2,1,80,16.742
28,2,1,80,103.601
28,2,1,80,98.646
28,2,1,80,16.932
28,2,1,80,19.718
28,2,1,80,73.688
28,2,1,80,17.492
28,2,1,80,62.851
28,2,1,80,16.193
28,2,1,80,61.608
28,2,1,80,16.412
28,2,1,80,104.289
28,2,1,80,79.519
28,2,1,80,68.953
28,2,1,80,85.183
28,2,1,80,16.802
28,2,1,80,31.921
28,2,1,80,64.002
28,2,1,80,50.066
28,2,1,80,17.129
28,2,1,80,128.396
28,2,1,80,17.182
28,2,1,80,147.466
28,2,1,80,100.734
28,2,1,80,23.945
28,2,1,80,33.879
28,2,1,80,127.127
28,2,1,80,16.839
28,2,1,80,122.198
28,2,1,80,106.113
28,2,1,80,138.398
28,2,1,80,38.666
28,2,1,80,52.599
28,2,1,80,22.570
28,2,1,80,31.189
28,2,1,80,51.382
28,2,1,80,29.093
28,2,1,80,137.637
28,2,1,80,94.164
28,2,1,80,17.857
28,2,1,80,144.160
28,2,1,80,153.557
28,2,1,80,16.028
28,2,1,80,58.888
28,2,1,80,40.266
28,2,1,80,34.033
28,2,1,80,27.133
28,2,1,80,63.548
28,2,1,80,35.908
28,2,1,80,114.582
28,2,1,80,91.460
28,2,1,80,18.172
28,2,1,80,85.346
28,2,1,80,81.539
28,2,1,80,18.713
28,2,1,80,43.591
28,2,1,80,55.377
28,2,1,80,57.995
28,2,1,80,72.929
28,2,1,80,54.363
28,2,1,80,56.870
28,2,1,80,17.267
28,2,1,80,54.515
28,2,1,80,38.134
28,2,1,80,50.457
28,2,1,80,102.316
28,2,1,80,19.917
28,2,1,80,131.053
28,2,1,80,66.135
28,2,1,80,47.162
28,2,1,80,303.205
28,2,1,80,56.399
28,2,1,80,69.259
28,2,1,80,1.656
28,2,1,80,1676.469
28,2,1,80,78.800
28,2,1,80,19.586
28,2,1,80,1668.177
28,2,1,80,166.804
28,2,1,80,81.942
28,2,1,80,71.135
28,2,1,80,17.421
28,2,1,80,1676.290
28,2,1,80,89.473
28,2,1,80,27.833
28,2,1,80,76.914
28,2,1,80,112.181
28,2,1,80,17.393
28,2,1,80,69.678
28,2,1,80,116.537
28,2,1,80,87.212
28,2,1,80,95.220
28,2,1,80,96.375
28,2,1,80,60.698
28,2,1,80,18.984
28,2,1,80,89.010
28,2,1,80,17.296
28,2,1,80,71.025
28,2,1,80,109.273
28,2,1,80,16.763
28,2,1,80,74.659
28,2,1,80,111.037
28,2,1,80,76.601
28,2,1,80,16.460
28,2,1,80,316.300
28,2,1,80,17.568
28,2,1,80,20.761
28,2,1,80,102.435
28,2,1,80,112.498
28,2,1,80,6.321
28,2,1,80,110.773
28,2,1,80,17.541
28,2,1,80,77.252
28,2,1,80,92.704
28,2,1,80,16.952
28,2,1,80,16.775
28,2,1,80,83.912
28,2,1,80,16.679
28,2,1,80,110.964
28,2,1,80,195.471
28,2,1,80,17.610
28,2,1,80,5.525
28,2,1,80,53.477
28,2,1,80,38.151
28,2,1,80,20.807
28,2,1,80,50.963
28,2,1,80,80.804
28,2,1,80,17.275
28,2,1,80,143.300
28,2,1,80,30.697
28,2,1,80,48.464
28,2,1,80,58.472
28,2,1,80,80.479
28,2,1,80,17.691
28,2,1,80,126.106
28,2,1,80,26.281
28,2,1,80,19.066
28,2,1,80,1.907
28,2,1,80,28.730
28,2,1,80,30.404
28,2,1,80,425.687
28,2,1,80,16.512
28,2,1,80,16.853
28,2,1,80,63.638
28,2,1,80,20.868
28,2,1,80,40.172
28,2,1,80,128.254
28,2,1,80,55.095
28,2,1,80,123.713
28,2,1,80,128.332
28,2,1,80,68.766
28,2,1,80,17.348
28,2,1,80,82.226
28,2,1,80,44.345
28,2,1,80,89.075
28,2,1,80,44.397
28,2,1,80,127.497
28,2,1,80,234.801
28,2,1,80,226.012
28,2,1,80,113.280
28,2,1,80,77.917
28,2,1,80,111.073
28,2,1,80,64.988
28,2,1,80,33.977
28,2,1,80,284.873
29,2,2,80,0.315
29,2,2,80,25.693
29,2,2,80,127.404
29,2,2,80,32.042
29,2,2,80,123.105
29,2,2,80,115.779
29,2,2,80,276.119
29,2,2,80,98.961
29,2,2,80,99.543
29,2,2,80,200.976
29,2,2,80,40.392
29,2,2,80,1070.764
29,2,2,80,171.907
29,2,2,80,26.063
29,2,2,80,102.256
29,2,2,80,159.967
29,2,2,80,89.697
29,2,2,80,115.279
29,2,2,80,189.860
29,2,2,80,76.146
29,2,2,80,196.783
29,2,2,80,6.866
29,2,2,80,47.947
29,2,2,80,134.806
29,2,2,80,319.072
29,2,2,80,110.025
29,2,2,80,84.089
29,2,2,80,98.115
29,2,2,80,147.196
29,2,2,80,110.741
29,2,2,80,148.452
29,2,2,80,104.794
29,2,2,80,221.801
29,2,2,80,118.605
29,2,2,80,112.428
29,2,2,80,83.176
29,2,2,80,320.683
29,2,2,80,78.433
29,2,2,80,1688.876
29,2,2,80,1634.773
29,2,2,80,1979.038
29,2,2,80,1645.325
29,2,2,80,16.212
29,2,2,80,75.071
29,2,2,80,0.505
29,2,2,80,1673.226
29,2,2,80,97.650
29,2,2,80,25.843
29,2,2,80,243.220
29,2,2,80,86.543
29,2,2,80,1706.542
29,2,2,80,30.300
29,2,2,80,88.085
29,2,2,80,261.870
29,2,2,80,1665.721
29,2,2,80,77.441
29,2,2,80,14.412
29,2,2,80,1665.948
29,2,2,80,1684.863
29,2,2,80,0.250
29,2,2,80,42.665
29,2,2,80,37.432
29,2,2,80,26.810
29,2,2,80,34.077
29,2,2,80,75.474
29,2,2,80,15.537
29,2,2,80,242.044
29,2,2,80,0.682
29,2,2,80,75.930
29,2,2,80,124.623
29,2,2,80,75.909
29,2,2,80,196.453
29,2,2,80,1672.360
29,2,2,80,58.932
29,2,2,80,200.754
29,2,2,80,1678.698
29,2,2,80,1712.020
29,2,2,80,85.611
29,2,2,80,80.266
29,2,2,80,73.108
29,2,2,80,211.152
29,2,2,80,26.623
29,2,2,80,1712.344
29,2,2,80,59.138
29,2,2,80,2.702
29,2,2,80,2.636
29,2,2,80,171.513
29,2,2,80,1708.123
29,2,2,80,1592.502
29,2,2,80,0.389
29,2,2,80,15.729
29,2,2,80,89.237
29,2,2,80,268.521
29,2,2,80,53.623
29,2,2,80,2.186
29,2,2,80,135.323
29,2,2,80,27.831
29,2,2,80,100.635
29,2,2,80,1698.208
29,2,2,80,66.150
29,2,2,80,241.861
29,2,2,80,1680.879
29,2,2,80,41.525
29,2,2,80,9.496
29,2,2,80,8.985
29,2,2,80,49.771
29,2,2,80,75.352
29,2,2,80,41.527
29,2,2,80,1699.729
29,2,2,80,8.302
29,2,2,80,1674.985
29,2,2,80,25.502
29,2,2,80,1715.686
29,2,2,80,99.091
29,2,2,80,1730.016
29,2,2,80,13.403
29,2,2,80,27.596
29,2,2,80,1701.428
29,2,2,80,77.796
29,2,2,80,51.675
29,2,2,80,1711.358
29,2,2,80,25.542
29,2,2,80,46.661
29,2,2,80,72.853
29,2,2,80,1697.297
29,2,2,80,45.536
29,2,2,80,40.562
29,2,2,80,1704.338
29,2,2,80,1636.661
29,2,2,80,1767.261
29,2,2,80,99.074
29,2,2,80,52.082
29,2,2,80,1643.062
29,2,2,80,1704.551
29,2,2,80,1636.559
29,2,2,80,1762.325
29,2,2,80,27.620
29,2,2,80,31.258
29,2,2,80,1641.442
29,2,2,80,1704.616
29,2,2,80,6.503
29,2,2,80,1830.797
29,2,2,80,1629.139
29,2,2,80,153.322
29,2,2,80,1636.377
29,2,2,80,1694.384
29,2,2,80,31.271
29,2,2,80,67.890
29,2,2,80,80.138
29,2,2,80,23.794
29,2,2,80,29.154
29,2,2,80,1635.301
29,2,2,80,158.335
29,2,2,80,1631.483
29,2,2,80,1622.065
29,2,2,80,59.951
29,2,2,80,1705.469
29,2,2,80,71.300
29,2,2,80,26.160
29,2,2,80,108.297
29,2,2,80,54.471
29,2,2,80,55.183
29,2,2,80,1626.349
29,2,2,80,73.605
29,2,2,80,83.058
29,2,2,80,151.120
29,2,2,80,1782.008
29,2,2,80,129.210
29,2,2,80,1639.321
29,2,2,80,1700.365
29,2,2,80,79.844
29,2,2,80,1730.565
29,2,2,80,61.397
29,2,2,80,19.349
29,2,2,80,1638.996
29,2,2,80,68.346
29,2,2,80,85.298
29,2,2,80,1798.926
29,2,2,80,1637.805
29,2,2,80,1635.479
29,2,2,80,1632.654
29,2,2,80,1649.013
29,2,2,80,205.825
29,2,2,80,1729.250
29,2,2,80,66.415
29,2,2,80,27.312
29,2,2,80,1710.125
29,2,2,80,48.605
29,2,2,80,44.761
29,2,2,80,1605.945
29,2,2,80,77.646
29,2,2,80,344.597
29,2,2,80,76.958
29,2,2,80,38.892
29,2,2,80,268.787
29,2,2,80,133.425
29,2,2,80,1647.666
29,2,2,80,242.014
29,2,2,80,1602.589
29,2,2,80,82.919
29,2,2,80,26.446
29,2,2,80,1644.723
29,2,2,80,55.183
29,2,2,80,8.154
29,2,2,80,9.921
29,2,2,80,232.057
29,2,2,80,242.695
29,2,2,80,29.000
29,2,2,80,1698.443
29,2,2,80,1688.284
29,2,2,80,17.338
29,2,2,80,1642.836
29,2,2,80,1665.437
29,2,2,80,99.731
29,2,2,80,42.368
29,2,2,80,372.745
29,2,2,80,1643.190
29,2,2,80,1670.308
29,2,2,80,42.899
29,2,2,80,38.888
29,2,2,80,2.359
29,2,2,80,35.367
29,2,2,80,1740.217
29,2,2,80,36.993
29,2,2,80,80.315
29,2,2,80,10.934
29,2,2,80,27.498
29,2,2,80,28.116
29,2,2,80,80.235
29,2,2,80,248.168
29,2,2,80,137.083
29,2,2,80,1695.897
29,2,2,80,120.210
29,2,2,80,38.922
29,2,2,80,1742.587
29,2,2,80,138.955
29,2,2,80,49.741
29,2,2,80,0.175
29,2,2,80,1696.433
29,2,2,80,239.837
29,2,2,80,1632.097
29,2,2,80,1815.066
29,2,2,80,26.139
29,2,2,80,36.295
29,2,2,80,1775.516
29,2,2,80,34.588
29,2,2,80,1697.846
29,2,2,80,51.066
29,2,2,80,17.889
29,2,2,80,1651.536
29,2,2,80,1627.248
29,2,2,80,9.079
29,2,2,80,1622.948
29,2,2,80,34.631
29,2,2,80,119.527
29,2,2,80,1830.766
29,2,2,80,1632.757
29,2,2,80,1623.376
29,2,2,80,1628.661
29,2,2,80,1634.576
29,2,2,80,80.574
29,2,2,80,4.526
29,2,2,80,1629.136
29,2,2,80,66.615
29,2,2,80,1633.318
29,2,2,80,1636.993
29,2,2,80,164.730
29,2,2,80,13.924
29,2,2,80,1646.997
29,2,2,80,50.365
29,2,2,80,1632.494
29,2,2,80,1698.557
29,2,2,80,119.055
29,2,2,80,59.452
29,2,2,80,58.181
29,2,2,80,351.558
29,2,2,80,1648.466
29,2,2,80,1645.344
29,2,2,80,252.267
29,2,2,80,67.905
29,2,2,80,53.987
29,2,2,80,55.995
29,2,2,80,84.539
29,2,2,80,47.084
29,2,2,80,67.777
29,2,2,80,80.673
29,2,2,80,79.403
29,2,2,80,44.763
29,2,2,80,75.752
29,2,2,80,72.834
29,2,2,80,124.841
29,2,2,80,52.331
29,2,2,80,170.097
29,2,2,80,155.160
29,2,2,80,49.632
29,2,2,80,38.547
29,2,2,80,67.962
29,2,2,80,86.266
29,2,2,80,1693.931
29,2,2,80,226.002
30,2,0,80,0.186
30,2,0,80,144.618
30,2,0,80,208.607
30,2,0,80,140.708
30,2,0,80,80.438
30,2,0,80,63.705
30,2,0,80,295.156
30,2,0,80,61.554
30,2,0,80,47.858
30,2,0,80,189.457
30,2,0,80,23.207
30,2,0,80,1016.487
30,2,0,80,189.203
30,2,0,80,39.526
30,2,0,80,100.145
30,2,0,80,173.652
30,2,0,80,93.049
30,2,0,80,137.519
30,2,0,80,242.323
30,2,0,80,9.832
30,2,0,80,213.023
30,2,0,80,155.402
30,2,0,80,23.040
30,2,0,80,159.306
30,2,0,80,274.461
30,2,0,80,130.488
30,2,0,80,108.996
30,2,0,80,133.263
30,2,0,80,153.474
30,2,0,80,63.927
30,2,0,80,94.212
30,2,0,80,43.220
30,2,0,80,238.116
30,2,0,80,70.828
30,2,0,80,129.632
30,2,0,80,40.251
30,2,0,80,339.572
30,2,0,80,32.803
30,2,0,80,1674.895
30,2,0,80,1618.958
30,2,0,80,1908.520
30,2,0,80,1608.289
30,2,0,80,16.064
30,2,0,80,10.572
30,2,0,80,105.820
30,2,0,80,1638.967
30,2,0,80,32.187
30,2,0,80,192.120
30,2,0,80,173.146
30,2,0,80,16.766
30,2,0,80,1708.468
30,2,0,80,15.911
30,2,0,80,22.808
30,2,0,80,193.814
30,2,0,80,1614.185
30,2,0,80,12.164
30,2,0,80,97.116
30,2,0,80,1609.393
30,2,0,80,1656.067
30,2,0,80,175.990
30,2,0,80,24.684
30,2,0,80,28.303
30,2,0,80,76.218
30,2,0,80,24.429
30,2,0,80,10.622
30,2,0,80,180.425
30,2,0,80,171.563
30,2,0,80,50.719
30,2,0,80,4.746
30,2,0,80,60.734
30,2,0,80,11.557
30,2,0,80,130.453
30,2,0,80,1675.434
30,2,0,80,3.284
30,2,0,80,129.958
30,2,0,80,1678.605
30,2,0,80,1677.650
30,2,0,80,15.352
30,2,0,80,15.119
30,2,0,80,10.441
30,2,0,80,140.337
30,2,0,80,70.827
30,2,0,80,1665.363
30,2,0,80,20.879
30,2,0,80,15.720
30,2,0,80,1427.313
30,2,0,80,100.606
30,2,0,80,1677.179
30,2,0,80,1553.447
30,2,0,80,249.684
30,2,0,80,15.655
30,2,0,80,27.496
30,2,0,80,197.929
30,2,0,80,114.530
30,2,0,80,2064.305
30,2,0,80,1956.943
30,2,0,80,2036.598
30,2,0,80,3705.689
30,2,0,80,2028.780
30,2,0,80,91.187
30,2,0,80,170.935
30,2,0,80,1654.398
30,2,0,80,33.377
30,2,0,80,57.626
30,2,0,80,101.133
30,2,0,80,23.660
30,2,0,80,9.834
30,2,0,80,199.637
30,2,0,80,1714.211
30,2,0,80,55.153
30,2,0,80,1621.467
30,2,0,80,69.002
30,2,0,80,1703.853
30,2,0,80,28.184
30,2,0,80,1753.145
30,2,0,80,45.496
30,2,0,80,133.003
30,2,0,80,1671.521
30,2,0,80,12.130
30,2,0,80,388.580
30,2,0,80,1655.600
30,2,0,80,20.894
30,2,0,80,22.920
30,2,0,80,7.632
30,2,0,80,1677.056
30,2,0,80,345.793
30,2,0,80,23.543
30,2,0,80,1728.134
30,2,0,80,1566.125
30,2,0,80,1764.872
30,2,0,80,33.945
30,2,0,80,17.063
30,2,0,80,1618.840
30,2,0,80,1728.366
30,2,0,80,1566.023
30,2,0,80,1761.344
30,2,0,80,28.991
30,2,0,80,238.256
30,2,0,80,1597.590
30,2,0,80,1738.486
30,2,0,80,110.336
30,2,0,80,1777.927
30,2,0,80,1559.843
30,2,0,80,87.452
30,2,0,80,1566.062
30,2,0,80,1761.569
30,2,0,80,180.604
30,2,0,80,37.242
30,2,0,80,14.490
30,2,0,80,16.646
30,2,0,80,1660.997
30,2,0,80,1565.616
30,2,0,80,92.243
30,2,0,80,1561.206
30,2,0,80,1551.713
30,2,0,80,16.267
30,2,0,80,1656.802
30,2,0,80,0.726
30,2,0,80,224.844
30,2,0,80,42.556
30,2,0,80,4.657
30,2,0,80,26.720
30,2,0,80,1597.293
30,2,0,80,50.809
30,2,0,80,18.576
30,2,0,80,82.325
30,2,0,80,1734.564
30,2,0,80,63.470
30,2,0,80,1601.173
30,2,0,80,1675.699
30,2,0,80,14.882
30,2,0,80,1738.880
30,2,0,80,50.508
30,2,0,80,60.831
30,2,0,80,1638.367
30,2,0,80,31.717
30,2,0,80,21.447
30,2,0,80,1749.815
30,2,0,80,1567.657
30,2,0,80,1590.387
30,2,0,80,1561.562
30,2,0,80,1599.736
30,2,0,80,135.196
30,2,0,80,1722.676
30,2,0,80,17.934
30,2,0,80,255.755
30,2,0,80,1685.033
30,2,0,80,90.883
30,2,0,80,135.149
30,2,0,80,1546.649
30,2,0,80,12.591
30,2,0,80,277.598
30,2,0,80,11.459
30,2,0,80,16.151
30,2,0,80,198.232
30,2,0,80,68.259
30,2,0,80,1599.388
30,2,0,80,175.052
30,2,0,80,1545.107
30,2,0,80,17.679
30,2,0,80,109.705
30,2,0,80,1619.760
30,2,0,80,16.258
30,2,0,80,183.505
30,2,0,80,15.977
30,2,0,80,166.484
30,2,0,80,171.899
30,2,0,80,80.296
30,2,0,80,1784.368
30,2,0,80,1627.043
30,2,0,80,1.523
30,2,0,80,1618.059
30,2,0,80,1595.400
30,2,0,80,29.027
30,2,0,80,14.905
30,2,0,80,306.856
30,2,0,80,1620.986
30,2,0,80,1660.012
30,2,0,80,15.214
30,2,0,80,23.481
30,2,0,80,15.692
30,2,0,80,16.385
30,2,0,80,1738.976
30,2,0,80,16.475
30,2,0,80,15.779
30,2,0,80,45.601
30,2,0,80,36.201
30,2,0,80,175.986
30,2,0,80,14.680
30,2,0,80,183.538
30,2,0,80,72.621
30,2,0,80,1726.675
30,2,0,80,53.877
30,2,0,80,20.848
30,2,0,80,1672.643
30,2,0,80,91.011
30,2,0,80,19.908
30,2,0,80,16.156
30,2,0,80,1670.674
30,2,0,80,176.504
30,2,0,80,1561.060
30,2,0,80,1764.307
30,2,0,80,16.676
30,2,0,80,141.980
30,2,0,80,1719.664
30,2,0,80,133.680
30,2,0,80,1679.106
30,2,0,80,232.140
30,2,0,80,66.259
30,2,0,80,1591.074
30,2,0,80,1557.581
30,2,0,80,36.153
30,2,0,80,1552.634
30,2,0,80,15.891
30,2,0,80,54.194
30,2,0,80,1791.193
30,2,0,80,1563.498
30,2,0,80,1562.339
30,2,0,80,1557.976
30,2,0,80,1564.077
30,2,0,80,16.926
30,2,0,80,16.841
30,2,0,80,1559.044
30,2,0,80,16.690
30,2,0,80,1562.245
30,2,0,80,1569.178
30,2,0,80,104.268
30,2,0,80,94.813
30,2,0,80,1614.201
30,2,0,80,22.291
30,2,0,80,1561.532
30,2,0,80,1669.520
30,2,0,80,53.685
30,2,0,80,7.452
30,2,0,80,6.737
30,2,0,80,280.447
30,2,0,80,1590.985
30,2,0,80,1572.900
30,2,0,80,181.915
30,2,0,80,2.628
30,2,0,80,8.987
30,2,0,80,38.976
30,2,0,80,22.614
30,2,0,80,23.381
30,2,0,80,31.110
30,2,0,80,15.100
30,2,0,80,14.293
30,2,0,80,28.689
30,2,0,80,14.049
30,2,0,80,2.093
30,2,0,80,60.453
30,2,0,80,19.350
30,2,0,80,104.338
30,2,0,80,90.716
30,2,0,80,24.224
30,2,0,80,19.973
30,2,0,80,16.703
30,2,0,80,18.488
30,2,0,80,1705.320
30,2,0,80,167.725
31,2,0,80,0.315
31,2,0,80,105.840
31,2,0,80,64.237
31,2,0,80,102.059
31,2,0,80,51.401
31,2,0,80,30.149
31,2,0,80,168.175
31,2,0,80,34.776
31,2,0,80,22.376
31,2,0,80,61.013
31,2,0,80,1775.715
31,2,0,80,44.510
31,2,0,80,60.851
31,2,0,80,1971.885
31,2,0,80,2046.689
31,2,0,80,1965.882
31,2,0,80,2002.519
31,2,0,80,1975.953
31,2,0,80,115.119
31,2,0,80,72.016
31,2,0,80,85.190
31,2,0,80,117.031
31,2,0,80,2025.232
31,2,0,80,2087.202
31,2,0,80,1997.285
31,2,0,80,1971.589
31,2,0,80,1991.300
31,2,0,80,254.336
31,2,0,80,24.678
31,2,0,80,32.371
31,2,0,80,70.397
31,2,0,80,4.275
31,2,0,80,109.968
31,2,0,80,214.753
31,2,0,80,1.002
31,2,0,80,24.417
31,2,0,80,212.702
31,2,0,80,136.247
31,2,0,80,25.422
31,2,0,80,1673.365
31,2,0,80,1858.501
31,2,0,80,1449.122
31,2,0,80,1392.501
31,2,0,80,1632.322
31,2,0,80,62.801
31,2,0,80,1783.633
31,2,0,80,1757.566
31,2,0,80,198.157
31,2,0,80,16.258
31,2,0,80,22.543
31,2,0,80,1787.115
31,2,0,80,1734.327
31,2,0,80,1838.279
31,2,0,80,1448.918
31,2,0,80,1579.962
31,2,0,80,1758.506
31,2,0,80,54.171
31,2,0,80,1377.468
31,2,0,80,1787.066
31,2,0,80,142.045
31,2,0,80,1761.637
31,2,0,80,1783.608
31,2,0,80,36.643
31,2,0,80,1749.327
31,2,0,80,1760.168
31,2,0,80,186.888
31,2,0,80,15.637
31,2,0,80,1697.395
31,2,0,80,1782.532
31,2,0,80,1375.264
31,2,0,80,1842.750
31,2,0,80,1377.168
31,2,0,80,1390.731
31,2,0,80,1532.553
31,2,0,80,1443.283
31,2,0,80,1505.606
31,2,0,80,1832.426
31,2,0,80,1377.029
31,2,0,80,1585.443
31,2,0,80,1743.376
31,2,0,80,1784.217
31,2,0,80,28.197
31,2,0,80,1776.491
31,2,0,80,169.915
31,2,0,80,1623.193
31,2,0,80,1384.979
31,2,0,80,1377.691
31,2,0,80,1442.309
31,2,0,80,1443.891
31,2,0,80,206.831
31,2,0,80,1755.960
31,2,0,80,1392.211
31,2,0,80,1811.142
31,2,0,80,5.289
31,2,0,80,1830.324
31,2,0,80,1785.295
31,2,0,80,1783.025
31,2,0,80,1666.015
31,2,0,80,1924.854
31,2,0,80,89.483
31,2,0,80,15.806
31,2,0,80,1859.359
31,2,0,80,114.487
31,2,0,80,1792.801
31,2,0,80,58.114
31,2,0,80,1375.356
31,2,0,80,1595.214
31,2,0,80,157.303
31,2,0,80,1575.229
31,2,0,80,1634.996
31,2,0,80,1876.595
31,2,0,80,133.557
31,2,0,80,1653.871
31,2,0,80,1785.415
31,2,0,80,1703.108
31,2,0,80,1814.356
31,2,0,80,89.966
31,2,0,80,1723.613
31,2,0,80,1850.583
31,2,0,80,232.729
31,2,0,80,1496.489
31,2,0,80,1563.626
31,2,0,80,1563.374
31,2,0,80,1545.308
31,2,0,80,1848.869
31,2,0,80,160.979
31,2,0,80,1495.887
31,2,0,80,1727.986
31,2,0,80,1532.124
31,2,0,80,1776.945
31,2,0,80,1589.232
31,2,0,80,126.692
31,2,0,80,1568.877
31,2,0,80,1726.513
31,2,0,80,1531.911
31,2,0,80,1779.084
31,2,0,80,1815.943
31,2,0,80,228.737
31,2,0,80,1586.182
31,2,0,80,1791.318
31,2,0,80,67.298
31,2,0,80,1727.927
31,2,0,80,1530.380
31,2,0,80,1573.462
31,2,0,80,1532.155
31,2,0,80,1788.365
31,2,0,80,68.808
31,2,0,80,84.371
31,2,0,80,16.157
31,2,0,80,1583.915
31,2,0,80,1494.942
31,2,0,80,1531.357
31,2,0,80,1494.383
31,2,0,80,1529.298
31,2,0,80,1515.287
31,2,0,80,110.802
31,2,0,80,1503.506
31,2,0,80,1573.958
31,2,0,80,181.862
31,2,0,80,1625.807
31,2,0,80,1537.444
31,2,0,80,1600.655
31,2,0,80,1547.312
31,2,0,80,1563.171
31,2,0,80,1605.549
31,2,0,80,1629.908
31,2,0,80,1744.175
31,2,0,80,244.413
31,2,0,80,1562.117
31,2,0,80,73.596
31,2,0,80,72.548
31,2,0,80,1817.583
31,2,0,80,24.452
31,2,0,80,17.867
31,2,0,80,1588.385
31,2,0,80,1870.965
31,2,0,80,1537.790
31,2,0,80,1699.815
31,2,0,80,1531.694
31,2,0,80,1540.350
31,2,0,80,1529.487
31,2,0,80,1495.513
31,2,0,80,1508.966
31,2,0,80,1823.620
31,2,0,80,1808.350
31,2,0,80,213.088
31,2,0,80,1444.737
31,2,0,80,47.771
31,2,0,80,92.019
31,2,0,80,1735.981
31,2,0,80,1747.007
31,2,0,80,1749.737
31,2,0,80,1786.689
31,2,0,80,1746.290
31,2,0,80,1748.612
31,2,0,80,1376.640
31,2,0,80,1376.685
31,2,0,80,1707.672
31,2,0,80,1742.735
31,2,0,80,1757.354
31,2,0,80,66.723
31,2,0,80,83.156
31,2,0,80,1782.007
31,2,0,80,149.468
31,2,0,80,1642.227
31,2,0,80,1746.345
31,2,0,80,1782.445
31,2,0,80,37.277
31,2,0,80,1676.665
31,2,0,80,1855.764
31,2,0,80,105.411
31,2,0,80,1668.688
31,2,0,80,1857.157
31,2,0,80,1702.092
31,2,0,80,1796.043
31,2,0,80,1377.905
31,2,0,80,1672.615
31,2,0,80,1715.363
31,2,0,80,1536.890
31,2,0,80,1561.565
31,2,0,80,1569.776
31,2,0,80,1509.154
31,2,0,80,1688.920
31,2,0,80,1613.262
31,2,0,80,1619.251
31,2,0,80,1813.072
31,2,0,80,1813.969
31,2,0,80,180.060
31,2,0,80,16.161
31,2,0,80,23.965
31,2,0,80,39.195
31,2,0,80,1791.063
31,2,0,80,1570.368
31,2,0,80,1569.191
31,2,0,80,1661.754
31,2,0,80,1617.687
31,2,0,80,1636.084
31,2,0,80,1581.999
31,2,0,80,1734.599
31,2,0,80,1573.459
31,2,0,80,1529.263
31,2,0,80,1621.567
31,2,0,80,1728.241
31,2,0,80,99.257
31,2,0,80,1611.738
31,2,0,80,18.903
31,2,0,80,1856.660
31,2,0,80,83.381
31,2,0,80,23.389
31,2,0,80,1596.906
31,2,0,80,1526.896
31,2,0,80,1570.163
31,2,0,80,1515.208
31,2,0,80,1554.678
31,2,0,80,1533.519
31,2,0,80,1741.211
31,2,0,80,1531.423
31,2,0,80,1512.357
31,2,0,80,1526.846
31,2,0,80,1531.984
31,2,0,80,1542.102
31,2,0,80,1353.518
31,2,0,80,1528.396
31,2,0,80,1539.681
31,2,0,80,1536.670
31,2,0,80,1532.937
31,2,0,80,1611.037
31,2,0,80,51.701
31,2,0,80,1577.256
31,2,0,80,1572.968
31,2,0,80,1529.513
31,2,0,80,1720.538
31,2,0,80,1636.564
31,2,0,80,1653.757
31,2,0,80,1625.395
31,2,0,80,1652.458
31,2,0,80,1541.040
31,2,0,80,1541.344
31,2,0,80,1536.093
31,2,0,80,1664.211
31,2,0,80,1537.701
31,2,0,80,1604.615
31,2,0,80,1638.660
31,2,0,80,1583.001
31,2,0,80,1355.806
31,2,0,80,1528.221
31,2,0,80,1561.302
31,2,0,80,1604.717
31,2,0,80,1626.114
31,2,0,80,1607.214
31,2,0,80,80.119
31,2,0,80,1951.857
31,2,0,80,166.930
31,2,0,80,56.901
31,2,0,80,1609.715
31,2,0,80,104.620
31,2,0,80,1609.157
31,2,0,80,1624.794
31,2,0,80,1730.838
31,2,0,80,7976.849
32,2,2,80,0.685
32,2,2,80,107.433
32,2,2,80,79.533
32,2,2,80,101.819
32,2,2,80,62.179
32,2,2,80,32.112
32,2,2,80,168.156
32,2,2,80,40.868
32,2,2,80,19.876
32,2,2,80,60.124
32,2,2,80,1855.271
32,2,2,80,44.195
32,2,2,80,60.055
32,2,2,80,1971.349
32,2,2,80,2046.208
32,2,2,80,1963.549
32,2,2,80,2008.131
32,2,2,80,2011.916
32,2,2,80,113.156
32,2,2,80,71.794
32,2,2,80,83.987
32,2,2,80,149.327
32,2,2,80,2029.917
32,2,2,80,2140.536
32,2,2,80,2001.118
32,2,2,80,1979.570
32,2,2,80,2004.189
32,2,2,80,252.503
32,2,2,80,26.956
32,2,2,80,29.815
32,2,2,80,67.990
32,2,2,80,4.646
32,2,2,80,108.690
32,2,2,80,211.642
32,2,2,80,0.280
32,2,2,80,23.639
32,2,2,80,210.257
32,2,2,80,136.395
32,2,2,80,2.459
32,2,2,80,1702.087
32,2,2,80,1852.409
32,2,2,80,1439.937
32,2,2,80,1409.334
32,2,2,80,1613.600
32,2,2,80,34.412
32,2,2,80,1753.948
32,2,2,80,1729.715
32,2,2,80,169.935
32,2,2,80,46.036
32,2,2,80,78.802
32,2,2,80,1761.968
32,2,2,80,1725.198
32,2,2,80,1822.168
32,2,2,80,1418.844
32,2,2,80,1608.592
32,2,2,80,1729.765
32,2,2,80,26.023
32,2,2,80,1373.042
32,2,2,80,1795.677
32,2,2,80,113.731
32,2,2,80,1733.508
32,2,2,80,1758.182
32,2,2,80,8.347
32,2,2,80,1722.512
32,2,2,80,1731.687
32,2,2,80,160.684
32,2,2,80,1431.259
32,2,2,80,1692.414
32,2,2,80,1755.847
32,2,2,80,1362.746
32,2,2,80,1827.714
32,2,2,80,1358.816
32,2,2,80,1374.991
32,2,2,80,1539.127
32,2,2,80,1422.117
32,2,2,80,1499.143
32,2,2,80,1816.334
32,2,2,80,1410.566
32,2,2,80,1567.462
32,2,2,80,1716.580
32,2,2,80,1757.161
32,2,2,80,0.475
32,2,2,80,1748.288
32,2,2,80,142.304
32,2,2,80,1599.174
32,2,2,80,1358.591
32,2,2,80,1369.839
32,2,2,80,1420.217
32,2,2,80,1457.613
32,2,2,80,179.498
32,2,2,80,1733.627
32,2,2,80,1384.766
32,2,2,80,1783.439
32,2,2,80,1459.559
32,2,2,80,1817.435
32,2,2,80,1759.036
32,2,2,80,1754.303
32,2,2,80,1640.552
32,2,2,80,1898.910
32,2,2,80,63.817
32,2,2,80,1369.151
32,2,2,80,1838.341
32,2,2,80,86.451
32,2,2,80,1804.727
32,2,2,80,29.874
32,2,2,80,1365.541
32,2,2,80,1597.529
32,2,2,80,128.785
32,2,2,80,1580.378
32,2,2,80,1616.367
32,2,2,80,1848.021
32,2,2,80,108.779
32,2,2,80,1653.167
32,2,2,80,1818.118
32,2,2,80,1681.571
32,2,2,80,1822.949
32,2,2,80,61.503
32,2,2,80,1694.002
32,2,2,80,1852.749
32,2,2,80,204.692
32,2,2,80,1512.470
32,2,2,80,1540.719
32,2,2,80,1602.967
32,2,2,80,1518.493
32,2,2,80,1848.907
32,2,2,80,134.146
32,2,2,80,1475.294
32,2,2,80,1716.245
32,2,2,80,1509.717
32,2,2,80,1749.297
32,2,2,80,1568.214
32,2,2,80,99.766
32,2,2,80,1597.803
32,2,2,80,1708.699
32,2,2,80,1510.911
32,2,2,80,1755.918
32,2,2,80,1827.036
32,2,2,80,200.960
32,2,2,80,1565.368
32,2,2,80,1802.096
32,2,2,80,39.058
32,2,2,80,1698.186
32,2,2,80,1508.010
32,2,2,80,1547.980
32,2,2,80,1510.285
32,2,2,80,1763.309
32,2,2,80,40.734
32,2,2,80,57.093
32,2,2,80,16.083
32,2,2,80,1562.212
32,2,2,80,1468.535
32,2,2,80,1509.542
32,2,2,80,1473.180
32,2,2,80,1506.502
32,2,2,80,1543.250
32,2,2,80,85.136
32,2,2,80,1507.766
32,2,2,80,1553.032
32,2,2,80,153.992
32,2,2,80,1632.307
32,2,2,80,1510.445
32,2,2,80,1572.952
32,2,2,80,1524.664
32,2,2,80,1541.375
32,2,2,80,1583.105
32,2,2,80,1607.834
32,2,2,80,1723.082
32,2,2,80,216.654
32,2,2,80,1535.710
32,2,2,80,47.503
32,2,2,80,44.289
32,2,2,80,1789.583
32,2,2,80,80.452
32,2,2,80,107.941
32,2,2,80,1563.422
32,2,2,80,1888.076
32,2,2,80,1510.827
32,2,2,80,1693.260
32,2,2,80,1509.472
32,2,2,80,1513.165
32,2,2,80,1507.821
32,2,2,80,1498.514
32,2,2,80,1486.114
32,2,2,80,1798.583
32,2,2,80,1823.294
32,2,2,80,187.681
32,2,2,80,1422.145
32,2,2,80,20.401
32,2,2,80,63.853
32,2,2,80,1717.926
32,2,2,80,1720.285
32,2,2,80,1723.163
32,2,2,80,1766.726
32,2,2,80,1721.531
32,2,2,80,1722.057
32,2,2,80,1363.103
32,2,2,80,1363.630
32,2,2,80,1688.562
32,2,2,80,1717.106
32,2,2,80,1729.280
32,2,2,80,38.538
32,2,2,80,55.527
32,2,2,80,1804.266
32,2,2,80,121.783
32,2,2,80,1660.782
32,2,2,80,1719.604
32,2,2,80,1760.630
32,2,2,80,9.296
32,2,2,80,1654.943
32,2,2,80,1827.912
32,2,2,80,79.467
32,2,2,80,1643.188
32,2,2,80,1830.435
32,2,2,80,1692.462
32,2,2,80,1768.821
32,2,2,80,1372.091
32,2,2,80,1685.597
32,2,2,80,1691.289
32,2,2,80,1509.928
32,2,2,80,1541.769
32,2,2,80,1547.517
32,2,2,80,1491.506
32,2,2,80,1708.809
32,2,2,80,1610.855
32,2,2,80,1596.807
32,2,2,80,1823.072
32,2,2,80,1823.173
32,2,2,80,153.152
32,2,2,80,20.439
32,2,2,80,59.965
32,2,2,80,21.176
32,2,2,80,1765.082
32,2,2,80,1596.516
32,2,2,80,1556.598
32,2,2,80,1636.309
32,2,2,80,1595.058
32,2,2,80,1613.343
32,2,2,80,1565.740
32,2,2,80,1706.673
32,2,2,80,1555.348
32,2,2,80,1507.338
32,2,2,80,1618.715
32,2,2,80,1706.389
32,2,2,80,75.072
32,2,2,80,1646.220
32,2,2,80,242.142
32,2,2,80,1847.030
32,2,2,80,57.010
32,2,2,80,123.759
32,2,2,80,1574.962
32,2,2,80,1505.026
32,2,2,80,1548.274
32,2,2,80,1533.022
32,2,2,80,1540.400
32,2,2,80,1505.705
32,2,2,80,1769.248
32,2,2,80,1509.016
32,2,2,80,1499.061
32,2,2,80,1504.143
32,2,2,80,1509.317
32,2,2,80,1516.251
32,2,2,80,1327.759
32,2,2,80,1505.451
32,2,2,80,1513.052
32,2,2,80,1513.930
32,2,2,80,1514.215
32,2,2,80,1645.278
32,2,2,80,25.702
32,2,2,80,1550.257
32,2,2,80,1552.412
32,2,2,80,1507.050
32,2,2,80,1703.001
32,2,2,80,1612.972
32,2,2,80,1636.609
32,2,2,80,1601.765
32,2,2,80,1625.514
32,2,2,80,1520.003
32,2,2,80,1518.122
32,2,2,80,1509.593
32,2,2,80,1645.137
32,2,2,80,1511.738
32,2,2,80,1616.708
32,2,2,80,1616.049
32,2,2,80,1562.872
32,2,2,80,1347.881
32,2,2,80,1516.628
32,2,2,80,1540.265
32,2,2,80,1607.995
32,2,2,80,1618.317
32,2,2,80,1611.751
32,2,2,80,52.100
32,2,2,80,1970.857
32,2,2,80,139.152
32,2,2,80,30.716
32,2,2,80,1637.086
32,2,2,80,90.324
32,2,2,80,1613.879
32,2,2,80,1629.257
32,2,2,80,1705.783
32,2,2,80,7951.608
33,2,1,80,0.500
33,2,1,80,111.341
33,2,1,80,65.756
33,2,1,80,94.912
33,2,1,80,54.772
33,2,1,80,58.390
33,2,1,80,162.120
33,2,1,80,29.591
33,2,1,80,7.099
33,2,1,80,63.199
33,2,1,80,1841.716
33,2,1,80,30.270
33,2,1,80,46.389
33,2,1,80,1964.368
33,2,1,80,2038.838
33,2,1,80,1972.364
33,2,1,80,2047.761
33,2,1,80,2000.676
33,2,1,80,106.601
33,2,1,80,71.554
33,2,1,80,69.302
33,2,1,80,142.550
33,2,1,80,2072.992
33,2,1,80,2134.110
33,2,1,80,2034.693
33,2,1,80,1966.164
33,2,1,80,2034.689
33,2,1,80,257.022
33,2,1,80,23.530
33,2,1,80,34.260
33,2,1,80,61.398
33,2,1,80,0.424
33,2,1,80,95.042
33,2,1,80,218.346
33,2,1,80,23.262
33,2,1,80,12.066
33,2,1,80,196.702
33,2,1,80,131.562
33,2,1,80,38.681
33,2,1,80,1678.495
33,2,1,80,1827.928
33,2,1,80,1422.419
33,2,1,80,1473.223
33,2,1,80,1637.267
33,2,1,80,9.635
33,2,1,80,1724.893
33,2,1,80,1722.604
33,2,1,80,140.250
33,2,1,80,15.555
33,2,1,80,48.062
33,2,1,80,1730.672
33,2,1,80,1694.050
33,2,1,80,1794.446
33,2,1,80,1422.586
33,2,1,80,1604.166
33,2,1,80,1712.544
33,2,1,80,86.949
33,2,1,80,1369.413
33,2,1,80,1764.400
33,2,1,80,86.843
33,2,1,80,1733.971
33,2,1,80,1727.201
33,2,1,80,1247.119
33,2,1,80,1692.105
33,2,1,80,1712.391
33,2,1,80,130.426
33,2,1,80,1489.407
33,2,1,80,1772.284
33,2,1,80,1729.162
33,2,1,80,1415.227
33,2,1,80,1799.029
33,2,1,80,1405.798
33,2,1,80,1398.398
33,2,1,80,1570.016
33,2,1,80,1425.340
33,2,1,80,1469.680
33,2,1,80,1786.186
33,2,1,80,1443.455
33,2,1,80,1545.444
33,2,1,80,1686.395
33,2,1,80,1727.199
33,2,1,80,74.067
33,2,1,80,1755.918
33,2,1,80,116.175
33,2,1,80,1583.731
33,2,1,80,1406.276
33,2,1,80,1409.247
33,2,1,80,1424.069
33,2,1,80,1449.929
33,2,1,80,148.536
33,2,1,80,1704.350
33,2,1,80,1377.267
33,2,1,80,1754.106
33,2,1,80,1489.763
33,2,1,80,1832.343
33,2,1,80,1728.629
33,2,1,80,1723.563
33,2,1,80,1609.608
33,2,1,80,1868.800
33,2,1,80,38.428
33,2,1,80,1382.688
33,2,1,80,1810.249
33,2,1,80,63.488
33,2,1,80,1777.116
33,2,1,80,79.263
33,2,1,80,1408.097
33,2,1,80,1597.381
33,2,1,80,100.490
33,2,1,80,1613.193
33,2,1,80,1593.941
33,2,1,80,1817.392
33,2,1,80,85.094
33,2,1,80,1622.946
33,2,1,80,1787.527
33,2,1,80,1709.886
33,2,1,80,1793.616
33,2,1,80,30.207
33,2,1,80,1663.354
33,2,1,80,1829.435
33,2,1,80,176.100
33,2,1,80,1485.415
33,2,1,80,1515.312
33,2,1,80,1603.634
33,2,1,80,1488.142
33,2,1,80,1826.315
33,2,1,80,108.369
33,2,1,80,1449.351
33,2,1,80,1694.227
33,2,1,80,1484.810
33,2,1,80,1726.243
33,2,1,80,1557.770
33,2,1,80,74.730
33,2,1,80,1568.303
33,2,1,80,1691.718
33,2,1,80,1488.171
33,2,1,80,1781.085
33,2,1,80,1798.074
33,2,1,80,171.887
33,2,1,80,1572.535
33,2,1,80,1779.745
33,2,1,80,14.392
33,2,1,80,1684.835
33,2,1,80,1484.270
33,2,1,80,1569.573
33,2,1,80,1486.970
33,2,1,80,1778.106
33,2,1,80,10.031
33,2,1,80,29.205
33,2,1,80,1381.650
33,2,1,80,1536.083
33,2,1,80,1440.591
33,2,1,80,1484.598
33,2,1,80,1479.513
33,2,1,80,1486.225
33,2,1,80,1513.621
33,2,1,80,54.877
33,2,1,80,1479.303
33,2,1,80,1525.681
33,2,1,80,123.493
33,2,1,80,1653.363
33,2,1,80,1477.779
33,2,1,80,1555.082
33,2,1,80,1504.460
33,2,1,80,1530.264
33,2,1,80,1575.735
33,2,1,80,1584.687
33,2,1,80,1770.305
33,2,1,80,186.765
33,2,1,80,1515.636
33,2,1,80,16.633
33,2,1,80,13.178
33,2,1,80,1814.621
33,2,1,80,55.267
33,2,1,80,82.775
33,2,1,80,1542.034
33,2,1,80,1864.984
33,2,1,80,1480.383
33,2,1,80,1681.130
33,2,1,80,1487.676
33,2,1,80,1540.461
33,2,1,80,1486.469
33,2,1,80,1488.255
33,2,1,80,1483.337
33,2,1,80,1785.843
33,2,1,80,1794.128
33,2,1,80,162.052
33,2,1,80,1429.294
33,2,1,80,65.624
33,2,1,80,42.502
33,2,1,80,1687.778
33,2,1,80,1689.767
33,2,1,80,1692.905
33,2,1,80,1740.134
33,2,1,80,1692.494
33,2,1,80,1692.020
33,2,1,80,1404.974
33,2,1,80,1407.204
33,2,1,80,1661.877
33,2,1,80,1688.699
33,2,1,80,1723.318
33,2,1,80,8.076
33,2,1,80,24.417
33,2,1,80,1775.081
33,2,1,80,93.265
33,2,1,80,1678.431
33,2,1,80,1690.568
33,2,1,80,1729.557
33,2,1,80,65.740
33,2,1,80,1624.351
33,2,1,80,1805.968
33,2,1,80,51.967
33,2,1,80,1612.374
33,2,1,80,1800.325
33,2,1,80,1739.240
33,2,1,80,1737.933
33,2,1,80,1370.924
33,2,1,80,1665.356
33,2,1,80,1709.308
33,2,1,80,1479.188
33,2,1,80,1536.991
33,2,1,80,1518.851
33,2,1,80,1489.655
33,2,1,80,1726.773
33,2,1,80,1590.837
33,2,1,80,1621.418
33,2,1,80,1797.851
33,2,1,80,1795.322
33,2,1,80,133.838
33,2,1,80,66.217
33,2,1,80,29.447
33,2,1,80,16.362
33,2,1,80,1746.527
33,2,1,80,1570.554
33,2,1,80,1544.377
33,2,1,80,1610.680
33,2,1,80,1608.966
33,2,1,80,1593.418
33,2,1,80,1537.982
33,2,1,80,1675.711
33,2,1,80,1528.793
33,2,1,80,1481.098
33,2,1,80,1595.919
33,2,1,80,1790.815
33,2,1,80,44.369
33,2,1,80,1618.350
33,2,1,80,216.069
33,2,1,80,1821.827
33,2,1,80,32.344
33,2,1,80,97.907
33,2,1,80,1546.222
33,2,1,80,1487.341
33,2,1,80,1531.719
33,2,1,80,1504.782
33,2,1,80,1555.938
33,2,1,80,1479.131
33,2,1,80,1738.712
33,2,1,80,1488.369
33,2,1,80,1497.062
33,2,1,80,1473.995
33,2,1,80,1482.614
33,2,1,80,1521.436
33,2,1,80,1340.593
33,2,1,80,1483.785
33,2,1,80,1515.274
33,2,1,80,1533.393
33,2,1,80,1483.456
33,2,1,80,1701.074
33,2,1,80,72.109
33,2,1,80,1534.942
33,2,1,80,1562.005
33,2,1,80,1484.217
33,2,1,80,1679.168
33,2,1,80,1648.658
33,2,1,80,1650.258
33,2,1,80,1612.340
33,2,1,80,1636.810
33,2,1,80,1490.078
33,2,1,80,1520.308
33,2,1,80,1496.242
33,2,1,80,1659.915
33,2,1,80,1483.535
33,2,1,80,1591.783
33,2,1,80,1597.679
33,2,1,80,1531.465
33,2,1,80,1352.177
33,2,1,80,1512.703
33,2,1,80,1535.062
33,2,1,80,1580.310
33,2,1,80,1596.744
33,2,1,80,1581.863
33,2,1,80,21.675
33,2,1,80,1949.191
33,2,1,80,112.597
33,2,1,80,9.254
33,2,1,80,1624.234
33,2,1,80,64.676
33,2,1,80,1582.065
33,2,1,80,1653.646
33,2,1,80,1680.783
33,2,1,80,7922.572
34,2,1,80,0.778
34,2,1,80,119.470
34,2,1,80,45.127
34,2,1,80,98.634
34,2,1,80,31.383
34,2,1,80,109.371
34,2,1,80,122.601
34,2,1,80,22.035
34,2,1,80,1393.721
34,2,1,80,58.032
34,2,1,80,1824.938
34,2,1,80,2015.444
34,2,1,80,1846.231
34,2,1,80,1945.016
34,2,1,80,1807.172
34,2,1,80,5.227
34,2,1,80,24.031
34,2,1,80,99.630
34,2,1,80,33.564
34,2,1,80,73.331
34,2,1,80,43.580
34,2,1,80,38.199
34,2,1,80,1397.884
34,2,1,80,125.010
34,2,1,80,167.758
34,2,1,80,86.599
34,2,1,80,170.014
34,2,1,80,86.689
34,2,1,80,25.956
34,2,1,80,86.482
34,2,1,80,25.046
34,2,1,80,1.646
34,2,1,80,66.487
34,2,1,80,40.421
34,2,1,80,24.780
34,2,1,80,55.880
34,2,1,80,165.998
34,2,1,80,56.248
34,2,1,80,17.181
34,2,1,80,1380.256
34,2,1,80,1854.057
34,2,1,80,1475.919
34,2,1,80,1375.297
34,2,1,80,1714.433
34,2,1,80,24.376
34,2,1,80,1374.320
34,2,1,80,1385.735
34,2,1,80,1374.873
34,2,1,80,1373.288
34,2,1,80,1777.719
34,2,1,80,1375.007
34,2,1,80,1472.033
34,2,1,80,1380.911
34,2,1,80,1373.789
34,2,1,80,1681.221
34,2,1,80,1383.657
34,2,1,80,151.115
34,2,1,80,1383.783
34,2,1,80,1374.939
34,2,1,80,1382.798
34,2,1,80,1387.362
34,2,1,80,1374.795
34,2,1,80,132.699
34,2,1,80,1387.329
34,2,1,80,1384.837
34,2,1,80,1387.419
34,2,1,80,1376.056
34,2,1,80,1386.971
34,2,1,80,1382.497
34,2,1,80,1379.394
34,2,1,80,1383.216
34,2,1,80,1383.354
34,2,1,80,1375.121
34,2,1,80,1647.108
34,2,1,80,1376.136
34,2,1,80,1630.031
34,2,1,80,1373.707
34,2,1,80,1380.955
34,2,1,80,1695.295
34,2,1,80,1385.415
34,2,1,80,1373.330
34,2,1,80,143.141
34,2,1,80,1375.698
34,2,1,80,1380.465
34,2,1,80,1434.213
34,2,1,80,1383.887
34,2,1,80,1385.191
34,2,1,80,1375.218
34,2,1,80,1387.466
34,2,1,80,1384.751
34,2,1,80,1611.591
34,2,1,80,1375.100
34,2,1,80,1377.571
34,2,1,80,1367.375
34,2,1,80,1373.771
34,2,1,80,1373.835
34,2,1,80,1379.472
34,2,1,80,1378.054
34,2,1,80,1578.079
34,2,1,80,39.595
34,2,1,80,1387.540
34,2,1,80,1387.825
34,2,1,80,24.507
34,2,1,80,1373.878
34,2,1,80,149.207
34,2,1,80,1380.393
34,2,1,80,1674.418
34,2,1,80,1382.445
34,2,1,80,1690.118
34,2,1,80,1380.979
34,2,1,80,1506.912
34,2,1,80,17.058
34,2,1,80,1375.910
34,2,1,80,1766.989
34,2,1,80,1696.386
34,2,1,80,1852.171
34,2,1,80,1583.717
34,2,1,80,1683.095
34,2,1,80,1876.398
34,2,1,80,108.045
34,2,1,80,1492.711
34,2,1,80,1591.774
34,2,1,80,1608.245
34,2,1,80,1566.012
34,2,1,80,1870.240
34,2,1,80,99.757
34,2,1,80,1489.795
34,2,1,80,1771.486
34,2,1,80,1561.328
34,2,1,80,1802.186
34,2,1,80,1633.084
34,2,1,80,19.637
34,2,1,80,1588.192
34,2,1,80,1768.680
34,2,1,80,1564.208
34,2,1,80,1852.547
34,2,1,80,1855.851
34,2,1,80,1615.119
34,2,1,80,1567.664
34,2,1,80,1829.782
34,2,1,80,42.003
34,2,1,80,1686.853
34,2,1,80,1560.454
34,2,1,80,1562.277
34,2,1,80,1562.340
34,2,1,80,1852.235
34,2,1,80,1834.095
34,2,1,80,1610.548
34,2,1,80,131.267
34,2,1,80,1579.378
34,2,1,80,1484.387
34,2,1,80,1561.061
34,2,1,80,1479.272
34,2,1,80,1562.798
34,2,1,80,1573.139
34,2,1,80,22.007
34,2,1,80,1489.174
34,2,1,80,1850.698
34,2,1,80,1583.485
34,2,1,80,1643.344
34,2,1,80,1553.297
34,2,1,80,1551.119
34,2,1,80,1565.516
34,2,1,80,1606.949
34,2,1,80,1650.308
34,2,1,80,1650.371
34,2,1,80,1800.804
34,2,1,80,1499.128
34,2,1,80,1578.784
34,2,1,80,1801.198
34,2,1,80,1511.466
34,2,1,80,1886.324
34,2,1,80,1643.055
34,2,1,80,75.479
34,2,1,80,1567.552
34,2,1,80,1909.817
34,2,1,80,1554.475
34,2,1,80,1669.853
34,2,1,80,1564.342
34,2,1,80,1531.461
34,2,1,80,1557.024
34,2,1,80,1489.329
34,2,1,80,1560.818
34,2,1,80,1863.638
34,2,1,80,1851.979
34,2,1,80,1383.101
34,2,1,80,1376.683
34,2,1,80,135.679
34,2,1,80,29.020
34,2,1,80,1388.798
34,2,1,80,1389.417
34,2,1,80,1389.128
34,2,1,80,1379.655
34,2,1,80,1465.866
34,2,1,80,1389.263
34,2,1,80,1381.881
34,2,1,80,1382.334
34,2,1,80,1389.063
34,2,1,80,1389.182
34,2,1,80,1385.005
34,2,1,80,1384.253
34,2,1,80,1380.113
34,2,1,80,1377.158
34,2,1,80,1388.610
34,2,1,80,1380.562
34,2,1,80,1387.329
34,2,1,80,1374.651
34,2,1,80,134.814
34,2,1,80,1380.204
34,2,1,80,1498.248
34,2,1,80,16.615
34,2,1,80,1378.430
34,2,1,80,1518.752
34,2,1,80,1379.853
34,2,1,80,1384.472
34,2,1,80,1383.813
34,2,1,80,1378.580
34,2,1,80,1522.291
34,2,1,80,1554.557
34,2,1,80,1607.824
34,2,1,80,1580.832
34,2,1,80,1494.136
34,2,1,80,1630.736
34,2,1,80,1598.836
34,2,1,80,1613.844
34,2,1,80,1850.332
34,2,1,80,1852.654
34,2,1,80,1671.145
34,2,1,80,136.253
34,2,1,80,1623.642
34,2,1,80,19.769
34,2,1,80,1823.637
34,2,1,80,1619.202
34,2,1,80,1620.487
34,2,1,80,1619.328
34,2,1,80,1612.521
34,2,1,80,1622.029
34,2,1,80,1608.574
34,2,1,80,1682.377
34,2,1,80,138.541
34,2,1,80,1556.356
34,2,1,80,1667.049
34,2,1,80,1861.981
34,2,1,80,1758.786
34,2,1,80,1665.275
34,2,1,80,32.533
34,2,1,80,1874.141
34,2,1,80,28.863
34,2,1,80,17.241
34,2,1,80,1615.592
34,2,1,80,1565.322
34,2,1,80,1582.830
34,2,1,80,1564.615
34,2,1,80,1569.419
34,2,1,80,84.379
34,2,1,80,1754.026
34,2,1,80,1564.905
34,2,1,80,1495.302
34,2,1,80,1550.143
34,2,1,80,1559.039
34,2,1,80,1531.140
34,2,1,80,1346.093
34,2,1,80,1560.137
34,2,1,80,1529.367
34,2,1,80,1604.707
34,2,1,80,1806.936
34,2,1,80,1682.518
34,2,1,80,142.238
34,2,1,80,1587.368
34,2,1,80,1639.208
34,2,1,80,1559.976
34,2,1,80,1755.112
34,2,1,80,1623.121
34,2,1,80,1637.702
34,2,1,80,1605.062
34,2,1,80,186.929
34,2,1,80,1563.596
34,2,1,80,1597.696
34,2,1,80,1512.686
34,2,1,80,1647.859
34,2,1,80,1543.534
34,2,1,80,1651.930
34,2,1,80,1624.864
34,2,1,80,1606.742
34,2,1,80,1343.788
34,2,1,80,1511.332
34,2,1,80,1612.506
34,2,1,80,1652.773
34,2,1,80,1646.984
34,2,1,80,1650.029
34,2,1,80,1619.981
34,2,1,80,1993.283
34,2,1,80,1633.478
34,2,1,80,61.365
34,2,1,80,1675.864
34,2,1,80,14.954
34,2,1,80,1652.101
34,2,1,80,1643.053
34,2,1,80,1680.135
34,2,1,80,95.244
35,2,0,80,0.204
35,2,0,80,118.063
35,2,0,80,61.608
35,2,0,80,98.374
35,2,0,80,42.382
35,2,0,80,108.204
35,2,0,80,148.193
35,2,0,80,26.405
35,2,0,80,1492.590
35,2,0,80,56.569
35,2,0,80,1838.697
35,2,0,80,2042.240
35,2,0,80,1892.638
35,2,0,80,1953.182
35,2,0,80,1804.709
35,2,0,80,26.634
35,2,0,80,22.493
35,2,0,80,97.834
35,2,0,80,95.379
35,2,0,80,72.053
35,2,0,80,66.061
35,2,0,80,129.790
35,2,0,80,1477.828
35,2,0,80,123.232
35,2,0,80,166.128
35,2,0,80,85.007
35,2,0,80,167.847
35,2,0,80,85.115
35,2,0,80,25.252
35,2,0,80,85.352
35,2,0,80,48.693
35,2,0,80,1.053
35,2,0,80,91.153
35,2,0,80,38.754
35,2,0,80,23.150
35,2,0,80,54.084
35,2,0,80,192.572
35,2,0,80,116.951
35,2,0,80,130.903
35,2,0,80,1471.403
35,2,0,80,1836.242
35,2,0,80,1460.696
35,2,0,80,1430.500
35,2,0,80,1687.414
35,2,0,80,15.764
35,2,0,80,1457.171
35,2,0,80,1471.068
35,2,0,80,1453.854
35,2,0,80,1486.250
35,2,0,80,1751.367
35,2,0,80,1454.284
35,2,0,80,1501.977
35,2,0,80,1449.911
35,2,0,80,1402.215
35,2,0,80,1653.591
35,2,0,80,1469.952
35,2,0,80,123.986
35,2,0,80,1361.153
35,2,0,80,1470.142
35,2,0,80,1451.761
35,2,0,80,1470.379
35,2,0,80,1454.869
35,2,0,80,105.754
35,2,0,80,1464.754
35,2,0,80,1471.373
35,2,0,80,1433.381
35,2,0,80,1455.370
35,2,0,80,1439.841
35,2,0,80,1470.608
35,2,0,80,1412.504
35,2,0,80,1456.790
35,2,0,80,1409.631
35,2,0,80,1364.769
35,2,0,80,1619.627
35,2,0,80,1402.321
35,2,0,80,1607.253
35,2,0,80,1487.484
35,2,0,80,1409.640
35,2,0,80,1667.906
35,2,0,80,1454.044
35,2,0,80,1459.089
35,2,0,80,116.270
35,2,0,80,1476.974
35,2,0,80,1359.501
35,2,0,80,1411.268
35,2,0,80,1409.165
35,2,0,80,1417.709
35,2,0,80,1401.495
35,2,0,80,1405.836
35,2,0,80,1502.102
35,2,0,80,1620.998
35,2,0,80,1374.229
35,2,0,80,1472.625
35,2,0,80,1422.430
35,2,0,80,1485.419
35,2,0,80,1463.019
35,2,0,80,1465.453
35,2,0,80,1467.886
35,2,0,80,1628.023
35,2,0,80,45.076
35,2,0,80,1454.076
35,2,0,80,1467.824
35,2,0,80,74.562
35,2,0,80,1463.377
35,2,0,80,121.781
35,2,0,80,1411.004
35,2,0,80,1647.343
35,2,0,80,1409.500
35,2,0,80,1663.044
35,2,0,80,1504.423
35,2,0,80,1534.264
35,2,0,80,136.723
35,2,0,80,1453.391
35,2,0,80,1762.878
35,2,0,80,1669.238
35,2,0,80,1832.356
35,2,0,80,1557.365
35,2,0,80,1736.039
35,2,0,80,1848.564
35,2,0,80,80.415
35,2,0,80,1465.193
35,2,0,80,1578.848
35,2,0,80,1592.189
35,2,0,80,1564.419
35,2,0,80,1842.499
35,2,0,80,115.294
35,2,0,80,1463.054
35,2,0,80,1744.671
35,2,0,80,1552.828
35,2,0,80,1775.094
35,2,0,80,1607.306
35,2,0,80,91.674
35,2,0,80,1561.544
35,2,0,80,1740.810
35,2,0,80,1537.707
35,2,0,80,1832.213
35,2,0,80,1837.314
35,2,0,80,1587.304
35,2,0,80,1546.275
35,2,0,80,1801.781
35,2,0,80,20.558
35,2,0,80,1680.483
35,2,0,80,1554.769
35,2,0,80,1562.221
35,2,0,80,1536.469
35,2,0,80,1827.550
35,2,0,80,1815.335
35,2,0,80,1620.288
35,2,0,80,104.304
35,2,0,80,1551.100
35,2,0,80,1455.627
35,2,0,80,1553.671
35,2,0,80,1455.198
35,2,0,80,1552.335
35,2,0,80,1555.935
35,2,0,80,112.988
35,2,0,80,1464.636
35,2,0,80,1826.605
35,2,0,80,1571.670
35,2,0,80,1624.084
35,2,0,80,1527.204
35,2,0,80,1584.174
35,2,0,80,1539.608
35,2,0,80,1579.634
35,2,0,80,1625.178
35,2,0,80,1627.760
35,2,0,80,1820.082
35,2,0,80,1493.498
35,2,0,80,1550.043
35,2,0,80,1773.846
35,2,0,80,1493.281
35,2,0,80,1869.916
35,2,0,80,1622.777
35,2,0,80,49.275
35,2,0,80,1578.885
35,2,0,80,1882.539
35,2,0,80,1564.993
35,2,0,80,1652.315
35,2,0,80,1554.694
35,2,0,80,1504.683
35,2,0,80,1555.117
35,2,0,80,1462.273
35,2,0,80,1533.651
35,2,0,80,1835.786
35,2,0,80,1834.813
35,2,0,80,1426.434
35,2,0,80,1403.386
35,2,0,80,108.567
35,2,0,80,45.020
35,2,0,80,1474.149
35,2,0,80,1456.453
35,2,0,80,1452.850
35,2,0,80,1458.228
35,2,0,80,1480.958
35,2,0,80,1462.299
35,2,0,80,1415.696
35,2,0,80,1416.352
35,2,0,80,1401.822
35,2,0,80,1468.181
35,2,0,80,1471.115
35,2,0,80,1506.123
35,2,0,80,1472.223
35,2,0,80,1474.916
35,2,0,80,1480.109
35,2,0,80,1440.839
35,2,0,80,1454.976
35,2,0,80,1453.650
35,2,0,80,108.221
35,2,0,80,1472.499
35,2,0,80,1479.525
35,2,0,80,65.781
35,2,0,80,1470.504
35,2,0,80,1575.252
35,2,0,80,1440.297
35,2,0,80,1463.212
35,2,0,80,1362.646
35,2,0,80,1473.412
35,2,0,80,1512.457
35,2,0,80,1526.909
35,2,0,80,1640.879
35,2,0,80,1555.776
35,2,0,80,1473.321
35,2,0,80,1642.476
35,2,0,80,1625.466
35,2,0,80,1611.807
35,2,0,80,1822.554
35,2,0,80,1834.043
35,2,0,80,1673.922
35,2,0,80,109.290
35,2,0,80,1596.549
35,2,0,80,2.473
35,2,0,80,1796.285
35,2,0,80,1596.016
35,2,0,80,1646.876
35,2,0,80,1615.272
35,2,0,80,1610.169
35,2,0,80,1628.732
35,2,0,80,1602.203
35,2,0,80,1751.210
35,2,0,80,111.300
35,2,0,80,1530.671
35,2,0,80,1639.289
35,2,0,80,1840.925
35,2,0,80,1731.989
35,2,0,80,1648.812
35,2,0,80,5.625
35,2,0,80,1846.493
35,2,0,80,38.270
35,2,0,80,16.315
35,2,0,80,1616.573
35,2,0,80,1552.970
35,2,0,80,1586.496
35,2,0,80,1540.726
35,2,0,80,1542.086
35,2,0,80,56.453
35,2,0,80,1727.748
35,2,0,80,1555.886
35,2,0,80,1481.209
35,2,0,80,1551.828
35,2,0,80,1553.521
35,2,0,80,1504.140
35,2,0,80,1350.537
35,2,0,80,1552.562
35,2,0,80,1502.366
35,2,0,80,1617.485
35,2,0,80,1815.454
35,2,0,80,1672.000
35,2,0,80,114.331
35,2,0,80,1566.108
35,2,0,80,1612.079
35,2,0,80,1533.698
35,2,0,80,1727.908
35,2,0,80,1627.176
35,2,0,80,1650.424
35,2,0,80,1626.302
35,2,0,80,159.688
35,2,0,80,1568.355
35,2,0,80,1569.826
35,2,0,80,1497.056
35,2,0,80,1666.248
35,2,0,80,1517.571
35,2,0,80,1671.189
35,2,0,80,1631.734
35,2,0,80,1600.390
35,2,0,80,1319.159
35,2,0,80,1500.999
35,2,0,80,1639.931
35,2,0,80,1674.254
35,2,0,80,1634.114
35,2,0,80,1664.121
35,2,0,80,1592.444
35,2,0,80,1965.727
35,2,0,80,1681.866
35,2,0,80,37.012
35,2,0,80,1670.326
35,2,0,80,118.509
35,2,0,80,1668.730
35,2,0,80,1619.535
35,2,0,80,1694.801
35,2,0,80,69.429
36,2,2,80,0.222
36,2,2,80,115.951
36,2,2,80,50.385
36,2,2,80,100.448
36,2,2,80,39.438
36,2,2,80,98.982
36,2,2,80,146.397
36,2,2,80,23.757
36,2,2,80,1482.109
36,2,2,80,59.939
36,2,2,80,1828.511
36,2,2,80,2030.944
36,2,2,80,1885.322
36,2,2,80,1949.237
36,2,2,80,1829.542
36,2,2,80,23.726
36,2,2,80,11.937
36,2,2,80,89.722
36,2,2,80,91.471
36,2,2,80,69.738
36,2,2,80,54.098
36,2,2,80,127.123
36,2,2,80,1473.605
36,2,2,80,117.787
36,2,2,80,159.128
36,2,2,80,81.821
36,2,2,80,159.088
36,2,2,80,82.151
36,2,2,80,24.363
36,2,2,80,77.944
36,2,2,80,45.545
36,2,2,80,27.701
36,2,2,80,79.653
36,2,2,80,29.531
36,2,2,80,14.631
36,2,2,80,47.806
36,2,2,80,197.979
36,2,2,80,113.728
36,2,2,80,103.939
36,2,2,80,1500.680
36,2,2,80,1813.260
36,2,2,80,1435.140
36,2,2,80,1420.685
36,2,2,80,1663.932
36,2,2,80,120.134
36,2,2,80,1431.949
36,2,2,80,1447.179
36,2,2,80,1427.650
36,2,2,80,1468.842
36,2,2,80,1725.163
36,2,2,80,1471.635
36,2,2,80,1479.458
36,2,2,80,1427.318
36,2,2,80,1374.603
36,2,2,80,1633.462
36,2,2,80,1447.952
36,2,2,80,97.152
36,2,2,80,1339.746
36,2,2,80,1474.623
36,2,2,80,1454.705
36,2,2,80,1447.546
36,2,2,80,1471.331
36,2,2,80,79.291
36,2,2,80,1443.347
36,2,2,80,1450.114
36,2,2,80,1434.121
36,2,2,80,1430.296
36,2,2,80,1446.452
36,2,2,80,1444.256
36,2,2,80,1404.300
36,2,2,80,1434.030
36,2,2,80,1389.594
36,2,2,80,1343.879
36,2,2,80,1610.923
36,2,2,80,1381.561
36,2,2,80,1608.679
36,2,2,80,1476.021
36,2,2,80,1428.121
36,2,2,80,1641.146
36,2,2,80,1431.785
36,2,2,80,1432.440
36,2,2,80,89.807
36,2,2,80,1459.196
36,2,2,80,1339.371
36,2,2,80,1414.194
36,2,2,80,1389.090
36,2,2,80,1395.524
36,2,2,80,1379.883
36,2,2,80,1413.187
36,2,2,80,1495.250
36,2,2,80,1609.887
36,2,2,80,1353.063
36,2,2,80,1456.014
36,2,2,80,1421.874
36,2,2,80,1464.215
36,2,2,80,1436.352
36,2,2,80,1439.267
36,2,2,80,1445.256
36,2,2,80,1610.911
36,2,2,80,23.965
36,2,2,80,1431.465
36,2,2,80,1448.472
36,2,2,80,53.173
36,2,2,80,1468.654
36,2,2,80,95.855
36,2,2,80,1404.114
36,2,2,80,1630.102
36,2,2,80,1383.167
36,2,2,80,1638.321
36,2,2,80,1514.311
36,2,2,80,1507.541
36,2,2,80,111.390
36,2,2,80,1444.205
36,2,2,80,1773.600
36,2,2,80,1645.442
36,2,2,80,1808.615
36,2,2,80,1531.402
36,2,2,80,1714.094
36,2,2,80,1827.008
36,2,2,80,56.563
36,2,2,80,1468.748
36,2,2,80,1552.866
36,2,2,80,1575.485
36,2,2,80,1542.771
36,2,2,80,1823.314
36,2,2,80,93.498
36,2,2,80,1441.331
36,2,2,80,1727.578
36,2,2,80,1526.420
36,2,2,80,1775.927
36,2,2,80,1616.194
36,2,2,80,73.747
36,2,2,80,1555.006
36,2,2,80,1722.013
36,2,2,80,1510.744
36,2,2,80,1805.898
36,2,2,80,1814.258
36,2,2,80,1560.600
36,2,2,80,1527.868
36,2,2,80,1779.355
36,2,2,80,91.780
36,2,2,80,1657.982
36,2,2,80,1528.843
36,2,2,80,1536.573
36,2,2,80,1510.377
36,2,2,80,1800.105
36,2,2,80,1795.872
36,2,2,80,1638.695
36,2,2,80,78.045
36,2,2,80,1530.082
36,2,2,80,1433.646
36,2,2,80,1534.505
36,2,2,80,1428.735
36,2,2,80,1526.168
36,2,2,80,1530.491
36,2,2,80,86.802
36,2,2,80,1465.136
36,2,2,80,1802.234
36,2,2,80,1561.540
36,2,2,80,1602.584
36,2,2,80,1500.278
36,2,2,80,1563.563
36,2,2,80,1514.293
36,2,2,80,1555.467
36,2,2,80,1629.289
36,2,2,80,1602.667
36,2,2,80,1806.137
36,2,2,80,1468.887
36,2,2,80,1569.080
36,2,2,80,1756.605
36,2,2,80,1472.632
36,2,2,80,1842.990
36,2,2,80,1602.166
36,2,2,80,21.052
36,2,2,80,1554.959
36,2,2,80,1862.502
36,2,2,80,1545.863
36,2,2,80,1648.667
36,2,2,80,1528.657
36,2,2,80,1483.072
36,2,2,80,1528.413
36,2,2,80,1465.180
36,2,2,80,1519.169
36,2,2,80,1810.471
36,2,2,80,1810.294
36,2,2,80,1401.285
36,2,2,80,1381.997
36,2,2,80,82.326
36,2,2,80,27.594
36,2,2,80,1452.223
36,2,2,80,1434.064
36,2,2,80,1430.905
36,2,2,80,1431.506
36,2,2,80,1460.921
36,2,2,80,1441.262
36,2,2,80,1394.918
36,2,2,80,1395.425
36,2,2,80,1375.192
36,2,2,80,1456.589
36,2,2,80,1446.819
36,2,2,80,1549.011
36,2,2,80,1511.056
36,2,2,80,1479.564
36,2,2,80,1469.516
36,2,2,80,1426.061
36,2,2,80,1433.680
36,2,2,80,1427.169
36,2,2,80,81.554
36,2,2,80,1494.480
36,2,2,80,1457.766
36,2,2,80,44.911
36,2,2,80,1502.540
36,2,2,80,1548.622
36,2,2,80,1515.796
36,2,2,80,1436.638
36,2,2,80,1341.905
36,2,2,80,1505.190
36,2,2,80,1494.272
36,2,2,80,1500.464
36,2,2,80,1641.138
36,2,2,80,1530.017
36,2,2,80,1454.247
36,2,2,80,1663.291
36,2,2,80,1600.891
36,2,2,80,1618.251
36,2,2,80,1800.276
36,2,2,80,1810.080
36,2,2,80,1654.533
36,2,2,80,83.142
36,2,2,80,1575.067
36,2,2,80,36.898
36,2,2,80,1796.859
36,2,2,80,1573.387
36,2,2,80,1621.746
36,2,2,80,1596.235
36,2,2,80,1589.206
36,2,2,80,1635.306
36,2,2,80,1606.999
36,2,2,80,1729.580
36,2,2,80,85.134
36,2,2,80,1504.319
36,2,2,80,1612.104
36,2,2,80,1814.592
36,2,2,80,1741.063
36,2,2,80,1623.719
36,2,2,80,208.179
36,2,2,80,1824.493
36,2,2,80,16.973
36,2,2,80,36.888
36,2,2,80,1609.813
36,2,2,80,1526.488
36,2,2,80,1560.533
36,2,2,80,1515.485
36,2,2,80,1546.030
36,2,2,80,32.175
36,2,2,80,1724.063
36,2,2,80,1529.127
36,2,2,80,1454.357
36,2,2,80,1526.235
36,2,2,80,1533.020
36,2,2,80,1482.973
36,2,2,80,1388.907
36,2,2,80,1525.895
36,2,2,80,1481.200
36,2,2,80,1624.725
36,2,2,80,1838.046
36,2,2,80,1650.185
36,2,2,80,88.312
36,2,2,80,1544.941
36,2,2,80,1608.152
36,2,2,80,1507.272
36,2,2,80,1707.445
36,2,2,80,1601.527
36,2,2,80,1650.831
36,2,2,80,1628.654
36,2,2,80,136.262
36,2,2,80,1549.114
36,2,2,80,1548.011
36,2,2,80,1472.111
36,2,2,80,1654.896
36,2,2,80,1491.645
36,2,2,80,1670.855
36,2,2,80,1634.049
36,2,2,80,1573.631
36,2,2,80,1307.621
36,2,2,80,1481.498
36,2,2,80,1614.505
36,2,2,80,1664.031
36,2,2,80,1650.409
36,2,2,80,1656.806
36,2,2,80,1573.684
36,2,2,80,1947.320
36,2,2,80,1656.885
36,2,2,80,12.568
36,2,2,80,1664.196
36,2,2,80,91.972
36,2,2,80,1652.193
36,2,2,80,1596.127
36,2,2,80,1675.190
36,2,2,80,42.818
37,3,2,70,0.407
37,3,2,70,482.351
37,3,2,70,114.578
37,3,2,70,280.746
37,3,2,70,24.027
37,3,2,70,262.232
37,3,2,70,144.494
37,3,2,70,265.237
37,3,2,70,36.536
37,3,2,70,381.204
37,3,2,70,23.097
37,3,2,70,284.986
37,3,2,70,29.972
37,3,2,70,416.898
37,3,2,70,57.902
37,3,2,70,303.421
37,3,2,70,101.443
37,3,2,70,253.593
37,3,2,70,64.022
37,3,2,70,280.708
37,3,2,70,136.952
37,3,2,70,438.194
37,3,2,70,70.994
37,3,2,70,256.829
37,3,2,70,66.073
37,3,2,70,92.001
37,3,2,70,27.800
37,3,2,70,243.912
37,3,2,70,22.378
37,3,2,70,146.491
37,3,2,70,35.290
37,3,2,70,171.236
37,3,2,70,31.369
37,3,2,70,158.278
37,3,2,70,32.559
37,3,2,70,208.264
37,3,2,70,69.230
37,3,2,70,161.324
37,3,2,70,3178.143
37,3,2,70,2687.704
37,3,2,70,308.330
37,3,2,70,173.592
37,3,2,70,21.633
37,3,2,70,160.727
37,3,2,70,34.378
37,3,2,70,221.268
37,3,2,70,230.844
37,3,2,70,212.939
37,3,2,70,79.294
37,3,2,70,79.259
37,3,2,70,80.873
37,3,2,70,232.337
37,3,2,70,89.192
37,3,2,70,103.231
37,3,2,70,22.067
37,3,2,70,205.069
37,3,2,70,16.627
37,3,2,70,65.203
37,3,2,70,35.336
37,3,2,70,146.059
37,3,2,70,28.914
37,3,2,70,151.268
37,3,2,70,65.437
37,3,2,70,203.235
37,3,2,70,30.257
37,3,2,70,22.555
37,3,2,70,58.372
37,3,2,70,233.170
37,3,2,70,33.358
37,3,2,70,190.508
37,3,2,70,3186.901
37,3,2,70,2732.610
37,3,2,70,309.681
37,3,2,70,14.018
37,3,2,70,33.928
37,3,2,70,193.114
37,3,2,70,23.340
37,3,2,70,92.897
37,3,2,70,16.696
37,3,2,70,86.124
37,3,2,70,148.126
37,3,2,70,206.757
37,3,2,70,21.631
37,3,2,70,81.077
37,3,2,70,16.747
37,3,2,70,4.656
37,3,2,70,34.881
37,3,2,70,280.993
37,3,2,70,33.959
37,3,2,70,3.221
37,3,2,70,43.279
37,3,2,70,93.299
37,3,2,70,180.690
37,3,2,70,67.897
37,3,2,70,21.862
37,3,2,70,69.938
37,3,2,70,31.904
37,3,2,70,61.461
37,3,2,70,17.519
37,3,2,70,68.281
37,3,2,70,31.783
37,3,2,70,88.470
37,3,2,70,41.491
37,3,2,70,347.122
37,3,2,70,33.088
37,3,2,70,96.516
37,3,2,70,16.260
37,3,2,70,329.408
37,3,2,70,99.431
37,3,2,70,306.709
37,3,2,70,34.084
37,3,2,70,20.919
37,3,2,70,310.494
37,3,2,70,48.850
37,3,2,70,16.482
37,3,2,70,245.316
37,3,2,70,15.931
37,3,2,70,148.377
37,3,2,70,22.306
37,3,2,70,217.066
37,3,2,70,130.921
37,3,2,70,106.849
37,3,2,70,16.963
37,3,2,70,84.724
37,3,2,70,21.579
37,3,2,70,193.098
37,3,2,70,26.879
37,3,2,70,107.159
37,3,2,70,16.328
37,3,2,70,112.923
37,3,2,70,60.851
37,3,2,70,17.854
37,3,2,70,26.949
37,3,2,70,172.080
37,3,2,70,16.638
37,3,2,70,189.084
37,3,2,70,16.939
37,3,2,70,105.163
37,3,2,70,39.481
37,3,2,70,37.390
37,3,2,70,34.319
37,3,2,70,25.210
37,3,2,70,3150.843
37,3,2,70,2702.792
37,3,2,70,2947.886
37,3,2,70,772.419
37,3,2,70,17.406
37,3,2,70,264.333
37,3,2,70,37.374
37,3,2,70,68.024
37,3,2,70,17.841
37,3,2,70,90.547
37,3,2,70,23.698
37,3,2,70,297.476
37,3,2,70,17.721
37,3,2,70,373.351
37,3,2,70,76.781
37,3,2,70,2823.490
37,3,2,70,182.766
37,3,2,70,89.047
37,3,2,70,17.790
37,3,2,70,10.552
37,3,2,70,21.850
37,3,2,70,32.945
37,3,2,70,39.132
37,3,2,70,88.431
37,3,2,70,125.600
37,3,2,70,102.361
37,3,2,70,79.845
37,3,2,70,281.661
37,3,2,70,23.572
37,3,2,70,217.314
37,3,2,70,94.891
37,3,2,70,55.616
37,3,2,70,93.099
37,3,2,70,312.341
37,3,2,70,70.160
37,3,2,70,23.533
37,3,2,70,34.942
37,3,2,70,149.833
37,3,2,70,87.595
37,3,2,70,93.263
37,3,2,70,35.766
37,3,2,70,2783.272
37,3,2,70,75.215
37,3,2,70,146.291
37,3,2,70,17.035
37,3,2,70,305.017
37,3,2,70,34.224
37,3,2,70,72.060
37,3,2,70,40.562
37,3,2,70,270.545
37,3,2,70,29.252
37,3,2,70,166.735
37,3,2,70,19.238
37,3,2,70,350.924
37,3,2,70,16.650
37,3,2,70,302.151
37,3,2,70,34.006
37,3,2,70,414.729
38,3,0,70,0.315
38,3,0,70,460.093
38,3,0,70,46.579
38,3,0,70,225.006
38,3,0,70,28.621
38,3,0,70,212.455
38,3,0,70,97.162
38,3,0,70,313.033
38,3,0,70,23.056
38,3,0,70,345.001
38,3,0,70,16.116
38,3,0,70,264.339
38,3,0,70,26.176
38,3,0,70,439.750
38,3,0,70,196.420
38,3,0,70,291.829
38,3,0,70,24.333
38,3,0,70,240.556
38,3,0,70,24.338
38,3,0,70,222.635
38,3,0,70,65.490
38,3,0,70,463.861
38,3,0,70,23.773
38,3,0,70,216.681
38,3,0,70,44.796
38,3,0,70,35.298
38,3,0,70,16.171
38,3,0,70,176.080
38,3,0,70,15.879
38,3,0,70,52.122
38,3,0,70,3109.904
38,3,0,70,2928.500
38,3,0,70,3060.816
38,3,0,70,984.978
38,3,0,70,16.374
38,3,0,70,110.876
38,3,0,70,15.564
38,3,0,70,99.251
38,3,0,70,3083.867
38,3,0,70,2584.964
38,3,0,70,205.572
38,3,0,70,71.427
38,3,0,70,16.022
38,3,0,70,99.505
38,3,0,70,3156.621
38,3,0,70,3059.420
38,3,0,70,148.456
38,3,0,70,137.829
38,3,0,70,15.480
38,3,0,70,111.426
38,3,0,70,15.448
38,3,0,70,166.819
38,3,0,70,31.174
38,3,0,70,1.566
38,3,0,70,15.938
38,3,0,70,140.514
38,3,0,70,15.906
38,3,0,70,38.871
38,3,0,70,15.707
38,3,0,70,83.912
38,3,0,70,15.118
38,3,0,70,81.435
38,3,0,70,15.253
38,3,0,70,157.384
38,3,0,70,14.924
38,3,0,70,37.537
38,3,0,70,14.984
38,3,0,70,131.226
38,3,0,70,15.100
38,3,0,70,94.120
38,3,0,70,3122.699
38,3,0,70,2643.685
38,3,0,70,206.941
38,3,0,70,23.500
38,3,0,70,60.817
38,3,0,70,133.430
38,3,0,70,15.285
38,3,0,70,79.601
38,3,0,70,3014.662
38,3,0,70,3047.831
38,3,0,70,3103.499
38,3,0,70,964.698
38,3,0,70,16.020
38,3,0,70,13.523
38,3,0,70,17.636
38,3,0,70,170.415
38,3,0,70,16.326
38,3,0,70,178.698
38,3,0,70,15.812
38,3,0,70,2807.558
38,3,0,70,15.779
38,3,0,70,83.504
38,3,0,70,131.413
38,3,0,70,54.953
38,3,0,70,16.140
38,3,0,70,31.494
38,3,0,70,16.293
38,3,0,70,69.591
38,3,0,70,16.001
38,3,0,70,16.855
38,3,0,70,17.117
38,3,0,70,33.953
38,3,0,70,16.418
38,3,0,70,276.252
38,3,0,70,15.830
38,3,0,70,71.276
38,3,0,70,3225.798
38,3,0,70,2995.709
38,3,0,70,3203.044
38,3,0,70,965.151
38,3,0,70,16.195
38,3,0,70,267.085
38,3,0,70,208.051
38,3,0,70,77.109
38,3,0,70,16.519
38,3,0,70,186.669
38,3,0,70,16.190
38,3,0,70,132.359
38,3,0,70,15.862
38,3,0,70,113.808
38,3,0,70,27.737
38,3,0,70,3.628
38,3,0,70,16.556
38,3,0,70,81.113
38,3,0,70,15.746
38,3,0,70,137.266
38,3,0,70,15.917
38,3,0,70,5.623
38,3,0,70,3038.164
38,3,0,70,2980.186
38,3,0,70,2916.207
38,3,0,70,1016.701
38,3,0,70,16.134
38,3,0,70,110.266
38,3,0,70,3092.696
38,3,0,70,2913.496
38,3,0,70,3002.757
38,3,0,70,964.974
38,3,0,70,15.778
38,3,0,70,2614.358
38,3,0,70,15.560
38,3,0,70,24.562
38,3,0,70,3084.937
38,3,0,70,2613.608
38,3,0,70,2947.831
38,3,0,70,677.438
38,3,0,70,16.500
38,3,0,70,160.964
38,3,0,70,2966.025
38,3,0,70,2914.843
38,3,0,70,21.583
38,3,0,70,80.751
38,3,0,70,15.809
38,3,0,70,247.551
38,3,0,70,15.999
38,3,0,70,270.278
38,3,0,70,29.356
38,3,0,70,2807.917
38,3,0,70,130.971
38,3,0,70,93.121
38,3,0,70,16.254
38,3,0,70,143.477
38,3,0,70,16.703
38,3,0,70,69.223
38,3,0,70,16.374
38,3,0,70,20.876
38,3,0,70,23.897
38,3,0,70,35.436
38,3,0,70,33.438
38,3,0,70,179.995
38,3,0,70,15.850
38,3,0,70,114.167
38,3,0,70,37.410
38,3,0,70,16.209
38,3,0,70,26.785
38,3,0,70,209.231
38,3,0,70,41.308
38,3,0,70,2571.445
38,3,0,70,15.943
38,3,0,70,85.704
38,3,0,70,16.466
38,3,0,70,17.320
38,3,0,70,16.248
38,3,0,70,2763.236
38,3,0,70,16.327
38,3,0,70,43.292
38,3,0,70,15.942
38,3,0,70,206.110
38,3,0,70,2969.209
38,3,0,70,2936.804
38,3,0,70,58.600
38,3,0,70,167.583
38,3,0,70,16.160
38,3,0,70,74.884
38,3,0,70,3299.406
38,3,0,70,2913.688
38,3,0,70,3198.541
38,3,0,70,973.425
38,3,0,70,16.488
38,3,0,70,331.063
39,3,1,70,0.278
39,3,1,70,448.056
39,3,1,70,93.967
39,3,1,70,256.024
39,3,1,70,17.324
39,3,1,70,238.769
39,3,1,70,84.865
39,3,1,70,316.125
39,3,1,70,12.129
39,3,1,70,336.611
39,3,1,70,8.541
39,3,1,70,341.171
39,3,1,70,13.731
39,3,1,70,429.657
39,3,1,70,182.735
39,3,1,70,370.699
39,3,1,70,28.073
39,3,1,70,312.037
39,3,1,70,14.022
39,3,1,70,231.857
39,3,1,70,58.342
39,3,1,70,453.749
39,3,1,70,13.809
39,3,1,70,303.921
39,3,1,70,30.888
39,3,1,70,47.298
39,3,1,70,3146.672
39,3,1,70,2437.030
39,3,1,70,3052.640
39,3,1,70,2438.053
39,3,1,70,3080.552
39,3,1,70,2897.351
39,3,1,70,3088.149
39,3,1,70,958.792
39,3,1,70,3090.690
39,3,1,70,2556.270
39,3,1,70,3070.677
39,3,1,70,2448.016
39,3,1,70,3062.811
39,3,1,70,2581.834
39,3,1,70,179.498
39,3,1,70,49.464
39,3,1,70,3069.764
39,3,1,70,2441.733
39,3,1,70,3127.713
39,3,1,70,3027.679
39,3,1,70,129.197
39,3,1,70,113.810
39,3,1,70,3085.685
39,3,1,70,2554.894
39,3,1,70,3137.319
39,3,1,70,2556.547
39,3,1,70,3.785
39,3,1,70,5.621
39,3,1,70,65.234
39,3,1,70,111.310
39,3,1,70,3047.074
39,3,1,70,2437.246
39,3,1,70,3055.319
39,3,1,70,2437.084
39,3,1,70,3053.120
39,3,1,70,2518.329
39,3,1,70,3133.884
39,3,1,70,2437.075
39,3,1,70,3009.000
39,3,1,70,2442.598
39,3,1,70,3142.041
39,3,1,70,2443.917
39,3,1,70,3073.805
39,3,1,70,2444.663
39,3,1,70,3094.569
39,3,1,70,2807.943
39,3,1,70,179.996
39,3,1,70,18.222
39,3,1,70,29.206
39,3,1,70,101.430
39,3,1,70,3107.730
39,3,1,70,2711.346
39,3,1,70,3100.920
39,3,1,70,3016.201
39,3,1,70,3148.406
39,3,1,70,936.994
39,3,1,70,3093.744
39,3,1,70,2605.434
39,3,1,70,122.061
39,3,1,70,147.100
39,3,1,70,2966.661
39,3,1,70,156.697
39,3,1,70,5742.392
39,3,1,70,2801.354
39,3,1,70,3108.188
39,3,1,70,3103.339
39,3,1,70,3085.174
39,3,1,70,1064.225
39,3,1,70,2725.829
39,3,1,70,184.178
39,3,1,70,65.385
39,3,1,70,77.387
39,3,1,70,2693.264
39,3,1,70,188.243
39,3,1,70,64.524
39,3,1,70,2.656
39,3,1,70,143.028
39,3,1,70,249.307
39,3,1,70,3076.017
39,3,1,70,2528.281
39,3,1,70,3193.798
39,3,1,70,2966.524
39,3,1,70,3171.562
39,3,1,70,933.799
39,3,1,70,3243.548
39,3,1,70,2719.627
39,3,1,70,183.384
39,3,1,70,118.146
39,3,1,70,2971.484
39,3,1,70,192.576
39,3,1,70,64.523
39,3,1,70,105.322
39,3,1,70,2722.680
39,3,1,70,82.048
39,3,1,70,133.402
39,3,1,70,2626.817
39,3,1,70,3104.446
39,3,1,70,2449.952
39,3,1,70,3144.525
39,3,1,70,2444.068
39,3,1,70,3010.919
39,3,1,70,2452.943
39,3,1,70,3033.497
39,3,1,70,2951.000
39,3,1,70,2943.391
39,3,1,70,1030.978
39,3,1,70,3082.710
39,3,1,70,2445.660
39,3,1,70,3071.122
39,3,1,70,2881.996
39,3,1,70,3010.460
39,3,1,70,939.455
39,3,1,70,5437.711
39,3,1,70,2660.580
39,3,1,70,3014.080
39,3,1,70,2450.326
39,3,1,70,3056.270
39,3,1,70,2582.867
39,3,1,70,2924.238
39,3,1,70,740.030
39,3,1,70,2779.577
39,3,1,70,129.334
39,3,1,70,2934.710
39,3,1,70,2885.824
39,3,1,70,66.267
39,3,1,70,105.955
39,3,1,70,2817.646
39,3,1,70,221.495
39,3,1,70,2838.372
39,3,1,70,244.370
39,3,1,70,6.707
39,3,1,70,2781.676
39,3,1,70,102.878
39,3,1,70,68.936
39,3,1,70,63.883
39,3,1,70,116.755
39,3,1,70,2938.946
39,3,1,70,75.778
39,3,1,70,64.299
39,3,1,70,60.616
39,3,1,70,17.656
39,3,1,70,13.343
39,3,1,70,4.105
39,3,1,70,199.847
39,3,1,70,2735.354
39,3,1,70,86.963
39,3,1,70,5.910
39,3,1,70,16.524
39,3,1,70,0.507
39,3,1,70,179.750
39,3,1,70,16.142
39,3,1,70,2563.482
39,3,1,70,2876.594
39,3,1,70,56.870
39,3,1,70,16.873
39,3,1,70,17.764
39,3,1,70,5731.921
39,3,1,70,2844.735
39,3,1,70,64.530
39,3,1,70,19.884
39,3,1,70,2743.409
39,3,1,70,179.314
39,3,1,70,2941.986
39,3,1,70,2938.655
39,3,1,70,33.396
39,3,1,70,141.434
39,3,1,70,3047.939
39,3,1,70,2650.592
39,3,1,70,3268.906
39,3,1,70,2882.392
39,3,1,70,3167.207
39,3,1,70,942.240
39,3,1,70,3310.415
39,3,1,70,7080.008
40,3,1,70,0.260
40,3,1,70,503.666
40,3,1,70,209.985
40,3,1,70,347.839
40,3,1,70,28.806
40,3,1,70,329.602
40,3,1,70,3281.292
40,3,1,70,2711.983
40,3,1,70,3391.130
40,3,1,70,1116.255
40,3,1,70,24.041
40,3,1,70,325.987
40,3,1,70,34.416
40,3,1,70,487.453
40,3,1,70,39.625
40,3,1,70,358.366
40,3,1,70,59.370
40,3,1,70,295.056
40,3,1,70,37.060
40,3,1,70,321.283
40,3,1,70,3510.305
40,3,1,70,3046.106
40,3,1,70,3291.107
40,3,1,70,1304.286
40,3,1,70,62.314
40,3,1,70,159.167
40,3,1,70,16.726
40,3,1,70,271.745
40,3,1,70,17.397
40,3,1,70,205.417
40,3,1,70,16.439
40,3,1,70,213.292
40,3,1,70,16.795
40,3,1,70,223.852
40,3,1,70,17.522
40,3,1,70,209.431
40,3,1,70,19.471
40,3,1,70,203.046
40,3,1,70,3183.662
40,3,1,70,2698.649
40,3,1,70,3182.759
40,3,1,70,859.145
40,3,1,70,20.948
40,3,1,70,203.060
40,3,1,70,15.915
40,3,1,70,259.583
40,3,1,70,160.030
40,3,1,70,213.402
40,3,1,70,53.461
40,3,1,70,143.370
40,3,1,70,57.540
40,3,1,70,270.819
40,3,1,70,75.211
40,3,1,70,167.546
40,3,1,70,20.494
40,3,1,70,243.495
40,3,1,70,30.017
40,3,1,70,23.982
40,3,1,70,20.725
40,3,1,70,187.930
40,3,1,70,15.785
40,3,1,70,132.398
40,3,1,70,16.845
40,3,1,70,187.402
40,3,1,70,16.609
40,3,1,70,66.389
40,3,1,70,16.243
40,3,1,70,303.448
40,3,1,70,16.340
40,3,1,70,192.453
40,3,1,70,3227.698
40,3,1,70,2830.387
40,3,1,70,3124.462
40,3,1,70,864.495
40,3,1,70,16.224
40,3,1,70,26.949
40,3,1,70,20.914
40,3,1,70,277.119
40,3,1,70,3272.105
40,3,1,70,2948.442
40,3,1,70,3325.331
40,3,1,70,1002.698
40,3,1,70,16.539
40,3,1,70,266.466
40,3,1,70,285.968
40,3,1,70,296.285
40,3,1,70,16.548
40,3,1,70,33.717
40,3,1,70,16.997
40,3,1,70,342.423
40,3,1,70,29.520
40,3,1,70,279.706
40,3,1,70,116.802
40,3,1,70,262.118
40,3,1,70,21.214
40,3,1,70,338.937
40,3,1,70,55.533
40,3,1,70,254.109
40,3,1,70,68.927
40,3,1,70,347.428
40,3,1,70,54.654
40,3,1,70,16.249
40,3,1,70,150.991
40,3,1,70,235.715
40,3,1,70,55.181
40,3,1,70,253.516
40,3,1,70,2952.985
40,3,1,70,2937.006
40,3,1,70,3006.304
40,3,1,70,854.522
40,3,1,70,16.084
40,3,1,70,344.677
40,3,1,70,3295.478
40,3,1,70,2917.649
40,3,1,70,282.962
40,3,1,70,47.003
40,3,1,70,15.968
40,3,1,70,486.301
40,3,1,70,20.639
40,3,1,70,2939.570
40,3,1,70,297.142
40,3,1,70,27.998
40,3,1,70,281.925
40,3,1,70,280.612
40,3,1,70,284.374
40,3,1,70,210.636
40,3,1,70,16.639
40,3,1,70,171.881
40,3,1,70,3170.145
40,3,1,70,2857.482
40,3,1,70,3029.335
40,3,1,70,775.017
40,3,1,70,16.930
40,3,1,70,213.802
40,3,1,70,3190.270
40,3,1,70,2713.126
40,3,1,70,3171.645
40,3,1,70,859.326
40,3,1,70,16.389
40,3,1,70,81.668
40,3,1,70,16.560
40,3,1,70,68.654
40,3,1,70,3182.862
40,3,1,70,2701.367
40,3,1,70,3310.236
40,3,1,70,863.492
40,3,1,70,26.999
40,3,1,70,66.687
40,3,1,70,20.319
40,3,1,70,459.911
40,3,1,70,52.508
40,3,1,70,283.287
40,3,1,70,16.457
40,3,1,70,20.756
40,3,1,70,47.480
40,3,1,70,20.205
40,3,1,70,58.522
40,3,1,70,84.228
40,3,1,70,118.397
40,3,1,70,122.454
40,3,1,70,54.031
40,3,1,70,71.830
40,3,1,70,20.925
40,3,1,70,73.241
40,3,1,70,15.966
40,3,1,70,237.912
40,3,1,70,62.026
40,3,1,70,52.936
40,3,1,70,127.919
40,3,1,70,298.772
40,3,1,70,21.424
40,3,1,70,22.945
40,3,1,70,124.780
40,3,1,70,16.394
40,3,1,70,5.841
40,3,1,70,93.417
40,3,1,70,124.067
40,3,1,70,390.457
40,3,1,70,16.257
40,3,1,70,52.315
40,3,1,70,66.632
40,3,1,70,341.818
40,3,1,70,16.063
40,3,1,70,147.787
40,3,1,70,53.345
40,3,1,70,29.458
40,3,1,70,27.609
40,3,1,70,30.537
40,3,1,70,15.873
40,3,1,70,382.262
40,3,1,70,166.284
40,3,1,70,11.176
40,3,1,70,17.400
40,3,1,70,338.197
40,3,1,70,3031.796
40,3,1,70,2856.059
40,3,1,70,2990.653
40,3,1,70,946.851
40,3,1,70,16.266
40,3,1,70,118.879
41,3,2,70,0.204
41,3,2,70,485.315
41,3,2,70,154.985
41,3,2,70,299.913
41,3,2,70,23.787
41,3,2,70,282.621
41,3,2,70,3265.422
41,3,2,70,2718.353
41,3,2,70,3382.482
41,3,2,70,1116.107
41,3,2,70,75.115
41,3,2,70,341.505
41,3,2,70,30.138
41,3,2,70,475.453
41,3,2,70,98.013
41,3,2,70,368.810
41,3,2,70,101.555
41,3,2,70,317.722
41,3,2,70,63.856
41,3,2,70,282.023
41,3,2,70,3496.212
41,3,2,70,3070.735
41,3,2,70,3257.514
41,3,2,70,1249.398
41,3,2,70,71.406
41,3,2,70,128.205
41,3,2,70,19.059
41,3,2,70,219.135
41,3,2,70,22.786
41,3,2,70,135.251
41,3,2,70,3145.922
41,3,2,70,2632.797
41,3,2,70,3148.926
41,3,2,70,2633.839
41,3,2,70,3184.634
41,3,2,70,2669.047
41,3,2,70,3136.084
41,3,2,70,2730.533
41,3,2,70,3154.051
41,3,2,70,2662.593
41,3,2,70,3149.426
41,3,2,70,851.033
41,3,2,70,15.540
41,3,2,70,135.338
41,3,2,70,3196.009
41,3,2,70,2922.031
41,3,2,70,86.290
41,3,2,70,188.458
41,3,2,70,3064.111
41,3,2,70,2672.912
41,3,2,70,3207.134
41,3,2,70,2669.250
41,3,2,70,70.914
41,3,2,70,88.102
41,3,2,70,16.049
41,3,2,70,179.717
41,3,2,70,20.831
41,3,2,70,2673.338
41,3,2,70,3120.745
41,3,2,70,2629.991
41,3,2,70,3126.305
41,3,2,70,2792.809
41,3,2,70,3212.365
41,3,2,70,2636.740
41,3,2,70,3055.740
41,3,2,70,2635.819
41,3,2,70,3222.929
41,3,2,70,2632.435
41,3,2,70,3168.675
41,3,2,70,2790.994
41,3,2,70,3161.679
41,3,2,70,2788.573
41,3,2,70,3052.925
41,3,2,70,785.421
41,3,2,70,2959.523
41,3,2,70,72.671
41,3,2,70,15.618
41,3,2,70,195.693
41,3,2,70,3197.438
41,3,2,70,2973.997
41,3,2,70,3245.572
41,3,2,70,976.568
41,3,2,70,15.483
41,3,2,70,190.355
41,3,2,70,206.709
41,3,2,70,224.267
41,3,2,70,2748.033
41,3,2,70,299.937
41,3,2,70,3268.479
41,3,2,70,2825.113
41,3,2,70,3198.484
41,3,2,70,2761.378
41,3,2,70,44.802
41,3,2,70,181.378
41,3,2,70,16.825
41,3,2,70,288.826
41,3,2,70,6.608
41,3,2,70,172.739
41,3,2,70,18.557
41,3,2,70,270.595
41,3,2,70,43.154
41,3,2,70,74.674
41,3,2,70,70.399
41,3,2,70,189.900
41,3,2,70,44.070
41,3,2,70,171.979
41,3,2,70,2903.189
41,3,2,70,2875.821
41,3,2,70,2925.082
41,3,2,70,773.726
41,3,2,70,3265.474
41,3,2,70,2726.053
41,3,2,70,3215.404
41,3,2,70,2836.150
41,3,2,70,202.333
41,3,2,70,270.372
41,3,2,70,17.246
41,3,2,70,410.894
41,3,2,70,21.139
41,3,2,70,2954.848
41,3,2,70,217.624
41,3,2,70,88.590
41,3,2,70,201.481
41,3,2,70,201.057
41,3,2,70,205.281
41,3,2,70,169.321
41,3,2,70,18.231
41,3,2,70,91.863
41,3,2,70,3115.756
41,3,2,70,2864.593
41,3,2,70,2993.873
41,3,2,70,738.906
41,3,2,70,17.653
41,3,2,70,146.784
41,3,2,70,3166.584
41,3,2,70,2687.626
41,3,2,70,3091.238
41,3,2,70,845.715
41,3,2,70,3043.983
41,3,2,70,257.852
41,3,2,70,3117.839
41,3,2,70,2628.622
41,3,2,70,3125.807
41,3,2,70,2688.941
41,3,2,70,3234.292
41,3,2,70,925.066
41,3,2,70,16.610
41,3,2,70,4.946
41,3,2,70,2946.210
41,3,2,70,384.078
41,3,2,70,17.360
41,3,2,70,203.158
41,3,2,70,2.957
41,3,2,70,282.366
41,3,2,70,18.017
41,3,2,70,358.333
41,3,2,70,113.281
41,3,2,70,2.376
41,3,2,70,38.119
41,3,2,70,84.547
41,3,2,70,9.290
41,3,2,70,272.736
41,3,2,70,16.369
41,3,2,70,12.001
41,3,2,70,3157.949
41,3,2,70,2730.694
41,3,2,70,108.859
41,3,2,70,120.139
41,3,2,70,54.494
41,3,2,70,257.476
41,3,2,70,16.998
41,3,2,70,199.185
41,3,2,70,80.317
41,3,2,70,2758.435
41,3,2,70,104.248
41,3,2,70,11.713
41,3,2,70,48.234
41,3,2,70,371.068
41,3,2,70,2793.039
41,3,2,70,168.148
41,3,2,70,69.854
41,3,2,70,268.318
41,3,2,70,2828.436
41,3,2,70,165.435
41,3,2,70,2980.403
41,3,2,70,31.273
41,3,2,70,15.905
41,3,2,70,290.924
41,3,2,70,2948.079
41,3,2,70,307.873
41,3,2,70,86.043
41,3,2,70,287.656
41,3,2,70,21.734
41,3,2,70,263.772
41,3,2,70,3009.981
41,3,2,70,2787.411
41,3,2,70,2956.616
41,3,2,70,866.592
41,3,2,70,2916.620
41,3,2,70,42.842
42,3,0,70,0.167
42,3,0,70,372.538
42,3,0,70,64.653
42,3,0,70,230.136
42,3,0,70,3196.714
42,3,0,70,6240.682
42,3,0,70,4137.955
42,3,0,70,2556.002
42,3,0,70,3260.556
42,3,0,70,962.608
42,3,0,70,127.893
42,3,0,70,296.264
42,3,0,70,3353.658
42,3,0,70,3028.754
42,3,0,70,44.254
42,3,0,70,321.848
42,3,0,70,3156.890
42,3,0,70,2714.302
42,3,0,70,3140.765
42,3,0,70,2776.473
42,3,0,70,3378.139
42,3,0,70,2936.310
42,3,0,70,3251.774
42,3,0,70,1081.510
42,3,0,70,2888.299
42,3,0,70,134.408
42,3,0,70,3071.802
42,3,0,70,2813.787
42,3,0,70,3000.640
42,3,0,70,2826.014
42,3,0,70,3005.589
42,3,0,70,2467.113
42,3,0,70,3016.872
42,3,0,70,2467.988
42,3,0,70,3015.950
42,3,0,70,2556.622
42,3,0,70,2995.085
42,3,0,70,2603.645
42,3,0,70,2988.071
42,3,0,70,2483.113
42,3,0,70,2974.575
42,3,0,70,666.831
42,3,0,70,2994.820
42,3,0,70,2824.842
42,3,0,70,3052.065
42,3,0,70,2746.218
42,3,0,70,3038.940
42,3,0,70,2586.779
42,3,0,70,2902.890
42,3,0,70,2502.191
42,3,0,70,3062.394
42,3,0,70,2555.788
42,3,0,70,2909.492
42,3,0,70,2597.866
42,3,0,70,3036.440
42,3,0,70,2813.055
42,3,0,70,2892.408
42,3,0,70,2501.913
42,3,0,70,2980.413
42,3,0,70,2452.455
42,3,0,70,2978.436
42,3,0,70,2609.921
42,3,0,70,3058.995
42,3,0,70,2457.649
42,3,0,70,2883.167
42,3,0,70,2465.265
42,3,0,70,3080.301
42,3,0,70,2468.769
42,3,0,70,2998.472
42,3,0,70,2640.032
42,3,0,70,3019.662
42,3,0,70,2611.315
42,3,0,70,2916.019
42,3,0,70,616.626
42,3,0,70,2775.376
42,3,0,70,2647.305
42,3,0,70,3036.268
42,3,0,70,2806.475
42,3,0,70,3018.828
42,3,0,70,2796.184
42,3,0,70,3060.888
42,3,0,70,791.940
42,3,0,70,3005.337
42,3,0,70,2862.229
42,3,0,70,22.858
42,3,0,70,72.119
42,3,0,70,2620.923
42,3,0,70,153.494
42,3,0,70,3084.128
42,3,0,70,2641.041
42,3,0,70,3033.856
42,3,0,70,2662.175
42,3,0,70,3001.082
42,3,0,70,2554.254
42,3,0,70,2884.736
42,3,0,70,105.179
42,3,0,70,3022.740
42,3,0,70,2809.502
42,3,0,70,3091.318
42,3,0,70,2827.136
42,3,0,70,2883.249
42,3,0,70,2579.383
42,3,0,70,2851.680
42,3,0,70,6.864
42,3,0,70,3021.128
42,3,0,70,2806.483
42,3,0,70,2734.949
42,3,0,70,2691.489
42,3,0,70,2790.509
42,3,0,70,589.282
42,3,0,70,3080.753
42,3,0,70,2613.276
42,3,0,70,3030.832
42,3,0,70,2651.706
42,3,0,70,18.112
42,3,0,70,86.391
42,3,0,70,3226.784
42,3,0,70,2813.881
42,3,0,70,5781.497
42,3,0,70,3033.773
42,3,0,70,2909.906
42,3,0,70,1025.585
42,3,0,70,18.889
42,3,0,70,25.873
42,3,0,70,21.820
42,3,0,70,33.063
42,3,0,70,2954.456
42,3,0,70,2807.200
42,3,0,70,2986.961
42,3,0,70,2682.298
42,3,0,70,2868.966
42,3,0,70,555.203
42,3,0,70,3007.303
42,3,0,70,2806.177
42,3,0,70,2996.326
42,3,0,70,2536.146
42,3,0,70,2951.868
42,3,0,70,661.716
42,3,0,70,2873.336
42,3,0,70,77.057
42,3,0,70,2939.118
42,3,0,70,2452.790
42,3,0,70,2981.363
42,3,0,70,2508.146
42,3,0,70,3050.404
42,3,0,70,744.438
42,3,0,70,2820.929
42,3,0,70,2832.320
42,3,0,70,2768.267
42,3,0,70,199.764
42,3,0,70,3025.085
42,3,0,70,2825.033
42,3,0,70,3146.089
42,3,0,70,2808.908
42,3,0,70,3179.149
42,3,0,70,2872.838
42,3,0,70,2751.655
42,3,0,70,2761.954
42,3,0,70,2907.530
42,3,0,70,155.639
42,3,0,70,2823.183
42,3,0,70,103.292
42,3,0,70,2829.650
42,3,0,70,208.352
42,3,0,70,2973.913
42,3,0,70,2633.640
42,3,0,70,25.137
42,3,0,70,2605.070
42,3,0,70,2602.961
42,3,0,70,83.551
42,3,0,70,3020.853
42,3,0,70,2885.652
42,3,0,70,25.133
42,3,0,70,2659.176
42,3,0,70,2832.696
42,3,0,70,2620.922
42,3,0,70,2807.219
42,3,0,70,186.402
42,3,0,70,2678.317
42,3,0,70,68.371
42,3,0,70,15.132
42,3,0,70,84.394
42,3,0,70,2744.270
42,3,0,70,218.453
42,3,0,70,2796.201
42,3,0,70,2658.555
42,3,0,70,3111.851
42,3,0,70,2824.244
42,3,0,70,2772.469
42,3,0,70,123.671
42,3,0,70,2891.547
42,3,0,70,103.527
42,3,0,70,3105.791
42,3,0,70,2814.276
42,3,0,70,2830.445
42,3,0,70,2603.227
42,3,0,70,2776.246
42,3,0,70,682.038
42,3,0,70,2757.751
42,3,0,70,245.323
43,3,0,70,0.333
43,3,0,70,319.056
43,3,0,70,64.115
43,3,0,70,308.042
43,3,0,70,3198.177
43,3,0,70,2957.439
43,3,0,70,3174.163
43,3,0,70,1032.510
43,3,0,70,3206.241
43,3,0,70,2601.543
43,3,0,70,118.614
43,3,0,70,297.856
43,3,0,70,3301.083
43,3,0,70,2952.291
43,3,0,70,30.272
43,3,0,70,323.291
43,3,0,70,52.147
43,3,0,70,364.999
43,3,0,70,48.874
43,3,0,70,282.708
43,3,0,70,89.156
43,3,0,70,324.879
43,3,0,70,84.697
43,3,0,70,253.328
43,3,0,70,71.147
43,3,0,70,146.130
43,3,0,70,3061.876
43,3,0,70,2492.029
43,3,0,70,3026.510
43,3,0,70,2471.460
43,3,0,70,2994.070
43,3,0,70,2643.852
43,3,0,70,3035.686
43,3,0,70,974.329
43,3,0,70,2996.746
43,3,0,70,2578.825
43,3,0,70,2983.362
43,3,0,70,2463.126
43,3,0,70,2968.681
43,3,0,70,1043.694
43,3,0,70,16.572
43,3,0,70,145.296
43,3,0,70,2983.709
43,3,0,70,2474.547
43,3,0,70,3042.176
43,3,0,70,2856.587
43,3,0,70,35.956
43,3,0,70,24.255
43,3,0,70,2925.852
43,3,0,70,108.574
43,3,0,70,3052.375
43,3,0,70,2578.713
43,3,0,70,23.025
43,3,0,70,26.120
43,3,0,70,3025.921
43,3,0,70,2577.315
43,3,0,70,2875.704
43,3,0,70,85.999
43,3,0,70,2968.171
43,3,0,70,2472.991
43,3,0,70,2911.639
43,3,0,70,2622.161
43,3,0,70,3039.439
43,3,0,70,2478.167
43,3,0,70,2882.463
43,3,0,70,2486.005
43,3,0,70,3106.133
43,3,0,70,2488.694
43,3,0,70,2977.527
43,3,0,70,2462.421
43,3,0,70,3008.402
43,3,0,70,1000.267
43,3,0,70,16.275
43,3,0,70,17.740
43,3,0,70,2756.061
43,3,0,70,15.319
43,3,0,70,3053.378
43,3,0,70,2696.049
43,3,0,70,3034.124
43,3,0,70,2674.387
43,3,0,70,3072.647
43,3,0,70,947.586
43,3,0,70,3029.152
43,3,0,70,2544.379
43,3,0,70,2954.156
43,3,0,70,48.749
43,3,0,70,2738.144
43,3,0,70,2663.980
43,3,0,70,2946.851
43,3,0,70,69.017
43,3,0,70,3052.392
43,3,0,70,2812.914
43,3,0,70,18.042
43,3,0,70,25.397
43,3,0,70,2736.569
43,3,0,70,16.197
43,3,0,70,3048.776
43,3,0,70,2516.466
43,3,0,70,2640.523
43,3,0,70,2627.063
43,3,0,70,2742.787
43,3,0,70,19.896
43,3,0,70,16.380
43,3,0,70,2627.868
43,3,0,70,3047.109
43,3,0,70,2513.614
43,3,0,70,2640.042
43,3,0,70,2634.507
43,3,0,70,2712.101
43,3,0,70,941.650
43,3,0,70,2953.364
43,3,0,70,87.548
43,3,0,70,16.847
43,3,0,70,46.035
43,3,0,70,2674.282
43,3,0,70,2620.414
43,3,0,70,3229.209
43,3,0,70,2699.714
43,3,0,70,2736.513
43,3,0,70,2661.886
43,3,0,70,2688.388
43,3,0,70,1044.862
43,3,0,70,3049.724
43,3,0,70,2492.396
43,3,0,70,3007.377
43,3,0,70,2664.122
43,3,0,70,2979.770
43,3,0,70,2474.016
43,3,0,70,3012.145
43,3,0,70,2865.834
43,3,0,70,2890.632
43,3,0,70,999.330
43,3,0,70,2994.377
43,3,0,70,2425.252
43,3,0,70,2976.715
43,3,0,70,2559.664
43,3,0,70,2977.071
43,3,0,70,947.844
43,3,0,70,2898.558
43,3,0,70,6.353
43,3,0,70,2888.544
43,3,0,70,2473.344
43,3,0,70,2969.622
43,3,0,70,2698.218
43,3,0,70,1040.600
43,3,0,70,63.107
43,3,0,70,2685.429
43,3,0,70,2620.913
43,3,0,70,3206.912
43,3,0,70,2623.843
43,3,0,70,3049.473
43,3,0,70,2633.255
43,3,0,70,2731.627
43,3,0,70,2616.149
43,3,0,70,2677.595
43,3,0,70,2720.931
43,3,0,70,32.392
43,3,0,70,33.135
43,3,0,70,17.656
43,3,0,70,154.009
43,3,0,70,2818.201
43,3,0,70,128.829
43,3,0,70,2771.113
43,3,0,70,147.352
43,3,0,70,2989.820
43,3,0,70,2786.971
43,3,0,70,25.100
43,3,0,70,50.343
43,3,0,70,68.808
43,3,0,70,2644.981
43,3,0,70,2737.150
43,3,0,70,2661.634
43,3,0,70,26.058
43,3,0,70,2736.360
43,3,0,70,28.618
43,3,0,70,33.305
43,3,0,70,74.900
43,3,0,70,188.939
43,3,0,70,2755.612
43,3,0,70,86.759
43,3,0,70,15.984
43,3,0,70,68.078
43,3,0,70,2893.287
43,3,0,70,227.230
43,3,0,70,2709.515
43,3,0,70,35.884
43,3,0,70,2648.835
43,3,0,70,2514.727
43,3,0,70,3108.800
43,3,0,70,2595.416
43,3,0,70,44.062
43,3,0,70,2513.495
43,3,0,70,3064.365
43,3,0,70,2633.943
43,3,0,70,2612.483
43,3,0,70,2509.171
43,3,0,70,2671.987
43,3,0,70,950.110
43,3,0,70,2835.009
43,3,0,70,181.767
44,3,2,70,0.537
44,3,2,70,321.149
44,3,2,70,66.911
44,3,2,70,330.134
44,3,2,70,3211.621
44,3,2,70,2956.440
44,3,2,70,3197.311
44,3,2,70,1125.213
44,3,2,70,3208.556
44,3,2,70,2630.154
44,3,2,70,115.189
44,3,2,70,315.431
44,3,2,70,3300.546
44,3,2,70,2951.995
44,3,2,70,54.513
44,3,2,70,344.699
44,3,2,70,53.647
44,3,2,70,391.518
44,3,2,70,46.818
44,3,2,70,309.615
44,3,2,70,87.193
44,3,2,70,320.583
44,3,2,70,82.068
44,3,2,70,277.736
44,3,2,70,75.221
44,3,2,70,124.093
44,3,2,70,3033.987
44,3,2,70,2502.585
44,3,2,70,3008.732
44,3,2,70,2442.701
44,3,2,70,2968.182
44,3,2,70,2616.871
44,3,2,70,3044.927
44,3,2,70,946.088
44,3,2,70,2997.876
44,3,2,70,2557.751
44,3,2,70,2958.658
44,3,2,70,2466.293
44,3,2,70,2968.070
44,3,2,70,1014.435
44,3,2,70,66.905
44,3,2,70,116.463
44,3,2,70,2957.672
44,3,2,70,2471.066
44,3,2,70,3015.010
44,3,2,70,2830.606
44,3,2,70,28.160
44,3,2,70,267.550
44,3,2,70,2933.408
44,3,2,70,84.444
44,3,2,70,3025.116
44,3,2,70,2557.695
44,3,2,70,18.433
44,3,2,70,56.954
44,3,2,70,2998.736
44,3,2,70,2553.259
44,3,2,70,2901.612
44,3,2,70,62.111
44,3,2,70,2941.949
44,3,2,70,2448.917
44,3,2,70,2941.232
44,3,2,70,2602.662
44,3,2,70,3023.939
44,3,2,70,2454.834
44,3,2,70,2876.260
44,3,2,70,2553.375
44,3,2,70,3097.967
44,3,2,70,2553.953
44,3,2,70,2981.305
44,3,2,70,2516.754
44,3,2,70,2980.680
44,3,2,70,971.786
44,3,2,70,68.200
44,3,2,70,88.258
44,3,2,70,2768.320
44,3,2,70,137.744
44,3,2,70,3063.138
44,3,2,70,2667.439
44,3,2,70,3015.346
44,3,2,70,2716.813
44,3,2,70,3054.203
44,3,2,70,922.624
44,3,2,70,3002.004
44,3,2,70,2520.175
44,3,2,70,2969.564
44,3,2,70,35.471
44,3,2,70,2746.199
44,3,2,70,2680.239
44,3,2,70,2938.703
44,3,2,70,76.906
44,3,2,70,3030.633
44,3,2,70,2790.155
44,3,2,70,52.061
44,3,2,70,48.915
44,3,2,70,2708.903
44,3,2,70,31.920
44,3,2,70,3034.313
44,3,2,70,2517.485
44,3,2,70,2615.968
44,3,2,70,2611.137
44,3,2,70,2732.324
44,3,2,70,35.285
44,3,2,70,13.102
44,3,2,70,2611.350
44,3,2,70,3036.183
44,3,2,70,2494.596
44,3,2,70,2646.690
44,3,2,70,2620.989
44,3,2,70,2733.731
44,3,2,70,916.706
44,3,2,70,3008.549
44,3,2,70,74.104
44,3,2,70,69.458
44,3,2,70,24.516
44,3,2,70,2686.097
44,3,2,70,2596.637
44,3,2,70,3219.802
44,3,2,70,2670.715
44,3,2,70,2707.772
44,3,2,70,2692.682
44,3,2,70,2664.074
44,3,2,70,1017.140
44,3,2,70,3022.372
44,3,2,70,2511.248
44,3,2,70,3033.044
44,3,2,70,2635.159
44,3,2,70,3016.493
44,3,2,70,2463.628
44,3,2,70,3036.664
44,3,2,70,2838.834
44,3,2,70,2871.262
44,3,2,70,975.219
44,3,2,70,2968.451
44,3,2,70,2408.864
44,3,2,70,2979.844
44,3,2,70,2532.757
44,3,2,70,3010.719
44,3,2,70,923.455
44,3,2,70,2873.687
44,3,2,70,175.445
44,3,2,70,2932.747
44,3,2,70,2449.511
44,3,2,70,2944.159
44,3,2,70,2671.385
44,3,2,70,1011.748
44,3,2,70,43.311
44,3,2,70,2693.484
44,3,2,70,2618.506
44,3,2,70,3192.727
44,3,2,70,2611.177
44,3,2,70,3021.714
44,3,2,70,2605.163
44,3,2,70,2783.905
44,3,2,70,2603.538
44,3,2,70,2722.262
44,3,2,70,2711.653
44,3,2,70,4.429
44,3,2,70,48.857
44,3,2,70,48.100
44,3,2,70,136.213
44,3,2,70,2823.590
44,3,2,70,102.033
44,3,2,70,2822.687
44,3,2,70,171.796
44,3,2,70,2967.154
44,3,2,70,2770.935
44,3,2,70,18.285
44,3,2,70,23.158
44,3,2,70,42.160
44,3,2,70,2617.037
44,3,2,70,2709.446
44,3,2,70,2637.875
44,3,2,70,19.077
44,3,2,70,2720.786
44,3,2,70,0.544
44,3,2,70,63.509
44,3,2,70,47.030
44,3,2,70,180.087
44,3,2,70,2732.094
44,3,2,70,58.018
44,3,2,70,16.558
44,3,2,70,77.134
44,3,2,70,2907.269
44,3,2,70,208.082
44,3,2,70,2725.256
44,3,2,70,23.365
44,3,2,70,2659.928
44,3,2,70,2537.486
44,3,2,70,3117.244
44,3,2,70,2577.953
44,3,2,70,15.599
44,3,2,70,2499.995
44,3,2,70,3071.680
44,3,2,70,2605.907
44,3,2,70,2596.650
44,3,2,70,2532.264
44,3,2,70,2765.190
44,3,2,70,926.258
44,3,2,70,2851.380
44,3,2,70,214.582
45,3,1,70,0.352
45,3,1,70,325.223
45,3,1,70,64.523
45,3,1,70,328.820
45,3,1,70,3209.714
45,3,1,70,2962.736
45,3,1,70,3203.033
45,3,1,70,1170.324
45,3,1,70,3214.371
45,3,1,70,2691.821
45,3,1,70,114.781
45,3,1,70,315.394
45,3,1,70,3307.269
45,3,1,70,2950.754
45,3,1,70,59.513
45,3,1,70,342.680
45,3,1,70,52.832
45,3,1,70,389.629
45,3,1,70,45.096
45,3,1,70,307.301
45,3,1,70,88.823
45,3,1,70,320.916
45,3,1,70,80.142
45,3,1,70,276.032
45,3,1,70,74.276
45,3,1,70,111.667
45,3,1,70,3020.691
45,3,1,70,2508.085
45,3,1,70,3009.955
45,3,1,70,2549.348
45,3,1,70,2954.515
45,3,1,70,2657.075
45,3,1,70,3027.001
45,3,1,70,927.977
45,3,1,70,2980.283
45,3,1,70,2540.288
45,3,1,70,2945.936
45,3,1,70,2532.719
45,3,1,70,2951.108
45,3,1,70,996.065
45,3,1,70,54.813
45,3,1,70,117.593
45,3,1,70,2943.617
45,3,1,70,2551.991
45,3,1,70,2998.047
45,3,1,70,2857.328
45,3,1,70,13.197
45,3,1,70,252.254
45,3,1,70,2919.075
45,3,1,70,65.296
45,3,1,70,3011.209
45,3,1,70,2539.602
45,3,1,70,75.748
45,3,1,70,37.787
45,3,1,70,2985.385
45,3,1,70,2600.167
45,3,1,70,2886.816
45,3,1,70,42.815
45,3,1,70,2929.375
45,3,1,70,2465.714
45,3,1,70,2927.250
45,3,1,70,2583.588
45,3,1,70,3010.180
45,3,1,70,2505.074
45,3,1,70,2876.723
45,3,1,70,2534.579
45,3,1,70,3079.319
45,3,1,70,2537.509
45,3,1,70,2964.398
45,3,1,70,2553.125
45,3,1,70,2968.736
45,3,1,70,953.027
45,3,1,70,56.145
45,3,1,70,72.221
45,3,1,70,2796.413
45,3,1,70,118.911
45,3,1,70,3044.286
45,3,1,70,2648.124
45,3,1,70,2996.272
45,3,1,70,2729.813
45,3,1,70,3035.740
45,3,1,70,904.661
45,3,1,70,2982.911
45,3,1,70,2526.620
45,3,1,70,2991.916
45,3,1,70,22.212
45,3,1,70,2744.959
45,3,1,70,2663.147
45,3,1,70,2924.962
45,3,1,70,57.999
45,3,1,70,3011.115
45,3,1,70,2807.285
45,3,1,70,32.969
45,3,1,70,31.341
45,3,1,70,2699.366
45,3,1,70,43.938
45,3,1,70,3015.332
45,3,1,70,2501.115
45,3,1,70,2602.190
45,3,1,70,2593.304
45,3,1,70,2748.657
45,3,1,70,16.267
45,3,1,70,20.177
45,3,1,70,2593.646
45,3,1,70,3022.924
45,3,1,70,2481.874
45,3,1,70,2643.171
45,3,1,70,2631.266
45,3,1,70,2728.046
45,3,1,70,899.540
45,3,1,70,3037.253
45,3,1,70,55.289
45,3,1,70,53.940
45,3,1,70,5.887
45,3,1,70,2688.263
45,3,1,70,2579.100
45,3,1,70,3200.988
45,3,1,70,2662.974
45,3,1,70,2724.865
45,3,1,70,2700.627
45,3,1,70,2668.611
45,3,1,70,1000.492
45,3,1,70,3003.150
45,3,1,70,2541.211
45,3,1,70,3014.710
45,3,1,70,2657.641
45,3,1,70,2997.585
45,3,1,70,2528.850
45,3,1,70,3019.757
45,3,1,70,2821.778
45,3,1,70,2853.447
45,3,1,70,957.700
45,3,1,70,2953.025
45,3,1,70,2515.308
45,3,1,70,2962.067
45,3,1,70,2550.516
45,3,1,70,2991.979
45,3,1,70,905.307
45,3,1,70,2862.188
45,3,1,70,159.742
45,3,1,70,2914.081
45,3,1,70,2439.419
45,3,1,70,2930.382
45,3,1,70,2652.774
45,3,1,70,993.804
45,3,1,70,24.478
45,3,1,70,2707.355
45,3,1,70,2599.598
45,3,1,70,3174.153
45,3,1,70,2625.492
45,3,1,70,3002.603
45,3,1,70,2586.348
45,3,1,70,2889.108
45,3,1,70,2620.630
45,3,1,70,2708.558
45,3,1,70,2699.468
45,3,1,70,18.114
45,3,1,70,30.246
45,3,1,70,28.767
45,3,1,70,123.639
45,3,1,70,2837.497
45,3,1,70,83.255
45,3,1,70,2876.464
45,3,1,70,159.333
45,3,1,70,3003.320
45,3,1,70,2768.250
45,3,1,70,17.415
45,3,1,70,4.510
45,3,1,70,24.734
45,3,1,70,2597.963
45,3,1,70,2736.243
45,3,1,70,2648.819
45,3,1,70,0.466
45,3,1,70,2770.675
45,3,1,70,2622.715
45,3,1,70,47.509
45,3,1,70,28.327
45,3,1,70,161.661
45,3,1,70,2716.854
45,3,1,70,38.981
45,3,1,70,16.502
45,3,1,70,58.930
45,3,1,70,2929.010
45,3,1,70,196.582
45,3,1,70,2746.497
45,3,1,70,9.180
45,3,1,70,2671.576
45,3,1,70,2566.967
45,3,1,70,3098.763
45,3,1,70,2557.509
45,3,1,70,17.136
45,3,1,70,2481.310
45,3,1,70,3085.143
45,3,1,70,2587.111
45,3,1,70,2804.741
45,3,1,70,2544.801
45,3,1,70,2792.764
45,3,1,70,907.647
45,3,1,70,2832.361
45,3,1,70,197.396
46,3,1,70,0.297
46,3,1,70,455.704
46,3,1,70,142.837
46,3,1,70,405.672
46,3,1,70,3280.844
46,3,1,70,2748.071
46,3,1,70,95.143
46,3,1,70,238.534
46,3,1,70,16.759
46,3,1,70,342.889
46,3,1,70,3389.412
46,3,1,70,2583.882
46,3,1,70,3437.361
46,3,1,70,3100.902
46,3,1,70,3419.069
46,3,1,70,1122.269
46,3,1,70,74.036
46,3,1,70,466.388
46,3,1,70,3383.912
46,3,1,70,2851.399
46,3,1,70,22.416
46,3,1,70,460.861
46,3,1,70,50.643
46,3,1,70,352.699
46,3,1,70,67.110
46,3,1,70,71.205
46,3,1,70,127.818
46,3,1,70,193.524
46,3,1,70,131.823
46,3,1,70,126.825
46,3,1,70,3125.793
46,3,1,70,2563.576
46,3,1,70,3156.149
46,3,1,70,2564.636
46,3,1,70,128.485
46,3,1,70,129.709
46,3,1,70,131.100
46,3,1,70,115.288
46,3,1,70,3100.792
46,3,1,70,2804.722
46,3,1,70,3101.593
46,3,1,70,805.738
46,3,1,70,128.225
46,3,1,70,115.579
46,3,1,70,3174.491
46,3,1,70,2850.439
46,3,1,70,63.623
46,3,1,70,156.458
46,3,1,70,130.257
46,3,1,70,58.315
46,3,1,70,126.651
46,3,1,70,184.171
46,3,1,70,274.414
46,3,1,70,80.713
46,3,1,70,132.512
46,3,1,70,158.588
46,3,1,70,131.072
46,3,1,70,7.519
46,3,1,70,126.724
46,3,1,70,100.079
46,3,1,70,128.914
46,3,1,70,43.713
46,3,1,70,127.011
46,3,1,70,170.236
46,3,1,70,130.682
46,3,1,70,82.037
46,3,1,70,127.113
46,3,1,70,215.578
46,3,1,70,128.562
46,3,1,70,109.620
46,3,1,70,3140.495
46,3,1,70,2843.443
46,3,1,70,3093.074
46,3,1,70,770.755
46,3,1,70,2927.635
46,3,1,70,2757.045
46,3,1,70,131.765
46,3,1,70,174.045
46,3,1,70,3175.827
46,3,1,70,2887.591
46,3,1,70,3223.980
46,3,1,70,911.495
46,3,1,70,127.798
46,3,1,70,168.337
46,3,1,70,190.505
46,3,1,70,198.526
46,3,1,70,128.121
46,3,1,70,100.124
46,3,1,70,133.126
46,3,1,70,246.498
46,3,1,70,127.705
46,3,1,70,176.725
46,3,1,70,13.451
46,3,1,70,159.804
46,3,1,70,128.029
46,3,1,70,250.586
46,3,1,70,133.070
46,3,1,70,151.109
46,3,1,70,127.797
46,3,1,70,256.280
46,3,1,70,132.394
46,3,1,70,2760.345
46,3,1,70,130.825
46,3,1,70,140.197
46,3,1,70,130.829
46,3,1,70,150.276
46,3,1,70,2849.874
46,3,1,70,2838.377
46,3,1,70,2903.397
46,3,1,70,758.578
46,3,1,70,128.158
46,3,1,70,242.419
46,3,1,70,3193.794
46,3,1,70,2814.446
46,3,1,70,187.685
46,3,1,70,104.725
46,3,1,70,132.282
46,3,1,70,389.135
46,3,1,70,127.454
46,3,1,70,2844.312
46,3,1,70,201.791
46,3,1,70,120.683
46,3,1,70,187.907
46,3,1,70,179.446
46,3,1,70,188.615
46,3,1,70,129.562
46,3,1,70,128.157
46,3,1,70,84.363
46,3,1,70,3107.905
46,3,1,70,2998.000
46,3,1,70,3009.521
46,3,1,70,679.739
46,3,1,70,131.504
46,3,1,70,125.988
46,3,1,70,3108.548
46,3,1,70,2690.534
46,3,1,70,3084.071
46,3,1,70,802.067
46,3,1,70,127.888
46,3,1,70,138.631
46,3,1,70,131.318
46,3,1,70,78.506
46,3,1,70,3101.511
46,3,1,70,2828.200
46,3,1,70,3212.570
46,3,1,70,874.918
46,3,1,70,129.517
46,3,1,70,2749.320
46,3,1,70,3362.504
46,3,1,70,2750.288
46,3,1,70,133.897
46,3,1,70,181.343
46,3,1,70,131.068
46,3,1,70,2744.797
46,3,1,70,127.369
46,3,1,70,2816.931
46,3,1,70,21.430
46,3,1,70,69.709
46,3,1,70,15.693
46,3,1,70,62.695
46,3,1,70,132.012
46,3,1,70,44.089
46,3,1,70,128.535
46,3,1,70,82.630
46,3,1,70,131.892
46,3,1,70,136.227
46,3,1,70,44.156
46,3,1,70,2814.643
46,3,1,70,41.161
46,3,1,70,207.292
46,3,1,70,129.609
46,3,1,70,2792.467
46,3,1,70,74.595
46,3,1,70,2976.693
46,3,1,70,255.747
46,3,1,70,2834.013
46,3,1,70,88.308
46,3,1,70,345.883
46,3,1,70,127.831
46,3,1,70,2788.115
46,3,1,70,60.317
46,3,1,70,246.578
46,3,1,70,128.247
46,3,1,70,91.213
46,3,1,70,132.234
46,3,1,70,2767.796
46,3,1,70,128.405
46,3,1,70,2637.708
46,3,1,70,3286.040
46,3,1,70,2736.731
46,3,1,70,73.877
46,3,1,70,142.305
46,3,1,70,131.233
46,3,1,70,242.105
46,3,1,70,2970.241
46,3,1,70,2751.930
46,3,1,70,2889.857
46,3,1,70,851.870
46,3,1,70,128.395
46,3,1,70,20.694
47,3,2,70,0.314
47,3,2,70,462.148
47,3,2,70,104.578
47,3,2,70,367.301
47,3,2,70,3249.565
47,3,2,70,2836.088
47,3,2,70,99.346
47,3,2,70,229.774
47,3,2,70,24.018
47,3,2,70,350.944
47,3,2,70,3351.763
47,3,2,70,2613.510
47,3,2,70,3443.231
47,3,2,70,3087.235
47,3,2,70,3382.217
47,3,2,70,1083.898
47,3,2,70,39.517
47,3,2,70,428.943
47,3,2,70,3347.578
47,3,2,70,2833.213
47,3,2,70,5.008
47,3,2,70,458.934
47,3,2,70,12.272
47,3,2,70,315.143
47,3,2,70,34.443
47,3,2,70,23.593
47,3,2,70,63.151
47,3,2,70,158.153
47,3,2,70,67.544
47,3,2,70,62.565
47,3,2,70,3092.051
47,3,2,70,2644.834
47,3,2,70,3098.685
47,3,2,70,2644.986
47,3,2,70,65.058
47,3,2,70,117.671
47,3,2,70,66.711
47,3,2,70,82.713
47,3,2,70,3088.495
47,3,2,70,2741.111
47,3,2,70,3045.352
47,3,2,70,746.144
47,3,2,70,66.891
47,3,2,70,81.134
47,3,2,70,3137.583
47,3,2,70,2856.661
47,3,2,70,75.752
47,3,2,70,133.347
47,3,2,70,68.053
47,3,2,70,52.889
47,3,2,70,62.317
47,3,2,70,148.726
47,3,2,70,209.987
47,3,2,70,61.509
47,3,2,70,68.326
47,3,2,70,122.883
47,3,2,70,67.756
47,3,2,70,20.203
47,3,2,70,62.150
47,3,2,70,66.874
47,3,2,70,65.988
47,3,2,70,64.675
47,3,2,70,62.270
47,3,2,70,147.531
47,3,2,70,67.756
47,3,2,70,59.351
47,3,2,70,62.687
47,3,2,70,151.892
47,3,2,70,64.154
47,3,2,70,101.564
47,3,2,70,3106.216
47,3,2,70,2817.794
47,3,2,70,3028.240
47,3,2,70,710.366
47,3,2,70,2886.708
47,3,2,70,2695.563
47,3,2,70,68.654
47,3,2,70,117.637
47,3,2,70,3134.253
47,3,2,70,2875.460
47,3,2,70,3172.776
47,3,2,70,890.198
47,3,2,70,63.408
47,3,2,70,120.392
47,3,2,70,125.727
47,3,2,70,159.322
47,3,2,70,63.788
47,3,2,70,119.197
47,3,2,70,70.551
47,3,2,70,195.238
47,3,2,70,63.315
47,3,2,70,148.502
47,3,2,70,97.209
47,3,2,70,95.655
47,3,2,70,63.361
47,3,2,70,184.233
47,3,2,70,68.829
47,3,2,70,88.535
47,3,2,70,63.278
47,3,2,70,191.057
47,3,2,70,67.690
47,3,2,70,2708.474
47,3,2,70,67.269
47,3,2,70,85.900
47,3,2,70,65.921
47,3,2,70,86.423
47,3,2,70,2814.244
47,3,2,70,2770.617
47,3,2,70,2852.267
47,3,2,70,693.318
47,3,2,70,63.972
47,3,2,70,192.807
47,3,2,70,3143.293
47,3,2,70,2749.205
47,3,2,70,122.647
47,3,2,70,83.576
47,3,2,70,68.430
47,3,2,70,338.357
47,3,2,70,62.805
47,3,2,70,2860.237
47,3,2,70,136.976
47,3,2,70,63.330
47,3,2,70,122.721
47,3,2,70,140.668
47,3,2,70,123.781
47,3,2,70,80.728
47,3,2,70,63.823
47,3,2,70,64.677
47,3,2,70,3090.645
47,3,2,70,2961.148
47,3,2,70,2990.076
47,3,2,70,659.220
47,3,2,70,68.115
47,3,2,70,92.006
47,3,2,70,3099.492
47,3,2,70,2650.774
47,3,2,70,3059.219
47,3,2,70,741.030
47,3,2,70,63.573
47,3,2,70,74.890
47,3,2,70,67.763
47,3,2,70,50.857
47,3,2,70,3067.862
47,3,2,70,2789.755
47,3,2,70,3161.625
47,3,2,70,898.436
47,3,2,70,65.332
47,3,2,70,2736.431
47,3,2,70,3311.300
47,3,2,70,2732.250
47,3,2,70,69.545
47,3,2,70,140.139
47,3,2,70,66.734
47,3,2,70,2724.593
47,3,2,70,63.109
47,3,2,70,2764.097
47,3,2,70,2706.118
47,3,2,70,50.653
47,3,2,70,93.914
47,3,2,70,80.083
47,3,2,70,67.641
47,3,2,70,31.625
47,3,2,70,64.387
47,3,2,70,17.334
47,3,2,70,67.984
47,3,2,70,86.060
47,3,2,70,9.155
47,3,2,70,2810.402
47,3,2,70,20.993
47,3,2,70,153.495
47,3,2,70,65.535
47,3,2,70,2760.374
47,3,2,70,13.688
47,3,2,70,2930.748
47,3,2,70,191.228
47,3,2,70,2825.161
47,3,2,70,27.845
47,3,2,70,298.734
47,3,2,70,63.608
47,3,2,70,2785.429
47,3,2,70,18.502
47,3,2,70,196.040
47,3,2,70,64.136
47,3,2,70,67.842
47,3,2,70,68.029
47,3,2,70,2748.573
47,3,2,70,63.886
47,3,2,70,2591.911
47,3,2,70,3235.799
47,3,2,70,2695.804
47,3,2,70,8.692
47,3,2,70,108.027
47,3,2,70,68.436
47,3,2,70,221.642
47,3,2,70,2961.851
47,3,2,70,2683.374
47,3,2,70,2883.375
47,3,2,70,787.129
47,3,2,70,64.098
47,3,2,70,262.803
48,3,0,70,0.371
48,3,0,70,430.056
48,3,0,70,72.393
48,3,0,70,335.727
48,3,0,70,3217.677
48,3,0,70,2810.682
48,3,0,70,66.643
48,3,0,70,240.626
48,3,0,70,2.518
48,3,0,70,325.889
48,3,0,70,3321.005
48,3,0,70,2614.956
48,3,0,70,3411.065
48,3,0,70,3105.161
48,3,0,70,3350.162
48,3,0,70,1051.862
48,3,0,70,52.314
48,3,0,70,397.185
48,3,0,70,3315.264
48,3,0,70,2803.176
48,3,0,70,97.916
48,3,0,70,426.861
48,3,0,70,3283.218
48,3,0,70,2886.333
48,3,0,70,75.758
48,3,0,70,180.427
48,3,0,70,14.374
48,3,0,70,108.968
48,3,0,70,20.027
48,3,0,70,13.307
48,3,0,70,3042.922
48,3,0,70,2617.631
48,3,0,70,3050.038
48,3,0,70,2595.876
48,3,0,70,16.578
48,3,0,70,68.505
48,3,0,70,18.212
48,3,0,70,77.732
48,3,0,70,3039.255
48,3,0,70,2692.611
48,3,0,70,2999.279
48,3,0,70,697.053
48,3,0,70,18.207
48,3,0,70,31.894
48,3,0,70,3088.158
48,3,0,70,2830.717
48,3,0,70,52.568
48,3,0,70,84.236
48,3,0,70,19.887
48,3,0,70,9.149
48,3,0,70,14.355
48,3,0,70,99.653
48,3,0,70,161.099
48,3,0,70,35.639
48,3,0,70,19.253
48,3,0,70,73.607
48,3,0,70,19.591
48,3,0,70,70.352
48,3,0,70,13.188
48,3,0,70,17.838
48,3,0,70,17.303
48,3,0,70,15.528
48,3,0,70,13.030
48,3,0,70,98.643
48,3,0,70,19.109
48,3,0,70,17.722
48,3,0,70,13.724
48,3,0,70,102.800
48,3,0,70,16.673
48,3,0,70,81.675
48,3,0,70,3056.958
48,3,0,70,2769.054
48,3,0,70,2990.722
48,3,0,70,661.515
48,3,0,70,2837.505
48,3,0,70,2660.601
48,3,0,70,19.766
48,3,0,70,112.916
48,3,0,70,3085.365
48,3,0,70,2832.665
48,3,0,70,3123.925
48,3,0,70,860.273
48,3,0,70,14.391
48,3,0,70,71.689
48,3,0,70,76.654
48,3,0,70,110.767
48,3,0,70,16.252
48,3,0,70,79.605
48,3,0,70,23.812
48,3,0,70,146.239
48,3,0,70,14.816
48,3,0,70,99.707
48,3,0,70,49.969
48,3,0,70,125.711
48,3,0,70,16.362
48,3,0,70,135.679
48,3,0,70,20.237
48,3,0,70,91.758
48,3,0,70,15.112
48,3,0,70,142.169
48,3,0,70,19.154
48,3,0,70,2710.623
48,3,0,70,18.436
48,3,0,70,37.420
48,3,0,70,16.941
48,3,0,70,40.943
48,3,0,70,2771.745
48,3,0,70,2721.766
48,3,0,70,2852.694
48,3,0,70,645.578
48,3,0,70,15.065
48,3,0,70,166.715
48,3,0,70,3096.220
48,3,0,70,2700.076
48,3,0,70,73.389
48,3,0,70,83.317
48,3,0,70,20.431
48,3,0,70,289.487
48,3,0,70,14.361
48,3,0,70,2816.256
48,3,0,70,87.866
48,3,0,70,16.072
48,3,0,70,73.815
48,3,0,70,92.076
48,3,0,70,75.041
48,3,0,70,37.896
48,3,0,70,15.306
48,3,0,70,21.437
48,3,0,70,3042.683
48,3,0,70,2912.445
48,3,0,70,2940.799
48,3,0,70,610.369
48,3,0,70,19.634
48,3,0,70,90.284
48,3,0,70,3050.548
48,3,0,70,2601.516
48,3,0,70,3015.720
48,3,0,70,691.920
48,3,0,70,14.685
48,3,0,70,25.465
48,3,0,70,18.652
48,3,0,70,1.692
48,3,0,70,3018.770
48,3,0,70,2740.626
48,3,0,70,3113.089
48,3,0,70,857.289
48,3,0,70,16.610
48,3,0,70,2688.672
48,3,0,70,3262.690
48,3,0,70,2689.029
48,3,0,70,21.101
48,3,0,70,98.918
48,3,0,70,17.606
48,3,0,70,2682.816
48,3,0,70,14.536
48,3,0,70,2716.987
48,3,0,70,2721.156
48,3,0,70,49.080
48,3,0,70,46.397
48,3,0,70,40.621
48,3,0,70,18.976
48,3,0,70,2543.464
48,3,0,70,15.758
48,3,0,70,248.981
48,3,0,70,20.225
48,3,0,70,48.005
48,3,0,70,31.397
48,3,0,70,2765.773
48,3,0,70,2671.757
48,3,0,70,106.884
48,3,0,70,16.980
48,3,0,70,2720.819
48,3,0,70,31.410
48,3,0,70,2923.656
48,3,0,70,142.673
48,3,0,70,2776.236
48,3,0,70,2813.534
48,3,0,70,250.291
48,3,0,70,15.461
48,3,0,70,2738.300
48,3,0,70,21.891
48,3,0,70,147.560
48,3,0,70,15.211
48,3,0,70,21.417
48,3,0,70,19.382
48,3,0,70,2699.351
48,3,0,70,15.072
48,3,0,70,2577.690
48,3,0,70,3187.337
48,3,0,70,2701.601
48,3,0,70,16.803
48,3,0,70,64.953
48,3,0,70,19.826
48,3,0,70,173.068
48,3,0,70,2912.593
48,3,0,70,2634.745
48,3,0,70,2834.061
48,3,0,70,743.019
48,3,0,70,15.692
48,3,0,70,233.267
49,4,0,60,0.388
49,4,0,60,2.571
49,4,0,60,464.935
49,4,0,60,270.507
49,4,0,60,303.930
49,4,0,60,366.352
49,4,0,60,134.628
49,4,0,60,267.902
49,4,0,60,419.250
49,4,0,60,53.767
49,4,0,60,25.098
49,4,0,60,444.926
49,4,0,60,174.665
49,4,0,60,177.236
49,4,0,60,400.361
49,4,0,60,246.451
49,4,0,60,24.986
49,4,0,60,374.666
49,4,0,60,63.684
49,4,0,60,52.995
49,4,0,60,192.269
49,4,0,60,106.174
49,4,0,60,53.486
49,4,0,60,126.056
49,4,0,60,29.869
49,4,0,60,100.791
49,4,0,60,136.751
49,4,0,60,57.637
49,4,0,60,105.467
49,4,0,60,108.667
49,4,0,60,101.609
49,4,0,60,105.902
49,4,0,60,115.547
49,4,0,60,15.655
49,4,0,60,113.615
49,4,0,60,159.685
49,4,0,60,104.423
49,4,0,60,52.235
49,4,0,60,182.898
49,4,0,60,107.766
49,4,0,60,27.948
49,4,0,60,156.926
49,4,0,60,52.960
49,4,0,60,104.605
49,4,0,60,101.805
49,4,0,60,141.913
49,4,0,60,16.392
49,4,0,60,179.462
49,4,0,60,16.293
49,4,0,60,69.512
49,4,0,60,200.805
49,4,0,60,18.154
49,4,0,60,105.003
49,4,0,60,140.351
49,4,0,60,16.589
49,4,0,60,20.586
49,4,0,60,144.953
49,4,0,60,12.969
49,4,0,60,4139.073
49,4,0,60,3638.313
49,4,0,60,1806.413
49,4,0,60,55.919
49,4,0,60,125.564
49,4,0,60,106.209
49,4,0,60,52.391
49,4,0,60,3743.961
49,4,0,60,106.496
49,4,0,60,105.511
49,4,0,60,154.119
49,4,0,60,105.931
49,4,0,60,109.502
49,4,0,60,343.497
49,4,0,60,105.273
49,4,0,60,104.826
49,4,0,60,115.100
49,4,0,60,52.320
49,4,0,60,3679.464
49,4,0,60,3699.220
49,4,0,60,1769.116
49,4,0,60,16.344
49,4,0,60,3763.784
49,4,0,60,3752.540
49,4,0,60,1896.288
49,4,0,60,180.683
49,4,0,60,57.865
49,4,0,60,3913.508
49,4,0,60,3803.098
49,4,0,60,1845.976
49,4,0,60,53.390
49,4,0,60,141.386
49,4,0,60,53.273
49,4,0,60,4146.210
49,4,0,60,3818.061
49,4,0,60,1751.384
49,4,0,60,52.464
49,4,0,60,74.868
49,4,0,60,100.735
49,4,0,60,120.435
49,4,0,60,16.488
49,4,0,60,61.115
49,4,0,60,104.722
49,4,0,60,116.941
49,4,0,60,110.031
49,4,0,60,29.695
49,4,0,60,111.784
49,4,0,60,106.244
49,4,0,60,28.834
49,4,0,60,101.886
49,4,0,60,17.364
49,4,0,60,3813.970
49,4,0,60,3864.652
49,4,0,60,1987.530
49,4,0,60,12.111
49,4,0,60,145.237
49,4,0,60,41.179
49,4,0,60,53.065
49,4,0,60,3839.819
49,4,0,60,274.650
49,4,0,60,99.277
49,4,0,60,349.476
49,4,0,60,105.437
49,4,0,60,72.768
49,4,0,60,381.245
49,4,0,60,69.410
49,4,0,60,3776.942
49,4,0,60,3666.569
49,4,0,60,1871.520
49,4,0,60,37.527
49,4,0,60,150.968
49,4,0,60,52.798
49,4,0,60,3776.423
49,4,0,60,3690.606
49,4,0,60,1793.946
49,4,0,60,19.527
49,4,0,60,215.652
49,4,0,60,106.594
49,4,0,60,105.239
49,4,0,60,153.125
49,4,0,60,52.789
49,4,0,60,3779.710
49,4,0,60,3856.966
49,4,0,60,1995.028
49,4,0,60,60.943
49,4,0,60,3857.271
49,4,0,60,3664.343
49,4,0,60,2001.997
49,4,0,60,17.597
49,4,0,60,76.501
49,4,0,60,60.387
49,4,0,60,92.143
50,4,2,60,0.426
50,4,2,60,226.662
50,4,2,60,444.621
50,4,2,60,304.193
50,4,2,60,329.041
50,4,2,60,359.371
50,4,2,60,156.073
50,4,2,60,278.347
50,4,2,60,409.158
50,4,2,60,36.231
50,4,2,60,4.672
50,4,2,60,433.907
50,4,2,60,156.387
50,4,2,60,157.014
50,4,2,60,411.380
50,4,2,60,278.507
50,4,2,60,72.671
50,4,2,60,373.407
50,4,2,60,52.851
50,4,2,60,5.144
50,4,2,60,192.251
50,4,2,60,59.008
50,4,2,60,7.079
50,4,2,60,124.057
50,4,2,60,18.239
50,4,2,60,54.143
50,4,2,60,130.566
50,4,2,60,9.860
50,4,2,60,57.893
50,4,2,60,112.538
50,4,2,60,54.183
50,4,2,60,61.699
50,4,2,60,114.251
50,4,2,60,18.137
50,4,2,60,66.578
50,4,2,60,152.630
50,4,2,60,57.109
50,4,2,60,4.773
50,4,2,60,183.269
50,4,2,60,61.877
50,4,2,60,16.911
50,4,2,60,157.370
50,4,2,60,6.813
50,4,2,60,57.050
50,4,2,60,98.861
50,4,2,60,124.321
50,4,2,60,15.874
50,4,2,60,170.389
50,4,2,60,17.997
50,4,2,60,23.290
50,4,2,60,171.361
50,4,2,60,16.988
50,4,2,60,57.336
50,4,2,60,139.222
50,4,2,60,21.793
50,4,2,60,16.568
50,4,2,60,98.435
50,4,2,60,19.562
50,4,2,60,4138.314
50,4,2,60,3677.702
50,4,2,60,1763.432
50,4,2,60,8.290
50,4,2,60,95.175
50,4,2,60,60.246
50,4,2,60,4.781
50,4,2,60,3762.331
50,4,2,60,61.755
50,4,2,60,58.956
50,4,2,60,121.749
50,4,2,60,60.672
50,4,2,60,62.743
50,4,2,60,296.442
50,4,2,60,59.089
50,4,2,60,59.882
50,4,2,60,106.897
50,4,2,60,4.524
50,4,2,60,3683.834
50,4,2,60,3652.942
50,4,2,60,1756.764
50,4,2,60,15.178
50,4,2,60,3716.525
50,4,2,60,3781.077
50,4,2,60,1870.121
50,4,2,60,168.461
50,4,2,60,11.922
50,4,2,60,3909.212
50,4,2,60,3755.210
50,4,2,60,1815.032
50,4,2,60,5.631
50,4,2,60,93.942
50,4,2,60,7.106
50,4,2,60,4117.637
50,4,2,60,3780.932
50,4,2,60,1708.551
50,4,2,60,5.075
50,4,2,60,121.961
50,4,2,60,55.384
50,4,2,60,73.010
50,4,2,60,19.952
50,4,2,60,14.763
50,4,2,60,57.482
50,4,2,60,121.682
50,4,2,60,102.865
50,4,2,60,17.566
50,4,2,60,92.673
50,4,2,60,60.096
50,4,2,60,19.390
50,4,2,60,149.663
50,4,2,60,16.217
50,4,2,60,3836.174
50,4,2,60,3909.337
50,4,2,60,1953.104
50,4,2,60,17.963
50,4,2,60,109.219
50,4,2,60,27.198
50,4,2,60,5.750
50,4,2,60,3793.449
50,4,2,60,227.484
50,4,2,60,51.778
50,4,2,60,301.884
50,4,2,60,59.697
50,4,2,60,25.250
50,4,2,60,375.226
50,4,2,60,21.873
50,4,2,60,3761.739
50,4,2,60,3664.588
50,4,2,60,1834.335
50,4,2,60,17.435
50,4,2,60,103.931
50,4,2,60,6.558
50,4,2,60,3729.739
50,4,2,60,3670.402
50,4,2,60,1797.706
50,4,2,60,17.064
50,4,2,60,168.875
50,4,2,60,62.224
50,4,2,60,59.184
50,4,2,60,110.958
50,4,2,60,5.530
50,4,2,60,3733.229
50,4,2,60,3809.522
50,4,2,60,2003.232
50,4,2,60,13.573
50,4,2,60,3810.327
50,4,2,60,3664.621
50,4,2,60,2082.960
50,4,2,60,23.505
50,4,2,60,35.835
50,4,2,60,13.980
50,4,2,60,86.514
51,4,1,60,0.148
51,4,1,60,190.162
51,4,1,60,467.602
51,4,1,60,483.506
51,4,1,60,655.335
51,4,1,60,326.001
51,4,1,60,110.591
51,4,1,60,247.865
51,4,1,60,400.306
51,4,1,60,57.471
51,4,1,60,21.542
51,4,1,60,427.037
51,4,1,60,168.924
51,4,1,60,172.476
51,4,1,60,407.528
51,4,1,60,249.359
51,4,1,60,32.838
51,4,1,60,366.241
51,4,1,60,39.498
51,4,1,60,4129.066
51,4,1,60,3628.917
51,4,1,60,69.452
51,4,1,60,4071.594
51,4,1,60,3982.258
51,4,1,60,2028.173
51,4,1,60,72.662
51,4,1,60,65.807
51,4,1,60,3735.747
51,4,1,60,69.541
51,4,1,60,45.705
51,4,1,60,68.442
51,4,1,60,75.309
51,4,1,60,53.566
51,4,1,60,3748.524
51,4,1,60,3.874
51,4,1,60,87.667
51,4,1,60,66.831
51,4,1,60,4120.120
51,4,1,60,3792.082
51,4,1,60,72.062
51,4,1,60,229.706
51,4,1,60,91.908
51,4,1,60,3614.367
51,4,1,60,66.142
51,4,1,60,34.806
51,4,1,60,60.025
51,4,1,60,230.002
51,4,1,60,110.074
51,4,1,60,3925.143
51,4,1,60,79.142
51,4,1,60,137.749
51,4,1,60,3726.560
51,4,1,60,67.225
51,4,1,60,72.907
51,4,1,60,3805.458
51,4,1,60,230.752
51,4,1,60,39.472
51,4,1,60,3583.857
51,4,1,60,4083.221
51,4,1,60,3650.350
51,4,1,60,1707.598
51,4,1,60,4056.601
51,4,1,60,3467.768
51,4,1,60,76.598
51,4,1,60,3797.482
51,4,1,60,3706.776
51,4,1,60,76.940
51,4,1,60,70.789
51,4,1,60,70.767
51,4,1,60,75.783
51,4,1,60,74.706
51,4,1,60,232.757
51,4,1,60,71.218
51,4,1,60,15.530
51,4,1,60,61.749
51,4,1,60,3622.467
51,4,1,60,3651.667
51,4,1,60,3643.572
51,4,1,60,1939.578
51,4,1,60,3699.565
51,4,1,60,3705.655
51,4,1,60,3732.503
51,4,1,60,1806.103
51,4,1,60,108.850
51,4,1,60,3611.717
51,4,1,60,3873.101
51,4,1,60,3713.469
51,4,1,60,1885.994
51,4,1,60,3546.778
51,4,1,60,32.091
51,4,1,60,3542.383
51,4,1,60,4061.655
51,4,1,60,3740.635
51,4,1,60,1666.254
51,4,1,60,4058.331
51,4,1,60,3765.385
51,4,1,60,66.068
51,4,1,60,10.825
51,4,1,60,232.969
51,4,1,60,3783.539
51,4,1,60,72.037
51,4,1,60,55.368
51,4,1,60,39.439
51,4,1,60,230.323
51,4,1,60,38.025
51,4,1,60,72.762
51,4,1,60,15.371
51,4,1,60,87.941
51,4,1,60,3535.197
51,4,1,60,3811.933
51,4,1,60,3843.597
51,4,1,60,1888.067
51,4,1,60,4057.441
51,4,1,60,3557.718
51,4,1,60,231.548
51,4,1,60,3659.045
51,4,1,60,3748.245
51,4,1,60,161.687
51,4,1,60,4241.921
51,4,1,60,3535.681
51,4,1,60,69.438
51,4,1,60,14.972
51,4,1,60,314.115
51,4,1,60,3592.243
51,4,1,60,3741.461
51,4,1,60,3631.514
51,4,1,60,1789.632
51,4,1,60,3565.823
51,4,1,60,42.579
51,4,1,60,3571.390
51,4,1,60,3707.794
51,4,1,60,3618.439
51,4,1,60,1774.687
51,4,1,60,3694.711
51,4,1,60,108.912
51,4,1,60,76.557
51,4,1,60,71.239
51,4,1,60,83.144
51,4,1,60,3591.899
51,4,1,60,3698.858
51,4,1,60,3780.040
51,4,1,60,1940.843
51,4,1,60,3648.183
51,4,1,60,3853.141
51,4,1,60,3690.472
51,4,1,60,2030.849
51,4,1,60,100.097
51,4,1,60,3636.852
51,4,1,60,3810.218
51,4,1,60,56.550
52,4,1,60,0.722
52,4,1,60,4.312
52,4,1,60,470.695
52,4,1,60,217.730
52,4,1,60,248.246
52,4,1,60,239.446
52,4,1,60,35.444
52,4,1,60,198.551
52,4,1,60,399.140
52,4,1,60,63.860
52,4,1,60,28.913
52,4,1,60,425.112
52,4,1,60,77.703
52,4,1,60,58.737
52,4,1,60,387.436
52,4,1,60,193.285
52,4,1,60,25.931
52,4,1,60,358.593
52,4,1,60,41.184
52,4,1,60,16.922
52,4,1,60,162.085
52,4,1,60,17.082
52,4,1,60,16.931
52,4,1,60,94.002
52,4,1,60,27.591
52,4,1,60,17.070
52,4,1,60,113.788
52,4,1,60,17.156
52,4,1,60,16.394
52,4,1,60,69.224
52,4,1,60,17.221
52,4,1,60,17.273
52,4,1,60,84.510
52,4,1,60,17.174
52,4,1,60,16.412
52,4,1,60,127.056
52,4,1,60,16.239
52,4,1,60,16.958
52,4,1,60,152.806
52,4,1,60,15.600
52,4,1,60,16.967
52,4,1,60,127.241
52,4,1,60,16.517
52,4,1,60,16.032
52,4,1,60,68.399
52,4,1,60,25.044
52,4,1,60,15.300
52,4,1,60,139.593
52,4,1,60,16.850
52,4,1,60,25.087
52,4,1,60,187.898
52,4,1,60,18.673
52,4,1,60,16.467
52,4,1,60,108.963
52,4,1,60,17.164
52,4,1,60,26.550
52,4,1,60,97.676
52,4,1,60,16.155
52,4,1,60,4135.092
52,4,1,60,3639.407
52,4,1,60,1775.876
52,4,1,60,16.864
52,4,1,60,127.768
52,4,1,60,16.358
52,4,1,60,16.188
52,4,1,60,3735.998
52,4,1,60,16.867
52,4,1,60,16.012
52,4,1,60,142.231
52,4,1,60,16.654
52,4,1,60,16.244
52,4,1,60,16.907
52,4,1,60,16.015
52,4,1,60,16.216
52,4,1,60,30.453
52,4,1,60,16.394
52,4,1,60,3738.316
52,4,1,60,3638.869
52,4,1,60,1821.931
52,4,1,60,16.086
52,4,1,60,3711.581
52,4,1,60,3801.281
52,4,1,60,1898.714
52,4,1,60,202.294
52,4,1,60,18.200
52,4,1,60,3940.416
52,4,1,60,3724.081
52,4,1,60,1810.977
52,4,1,60,15.724
52,4,1,60,16.702
52,4,1,60,16.218
52,4,1,60,4138.600
52,4,1,60,3801.469
52,4,1,60,1742.199
52,4,1,60,16.927
52,4,1,60,56.906
52,4,1,60,17.514
52,4,1,60,16.770
52,4,1,60,26.693
52,4,1,60,16.875
52,4,1,60,20.816
52,4,1,60,77.016
52,4,1,60,25.828
52,4,1,60,17.677
52,4,1,60,109.007
52,4,1,60,17.319
52,4,1,60,28.834
52,4,1,60,70.275
52,4,1,60,17.069
52,4,1,60,3734.212
52,4,1,60,3779.542
52,4,1,60,1760.550
52,4,1,60,17.001
52,4,1,60,140.034
52,4,1,60,20.957
52,4,1,60,16.306
52,4,1,60,79.358
52,4,1,60,16.466
52,4,1,60,16.149
52,4,1,60,20.682
52,4,1,60,15.994
52,4,1,60,6.935
52,4,1,60,197.857
52,4,1,60,19.799
52,4,1,60,3721.591
52,4,1,60,3713.958
52,4,1,60,1834.095
52,4,1,60,21.972
52,4,1,60,16.950
52,4,1,60,16.170
52,4,1,60,3714.517
52,4,1,60,3749.847
52,4,1,60,1771.040
52,4,1,60,80.175
52,4,1,60,17.598
52,4,1,60,17.391
52,4,1,60,16.685
52,4,1,60,93.977
52,4,1,60,16.808
52,4,1,60,3696.081
52,4,1,60,3773.893
52,4,1,60,1792.733
52,4,1,60,16.277
52,4,1,60,3794.346
52,4,1,60,3766.436
52,4,1,60,1877.257
52,4,1,60,78.394
52,4,1,60,177.260
52,4,1,60,57.165
52,4,1,60,10010.423
53,4,0,60,0.278
53,4,0,60,264.384
53,4,0,60,467.658
53,4,0,60,244.637
53,4,0,60,278.671
53,4,0,60,349.408
53,4,0,60,109.388
53,4,0,60,242.625
53,4,0,60,403.324
53,4,0,60,137.100
53,4,0,60,18.265
53,4,0,60,429.537
53,4,0,60,149.072
53,4,0,60,151.440
53,4,0,60,405.454
53,4,0,60,220.100
53,4,0,60,66.597
53,4,0,60,368.296
53,4,0,60,47.554
53,4,0,60,0.885
53,4,0,60,144.547
53,4,0,60,180.544
53,4,0,60,1.412
53,4,0,60,78.575
53,4,0,60,77.943
53,4,0,60,190.457
53,4,0,60,94.381
53,4,0,60,5.545
53,4,0,60,180.874
53,4,0,60,61.020
53,4,0,60,178.571
53,4,0,60,185.846
53,4,0,60,67.936
53,4,0,60,16.174
53,4,0,60,68.800
53,4,0,60,117.575
53,4,0,60,177.312
53,4,0,60,0.236
53,4,0,60,135.084
53,4,0,60,182.617
53,4,0,60,81.818
53,4,0,60,109.297
53,4,0,60,0.887
53,4,0,60,176.494
53,4,0,60,54.436
53,4,0,60,97.728
53,4,0,60,68.226
53,4,0,60,132.629
53,4,0,60,11.812
53,4,0,60,27.735
53,4,0,60,171.620
53,4,0,60,16.451
53,4,0,60,177.576
53,4,0,60,93.018
53,4,0,60,16.441
53,4,0,60,66.086
53,4,0,60,94.175
53,4,0,60,16.784
53,4,0,60,4102.981
53,4,0,60,3695.350
53,4,0,60,1791.746
53,4,0,60,3.753
53,4,0,60,95.546
53,4,0,60,187.690
53,4,0,60,0.169
53,4,0,60,3728.924
53,4,0,60,188.014
53,4,0,60,180.529
53,4,0,60,118.138
53,4,0,60,186.375
53,4,0,60,182.650
53,4,0,60,49.240
53,4,0,60,181.310
53,4,0,60,142.122
53,4,0,60,72.545
53,4,0,60,0.228
53,4,0,60,3713.482
53,4,0,60,3683.275
53,4,0,60,2038.948
53,4,0,60,8.696
53,4,0,60,3711.932
53,4,0,60,3809.799
53,4,0,60,1906.029
53,4,0,60,185.238
53,4,0,60,5.940
53,4,0,60,3903.490
53,4,0,60,3789.432
53,4,0,60,1851.013
53,4,0,60,1.205
53,4,0,60,96.331
53,4,0,60,1.180
53,4,0,60,4109.803
53,4,0,60,3774.339
53,4,0,60,1738.828
53,4,0,60,0.390
53,4,0,60,67.998
53,4,0,60,176.827
53,4,0,60,75.380
53,4,0,60,55.840
53,4,0,60,9.152
53,4,0,60,183.148
53,4,0,60,69.275
53,4,0,60,68.142
53,4,0,60,90.824
53,4,0,60,72.173
53,4,0,60,182.262
53,4,0,60,53.852
53,4,0,60,54.497
53,4,0,60,29.735
53,4,0,60,3763.008
53,4,0,60,3854.004
53,4,0,60,1788.457
53,4,0,60,17.019
53,4,0,60,116.441
53,4,0,60,75.827
53,4,0,60,1.028
53,4,0,60,47.099
53,4,0,60,28.836
53,4,0,60,172.166
53,4,0,60,2.756
53,4,0,60,180.548
53,4,0,60,20.824
53,4,0,60,172.746
53,4,0,60,17.429
53,4,0,60,3725.424
53,4,0,60,3693.662
53,4,0,60,1860.261
53,4,0,60,16.601
53,4,0,60,106.061
53,4,0,60,0.688
53,4,0,60,3725.572
53,4,0,60,3773.346
53,4,0,60,1937.501
53,4,0,60,91.490
53,4,0,60,180.116
53,4,0,60,187.131
53,4,0,60,180.943
53,4,0,60,106.477
53,4,0,60,0.641
53,4,0,60,3763.488
53,4,0,60,3839.595
53,4,0,60,1771.585
53,4,0,60,8.758
53,4,0,60,3851.660
53,4,0,60,3789.417
53,4,0,60,1846.146
53,4,0,60,96.560
53,4,0,60,156.834
53,4,0,60,20.721
53,4,0,60,9979.534
54,4,2,60,0.204
54,4,2,60,189.144
54,4,2,60,440.288
54,4,2,60,306.434
54,4,2,60,521.707
54,4,2,60,289.705
54,4,2,60,73.703
54,4,2,60,209.162
54,4,2,60,404.899
54,4,2,60,152.434
54,4,2,60,170.394
54,4,2,60,429.167
54,4,2,60,162.073
54,4,2,60,162.236
54,4,2,60,408.325
54,4,2,60,206.156
54,4,2,60,126.246
54,4,2,60,368.371
54,4,2,60,164.202
54,4,2,60,110.570
54,4,2,60,93.085
54,4,2,60,82.638
54,4,2,60,107.801
54,4,2,60,34.095
54,4,2,60,60.517
54,4,2,60,92.551
54,4,2,60,80.048
54,4,2,60,106.526
54,4,2,60,84.394
54,4,2,60,10.132
54,4,2,60,81.035
54,4,2,60,88.329
54,4,2,60,17.733
54,4,2,60,106.285
54,4,2,60,4050.946
54,4,2,60,132.927
54,4,2,60,79.220
54,4,2,60,106.699
54,4,2,60,84.362
54,4,2,60,85.359
54,4,2,60,66.523
54,4,2,60,56.594
54,4,2,60,107.627
54,4,2,60,78.661
54,4,2,60,176.195
54,4,2,60,24.248
54,4,2,60,67.430
54,4,2,60,74.353
54,4,2,60,107.405
54,4,2,60,4120.898
54,4,2,60,3765.601
54,4,2,60,106.414
54,4,2,60,79.244
54,4,2,60,37.556
54,4,2,60,111.053
54,4,2,60,109.994
54,4,2,60,3.473
54,4,2,60,107.228
54,4,2,60,4046.852
54,4,2,60,3603.611
54,4,2,60,1734.210
54,4,2,60,106.068
54,4,2,60,2.343
54,4,2,60,90.284
54,4,2,60,107.114
54,4,2,60,3661.184
54,4,2,60,90.274
54,4,2,60,82.512
54,4,2,60,24.528
54,4,2,60,88.450
54,4,2,60,86.132
54,4,2,60,20.370
54,4,2,60,84.015
54,4,2,60,62.790
54,4,2,60,25.620
54,4,2,60,110.061
54,4,2,60,3620.613
54,4,2,60,3587.702
54,4,2,60,1962.930
54,4,2,60,107.585
54,4,2,60,3615.508
54,4,2,60,3732.559
54,4,2,60,1844.900
54,4,2,60,138.628
54,4,2,60,107.977
54,4,2,60,3814.565
54,4,2,60,3699.914
54,4,2,60,1876.328
54,4,2,60,106.724
54,4,2,60,3.851
54,4,2,60,107.792
54,4,2,60,4025.656
54,4,2,60,3684.840
54,4,2,60,1670.996
54,4,2,60,110.223
54,4,2,60,22.536
54,4,2,60,79.736
54,4,2,60,3976.915
54,4,2,60,41.396
54,4,2,60,107.726
54,4,2,60,85.408
54,4,2,60,19.221
54,4,2,60,2.977
54,4,2,60,72.399
54,4,2,60,47.285
54,4,2,60,87.819
54,4,2,60,106.575
54,4,2,60,50.683
54,4,2,60,110.587
54,4,2,60,3775.508
54,4,2,60,3807.357
54,4,2,60,1708.310
54,4,2,60,107.093
54,4,2,60,23.553
54,4,2,60,108.494
54,4,2,60,107.454
54,4,2,60,12.192
54,4,2,60,3480.966
54,4,2,60,75.667
54,4,2,60,3496.867
54,4,2,60,83.475
54,4,2,60,112.417
54,4,2,60,97.025
54,4,2,60,112.595
54,4,2,60,3668.573
54,4,2,60,3638.218
54,4,2,60,1803.429
54,4,2,60,109.305
54,4,2,60,14.321
54,4,2,60,108.243
54,4,2,60,3637.462
54,4,2,60,3676.162
54,4,2,60,1853.576
54,4,2,60,32.139
54,4,2,60,87.598
54,4,2,60,89.817
54,4,2,60,85.073
54,4,2,60,13.719
54,4,2,60,107.845
54,4,2,60,3670.322
54,4,2,60,3783.726
54,4,2,60,1711.771
54,4,2,60,107.980
54,4,2,60,3804.846
54,4,2,60,3693.362
54,4,2,60,1790.925
54,4,2,60,41.172
54,4,2,60,63.595
54,4,2,60,111.684
54,4,2,60,9882.276
55,4,2,60,0.259
55,4,2,60,4.034
55,4,2,60,441.732
55,4,2,60,166.749
55,4,2,60,195.394
55,4,2,60,222.390
55,4,2,60,24.129
55,4,2,60,145.088
55,4,2,60,406.417
55,4,2,60,148.286
55,4,2,60,47.098
55,4,2,60,431.482
55,4,2,60,156.869
55,4,2,60,156.773
55,4,2,60,410.454
55,4,2,60,144.304
55,4,2,60,109.134
55,4,2,60,370.407
55,4,2,60,102.017
55,4,2,60,16.348
55,4,2,60,83.640
55,4,2,60,216.655
55,4,2,60,17.894
55,4,2,60,15.779
55,4,2,60,20.924
55,4,2,60,47.625
55,4,2,60,107.621
55,4,2,60,16.674
55,4,2,60,218.689
55,4,2,60,2.446
55,4,2,60,47.794
55,4,2,60,54.402
55,4,2,60,5.918
55,4,2,60,19.730
55,4,2,60,71.597
55,4,2,60,44.834
55,4,2,60,213.608
55,4,2,60,16.384
55,4,2,60,74.677
55,4,2,60,220.450
55,4,2,60,84.578
55,4,2,60,48.927
55,4,2,60,17.720
55,4,2,60,3989.843
55,4,2,60,160.713
55,4,2,60,17.229
55,4,2,60,87.614
55,4,2,60,61.797
55,4,2,60,20.664
55,4,2,60,31.365
55,4,2,60,148.361
55,4,2,60,17.895
55,4,2,60,217.262
55,4,2,60,30.630
55,4,2,60,27.997
55,4,2,60,68.827
55,4,2,60,192.897
55,4,2,60,21.321
55,4,2,60,3911.593
55,4,2,60,3411.926
55,4,2,60,1596.599
55,4,2,60,17.271
55,4,2,60,3464.472
55,4,2,60,225.468
55,4,2,60,16.595
55,4,2,60,223.573
55,4,2,60,54.441
55,4,2,60,49.993
55,4,2,60,122.008
55,4,2,60,54.931
55,4,2,60,51.632
55,4,2,60,114.499
55,4,2,60,50.644
55,4,2,60,51.271
55,4,2,60,116.897
55,4,2,60,16.079
55,4,2,60,3478.261
55,4,2,60,3410.129
55,4,2,60,1495.062
55,4,2,60,19.808
55,4,2,60,3587.118
55,4,2,60,3506.042
55,4,2,60,1587.660
55,4,2,60,164.461
55,4,2,60,19.033
55,4,2,60,3766.768
55,4,2,60,3498.007
55,4,2,60,1695.070
55,4,2,60,16.409
55,4,2,60,3566.257
55,4,2,60,9.180
55,4,2,60,3906.527
55,4,2,60,3859.394
55,4,2,60,1495.070
55,4,2,60,16.853
55,4,2,60,14.794
55,4,2,60,3789.604
55,4,2,60,78.695
55,4,2,60,127.877
55,4,2,60,19.689
55,4,2,60,217.759
55,4,2,60,14.757
55,4,2,60,96.624
55,4,2,60,92.028
55,4,2,60,73.229
55,4,2,60,51.837
55,4,2,60,52.445
55,4,2,60,42.312
55,4,2,60,36.698
55,4,2,60,3599.083
55,4,2,60,3596.487
55,4,2,60,1557.254
55,4,2,60,18.000
55,4,2,60,3552.089
55,4,2,60,117.790
55,4,2,60,16.824
55,4,2,60,3582.376
55,4,2,60,45.096
55,4,2,60,3892.201
55,4,2,60,59.274
55,4,2,60,218.807
55,4,2,60,25.157
55,4,2,60,20.821
55,4,2,60,22.947
55,4,2,60,3593.777
55,4,2,60,3460.515
55,4,2,60,1667.151
55,4,2,60,17.527
55,4,2,60,3547.246
55,4,2,60,8.836
55,4,2,60,3576.202
55,4,2,60,3562.792
55,4,2,60,1462.171
55,4,2,60,17.138
55,4,2,60,17.265
55,4,2,60,55.724
55,4,2,60,50.258
55,4,2,60,105.699
55,4,2,60,17.122
55,4,2,60,3512.156
55,4,2,60,3544.023
55,4,2,60,1618.141
55,4,2,60,18.499
55,4,2,60,3479.403
55,4,2,60,3544.362
55,4,2,60,1817.294
55,4,2,60,153.319
55,4,2,60,30.372
55,4,2,60,31.647
55,4,2,60,9869.738
56,4,0,60,0.426
56,4,0,60,4355.436
56,4,0,60,4044.083
56,4,0,60,2226.590
56,4,0,60,65.524
56,4,0,60,192.242
56,4,0,60,4033.737
56,4,0,60,4288.788
56,4,0,60,1999.982
56,4,0,60,53.823
56,4,0,60,21.154
56,4,0,60,315.038
56,4,0,60,56.777
56,4,0,60,171.903
56,4,0,60,296.695
56,4,0,60,18.119
56,4,0,60,17.913
56,4,0,60,255.075
56,4,0,60,49.721
56,4,0,60,3931.345
56,4,0,60,3473.937
56,4,0,60,69.193
56,4,0,60,3868.688
56,4,0,60,51.205
56,4,0,60,3596.942
56,4,0,60,3925.048
56,4,0,60,235.621
56,4,0,60,3568.433
56,4,0,60,69.597
56,4,0,60,3636.186
56,4,0,60,3559.572
56,4,0,60,3856.919
56,4,0,60,55.992
56,4,0,60,3581.284
56,4,0,60,15.449
56,4,0,60,3431.334
56,4,0,60,66.016
56,4,0,60,3922.437
56,4,0,60,3686.046
56,4,0,60,71.248
56,4,0,60,16.282
56,4,0,60,16.853
56,4,0,60,3476.590
56,4,0,60,3837.455
56,4,0,60,42.454
56,4,0,60,15.507
56,4,0,60,15.818
56,4,0,60,21.186
56,4,0,60,3922.069
56,4,0,60,22.976
56,4,0,60,9.195
56,4,0,60,3560.950
56,4,0,60,68.596
56,4,0,60,17.426
56,4,0,60,3762.384
56,4,0,60,16.401
56,4,0,60,39.194
56,4,0,60,3348.210
56,4,0,60,3876.908
56,4,0,60,3380.574
56,4,0,60,1494.341
56,4,0,60,7340.658
56,4,0,60,3373.880
56,4,0,60,72.265
56,4,0,60,3580.483
56,4,0,60,70.555
56,4,0,60,3342.534
56,4,0,60,4005.620
56,4,0,60,3422.453
56,4,0,60,3244.229
56,4,0,60,3485.187
56,4,0,60,3339.648
56,4,0,60,3513.829
56,4,0,60,3389.660
56,4,0,60,16.083
56,4,0,60,3331.580
56,4,0,60,3418.687
56,4,0,60,3387.592
56,4,0,60,1358.507
56,4,0,60,3475.437
56,4,0,60,3481.267
56,4,0,60,3516.208
56,4,0,60,1488.605
56,4,0,60,21.739
56,4,0,60,3436.144
56,4,0,60,3685.510
56,4,0,60,3490.563
56,4,0,60,1554.200
56,4,0,60,3482.075
56,4,0,60,3422.443
56,4,0,60,3312.385
56,4,0,60,3885.119
56,4,0,60,3715.302
56,4,0,60,1444.200
56,4,0,60,3860.666
56,4,0,60,3597.757
56,4,0,60,3636.346
56,4,0,60,16.029
56,4,0,60,18.285
56,4,0,60,3612.225
56,4,0,60,68.630
56,4,0,60,3618.682
56,4,0,60,15.458
56,4,0,60,15.751
56,4,0,60,3451.859
56,4,0,60,3751.169
56,4,0,60,3888.313
56,4,0,60,6.201
56,4,0,60,3335.384
56,4,0,60,3538.250
56,4,0,60,3557.173
56,4,0,60,1486.384
56,4,0,60,3979.386
56,4,0,60,3406.831
56,4,0,60,15.605
56,4,0,60,3555.046
56,4,0,60,3528.117
56,4,0,60,3546.299
56,4,0,60,3779.146
56,4,0,60,3341.905
56,4,0,60,73.568
56,4,0,60,3571.712
56,4,0,60,116.783
56,4,0,60,3434.670
56,4,0,60,3503.833
56,4,0,60,3399.608
56,4,0,60,1559.800
56,4,0,60,3483.138
56,4,0,60,3409.302
56,4,0,60,3381.410
56,4,0,60,3498.388
56,4,0,60,3475.755
56,4,0,60,1358.375
56,4,0,60,3508.416
56,4,0,60,3339.784
56,4,0,60,3506.113
56,4,0,60,3741.812
56,4,0,60,58.403
56,4,0,60,3505.548
56,4,0,60,3468.193
56,4,0,60,3544.375
56,4,0,60,1474.679
56,4,0,60,3592.313
56,4,0,60,3544.625
56,4,0,60,3397.863
56,4,0,60,1844.387
56,4,0,60,18.727
56,4,0,60,25.039
56,4,0,60,3685.256
56,4,0,60,9751.017
57,4,1,60,0.259
57,4,1,60,4352.658
57,4,1,60,4061.342
57,4,1,60,2269.144
57,4,1,60,227.134
57,4,1,60,195.261
57,4,1,60,4331.920
57,4,1,60,4285.232
57,4,1,60,1998.464
57,4,1,60,106.656
57,4,1,60,31.690
57,4,1,60,311.445
57,4,1,60,257.386
57,4,1,60,271.587
57,4,1,60,293.343
57,4,1,60,34.156
57,4,1,60,38.542
57,4,1,60,250.852
57,4,1,60,310.386
57,4,1,60,3913.326
57,4,1,60,3483.418
57,4,1,60,153.248
57,4,1,60,3855.724
57,4,1,60,41.298
57,4,1,60,3580.146
57,4,1,60,3904.881
57,4,1,60,235.843
57,4,1,60,3553.062
57,4,1,60,291.503
57,4,1,60,3662.926
57,4,1,60,3544.275
57,4,1,60,3843.419
57,4,1,60,47.158
57,4,1,60,3561.766
57,4,1,60,70.485
57,4,1,60,3454.038
57,4,1,60,166.089
57,4,1,60,3904.973
57,4,1,60,3666.249
57,4,1,60,229.506
57,4,1,60,20.855
57,4,1,60,1.908
57,4,1,60,3486.460
57,4,1,60,3819.029
57,4,1,60,34.472
57,4,1,60,70.562
57,4,1,60,21.040
57,4,1,60,0.389
57,4,1,60,3902.272
57,4,1,60,2.975
57,4,1,60,28.731
57,4,1,60,3546.283
57,4,1,60,311.687
57,4,1,60,14.685
57,4,1,60,3757.902
57,4,1,60,21.864
57,4,1,60,114.490
57,4,1,60,3367.969
57,4,1,60,3923.500
57,4,1,60,3383.037
57,4,1,60,1484.822
57,4,1,60,7333.602
57,4,1,60,3378.602
57,4,1,60,158.579
57,4,1,60,3570.631
57,4,1,60,191.184
57,4,1,60,3342.237
57,4,1,60,3990.897
57,4,1,60,3465.823
57,4,1,60,3240.729
57,4,1,60,3467.206
57,4,1,60,3358.759
57,4,1,60,3583.532
57,4,1,60,3374.882
57,4,1,60,74.841
57,4,1,60,3342.302
57,4,1,60,3433.391
57,4,1,60,3425.239
57,4,1,60,1344.655
57,4,1,60,3465.437
57,4,1,60,3489.785
57,4,1,60,3493.227
57,4,1,60,1477.697
57,4,1,60,60.109
57,4,1,60,3469.810
57,4,1,60,3700.435
57,4,1,60,3497.637
57,4,1,60,1670.144
57,4,1,60,3484.186
57,4,1,60,3403.239
57,4,1,60,3306.366
57,4,1,60,3903.915
57,4,1,60,3694.969
57,4,1,60,1447.996
57,4,1,60,3842.554
57,4,1,60,3584.978
57,4,1,60,3662.827
57,4,1,60,71.565
57,4,1,60,24.174
57,4,1,60,3667.077
57,4,1,60,121.167
57,4,1,60,3611.941
57,4,1,60,71.346
57,4,1,60,21.454
57,4,1,60,3465.395
57,4,1,60,3771.594
57,4,1,60,3872.109
57,4,1,60,14.905
57,4,1,60,3343.476
57,4,1,60,3549.898
57,4,1,60,3546.469
57,4,1,60,1476.069
57,4,1,60,3962.682
57,4,1,60,3387.330
57,4,1,60,22.734
57,4,1,60,3555.805
57,4,1,60,3515.209
57,4,1,60,3528.799
57,4,1,60,3808.720
57,4,1,60,3343.701
57,4,1,60,53.271
57,4,1,60,3566.953
57,4,1,60,103.264
57,4,1,60,3463.762
57,4,1,60,3523.092
57,4,1,60,3413.256
57,4,1,60,1547.114
57,4,1,60,3494.934
57,4,1,60,3389.283
57,4,1,60,3380.095
57,4,1,60,3491.888
57,4,1,60,3488.607
57,4,1,60,1341.967
57,4,1,60,3489.638
57,4,1,60,3362.635
57,4,1,60,3491.039
57,4,1,60,3792.627
57,4,1,60,37.273
57,4,1,60,3504.807
57,4,1,60,3480.526
57,4,1,60,3561.689
57,4,1,60,1495.679
57,4,1,60,3615.275
57,4,1,60,3637.254
57,4,1,60,3474.640
57,4,1,60,1827.739
57,4,1,60,10.671
57,4,1,60,4.668
57,4,1,60,3729.997
57,4,1,60,9730.776
58,4,1,60,0.352
58,4,1,60,179.866
58,4,1,60,466.491
58,4,1,60,215.323
58,4,1,60,242.597
58,4,1,60,238.575
58,4,1,60,35.833
58,4,1,60,192.995
58,4,1,60,400.787
58,4,1,60,159.452
58,4,1,60,4427.407
58,4,1,60,4169.869
58,4,1,60,2047.210
58,4,1,60,172.273
58,4,1,60,407.287
58,4,1,60,192.433
58,4,1,60,4366.574
58,4,1,60,4153.442
58,4,1,60,2060.821
58,4,1,60,41.014
58,4,1,60,126.714
58,4,1,60,89.193
58,4,1,60,42.375
58,4,1,60,59.335
58,4,1,60,9.924
58,4,1,60,90.958
58,4,1,60,88.566
58,4,1,60,46.619
58,4,1,60,89.356
58,4,1,60,33.112
58,4,1,60,87.090
58,4,1,60,92.235
58,4,1,60,49.362
58,4,1,60,49.952
58,4,1,60,307.540
58,4,1,60,88.315
58,4,1,60,86.479
58,4,1,60,75.402
58,4,1,60,118.398
58,4,1,60,91.747
58,4,1,60,46.467
58,4,1,60,92.408
58,4,1,60,40.701
58,4,1,60,85.939
58,4,1,60,33.565
58,4,1,60,307.561
58,4,1,60,51.800
58,4,1,60,103.556
58,4,1,60,54.034
58,4,1,60,94.938
58,4,1,60,163.694
58,4,1,60,50.821
58,4,1,60,86.966
58,4,1,60,74.148
58,4,1,60,57.978
58,4,1,60,73.512
58,4,1,60,43.287
58,4,1,60,50.728
58,4,1,60,4167.369
58,4,1,60,3833.924
58,4,1,60,1725.599
58,4,1,60,43.642
58,4,1,60,135.527
58,4,1,60,96.024
58,4,1,60,39.836
58,4,1,60,114.703
58,4,1,60,92.366
58,4,1,60,89.363
58,4,1,60,96.953
58,4,1,60,92.931
58,4,1,60,93.428
58,4,1,60,3603.684
58,4,1,60,89.718
58,4,1,60,15.900
58,4,1,60,309.933
58,4,1,60,40.283
58,4,1,60,3678.464
58,4,1,60,3608.313
58,4,1,60,2030.077
58,4,1,60,51.363
58,4,1,60,3728.303
58,4,1,60,4003.872
58,4,1,60,1893.140
58,4,1,60,303.942
58,4,1,60,48.088
58,4,1,60,4198.303
58,4,1,60,3668.951
58,4,1,60,1800.569
58,4,1,60,40.501
58,4,1,60,3616.220
58,4,1,60,42.754
58,4,1,60,4147.359
58,4,1,60,3846.598
58,4,1,60,1693.421
58,4,1,60,44.482
58,4,1,60,19.628
58,4,1,60,85.846
58,4,1,60,308.509
58,4,1,60,60.192
58,4,1,60,49.985
58,4,1,60,87.297
58,4,1,60,41.053
58,4,1,60,308.234
58,4,1,60,47.139
58,4,1,60,64.673
58,4,1,60,90.688
58,4,1,60,16.667
58,4,1,60,35.016
58,4,1,60,67.513
58,4,1,60,4027.469
58,4,1,60,3997.448
58,4,1,60,1712.494
58,4,1,60,50.648
58,4,1,60,85.163
58,4,1,60,57.531
58,4,1,60,41.083
58,4,1,60,3674.320
58,4,1,60,3662.576
58,4,1,60,81.407
58,4,1,60,187.903
58,4,1,60,89.253
58,4,1,60,17.287
58,4,1,60,146.209
58,4,1,60,83.521
58,4,1,60,3943.812
58,4,1,60,3658.662
58,4,1,60,1782.262
58,4,1,60,49.657
58,4,1,60,3605.505
58,4,1,60,41.817
58,4,1,60,3676.535
58,4,1,60,3784.624
58,4,1,60,1861.909
58,4,1,60,47.527
58,4,1,60,3607.597
58,4,1,60,94.094
58,4,1,60,89.684
58,4,1,60,33.625
58,4,1,60,41.882
58,4,1,60,3726.025
58,4,1,60,3718.392
58,4,1,60,1740.196
58,4,1,60,50.054
58,4,1,60,3876.141
58,4,1,60,3706.973
58,4,1,60,1831.072
58,4,1,60,112.338
58,4,1,60,138.075
58,4,1,60,50.758
58,4,1,60,255.994
59,4,0,60,0.278
59,4,0,60,144.459
59,4,0,60,396.751
59,4,0,60,202.804
59,4,0,60,367.893
59,4,0,60,232.594
59,4,0,60,24.573
59,4,0,60,475.253
59,4,0,60,329.880
59,4,0,60,95.416
59,4,0,60,4356.389
59,4,0,60,4098.295
59,4,0,60,2004.822
59,4,0,60,147.440
59,4,0,60,337.824
59,4,0,60,171.267
59,4,0,60,4296.278
59,4,0,60,4082.073
59,4,0,60,1979.525
59,4,0,60,16.348
59,4,0,60,57.492
59,4,0,60,48.323
59,4,0,60,16.116
59,4,0,60,92.816
59,4,0,60,17.017
59,4,0,60,58.403
59,4,0,60,116.677
59,4,0,60,15.711
59,4,0,60,49.152
59,4,0,60,28.909
59,4,0,60,46.739
59,4,0,60,53.902
59,4,0,60,98.010
59,4,0,60,15.100
59,4,0,60,209.225
59,4,0,60,37.038
59,4,0,60,44.979
59,4,0,60,15.291
59,4,0,60,49.047
59,4,0,60,50.766
59,4,0,60,16.208
59,4,0,60,37.519
59,4,0,60,15.979
59,4,0,60,3963.214
59,4,0,60,3718.971
59,4,0,60,209.358
59,4,0,60,15.485
59,4,0,60,5.575
59,4,0,60,15.757
59,4,0,60,64.864
59,4,0,60,66.269
59,4,0,60,15.303
59,4,0,60,45.392
59,4,0,60,24.870
59,4,0,60,19.386
59,4,0,60,3.735
59,4,0,60,15.972
59,4,0,60,15.321
59,4,0,60,4099.740
59,4,0,60,3734.887
59,4,0,60,1654.229
59,4,0,60,15.438
59,4,0,60,63.268
59,4,0,60,55.506
59,4,0,60,15.929
59,4,0,60,46.185
59,4,0,60,56.107
59,4,0,60,48.419
59,4,0,60,4.305
59,4,0,60,54.191
59,4,0,60,50.910
59,4,0,60,3534.980
59,4,0,60,49.681
59,4,0,60,43.734
59,4,0,60,242.581
59,4,0,60,16.061
59,4,0,60,3579.687
59,4,0,60,3546.480
59,4,0,60,1936.022
59,4,0,60,15.826
59,4,0,60,3687.951
59,4,0,60,3906.058
59,4,0,60,1839.270
59,4,0,60,207.016
59,4,0,60,16.310
59,4,0,60,4100.211
59,4,0,60,3658.562
59,4,0,60,1873.865
59,4,0,60,15.927
59,4,0,60,3544.627
59,4,0,60,15.940
59,4,0,60,4080.322
59,4,0,60,3772.283
59,4,0,60,1602.255
59,4,0,60,16.038
59,4,0,60,20.628
59,4,0,60,3667.790
59,4,0,60,210.657
59,4,0,60,16.711
59,4,0,60,16.189
59,4,0,60,51.186
59,4,0,60,60.146
59,4,0,60,210.271
59,4,0,60,15.251
59,4,0,60,69.284
59,4,0,60,51.929
59,4,0,60,15.334
59,4,0,60,38.164
59,4,0,60,16.309
59,4,0,60,3934.229
59,4,0,60,3903.763
59,4,0,60,1648.939
59,4,0,60,16.204
59,4,0,60,112.626
59,4,0,60,16.105
59,4,0,60,16.083
59,4,0,60,3652.024
59,4,0,60,3581.465
59,4,0,60,3719.628
59,4,0,60,127.144
59,4,0,60,48.716
59,4,0,60,16.750
59,4,0,60,53.154
59,4,0,60,20.799
59,4,0,60,3868.590
59,4,0,60,3558.255
59,4,0,60,1721.743
59,4,0,60,16.064
59,4,0,60,3531.838
59,4,0,60,15.910
59,4,0,60,3625.795
59,4,0,60,3686.810
59,4,0,60,1798.521
59,4,0,60,16.101
59,4,0,60,3532.486
59,4,0,60,55.169
59,4,0,60,48.925
59,4,0,60,115.829
59,4,0,60,16.159
59,4,0,60,3629.007
59,4,0,60,3702.818
59,4,0,60,1639.456
59,4,0,60,16.369
59,4,0,60,3782.049
59,4,0,60,3651.325
59,4,0,60,1842.294
59,4,0,60,37.394
59,4,0,60,64.242
59,4,0,60,16.239
59,4,0,60,158.383
60,4,2,60,0.278
60,4,2,60,216.903
60,4,2,60,354.140
60,4,2,60,175.712
60,4,2,60,391.115
60,4,2,60,191.780
60,4,2,60,22.611
60,4,2,60,441.013
60,4,2,60,287.714
60,4,2,60,52.620
60,4,2,60,4313.927
60,4,2,60,4055.814
60,4,2,60,1962.137
60,4,2,60,293.143
60,4,2,60,295.269
60,4,2,60,277.266
60,4,2,60,4253.742
60,4,2,60,4047.869
60,4,2,60,1925.489
60,4,2,60,4002.030
60,4,2,60,3623.103
60,4,2,60,69.878
60,4,2,60,4035.428
60,4,2,60,3740.908
60,4,2,60,15.869
60,4,2,60,17.255
60,4,2,60,73.011
60,4,2,60,3610.229
60,4,2,60,72.282
60,4,2,60,15.631
60,4,2,60,16.073
60,4,2,60,16.144
60,4,2,60,39.140
60,4,2,60,3613.766
60,4,2,60,330.799
60,4,2,60,3433.112
60,4,2,60,3601.664
60,4,2,60,3992.159
60,4,2,60,3697.528
60,4,2,60,73.266
60,4,2,60,16.356
60,4,2,60,56.575
60,4,2,60,3508.127
60,4,2,60,3906.363
60,4,2,60,3706.249
60,4,2,60,247.284
60,4,2,60,20.319
60,4,2,60,26.390
60,4,2,60,3755.329
60,4,2,60,7.254
60,4,2,60,7.065
60,4,2,60,3598.413
60,4,2,60,69.911
60,4,2,60,31.056
60,4,2,60,3702.718
60,4,2,60,3775.196
60,4,2,60,3432.750
60,4,2,60,3354.822
60,4,2,60,4047.222
60,4,2,60,3677.462
60,4,2,60,1602.970
60,4,2,60,3827.270
60,4,2,60,3.880
60,4,2,60,73.469
60,4,2,60,3425.836
60,4,2,60,71.703
60,4,2,60,15.404
60,4,2,60,15.327
60,4,2,60,61.620
60,4,2,60,15.413
60,4,2,60,16.799
60,4,2,60,3513.295
60,4,2,60,15.904
60,4,2,60,16.290
60,4,2,60,204.211
60,4,2,60,3210.692
60,4,2,60,3523.854
60,4,2,60,3519.314
60,4,2,60,1876.912
60,4,2,60,3347.345
60,4,2,60,3672.544
60,4,2,60,3848.466
60,4,2,60,1780.289
60,4,2,60,149.628
60,4,2,60,3407.274
60,4,2,60,4041.767
60,4,2,60,3599.211
60,4,2,60,1866.884
60,4,2,60,3394.946
60,4,2,60,3492.109
60,4,2,60,3272.959
60,4,2,60,4028.137
60,4,2,60,3715.562
60,4,2,60,1550.644
60,4,2,60,3970.221
60,4,2,60,3661.979
60,4,2,60,3630.494
60,4,2,60,335.027
60,4,2,60,17.656
60,4,2,60,3644.262
60,4,2,60,70.279
60,4,2,60,8.017
60,4,2,60,250.105
60,4,2,60,16.029
60,4,2,60,15.729
60,4,2,60,16.763
60,4,2,60,3988.794
60,4,2,60,3556.127
60,4,2,60,3300.625
60,4,2,60,3880.082
60,4,2,60,3845.523
60,4,2,60,1685.217
60,4,2,60,3718.110
60,4,2,60,53.460
60,4,2,60,3381.550
60,4,2,60,3507.491
60,4,2,60,3595.339
60,4,2,60,3528.818
60,4,2,60,3732.462
60,4,2,60,73.589
60,4,2,60,66.957
60,4,2,60,3802.304
60,4,2,60,34.932
60,4,2,60,3391.318
60,4,2,60,3810.794
60,4,2,60,3506.996
60,4,2,60,1672.170
60,4,2,60,3404.769
60,4,2,60,3491.765
60,4,2,60,3226.448
60,4,2,60,3581.054
60,4,2,60,3658.940
60,4,2,60,1778.725
60,4,2,60,21.379
60,4,2,60,3493.431
60,4,2,60,16.280
60,4,2,60,17.759
60,4,2,60,56.366
60,4,2,60,3394.160
60,4,2,60,3574.711
60,4,2,60,3652.486
60,4,2,60,1667.660
60,4,2,60,3516.147
60,4,2,60,3741.772
60,4,2,60,3592.159
60,4,2,60,1862.535
60,4,2,60,16.912
60,4,2,60,4.687
60,4,2,60,3644.331
60,4,2,60,100.180
61,6,2,50,0.203
61,6,2,50,133.467
61,6,2,50,382.896
61,6,2,50,537.622
61,6,2,50,118.536
61,6,2,50,98.892
61,6,2,50,450.080
61,6,2,50,122.290
61,6,2,50,15.055
61,6,2,50,101.411
61,6,2,50,616.727
61,6,2,50,61.383
61,6,2,50,90.850
61,6,2,50,120.669
61,6,2,50,90.100
61,6,2,50,90.605
61,6,2,50,90.035
61,6,2,50,196.354
61,6,2,50,89.915
61,6,2,50,74.253
61,6,2,50,90.424
61,6,2,50,190.909
61,6,2,50,72.951
61,6,2,50,124.067
61,6,2,50,182.127
61,6,2,50,86.484
61,6,2,50,88.747
61,6,2,50,87.956
61,6,2,50,220.663
61,6,2,50,142.613
61,6,2,50,137.950
61,6,2,50,83.974
61,6,2,50,100.293
61,6,2,50,235.982
61,6,2,50,82.284
61,6,2,50,121.733
61,6,2,50,91.552
61,6,2,50,123.149
61,6,2,50,81.654
61,6,2,50,154.195
61,6,2,50,104.478
61,6,2,50,73.834
61,6,2,50,164.098
61,6,2,50,151.306
61,6,2,50,163.884
61,6,2,50,166.445
61,6,2,50,159.523
61,6,2,50,235.490
61,6,2,50,76.440
61,6,2,50,271.259
61,6,2,50,198.986
61,6,2,50,231.823
61,6,2,50,191.995
61,6,2,50,81.222
61,6,2,50,266.670
61,6,2,50,13.972
61,6,2,50,82.180
61,6,2,50,118.851
61,6,2,50,90.245
61,6,2,50,106.935
61,6,2,50,105.309
61,6,2,50,117.777
61,6,2,50,90.208
61,6,2,50,94.120
61,6,2,50,93.420
61,6,2,50,140.573
61,6,2,50,104.022
61,6,2,50,90.267
61,6,2,50,97.976
61,6,2,50,88.017
61,6,2,50,91.374
61,6,2,50,129.878
61,6,2,50,136.271
61,6,2,50,234.646
61,6,2,50,81.855
61,6,2,50,128.526
61,6,2,50,80.642
61,6,2,50,189.757
61,6,2,50,193.206
61,6,2,50,119.674
61,6,2,50,153.030
61,6,2,50,143.942
61,6,2,50,171.261
61,6,2,50,228.432
61,6,2,50,108.382
61,6,2,50,112.349
61,6,2,50,108.095
61,6,2,50,106.636
61,6,2,50,45.215
61,6,2,50,215.237
61,6,2,50,210.205
61,6,2,50,187.469
61,6,2,50,216.177
61,6,2,50,76.886
61,6,2,50,209.390
61,6,2,50,145.228
61,6,2,50,74.159
61,6,2,50,24.571
61,6,2,50,172.353
61,6,2,50,24.802
62,6,1,50,0.297
62,6,1,50,25.208
62,6,1,50,24.787
62,6,1,50,356.419
62,6,1,50,33.537
62,6,1,50,55.375
62,6,1,50,91.527
62,6,1,50,169.531
62,6,1,50,25.222
62,6,1,50,60.485
62,6,1,50,253.230
62,6,1,50,438.974
62,6,1,50,16.314
62,6,1,50,24.448
62,6,1,50,22.342
62,6,1,50,18.235
62,6,1,50,24.314
62,6,1,50,24.003
62,6,1,50,16.527
62,6,1,50,18.216
62,6,1,50,120.794
62,6,1,50,15.040
62,6,1,50,16.137
62,6,1,50,17.568
62,6,1,50,17.313
62,6,1,50,24.929
62,6,1,50,15.841
62,6,1,50,23.438
62,6,1,50,15.257
62,6,1,50,14.836
62,6,1,50,15.211
62,6,1,50,15.604
62,6,1,50,15.961
62,6,1,50,21.669
62,6,1,50,16.766
62,6,1,50,47.993
62,6,1,50,16.905
62,6,1,50,17.798
62,6,1,50,16.414
62,6,1,50,51.604
62,6,1,50,15.886
62,6,1,50,15.594
62,6,1,50,16.117
62,6,1,50,16.085
62,6,1,50,16.127
62,6,1,50,15.946
62,6,1,50,15.839
62,6,1,50,15.714
62,6,1,50,16.089
62,6,1,50,16.723
62,6,1,50,21.135
62,6,1,50,16.751
62,6,1,50,16.219
62,6,1,50,19.371
62,6,1,50,16.283
62,6,1,50,32.214
62,6,1,50,16.163
62,6,1,50,17.315
62,6,1,50,16.394
62,6,1,50,17.269
62,6,1,50,16.903
62,6,1,50,34.445
62,6,1,50,16.857
62,6,1,50,18.380
62,6,1,50,16.921
62,6,1,50,103.703
62,6,1,50,16.893
62,6,1,50,18.935
62,6,1,50,5284.744
62,6,1,50,119.277
62,6,1,50,16.726
62,6,1,50,35.416
62,6,1,50,16.032
62,6,1,50,21.981
62,6,1,50,26.411
62,6,1,50,18.323
62,6,1,50,16.254
62,6,1,50,15.814
62,6,1,50,15.948
62,6,1,50,15.990
62,6,1,50,17.753
62,6,1,50,17.443
62,6,1,50,16.133
62,6,1,50,24.415
62,6,1,50,17.494
62,6,1,50,25.702
62,6,1,50,16.707
62,6,1,50,15.674
62,6,1,50,16.086
62,6,1,50,16.535
62,6,1,50,16.355
62,6,1,50,17.359
62,6,1,50,16.253
62,6,1,50,15.942
62,6,1,50,16.280
62,6,1,50,15.896
62,6,1,50,26.400
62,6,1,50,14.849
62,6,1,50,16.372
62,6,1,50,15.859
63,6,0,50,0.389
63,6,0,50,5.764
63,6,0,50,5.713
63,6,0,50,349.401
63,6,0,50,79.092
63,6,0,50,35.764
63,6,0,50,80.972
63,6,0,50,151.457
63,6,0,50,18.500
63,6,0,50,41.467
63,6,0,50,241.915
63,6,0,50,436.085
63,6,0,50,23.185
63,6,0,50,15.930
63,6,0,50,25.416
63,6,0,50,26.217
63,6,0,50,4.444
63,6,0,50,15.689
63,6,0,50,29.027
63,6,0,50,86.698
63,6,0,50,86.665
63,6,0,50,5130.013
63,6,0,50,5228.554
63,6,0,50,15.457
63,6,0,50,15.443
63,6,0,50,64.633
63,6,0,50,26.489
63,6,0,50,5046.985
63,6,0,50,5301.747
63,6,0,50,5054.420
63,6,0,50,5277.257
63,6,0,50,5020.429
63,6,0,50,19.350
63,6,0,50,30.169
63,6,0,50,22.544
63,6,0,50,30.308
63,6,0,50,21.461
63,6,0,50,15.262
63,6,0,50,2.877
63,6,0,50,15.511
63,6,0,50,5337.043
63,6,0,50,5229.937
63,6,0,50,5313.626
63,6,0,50,5233.724
63,6,0,50,5361.487
63,6,0,50,5212.122
63,6,0,50,4907.054
63,6,0,50,5171.242
63,6,0,50,4757.564
63,6,0,50,4796.716
63,6,0,50,5283.200
63,6,0,50,5182.908
63,6,0,50,4981.544
63,6,0,50,4927.326
63,6,0,50,5411.421
63,6,0,50,129.584
63,6,0,50,4.589
63,6,0,50,25.316
63,6,0,50,3.561
63,6,0,50,25.084
63,6,0,50,0.792
63,6,0,50,16.260
63,6,0,50,24.949
63,6,0,50,26.324
63,6,0,50,26.273
63,6,0,50,74.407
63,6,0,50,25.097
63,6,0,50,26.880
63,6,0,50,5260.560
63,6,0,50,83.018
63,6,0,50,25.097
63,6,0,50,17.398
63,6,0,50,5129.949
63,6,0,50,5350.471
63,6,0,50,124.837
63,6,0,50,15.786
63,6,0,50,5260.133
63,6,0,50,5126.416
63,6,0,50,5398.512
63,6,0,50,4916.389
63,6,0,50,16.087
63,6,0,50,5190.545
63,6,0,50,5137.865
63,6,0,50,122.489
63,6,0,50,3.142
63,6,0,50,65.332
63,6,0,50,24.762
63,6,0,50,5248.498
63,6,0,50,5137.688
63,6,0,50,5233.470
63,6,0,50,5468.585
63,6,0,50,5184.776
63,6,0,50,5190.817
63,6,0,50,5281.321
63,6,0,50,4877.032
63,6,0,50,5265.664
63,6,0,50,124.696
63,6,0,50,5093.118
63,6,0,50,5428.547
63,6,0,50,10141.934
64,6,0,50,0.259
64,6,0,50,276.577
64,6,0,50,203.156
64,6,0,50,120.642
64,6,0,50,161.406
64,6,0,50,208.947
64,6,0,50,24.194
64,6,0,50,235.178
64,6,0,50,30.943
64,6,0,50,216.873
64,6,0,50,4.897
64,6,0,50,174.753
64,6,0,50,27.999
64,6,0,50,97.595
64,6,0,50,27.582
64,6,0,50,51.531
64,6,0,50,27.443
64,6,0,50,160.743
64,6,0,50,34.933
64,6,0,50,40.493
64,6,0,50,25.554
64,6,0,50,594.926
64,6,0,50,568.041
64,6,0,50,97.104
64,6,0,50,188.682
64,6,0,50,60.261
64,6,0,50,22.137
64,6,0,50,36.197
64,6,0,50,566.661
64,6,0,50,563.610
64,6,0,50,569.207
64,6,0,50,563.490
64,6,0,50,33.053
64,6,0,50,16.391
64,6,0,50,40.006
64,6,0,50,99.603
64,6,0,50,53.219
64,6,0,50,93.483
64,6,0,50,18.469
64,6,0,50,34.177
64,6,0,50,76.496
64,6,0,50,563.609
64,6,0,50,568.651
64,6,0,50,564.581
64,6,0,50,566.716
64,6,0,50,563.516
64,6,0,50,567.058
64,6,0,50,564.581
64,6,0,50,568.197
64,6,0,50,565.294
64,6,0,50,77.190
64,6,0,50,565.229
64,6,0,50,567.974
64,6,0,50,568.071
64,6,0,50,571.150
64,6,0,50,580.821
64,6,0,50,18.847
64,6,0,50,90.981
64,6,0,50,30.504
64,6,0,50,77.064
64,6,0,50,80.995
64,6,0,50,184.943
64,6,0,50,27.838
64,6,0,50,31.120
64,6,0,50,22.495
64,6,0,50,89.610
64,6,0,50,33.411
64,6,0,50,26.583
64,6,0,50,25.698
64,6,0,50,50.462
64,6,0,50,33.170
64,6,0,50,107.434
64,6,0,50,19.679
64,6,0,50,570.625
64,6,0,50,575.889
64,6,0,50,105.915
64,6,0,50,35.846
64,6,0,50,563.181
64,6,0,50,567.574
64,6,0,50,563.634
64,6,0,50,111.641
64,6,0,50,45.498
64,6,0,50,567.259
64,6,0,50,573.264
64,6,0,50,80.512
64,6,0,50,77.757
64,6,0,50,79.150
64,6,0,50,78.562
64,6,0,50,567.823
64,6,0,50,564.661
64,6,0,50,567.833
64,6,0,50,42.747
64,6,0,50,568.082
64,6,0,50,563.754
64,6,0,50,568.184
64,6,0,50,564.355
64,6,0,50,575.545
64,6,0,50,45.201
64,6,0,50,569.869
64,6,0,50,563.836
65,6,2,50,0.259
65,6,2,50,5429.493
65,6,2,50,5691.756
65,6,2,50,430.844
65,6,2,50,5782.098
65,6,2,50,5571.900
65,6,2,50,181.211
65,6,2,50,6049.758
65,6,2,50,4046.866
65,6,2,50,5909.601
65,6,2,50,58.711
65,6,2,50,207.993
65,6,2,50,5365.062
65,6,2,50,5196.401
65,6,2,50,5318.109
65,6,2,50,5231.484
65,6,2,50,5358.062
65,6,2,50,5184.530
65,6,2,50,5286.423
65,6,2,50,5149.836
65,6,2,50,5292.340
65,6,2,50,156.409
65,6,2,50,130.932
65,6,2,50,5191.910
65,6,2,50,5360.339
65,6,2,50,5236.807
65,6,2,50,5378.756
65,6,2,50,5162.595
65,6,2,50,127.867
65,6,2,50,124.872
65,6,2,50,136.487
65,6,2,50,125.029
65,6,2,50,5400.635
65,6,2,50,5201.844
65,6,2,50,5359.107
65,6,2,50,5130.928
65,6,2,50,5185.469
65,6,2,50,5085.900
65,6,2,50,5335.347
65,6,2,50,5263.315
65,6,2,50,5281.727
65,6,2,50,125.112
65,6,2,50,129.709
65,6,2,50,126.028
65,6,2,50,127.422
65,6,2,50,124.815
65,6,2,50,127.671
65,6,2,50,126.065
65,6,2,50,129.736
65,6,2,50,127.833
65,6,2,50,4916.775
65,6,2,50,126.620
65,6,2,50,130.865
65,6,2,50,129.611
65,6,2,50,132.041
65,6,2,50,142.064
65,6,2,50,5357.244
65,6,2,50,5294.379
65,6,2,50,4817.015
65,6,2,50,4769.131
65,6,2,50,5309.966
65,6,2,50,5232.231
65,6,2,50,5339.938
65,6,2,50,5259.795
65,6,2,50,5240.466
65,6,2,50,74.573
65,6,2,50,5337.975
65,6,2,50,5234.221
65,6,2,50,5409.336
65,6,2,50,5157.990
65,6,2,50,5373.752
65,6,2,50,5113.203
65,6,2,50,5256.169
65,6,2,50,132.054
65,6,2,50,137.854
65,6,2,50,4754.352
65,6,2,50,5151.725
65,6,2,50,124.553
65,6,2,50,129.132
65,6,2,50,124.970
65,6,2,50,5041.244
65,6,2,50,5180.322
65,6,2,50,128.854
65,6,2,50,135.970
65,6,2,50,4820.504
65,6,2,50,4761.842
65,6,2,50,4838.235
65,6,2,50,5195.775
65,6,2,50,129.659
65,6,2,50,126.108
65,6,2,50,132.335
65,6,2,50,4822.573
65,6,2,50,129.770
65,6,2,50,125.460
65,6,2,50,129.871
65,6,2,50,125.839
65,6,2,50,137.288
65,6,2,50,4756.768
65,6,2,50,130.667
65,6,2,50,125.154
66,6,1,50,0.278
66,6,1,50,5632.919
66,6,1,50,5671.886
66,6,1,50,677.010
66,6,1,50,5763.172
66,6,1,50,5764.195
66,6,1,50,161.008
66,6,1,50,6037.536
66,6,1,50,4026.922
66,6,1,50,5956.101
66,6,1,50,38.249
66,6,1,50,189.531
66,6,1,50,5334.785
66,6,1,50,5188.290
66,6,1,50,5317.720
66,6,1,50,5194.522
66,6,1,50,5323.396
66,6,1,50,5178.290
66,6,1,50,5289.239
66,6,1,50,5113.133
66,6,1,50,5254.692
66,6,1,50,119.243
66,6,1,50,95.137
66,6,1,50,5182.688
66,6,1,50,5330.562
66,6,1,50,5199.160
66,6,1,50,5347.552
66,6,1,50,5160.169
66,6,1,50,92.109
66,6,1,50,87.669
66,6,1,50,100.636
66,6,1,50,87.733
66,6,1,50,5368.672
66,6,1,50,5178.382
66,6,1,50,5322.533
66,6,1,50,5094.132
66,6,1,50,5185.969
66,6,1,50,5096.141
66,6,1,50,5298.478
66,6,1,50,5226.260
66,6,1,50,5287.061
66,6,1,50,88.020
66,6,1,50,92.691
66,6,1,50,88.955
66,6,1,50,90.255
66,6,1,50,87.964
66,6,1,50,90.561
66,6,1,50,89.232
66,6,1,50,92.663
66,6,1,50,91.297
66,6,1,50,4924.442
66,6,1,50,89.324
66,6,1,50,93.662
66,6,1,50,92.482
66,6,1,50,94.801
66,6,1,50,108.565
66,6,1,50,5320.652
66,6,1,50,5352.083
66,6,1,50,4846.386
66,6,1,50,4787.317
66,6,1,50,5273.411
66,6,1,50,5222.676
66,6,1,50,5309.402
66,6,1,50,5224.629
66,6,1,50,5203.208
66,6,1,50,75.666
66,6,1,50,5306.790
66,6,1,50,5197.259
66,6,1,50,5374.725
66,6,1,50,5120.898
66,6,1,50,5342.697
66,6,1,50,5175.907
66,6,1,50,5223.670
66,6,1,50,94.906
66,6,1,50,101.188
66,6,1,50,4779.519
66,6,1,50,5121.948
66,6,1,50,87.128
66,6,1,50,92.355
66,6,1,50,90.285
66,6,1,50,5062.300
66,6,1,50,5143.730
66,6,1,50,91.706
66,6,1,50,99.415
66,6,1,50,4857.412
66,6,1,50,4773.306
66,6,1,50,4854.810
66,6,1,50,5256.423
66,6,1,50,92.511
66,6,1,50,88.831
66,6,1,50,100.095
66,6,1,50,4790.240
66,6,1,50,92.937
66,6,1,50,88.923
66,6,1,50,92.594
66,6,1,50,88.914
66,6,1,50,100.844
66,6,1,50,4837.305
66,6,1,50,93.187
66,6,1,50,87.969
67,6,1,50,0.297
67,6,1,50,222.819
67,6,1,50,250.508
67,6,1,50,7.088
67,6,1,50,277.832
67,6,1,50,154.374
67,6,1,50,27.861
67,6,1,50,181.031
67,6,1,50,11.611
67,6,1,50,161.170
67,6,1,50,2.509
67,6,1,50,119.828
67,6,1,50,143.036
67,6,1,50,151.077
67,6,1,50,143.508
67,6,1,50,151.698
67,6,1,50,143.480
67,6,1,50,195.577
67,6,1,50,148.711
67,6,1,50,144.494
67,6,1,50,319.719
67,6,1,50,190.169
67,6,1,50,77.489
67,6,1,50,227.271
67,6,1,50,112.017
67,6,1,50,129.873
67,6,1,50,145.785
67,6,1,50,146.234
67,6,1,50,180.553
67,6,1,50,144.298
67,6,1,50,103.155
67,6,1,50,87.808
67,6,1,50,143.794
67,6,1,50,18.577
67,6,1,50,144.506
67,6,1,50,108.641
67,6,1,50,277.181
67,6,1,50,221.186
67,6,1,50,16.229
67,6,1,50,16.900
67,6,1,50,17.460
67,6,1,50,76.928
67,6,1,50,16.655
67,6,1,50,16.844
67,6,1,50,17.090
67,6,1,50,18.705
67,6,1,50,16.432
67,6,1,50,20.733
67,6,1,50,78.145
67,6,1,50,113.168
67,6,1,50,16.358
67,6,1,50,16.659
67,6,1,50,116.940
67,6,1,50,17.020
67,6,1,50,266.375
67,6,1,50,7.788
67,6,1,50,17.496
67,6,1,50,17.334
67,6,1,50,16.505
67,6,1,50,15.973
67,6,1,50,15.588
67,6,1,50,80.870
67,6,1,50,144.134
67,6,1,50,145.861
67,6,1,50,152.217
67,6,1,50,231.962
67,6,1,50,139.560
67,6,1,50,144.897
67,6,1,50,315.531
67,6,1,50,273.443
67,6,1,50,144.041
67,6,1,50,183.990
67,6,1,50,16.791
67,6,1,50,16.722
67,6,1,50,76.874
67,6,1,50,155.026
67,6,1,50,76.717
67,6,1,50,151.887
67,6,1,50,16.652
67,6,1,50,16.879
67,6,1,50,16.717
67,6,1,50,49.740
67,6,1,50,173.206
67,6,1,50,16.990
67,6,1,50,16.716
67,6,1,50,16.591
67,6,1,50,16.466
67,6,1,50,17.008
67,6,1,50,38.512
67,6,1,50,16.924
67,6,1,50,152.984
67,6,1,50,18.711
67,6,1,50,16.475
67,6,1,50,73.813
67,6,1,50,16.706
67,6,1,50,145.562
67,6,1,50,77.048
67,6,1,50,20.257
67,6,1,50,174.150
67,6,1,50,26.062
68,6,2,50,0.185
68,6,2,50,33.430
68,6,2,50,5631.071
68,6,2,50,415.307
68,6,2,50,23.184
68,6,2,50,22.930
68,6,2,50,171.841
68,6,2,50,30.180
68,6,2,50,44.517
68,6,2,50,51.707
68,6,2,50,319.506
68,6,2,50,151.438
68,6,2,50,15.499
68,6,2,50,16.818
68,6,2,50,16.286
68,6,2,50,16.716
68,6,2,50,19.702
68,6,2,50,16.484
68,6,2,50,17.193
68,6,2,50,16.419
68,6,2,50,14.572
68,6,2,50,5293.141
68,6,2,50,5375.960
68,6,2,50,61.493
68,6,2,50,15.868
68,6,2,50,20.947
68,6,2,50,16.081
68,6,2,50,21.160
68,6,2,50,5329.209
68,6,2,50,5221.418
68,6,2,50,5407.200
68,6,2,50,5218.798
68,6,2,50,16.016
68,6,2,50,20.854
68,6,2,50,15.488
68,6,2,50,17.307
68,6,2,50,16.312
68,6,2,50,17.798
68,6,2,50,16.747
68,6,2,50,5181.946
68,6,2,50,45.015
68,6,2,50,5298.565
68,6,2,50,5329.792
68,6,2,50,5204.186
68,6,2,50,5197.487
68,6,2,50,5124.029
68,6,2,50,4856.331
68,6,2,50,5116.408
68,6,2,50,4788.100
68,6,2,50,4820.900
68,6,2,50,4908.423
68,6,2,50,5127.519
68,6,2,50,4958.154
68,6,2,50,4854.400
68,6,2,50,5550.604
68,6,2,50,5156.815
68,6,2,50,16.829
68,6,2,50,17.018
68,6,2,50,16.616
68,6,2,50,17.398
68,6,2,50,17.217
68,6,2,50,18.203
68,6,2,50,16.301
68,6,2,50,17.787
68,6,2,50,16.810
68,6,2,50,72.036
68,6,2,50,16.448
68,6,2,50,16.712
68,6,2,50,17.254
68,6,2,50,16.110
68,6,2,50,15.948
68,6,2,50,16.379
68,6,2,50,5266.410
68,6,2,50,5318.748
68,6,2,50,5337.493
68,6,2,50,16.582
68,6,2,50,5168.744
68,6,2,50,4944.305
68,6,2,50,5406.159
68,6,2,50,5182.183
68,6,2,50,21.160
68,6,2,50,5097.045
68,6,2,50,5159.679
68,6,2,50,4831.333
68,6,2,50,17.160
68,6,2,50,21.405
68,6,2,50,16.595
68,6,2,50,24.322
68,6,2,50,4992.522
68,6,2,50,5205.821
68,6,2,50,5241.085
68,6,2,50,4829.295
68,6,2,50,4961.559
68,6,2,50,5240.950
68,6,2,50,4873.883
68,6,2,50,5196.108
68,6,2,50,4834.337
68,6,2,50,23.312
68,6,2,50,5473.046
68,6,2,50,9703.787
69,6,0,50,0.278
69,6,0,50,23.300
69,6,0,50,5945.143
69,6,0,50,414.789
69,6,0,50,144.184
69,6,0,50,17.485
69,6,0,50,166.415
69,6,0,50,24.902
69,6,0,50,46.295
69,6,0,50,46.337
69,6,0,50,311.173
69,6,0,50,140.845
69,6,0,50,82.128
69,6,0,50,16.800
69,6,0,50,84.433
69,6,0,50,76.864
69,6,0,50,6.480
69,6,0,50,16.873
69,6,0,50,79.192
69,6,0,50,77.512
69,6,0,50,5346.543
69,6,0,50,5263.882
69,6,0,50,5355.108
69,6,0,50,37.215
69,6,0,50,19.961
69,6,0,50,5.447
69,6,0,50,85.395
69,6,0,50,4.012
69,6,0,50,5353.228
69,6,0,50,5192.159
69,6,0,50,5378.163
69,6,0,50,5189.724
69,6,0,50,78.367
69,6,0,50,80.557
69,6,0,50,81.395
69,6,0,50,16.289
69,6,0,50,80.460
69,6,0,50,16.298
69,6,0,50,79.598
69,6,0,50,5250.501
69,6,0,50,47.756
69,6,0,50,5270.010
69,6,0,50,5360.255
69,6,0,50,5273.186
69,6,0,50,5262.635
69,6,0,50,5126.807
69,6,0,50,4953.145
69,6,0,50,5148.316
69,6,0,50,4798.359
69,6,0,50,4845.049
69,6,0,50,4899.349
69,6,0,50,5196.019
69,6,0,50,4958.210
69,6,0,50,4977.881
69,6,0,50,5531.882
69,6,0,50,5261.111
69,6,0,50,81.014
69,6,0,50,75.815
69,6,0,50,80.152
69,6,0,50,75.694
69,6,0,50,77.347
69,6,0,50,16.555
69,6,0,50,83.911
69,6,0,50,76.953
69,6,0,50,85.198
69,6,0,50,100.684
69,6,0,50,83.967
69,6,0,50,77.323
69,6,0,50,48.717
69,6,0,50,68.591
69,6,0,50,84.170
69,6,0,50,16.379
69,6,0,50,5252.651
69,6,0,50,5389.692
69,6,0,50,5326.215
69,6,0,50,16.804
69,6,0,50,5139.781
69,6,0,50,4942.305
69,6,0,50,5445.140
69,6,0,50,5164.109
69,6,0,50,21.105
69,6,0,50,5173.507
69,6,0,50,5183.086
69,6,0,50,4866.666
69,6,0,50,79.993
69,6,0,50,5.331
69,6,0,50,83.706
69,6,0,50,0.600
69,6,0,50,4963.614
69,6,0,50,5274.025
69,6,0,50,5259.955
69,6,0,50,4851.221
69,6,0,50,4949.744
69,6,0,50,5313.913
69,6,0,50,4923.994
69,6,0,50,5298.885
69,6,0,50,4906.910
69,6,0,50,0.256
69,6,0,50,5472.694
69,6,0,50,9675.121
70,6,0,50,0.259
70,6,0,50,269.114
70,6,0,50,233.397
70,6,0,50,112.291
70,6,0,50,172.276
70,6,0,50,200.355
70,6,0,50,6227.512
70,6,0,50,4208.694
70,6,0,50,195.758
70,6,0,50,209.706
70,6,0,50,173.952
70,6,0,50,167.790
70,6,0,50,420.626
70,6,0,50,77.040
70,6,0,50,422.024
70,6,0,50,426.547
70,6,0,50,5751.986
70,6,0,50,136.669
70,6,0,50,422.580
70,6,0,50,426.288
70,6,0,50,419.552
70,6,0,50,570.074
70,6,0,50,542.782
70,6,0,50,80.641
70,6,0,50,163.331
70,6,0,50,489.963
70,6,0,50,420.709
70,6,0,50,488.380
70,6,0,50,541.513
70,6,0,50,538.185
70,6,0,50,544.782
70,6,0,50,538.138
70,6,0,50,420.810
70,6,0,50,430.389
70,6,0,50,420.097
70,6,0,50,78.992
70,6,0,50,421.884
70,6,0,50,77.261
70,6,0,50,434.893
70,6,0,50,5720.573
70,6,0,50,484.235
70,6,0,50,538.313
70,6,0,50,542.911
70,6,0,50,539.026
70,6,0,50,540.809
70,6,0,50,538.128
70,6,0,50,541.170
70,6,0,50,539.341
70,6,0,50,542.716
70,6,0,50,539.924
70,6,0,50,486.207
70,6,0,50,539.785
70,6,0,50,542.660
70,6,0,50,542.683
70,6,0,50,545.447
70,6,0,50,555.322
70,6,0,50,436.790
70,6,0,50,425.498
70,6,0,50,436.058
70,6,0,50,425.118
70,6,0,50,429.623
70,6,0,50,159.277
70,6,0,50,421.410
70,6,0,50,426.636
70,6,0,50,421.752
70,6,0,50,70.036
70,6,0,50,421.039
70,6,0,50,426.895
70,6,0,50,5688.353
70,6,0,50,426.386
70,6,0,50,420.687
70,6,0,50,86.323
70,6,0,50,484.473
70,6,0,50,545.330
70,6,0,50,550.556
70,6,0,50,85.193
70,6,0,50,484.492
70,6,0,50,537.737
70,6,0,50,542.241
70,6,0,50,538.098
70,6,0,50,90.827
70,6,0,50,482.829
70,6,0,50,541.871
70,6,0,50,547.912
70,6,0,50,435.399
70,6,0,50,490.607
70,6,0,50,421.408
70,6,0,50,480.912
70,6,0,50,542.639
70,6,0,50,539.236
70,6,0,50,543.148
70,6,0,50,482.430
70,6,0,50,542.842
70,6,0,50,538.476
70,6,0,50,542.777
70,6,0,50,539.004
70,6,0,50,550.175
70,6,0,50,479.680
70,6,0,50,544.092
70,6,0,50,538.466
71,6,2,50,0.259
71,6,2,50,5521.919
71,6,2,50,5698.645
71,6,2,50,535.214
71,6,2,50,5801.764
71,6,2,50,5882.713
71,6,2,50,5841.181
71,6,2,50,3822.529
71,6,2,50,50.221
71,6,2,50,5923.546
71,6,2,50,64.767
71,6,2,50,212.789
71,6,2,50,11.239
71,6,2,50,5209.975
71,6,2,50,14.397
71,6,2,50,15.586
71,6,2,50,5343.155
71,6,2,50,5193.030
71,6,2,50,14.026
71,6,2,50,16.031
71,6,2,50,13.868
71,6,2,50,158.372
71,6,2,50,131.544
71,6,2,50,5203.373
71,6,2,50,5354.636
71,6,2,50,78.872
71,6,2,50,12.396
71,6,2,50,78.270
71,6,2,50,129.608
71,6,2,50,126.150
71,6,2,50,133.136
71,6,2,50,126.492
71,6,2,50,13.590
71,6,2,50,19.020
71,6,2,50,12.395
71,6,2,50,5114.817
71,6,2,50,14.312
71,6,2,50,5089.881
71,6,2,50,23.395
71,6,2,50,5311.852
71,6,2,50,77.626
71,6,2,50,126.704
71,6,2,50,131.468
71,6,2,50,127.565
71,6,2,50,128.885
71,6,2,50,126.204
71,6,2,50,129.246
71,6,2,50,127.713
71,6,2,50,131.255
71,6,2,50,128.630
71,6,2,50,79.838
71,6,2,50,128.065
71,6,2,50,131.310
71,6,2,50,131.111
71,6,2,50,133.726
71,6,2,50,143.583
71,6,2,50,25.403
71,6,2,50,14.648
71,6,2,50,24.412
71,6,2,50,13.954
71,6,2,50,22.032
71,6,2,50,5243.434
71,6,2,50,12.708
71,6,2,50,15.805
71,6,2,50,14.161
71,6,2,50,5136.268
71,6,2,50,13.078
71,6,2,50,16.342
71,6,2,50,5289.447
71,6,2,50,15.518
71,6,2,50,14.744
71,6,2,50,5196.350
71,6,2,50,74.012
71,6,2,50,133.628
71,6,2,50,138.984
71,6,2,50,4747.167
71,6,2,50,73.808
71,6,2,50,126.016
71,6,2,50,130.651
71,6,2,50,126.451
71,6,2,50,5074.966
71,6,2,50,71.979
71,6,2,50,130.354
71,6,2,50,136.710
71,6,2,50,24.345
71,6,2,50,79.609
71,6,2,50,13.021
71,6,2,50,70.266
71,6,2,50,131.029
71,6,2,50,127.423
71,6,2,50,133.742
71,6,2,50,71.784
71,6,2,50,131.103
71,6,2,50,127.182
71,6,2,50,131.168
71,6,2,50,127.339
71,6,2,50,138.770
71,6,2,50,68.793
71,6,2,50,132.649
71,6,2,50,126.728
72,6,1,50,0.204
72,6,1,50,5597.363
72,6,1,50,5891.774
72,6,1,50,641.418
72,6,1,50,5798.376
72,6,1,50,5909.658
72,6,1,50,5837.737
72,6,1,50,3819.826
72,6,1,50,47.555
72,6,1,50,5934.194
72,6,1,50,65.453
72,6,1,50,217.623
72,6,1,50,16.962
72,6,1,50,5190.402
72,6,1,50,16.545
72,6,1,50,16.013
72,6,1,50,5327.711
72,6,1,50,5213.309
72,6,1,50,16.175
72,6,1,50,16.216
72,6,1,50,55.776
72,6,1,50,139.225
72,6,1,50,112.118
72,6,1,50,5183.781
72,6,1,50,5347.821
72,6,1,50,59.614
72,6,1,50,15.526
72,6,1,50,58.975
72,6,1,50,110.590
72,6,1,50,106.984
72,6,1,50,114.025
72,6,1,50,106.919
72,6,1,50,16.164
72,6,1,50,1.799
72,6,1,50,15.877
72,6,1,50,5095.447
72,6,1,50,15.979
72,6,1,50,5128.641
72,6,1,50,4.247
72,6,1,50,5292.353
72,6,1,50,60.052
72,6,1,50,107.649
72,6,1,50,112.691
72,6,1,50,108.195
72,6,1,50,109.515
72,6,1,50,107.149
72,6,1,50,110.061
72,6,1,50,110.140
72,6,1,50,112.144
72,6,1,50,109.575
72,6,1,50,63.857
72,6,1,50,108.880
72,6,1,50,111.885
72,6,1,50,111.704
72,6,1,50,114.949
72,6,1,50,126.713
72,6,1,50,6.607
72,6,1,50,15.186
72,6,1,50,5.227
72,6,1,50,15.380
72,6,1,50,5.033
72,6,1,50,5223.879
72,6,1,50,16.171
72,6,1,50,16.083
72,6,1,50,16.143
72,6,1,50,5148.102
72,6,1,50,16.134
72,6,1,50,15.416
72,6,1,50,5275.670
72,6,1,50,54.018
72,6,1,50,16.078
72,6,1,50,5177.351
72,6,1,50,55.476
72,6,1,50,116.110
72,6,1,50,120.040
72,6,1,50,4743.372
72,6,1,50,54.735
72,6,1,50,106.573
72,6,1,50,113.244
72,6,1,50,107.545
72,6,1,50,5094.911
72,6,1,50,52.850
72,6,1,50,110.966
72,6,1,50,117.544
72,6,1,50,5.309
72,6,1,50,60.998
72,6,1,50,16.170
72,6,1,50,51.044
72,6,1,50,111.826
72,6,1,50,107.942
72,6,1,50,116.150
72,6,1,50,53.007
72,6,1,50,111.900
72,6,1,50,108.016
72,6,1,50,111.965
72,6,1,50,108.173
72,6,1,50,119.640
72,6,1,50,50.238
72,6,1,50,113.353
72,6,1,50,107.339
73,12,1,40,0.389
73,12,1,40,152.527
73,12,1,40,33.148
73,12,1,40,34.342
73,12,1,40,35.185
73,12,1,40,315.192
73,12,1,40,34.444
73,12,1,40,16.860
73,12,1,40,17.240
73,12,1,40,16.656
73,12,1,40,16.369
73,12,1,40,38.897
73,12,1,40,33.517
73,12,1,40,32.896
73,12,1,40,15.924
73,12,1,40,16.804
73,12,1,40,24.516
73,12,1,40,86.747
73,12,1,40,36.516
73,12,1,40,29.488
73,12,1,40,16.886
73,12,1,40,37.173
73,12,1,40,45.552
73,12,1,40,17.432
73,12,1,40,18.923
73,12,1,40,17.173
73,12,1,40,59.644
73,12,1,40,72.061
73,12,1,40,51.163
73,12,1,40,51.838
73,12,1,40,71.996
73,12,1,40,16.857
73,12,1,40,14.125
73,12,1,40,16.449
73,12,1,40,63.810
73,12,1,40,72.152
73,12,1,40,26.736
73,12,1,40,52.171
73,12,1,40,16.939
73,12,1,40,26.837
73,12,1,40,17.143
73,12,1,40,28.244
73,12,1,40,33.105
73,12,1,40,53.151
73,12,1,40,16.994
73,12,1,40,16.762
73,12,1,40,16.493
73,12,1,40,16.873
73,12,1,40,16.715
73,12,1,40,17.021
74,12,1,40,0.333
74,12,1,40,141.341
74,12,1,40,28.610
74,12,1,40,29.897
74,12,1,40,23.962
74,12,1,40,303.025
74,12,1,40,22.776
74,12,1,40,16.841
74,12,1,40,20.665
74,12,1,40,16.693
74,12,1,40,15.387
74,12,1,40,6.618
74,12,1,40,2.776
74,12,1,40,7.896
74,12,1,40,15.164
74,12,1,40,15.377
74,12,1,40,19.793
74,12,1,40,50.284
74,12,1,40,0.404
74,12,1,40,56.283
74,12,1,40,16.052
74,12,1,40,1.246
74,12,1,40,9.311
74,12,1,40,15.950
74,12,1,40,17.163
74,12,1,40,16.024
74,12,1,40,23.422
74,12,1,40,35.764
74,12,1,40,15.458
74,12,1,40,15.782
74,12,1,40,35.680
74,12,1,40,16.949
74,12,1,40,16.847
74,12,1,40,16.837
74,12,1,40,27.309
74,12,1,40,36.300
74,12,1,40,25.976
74,12,1,40,15.744
74,12,1,40,15.420
74,12,1,40,14.133
74,12,1,40,16.160
74,12,1,40,27.558
74,12,1,40,3.160
74,12,1,40,17.169
74,12,1,40,16.234
74,12,1,40,16.576
74,12,1,40,15.400
74,12,1,40,15.928
74,12,1,40,17.307
74,12,1,40,16.038
75,12,2,40,0.352
75,12,2,40,314.674
75,12,2,40,3.759
75,12,2,40,9.249
75,12,2,40,22.295
75,12,2,40,294.970
75,12,2,40,16.962
75,12,2,40,16.749
75,12,2,40,15.721
75,12,2,40,15.952
75,12,2,40,16.998
75,12,2,40,29.452
75,12,2,40,16.979
75,12,2,40,17.026
75,12,2,40,18.442
75,12,2,40,18.118
75,12,2,40,16.257
75,12,2,40,1.914
75,12,2,40,16.867
75,12,2,40,8.210
75,12,2,40,18.460
75,12,2,40,19.506
75,12,2,40,18.552
75,12,2,40,17.450
75,12,2,40,17.144
75,12,2,40,17.283
75,12,2,40,18.014
75,12,2,40,17.672
75,12,2,40,16.977
75,12,2,40,16.375
75,12,2,40,17.292
75,12,2,40,16.893
75,12,2,40,113.624
75,12,2,40,25.337
75,12,2,40,18.421
75,12,2,40,19.244
75,12,2,40,16.809
75,12,2,40,16.577
75,12,2,40,17.142
75,12,2,40,17.133
75,12,2,40,17.753
75,12,2,40,18.818
75,12,2,40,17.105
75,12,2,40,17.614
75,12,2,40,17.215
75,12,2,40,17.261
75,12,2,40,19.345
75,12,2,40,18.595
75,12,2,40,17.548
75,12,2,40,17.335
76,12,2,40,0.463
76,12,2,40,1102.207
76,12,2,40,23.796
76,12,2,40,23.619
76,12,2,40,24.592
76,12,2,40,268.099
76,12,2,40,9971.148
76,12,2,40,9970.176
76,12,2,40,9968.982
76,12,2,40,9969.898
76,12,2,40,9970.722
76,12,2,40,9984.138
76,12,2,40,9973.444
76,12,2,40,9970.657
76,12,2,40,9973.462
76,12,2,40,9972.175
76,12,2,40,9970.184
76,12,2,40,51.506
76,12,2,40,9971.906
76,12,2,40,20.191
76,12,2,40,9973.035
76,12,2,40,9974.007
76,12,2,40,9974.405
76,12,2,40,9972.211
76,12,2,40,9974.220
76,12,2,40,9971.488
76,12,2,40,9972.590
76,12,2,40,9972.951
76,12,2,40,9970.886
76,12,2,40,9970.488
76,12,2,40,9971.237
76,12,2,40,9971.080
76,12,2,40,75.717
76,12,2,40,9982.172
76,12,2,40,9975.070
76,12,2,40,9974.153
76,12,2,40,9973.792
76,12,2,40,9973.246
76,12,2,40,9971.459
76,12,2,40,9970.931
76,12,2,40,9972.292
76,12,2,40,9973.190
76,12,2,40,9971.143
76,12,2,40,9971.819
76,12,2,40,9973.291
76,12,2,40,9973.170
76,12,2,40,9974.365
76,12,2,40,9973.003
76,12,2,40,9971.476
76,12,2,40,9972.355
77,12,0,40,0.314
77,12,0,40,1156.965
77,12,0,40,380.053
77,12,0,40,74.397
77,12,0,40,333.238
77,12,0,40,387.710
77,12,0,40,9944.760
77,12,0,40,9952.176
77,12,0,40,9938.648
77,12,0,40,9941.417
77,12,0,40,9941.963
77,12,0,40,9956.157
77,12,0,40,9952.314
77,12,0,40,9942.083
77,12,0,40,9947.092
77,12,0,40,9943.601
77,12,0,40,9938.869
77,12,0,40,24.043
77,12,0,40,9943.369
77,12,0,40,17.025
77,12,0,40,9944.628
77,12,0,40,9945.619
77,12,0,40,9952.924
77,12,0,40,9943.933
77,12,0,40,9945.942
77,12,0,40,9943.100
77,12,0,40,9944.275
77,12,0,40,9949.932
77,12,0,40,9942.960
77,12,0,40,9942.080
77,12,0,40,9951.164
77,12,0,40,9942.636
77,12,0,40,47.976
77,12,0,40,9955.895
77,12,0,40,9944.385
77,12,0,40,9955.228
77,12,0,40,9945.866
77,12,0,40,9955.431
77,12,0,40,9943.014
77,12,0,40,9942.616
77,12,0,40,9944.069
77,12,0,40,9944.949
77,12,0,40,9943.088
77,12,0,40,9943.449
77,12,0,40,9945.717
77,12,0,40,9944.504
77,12,0,40,9946.032
77,12,0,40,9953.115
77,12,0,40,9943.272
77,12,0,40,9943.892
78,12,1,40,0.167
78,12,1,40,1160.096
78,12,1,40,560.108
78,12,1,40,101.490
78,12,1,40,537.775
78,12,1,40,422.803
78,12,1,40,9931.631
78,12,1,40,9941.232
78,12,1,40,9926.112
78,12,1,40,9928.047
78,12,1,40,9928.852
78,12,1,40,9943.269
78,12,1,40,9941.871
78,12,1,40,9928.880
78,12,1,40,9934.426
78,12,1,40,9930.194
78,12,1,40,9929.222
78,12,1,40,10.840
78,12,1,40,9930.518
78,12,1,40,4.544
78,12,1,40,9931.481
78,12,1,40,9932.693
78,12,1,40,9941.980
78,12,1,40,9931.119
78,12,1,40,9933.036
78,12,1,40,9929.952
78,12,1,40,9931.183
78,12,1,40,9944.748
78,12,1,40,9929.442
78,12,1,40,9929.322
78,12,1,40,9937.961
78,12,1,40,9929.618
78,12,1,40,34.977
78,12,1,40,9943.432
78,12,1,40,9931.941
78,12,1,40,9942.284
78,12,1,40,9932.960
78,12,1,40,9944.654
78,12,1,40,9930.200
78,12,1,40,9929.413
78,12,1,40,9931.218
78,12,1,40,9931.931
78,12,1,40,9930.200
78,12,1,40,9930.190
78,12,1,40,9932.718
78,12,1,40,9931.671
78,12,1,40,9933.032
78,12,1,40,9942.486
78,12,1,40,9930.439
78,12,1,40,9930.930
79,12,1,40,0.222
79,12,1,40,10052.362
79,12,1,40,9961.853
79,12,1,40,140.952
79,12,1,40,9945.538
79,12,1,40,229.970
79,12,1,40,9918.575
79,12,1,40,9911.825
79,12,1,40,9917.463
79,12,1,40,9912.917
79,12,1,40,9904.537
79,12,1,40,9902.935
79,12,1,40,9918.389
79,12,1,40,9916.972
79,12,1,40,9905.240
79,12,1,40,9904.657
79,12,1,40,9918.740
79,12,1,40,9941.045
79,12,1,40,9897.036
79,12,1,40,9946.582
79,12,1,40,9905.388
79,12,1,40,9891.804
79,12,1,40,9899.850
79,12,1,40,9905.100
79,12,1,40,9906.943
79,12,1,40,9906.081
79,12,1,40,9913.553
79,12,1,40,9931.099
79,12,1,40,9910.016
79,12,1,40,9910.970
79,12,1,40,9933.256
79,12,1,40,9912.506
79,12,1,40,9999.626
79,12,1,40,9912.506
79,12,1,40,9926.126
79,12,1,40,9929.413
79,12,1,40,9916.441
79,12,1,40,9911.339
79,12,1,40,9905.292
79,12,1,40,9904.561
79,12,1,40,9906.514
79,12,1,40,9918.208
79,12,1,40,9922.514
79,12,1,40,9909.301
79,12,1,40,9906.921
79,12,1,40,9906.986
79,12,1,40,9905.143
79,12,1,40,9905.059
79,12,1,40,9908.402
79,12,1,40,9904.689
80,12,0,40,0.259
80,12,0,40,10015.825
80,12,0,40,9930.131
80,12,0,40,103.138
80,12,0,40,9911.316
80,12,0,40,193.230
80,12,0,40,9860.094
80,12,0,40,9853.566
80,12,0,40,9858.686
80,12,0,40,9853.603
80,12,0,40,9843.260
80,12,0,40,9845.121
80,12,0,40,9860.019
80,12,0,40,9857.991
80,12,0,40,9844.278
80,12,0,40,9844.065
80,12,0,40,9859.740
80,12,0,40,9878.231
80,12,0,40,9836.518
80,12,0,40,9884.008
80,12,0,40,9845.203
80,12,0,40,9832.120
80,12,0,40,9841.314
80,12,0,40,9846.471
80,12,0,40,9847.925
80,12,0,40,9846.267
80,12,0,40,9854.609
80,12,0,40,9869.970
80,12,0,40,9850.887
80,12,0,40,9852.637
80,12,0,40,9871.553
80,12,0,40,9853.951
80,12,0,40,9938.497
80,12,0,40,9853.006
80,12,0,40,9864.719
80,12,0,40,9867.802
80,12,0,40,9858.071
80,12,0,40,9851.728
80,12,0,40,9845.793
80,12,0,40,9845.172
80,12,0,40,9847.255
80,12,0,40,9859.487
80,12,0,40,9861.774
80,12,0,40,9850.061
80,12,0,40,9848.755
80,12,0,40,9847.708
80,12,0,40,9846.162
80,12,0,40,9845.523
80,12,0,40,9848.828
80,12,0,40,9847.115
81,12,2,40,0.278
81,12,2,40,10014.251
81,12,2,40,9930.094
81,12,2,40,640.598
81,12,2,40,9910.853
81,12,2,40,343.507
81,12,2,40,9841.205
81,12,2,40,9839.029
81,12,2,40,9837.131
81,12,2,40,9838.862
81,12,2,40,9839.482
81,12,2,40,9853.047
81,12,2,40,9842.204
81,12,2,40,9839.454
81,12,2,40,9842.222
81,12,2,40,9840.991
81,12,2,40,9838.463
81,12,2,40,9864.842
81,12,2,40,9840.814
81,12,2,40,9865.694
81,12,2,40,9841.777
81,12,2,40,9842.990
81,12,2,40,9843.166
81,12,2,40,9841.045
81,12,2,40,9843.202
81,12,2,40,9840.249
81,12,2,40,9841.424
81,12,2,40,9898.711
81,12,2,40,9840.757
81,12,2,40,9839.304
81,12,2,40,9896.923
81,12,2,40,9839.748
81,12,2,40,9921.386
81,12,2,40,9853.358
81,12,2,40,9843.571
81,12,2,40,9906.784
81,12,2,40,9843.053
81,12,2,40,9844.006
81,12,2,40,9840.237
81,12,2,40,9839.728
81,12,2,40,9840.978
81,12,2,40,9842.061
81,12,2,40,9843.700
81,12,2,40,9840.579
81,12,2,40,9842.459
81,12,2,40,9841.894
81,12,2,40,9843.199
81,12,2,40,9843.542
81,12,2,40,9840.403
81,12,2,40,9841.097
82,12,2,40,0.278
82,12,2,40,1144.225
82,12,2,40,10438.888
82,12,2,40,10071.491
82,12,2,40,10470.072
82,12,2,40,344.303
82,12,2,40,9932.575
82,12,2,40,9930.788
82,12,2,40,9928.371
82,12,2,40,9929.732
82,12,2,40,9932.334
82,12,2,40,9944.213
82,12,2,40,9934.241
82,12,2,40,9930.769
82,12,2,40,9933.389
82,12,2,40,9931.972
82,12,2,40,9929.629
82,12,2,40,10015.379
82,12,2,40,9931.981
82,12,2,40,9982.453
82,12,2,40,9932.962
82,12,2,40,9934.045
82,12,2,40,9934.536
82,12,2,40,9932.156
82,12,2,40,9934.498
82,12,2,40,9931.248
82,12,2,40,9932.498
82,12,2,40,9929.989
82,12,2,40,9932.053
82,12,2,40,9930.377
82,12,2,40,9928.146
82,12,2,40,9930.710
82,12,2,40,10038.682
82,12,2,40,9944.840
82,12,2,40,9935.275
82,12,2,40,9937.987
82,12,2,40,9934.589
82,12,2,40,9936.598
82,12,2,40,9931.330
82,12,2,40,9930.765
82,12,2,40,9931.940
82,12,2,40,9933.505
82,12,2,40,9926.366
82,12,2,40,9931.671
82,12,2,40,9933.681
82,12,2,40,9932.967
82,12,2,40,9934.310
82,12,2,40,9934.856
82,12,2,40,9931.402
82,12,2,40,9932.078
83,12,0,40,0.278
83,12,0,40,1142.744
83,12,0,40,10456.980
83,12,0,40,10071.547
83,12,0,40,10592.461
83,12,0,40,348.173
83,12,0,40,9905.686
83,12,0,40,9904.270
83,12,0,40,9901.538
83,12,0,40,9902.547
83,12,0,40,9905.149
83,12,0,40,9917.454
83,12,0,40,9907.574
83,12,0,40,9903.639
83,12,0,40,9906.333
83,12,0,40,9904.805
83,12,0,40,9902.944
83,12,0,40,9989.990
83,12,0,40,9904.722
83,12,0,40,9955.453
83,12,0,40,9906.981
83,12,0,40,9906.879
83,12,0,40,9908.295
83,12,0,40,9905.341
83,12,0,40,9908.036
83,12,0,40,9904.619
83,12,0,40,9905.758
83,12,0,40,9908.396
83,12,0,40,9905.128
83,12,0,40,9903.877
83,12,0,40,9901.350
83,12,0,40,9903.766
83,12,0,40,10013.126
83,12,0,40,9917.692
83,12,0,40,9908.738
83,12,0,40,9911.321
83,12,0,40,9907.997
83,12,0,40,9910.173
83,12,0,40,9904.459
83,12,0,40,9903.931
83,12,0,40,9905.200
83,12,0,40,9906.802
83,12,0,40,9908.903
83,12,0,40,9905.005
83,12,0,40,9907.070
83,12,0,40,9905.782
83,12,0,40,9907.532
83,12,0,40,9908.412
83,12,0,40,9904.643
83,12,0,40,9905.134
84,12,1,40,0.278
84,12,1,40,1304.317
84,12,1,40,10458.869
84,12,1,40,10064.176
84,12,1,40,10695.404
84,12,1,40,356.710
84,12,1,40,9886.316
84,12,1,40,9885.177
84,12,1,40,9882.575
84,12,1,40,9882.677
84,12,1,40,9885.686
84,12,1,40,9897.917
84,12,1,40,9888.093
84,12,1,40,9900.102
84,12,1,40,9887.241
84,12,1,40,9884.916
84,12,1,40,9884.148
84,12,1,40,9971.082
84,12,1,40,9885.407
84,12,1,40,9936.915
84,12,1,40,9887.351
84,12,1,40,9887.452
84,12,1,40,9889.350
84,12,1,40,9886.471
84,12,1,40,9888.665
84,12,1,40,9885.248
84,12,1,40,9886.072
84,12,1,40,9890.489
84,12,1,40,9885.220
84,12,1,40,9884.877
84,12,1,40,9881.775
84,12,1,40,9884.173
84,12,1,40,9994.293
84,12,1,40,9898.580
84,12,1,40,9889.608
84,12,1,40,9892.043
84,12,1,40,9888.830
84,12,1,40,9891.506
84,12,1,40,9885.144
84,12,1,40,9886.746
84,12,1,40,9885.959
84,12,1,40,9887.338
84,12,1,40,9891.181
84,12,1,40,9885.746
84,12,1,40,9887.681
84,12,1,40,9886.653
84,12,1,40,9887.958
84,12,1,40,9889.578
84,12,1,40,9885.513
84,12,1,40,9887.004
85,12,1,40,0.260
85,12,1,40,10036.529
85,12,1,40,9949.094
85,12,1,40,128.046
85,12,1,40,9930.983
85,12,1,40,10215.657
85,12,1,40,9878.742
85,12,1,40,9872.011
85,12,1,40,9876.742
85,12,1,40,9871.955
85,12,1,40,9861.242
85,12,1,40,9862.677
85,12,1,40,9878.223
85,12,1,40,9876.325
85,12,1,40,9862.686
85,12,1,40,9862.584
85,12,1,40,9877.630
85,12,1,40,9896.194
85,12,1,40,9855.518
85,12,1,40,9901.342
85,12,1,40,9863.203
85,12,1,40,9850.120
85,12,1,40,9859.666
85,12,1,40,9864.453
85,12,1,40,9866.110
85,12,1,40,9864.249
85,12,1,40,9872.776
85,12,1,40,9887.137
85,12,1,40,9868.943
85,12,1,40,9870.804
85,12,1,40,9889.442
85,12,1,40,9872.137
85,12,1,40,9954.534
85,12,1,40,9871.025
85,12,1,40,9882.294
85,12,1,40,9885.303
85,12,1,40,9875.923
85,12,1,40,9869.821
85,12,1,40,9863.738
85,12,1,40,9863.432
85,12,1,40,9865.552
85,12,1,40,9877.746
85,12,1,40,9879.496
85,12,1,40,9868.894
85,12,1,40,9865.922
85,12,1,40,9866.042
85,12,1,40,9864.181
85,12,1,40,9863.690
85,12,1,40,9867.181
85,12,1,40,9865.190
86,12,1,40,0.334
86,12,1,40,10035.511
86,12,1,40,9948.020
86,12,1,40,126.453
86,12,1,40,9929.890
86,12,1,40,10213.453
86,12,1,40,9876.390
86,12,1,40,9869.862
86,12,1,40,9874.557
86,12,1,40,9869.640
86,12,1,40,9859.056
86,12,1,40,9860.343
86,12,1,40,9875.908
86,12,1,40,9874.121
86,12,1,40,9860.426
86,12,1,40,9860.269
86,12,1,40,9875.741
86,12,1,40,9893.879
86,12,1,40,9853.092
86,12,1,40,9898.972
86,12,1,40,9860.999
86,12,1,40,9848.009
86,12,1,40,9857.444
86,12,1,40,9862.101
86,12,1,40,9863.795
86,12,1,40,9862.008
86,12,1,40,9870.498
86,12,1,40,9885.137
86,12,1,40,9866.609
86,12,1,40,9868.544
86,12,1,40,9887.146
86,12,1,40,9869.933
86,12,1,40,9952.256
86,12,1,40,9868.951
86,12,1,40,9879.942
86,12,1,40,9882.951
86,12,1,40,9873.645
86,12,1,40,9867.506
86,12,1,40,9861.404
86,12,1,40,9861.098
86,12,1,40,9863.274
86,12,1,40,9875.450
86,12,1,40,9877.218
86,12,1,40,9866.542
86,12,1,40,9863.644
86,12,1,40,9863.653
86,12,1,40,9861.847
86,12,1,40,9861.282
86,12,1,40,9864.773
86,12,1,40,9863.949
87,12,1,40,0.204
87,12,1,40,10034.658
87,12,1,40,9947.094
87,12,1,40,125.175
87,12,1,40,9929.038
87,12,1,40,10211.601
87,12,1,40,9874.501
87,12,1,40,9868.047
87,12,1,40,9873.427
87,12,1,40,9867.806
87,12,1,40,9857.278
87,12,1,40,9858.584
87,12,1,40,9874.019
87,12,1,40,9872.231
87,12,1,40,9858.574
87,12,1,40,9858.361
87,12,1,40,9874.166
87,12,1,40,9892.212
87,12,1,40,9851.166
87,12,1,40,9897.064
87,12,1,40,9859.129
87,12,1,40,9846.101
87,12,1,40,9855.591
87,12,1,40,9860.137
87,12,1,40,9861.887
87,12,1,40,9860.193
87,12,1,40,9868.591
87,12,1,40,9883.322
87,12,1,40,9864.646
87,12,1,40,9866.581
87,12,1,40,9885.220
87,12,1,40,9868.062
87,12,1,40,9950.367
87,12,1,40,9867.117
87,12,1,40,9878.089
87,12,1,40,9881.061
87,12,1,40,9871.719
87,12,1,40,9865.691
87,12,1,40,9859.478
87,12,1,40,9859.320
87,12,1,40,9861.403
87,12,1,40,9873.616
87,12,1,40,9875.440
87,12,1,40,9864.746
87,12,1,40,9861.884
87,12,1,40,9861.986
87,12,1,40,9859.940
87,12,1,40,9859.375
87,12,1,40,9862.939
87,12,1,40,9862.059
88,12,1,40,0.167
88,12,1,40,10021.603
88,12,1,40,9933.779
88,12,1,40,10116.806
88,12,1,40,9915.076
88,12,1,40,10194.991
88,12,1,40,9855.964
88,12,1,40,9849.492
88,12,1,40,9854.705
88,12,1,40,9848.770
88,12,1,40,9838.575
88,12,1,40,9840.084
88,12,1,40,9855.815
88,12,1,40,9853.528
88,12,1,40,9839.741
88,12,1,40,9839.658
88,12,1,40,9856.093
88,12,1,40,9875.953
88,12,1,40,9832.722
88,12,1,40,9878.601
88,12,1,40,9840.592
88,12,1,40,9827.638
88,12,1,40,9836.684
88,12,1,40,9841.582
88,12,1,40,9843.240
88,12,1,40,9841.564
88,12,1,40,9849.887
88,12,1,40,9864.804
88,12,1,40,9845.961
88,12,1,40,9847.915
88,12,1,40,9866.627
88,12,1,40,9849.414
88,12,1,40,9931.664
88,12,1,40,9848.507
88,12,1,40,9859.608
88,12,1,40,9862.451
88,12,1,40,9853.053
88,12,1,40,9847.099
88,12,1,40,9842.663
88,12,1,40,9840.728
88,12,1,40,9842.922
88,12,1,40,9855.117
88,12,1,40,9856.848
88,12,1,40,9846.153
88,12,1,40,9843.403
88,12,1,40,9843.561
88,12,1,40,9841.422
88,12,1,40,9841.116
88,12,1,40,9844.458
88,12,1,40,9843.227
89,12,1,40,0.259
89,12,1,40,10021.510
89,12,1,40,9933.576
89,12,1,40,10117.250
89,12,1,40,9914.705
89,12,1,40,10193.898
89,12,1,40,9854.964
89,12,1,40,9848.381
89,12,1,40,9853.575
89,12,1,40,9847.677
89,12,1,40,9837.538
89,12,1,40,9839.028
89,12,1,40,9854.741
89,12,1,40,9852.361
89,12,1,40,9838.574
89,12,1,40,9838.528
89,12,1,40,9855.018
89,12,1,40,9874.861
89,12,1,40,9831.629
89,12,1,40,9877.471
89,12,1,40,9839.629
89,12,1,40,9826.453
89,12,1,40,9835.666
89,12,1,40,9840.490
89,12,1,40,9842.054
89,12,1,40,9840.360
89,12,1,40,9848.739
89,12,1,40,9864.489
89,12,1,40,9844.813
89,12,1,40,9846.803
89,12,1,40,9865.535
89,12,1,40,9848.359
89,12,1,40,9930.534
89,12,1,40,9847.377
89,12,1,40,9858.460
89,12,1,40,9861.414
89,12,1,40,9851.923
89,12,1,40,9846.043
89,12,1,40,9841.552
89,12,1,40,9839.580
89,12,1,40,9841.737
89,12,1,40,9854.079
89,12,1,40,9855.737
89,12,1,40,9845.079
89,12,1,40,9842.255
89,12,1,40,9842.431
89,12,1,40,9840.199
89,12,1,40,9839.912
89,12,1,40,9843.273
89,12,1,40,9842.023
90,12,1,40,0.296
90,12,1,40,10021.103
90,12,1,40,9933.261
90,12,1,40,10117.158
90,12,1,40,9914.298
90,12,1,40,10192.768
90,12,1,40,9853.909
90,12,1,40,9847.196
90,12,1,40,9852.483
90,12,1,40,9846.584
90,12,1,40,9836.427
90,12,1,40,9837.992
90,12,1,40,9853.593
90,12,1,40,9851.287
90,12,1,40,9837.500
90,12,1,40,9837.417
90,12,1,40,9855.167
90,12,1,40,9873.731
90,12,1,40,9830.555
90,12,1,40,9876.305
90,12,1,40,9838.481
90,12,1,40,9825.323
90,12,1,40,9834.499
90,12,1,40,9839.342
90,12,1,40,9840.962
90,12,1,40,9839.212
90,12,1,40,9847.573
90,12,1,40,9878.285
90,12,1,40,9843.720
90,12,1,40,9845.693
90,12,1,40,9864.313
90,12,1,40,9847.266
90,12,1,40,9929.386
90,12,1,40,9846.303
90,12,1,40,9857.331
90,12,1,40,9860.321
90,12,1,40,9850.830
90,12,1,40,9844.858
90,12,1,40,9840.404
90,12,1,40,9838.395
90,12,1,40,9840.608
90,12,1,40,9852.950
90,12,1,40,9854.626
90,12,1,40,9843.931
90,12,1,40,9841.144
90,12,1,40,9841.283
90,12,1,40,9839.107
90,12,1,40,9838.745
90,12,1,40,9842.143
90,12,1,40,9840.912
91,12,1,40,0.130
91,12,1,40,10011.159
91,12,1,40,9923.502
91,12,1,40,10108.269
91,12,1,40,9903.983
91,12,1,40,10178.361
91,12,1,40,9839.520
91,12,1,40,9832.659
91,12,1,40,9837.687
91,12,1,40,9831.825
91,12,1,40,9822.001
91,12,1,40,9823.195
91,12,1,40,9839.130
91,12,1,40,9836.454
91,12,1,40,9822.741
91,12,1,40,9823.010
91,12,1,40,9841.204
91,12,1,40,9859.805
91,12,1,40,9816.167
91,12,1,40,9861.824
91,12,1,40,9824.129
91,12,1,40,9810.564
91,12,1,40,9819.777
91,12,1,40,9824.934
91,12,1,40,9826.518
91,12,1,40,9824.730
91,12,1,40,9833.091
91,12,1,40,9866.322
91,12,1,40,9829.072
91,12,1,40,9831.359
91,12,1,40,9850.294
91,12,1,40,9832.970
91,12,1,40,9914.960
91,12,1,40,9831.618
91,12,1,40,9842.868
91,12,1,40,9846.062
91,12,1,40,9836.405
91,12,1,40,9830.543
91,12,1,40,9826.071
91,12,1,40,9824.006
91,12,1,40,9826.237
91,12,1,40,9838.506
91,12,1,40,9851.515
91,12,1,40,9829.598
91,12,1,40,9826.626
91,12,1,40,9827.079
91,12,1,40,9824.662
91,12,1,40,9824.301
91,12,1,40,9827.736
91,12,1,40,9826.245
92,12,1,40,0.352
92,12,1,40,10010.844
92,12,1,40,9923.261
92,12,1,40,10107.880
92,12,1,40,9903.761
92,12,1,40,10177.824
92,12,1,40,9838.353
92,12,1,40,9831.511
92,12,1,40,9836.538
92,12,1,40,9830.695
92,12,1,40,9820.890
92,12,1,40,9821.973
92,12,1,40,9837.982
92,12,1,40,9835.287
92,12,1,40,9821.574
92,12,1,40,9821.972
92,12,1,40,9840.222
92,12,1,40,9858.601
92,12,1,40,9814.981
92,12,1,40,9860.694
92,12,1,40,9823.092
92,12,1,40,9809.379
92,12,1,40,9818.629
92,12,1,40,9823.823
92,12,1,40,9825.369
92,12,1,40,9823.600
92,12,1,40,9831.924
92,12,1,40,9865.693
92,12,1,40,9827.943
92,12,1,40,9830.192
92,12,1,40,9849.201
92,12,1,40,9831.933
92,12,1,40,9913.867
92,12,1,40,9830.488
92,12,1,40,9841.775
92,12,1,40,9844.951
92,12,1,40,9835.256
92,12,1,40,9829.376
92,12,1,40,9824.941
92,12,1,40,9822.913
92,12,1,40,9825.052
92,12,1,40,9837.413
92,12,1,40,9850.903
92,12,1,40,9828.413
92,12,1,40,9825.625
92,12,1,40,9825.968
92,12,1,40,9823.551
92,12,1,40,9823.171
92,12,1,40,9826.662
92,12,1,40,9825.171
93,12,1,40,0.445
93,12,1,40,10010.437
93,12,1,40,9922.928
93,12,1,40,10107.565
93,12,1,40,9903.465
93,12,1,40,10176.768
93,12,1,40,9837.187
93,12,1,40,9830.400
93,12,1,40,9835.409
93,12,1,40,9829.529
93,12,1,40,9819.686
93,12,1,40,9820.807
93,12,1,40,9836.834
93,12,1,40,9834.158
93,12,1,40,9820.371
93,12,1,40,9820.806
93,12,1,40,9839.185
93,12,1,40,9857.417
93,12,1,40,9813.833
93,12,1,40,9859.416
93,12,1,40,9821.833
93,12,1,40,9808.120
93,12,1,40,9817.462
93,12,1,40,9822.564
93,12,1,40,9824.036
93,12,1,40,9822.416
93,12,1,40,9830.776
93,12,1,40,9864.748
93,12,1,40,9826.850
93,12,1,40,9828.915
93,12,1,40,9848.091
93,12,1,40,9830.841
93,12,1,40,9912.553
93,12,1,40,9829.192
93,12,1,40,9840.609
93,12,1,40,9843.692
93,12,1,40,9833.960
93,12,1,40,9828.117
93,12,1,40,9823.682
93,12,1,40,9821.673
93,12,1,40,9823.793
93,12,1,40,9836.117
93,12,1,40,9849.885
93,12,1,40,9827.283
93,12,1,40,9824.422
93,12,1,40,9824.709
93,12,1,40,9822.292
93,12,1,40,9821.894
93,12,1,40,9825.421
93,12,1,40,9823.986
94,12,1,40,0.352
94,12,1,40,10000.233
94,12,1,40,9912.891
94,12,1,40,10101.084
94,12,1,40,9892.909
94,12,1,40,10162.232
94,12,1,40,9823.094
94,12,1,40,9815.770
94,12,1,40,9820.742
94,12,1,40,9814.714
94,12,1,40,9805.057
94,12,1,40,9805.825
94,12,1,40,9825.945
94,12,1,40,9819.640
94,12,1,40,9805.482
94,12,1,40,9806.288
94,12,1,40,9824.704
94,12,1,40,9843.861
94,12,1,40,9799.204
94,12,1,40,9844.805
94,12,1,40,9807.222
94,12,1,40,9793.157
94,12,1,40,9802.500
94,12,1,40,9807.879
94,12,1,40,9812.221
94,12,1,40,9807.731
94,12,1,40,9816.221
94,12,1,40,9851.063
94,12,1,40,9811.962
94,12,1,40,9814.489
94,12,1,40,9833.554
94,12,1,40,9816.507
94,12,1,40,9897.998
94,12,1,40,9814.285
94,12,1,40,9826.331
94,12,1,40,9830.914
94,12,1,40,9819.479
94,12,1,40,9813.655
94,12,1,40,9809.034
94,12,1,40,9807.025
94,12,1,40,9809.071
94,12,1,40,9821.932
94,12,1,40,9837.848
94,12,1,40,9812.709
94,12,1,40,9809.811
94,12,1,40,9810.042
94,12,1,40,9809.718
94,12,1,40,9807.153
94,12,1,40,9810.773
94,12,1,40,9808.986
95,12,1,40,0.278
95,12,1,40,9999.751
95,12,1,40,9912.391
95,12,1,40,10100.825
95,12,1,40,9892.465
95,12,1,40,10161.028
95,12,1,40,9821.835
95,12,1,40,9814.511
95,12,1,40,9819.483
95,12,1,40,9813.474
95,12,1,40,9803.853
95,12,1,40,9804.566
95,12,1,40,9824.816
95,12,1,40,9818.380
95,12,1,40,9804.297
95,12,1,40,9805.102
95,12,1,40,9823.685
95,12,1,40,9842.731
95,12,1,40,9798.037
95,12,1,40,9843.527
95,12,1,40,9806.055
95,12,1,40,9791.898
95,12,1,40,9801.277
95,12,1,40,9806.638
95,12,1,40,9811.055
95,12,1,40,9806.508
95,12,1,40,9815.091
95,12,1,40,9849.915
95,12,1,40,9810.795
95,12,1,40,9813.211
95,12,1,40,9832.350
95,12,1,40,9815.267
95,12,1,40,9896.794
95,12,1,40,9813.211
95,12,1,40,9825.109
95,12,1,40,9829.747
95,12,1,40,9818.238
95,12,1,40,9812.506
95,12,1,40,9807.812
95,12,1,40,9805.839
95,12,1,40,9807.774
95,12,1,40,9820.691
95,12,1,40,9836.904
95,12,1,40,9811.450
95,12,1,40,9808.663
95,12,1,40,9808.783
95,12,1,40,9808.514
95,12,1,40,9805.857
95,12,1,40,9809.607
95,12,1,40,9807.745
96,12,1,40,0.297
96,12,1,40,9999.492
96,12,1,40,9912.113
96,12,1,40,10100.584
96,12,1,40,9892.113
96,12,1,40,10159.954
96,12,1,40,9820.798
96,12,1,40,9813.418
96,12,1,40,9818.427
96,12,1,40,9812.418
96,12,1,40,9802.742
96,12,1,40,9803.492
96,12,1,40,9823.853
96,12,1,40,9817.251
96,12,1,40,9803.223
96,12,1,40,9804.065
96,12,1,40,9822.704
96,12,1,40,9841.657
96,12,1,40,9796.926
96,12,1,40,9842.528
96,12,1,40,9805.000
96,12,1,40,9790.805
96,12,1,40,9800.111
96,12,1,40,9805.972
96,12,1,40,9809.944
96,12,1,40,9805.471
96,12,1,40,9813.906
96,12,1,40,9848.860
96,12,1,40,9809.721
96,12,1,40,9812.026
96,12,1,40,9831.276
96,12,1,40,9814.211
96,12,1,40,9895.590
96,12,1,40,9812.026
96,12,1,40,9824.035
96,12,1,40,9828.599
96,12,1,40,9817.108
96,12,1,40,9811.321
96,12,1,40,9806.738
96,12,1,40,9804.728
96,12,1,40,9806.626
96,12,1,40,9819.598
96,12,1,40,9835.737
96,12,1,40,9810.283
96,12,1,40,9807.496
96,12,1,40,9807.653
96,12,1,40,9807.348
96,12,1,40,9804.709
96,12,1,40,9808.514
96,12,1,40,9806.616
